STRUCTURE,STRUCTURE_ID,STRUCTURE_NAME,freq,Time frequency,sex,Sex,wstatus,Labour force and employment status,age,Age class,unit,Unit of measure,geo,Geopolitical entity (reporting),TIME_PERIOD,Time,OBS_VALUE,Observation value,OBS_FLAG,Observation status (Flag) V2 structure,CONF_STATUS,Confidentiality status (flag)
dataflow,ESTAT:TESEM020(1.0),Early leavers from education and training (age group 18-24),A,Annual,T,Total,POP,Population,Y18-24,From 18 to 24 years,PC,Percentage,AT,Austria,2005,,9.3,,,,,
dataflow,ESTAT:TESEM020(1.0),Early leavers from education and training (age group 18-24),A,Annual,T,Total,POP,Population,Y18-24,From 18 to 24 years,PC,Percentage,AT,Austria,2006,,10.0,,b,break in time series,,
dataflow,ESTAT:TESEM020(1.0),Early leavers from education and training (age group 18-24),A,Annual,T,Total,POP,Population,Y18-24,From 18 to 24 years,PC,Percentage,AT,Austria,2007,,10.8,,,,,
dataflow,ESTAT:TESEM020(1.0),Early leavers from education and training (age group 18-24),A,Annual,T,Total,POP,Population,Y18-24,From 18 to 24 years,PC,Percentage,AT,Austria,2008,,10.2,,,,,
dataflow,ESTAT:TESEM020(1.0),Early leavers from education and training (age group 18-24),A,Annual,T,Total,POP,Population,Y18-24,From 18 to 24 years,PC,Percentage,AT,Austria,2009,,8.8,,,,,
dataflow,ESTAT:TESEM020(1.0),Early leavers from education and training (age group 18-24),A,Annual,T,Total,POP,Population,Y18-24,From 18 to 24 years,PC,Percentage,AT,Austria,2010,,8.3,,,,,
dataflow,ESTAT:TESEM020(1.0),Early leavers from education and training (age group 18-24),A,Annual,T,Total,POP,Population,Y18-24,From 18 to 24 years,PC,Percentage,AT,Austria,2011,,8.5,,,,,
dataflow,ESTAT:TESEM020(1.0),Early leavers from education and training (age group 18-24),A,Annual,T,Total,POP,Population,Y18-24,From 18 to 24 years,PC,Percentage,AT,Austria,2012,,7.8,,,,,
dataflow,ESTAT:TESEM020(1.0),Early leavers from education and training (age group 18-24),A,Annual,T,Total,POP,Population,Y18-24,From 18 to 24 years,PC,Percentage,AT,Austria,2013,,7.5,,,,,
dataflow,ESTAT:TESEM020(1.0),Early leavers from education and training (age group 18-24),A,Annual,T,Total,POP,Population,Y18-24,From 18 to 24 years,PC,Percentage,AT,Austria,2014,,7.0,,b,break in time series,,
dataflow,ESTAT:TESEM020(1.0),Early leavers from education and training (age group 18-24),A,Annual,T,Total,POP,Population,Y18-24,From 18 to 24 years,PC,Percentage,AT,Austria,2015,,7.3,,,,,
dataflow,ESTAT:TESEM020(1.0),Early leavers from education and training (age group 18-24),A,Annual,T,Total,POP,Population,Y18-24,From 18 to 24 years,PC,Percentage,AT,Austria,2016,,6.9,,,,,
dataflow,ESTAT:TESEM020(1.0),Early leavers from education and training (age group 18-24),A,Annual,T,Total,POP,Population,Y18-24,From 18 to 24 years,PC,Percentage,AT,Austria,2017,,7.4,,,,,
dataflow,ESTAT:TESEM020(1.0),Early leavers from education and training (age group 18-24),A,Annual,T,Total,POP,Population,Y18-24,From 18 to 24 years,PC,Percentage,AT,Austria,2018,,7.3,,,,,
dataflow,ESTAT:TESEM020(1.0),Early leavers from education and training (age group 18-24),A,Annual,T,Total,POP,Population,Y18-24,From 18 to 24 years,PC,Percentage,AT,Austria,2019,,7.8,,,,,
dataflow,ESTAT:TESEM020(1.0),Early leavers from education and training (age group 18-24),A,Annual,T,Total,POP,Population,Y18-24,From 18 to 24 years,PC,Percentage,AT,Austria,2020,,8.1,,,,,
dataflow,ESTAT:TESEM020(1.0),Early leavers from education and training (age group 18-24),A,Annual,T,Total,POP,Population,Y18-24,From 18 to 24 years,PC,Percentage,AT,Austria,2021,,8.0,,b,break in time series,,
dataflow,ESTAT:TESEM020(1.0),Early leavers from education and training (age group 18-24),A,Annual,T,Total,POP,Population,Y18-24,From 18 to 24 years,PC,Percentage,AT,Austria,2022,,8.4,,,,,
dataflow,ESTAT:TESEM020(1.0),Early leavers from education and training (age group 18-24),A,Annual,T,Total,POP,Population,Y18-24,From 18 to 24 years,PC,Percentage,AT,Austria,2023,,8.6,,,,,
dataflow,ESTAT:TESEM020(1.0),Early leavers from education and training (age group 18-24),A,Annual,T,Total,POP,Population,Y18-24,From 18 to 24 years,PC,Percentage,AT,Austria,2024,,8.1,,,,,
dataflow,ESTAT:TESEM020(1.0),Early leavers from education and training (age group 18-24),A,Annual,T,Total,POP,Population,Y18-24,From 18 to 24 years,PC,Percentage,AT,Austria,2025,,10.0,,,,,
dataflow,ESTAT:TESEM020(1.0),Early leavers from education and training (age group 18-24),A,Annual,T,Total,POP,Population,Y18-24,From 18 to 24 years,PC,Percentage,BA,Bosnia and Herzegovina,2021,,4.7,,b,break in time series,,
dataflow,ESTAT:TESEM020(1.0),Early leavers from education and training (age group 18-24),A,Annual,T,Total,POP,Population,Y18-24,From 18 to 24 years,PC,Percentage,BA,Bosnia and Herzegovina,2022,,3.6,,,,,
dataflow,ESTAT:TESEM020(1.0),Early leavers from education and training (age group 18-24),A,Annual,T,Total,POP,Population,Y18-24,From 18 to 24 years,PC,Percentage,BA,Bosnia and Herzegovina,2023,,4.2,,,,,
dataflow,ESTAT:TESEM020(1.0),Early leavers from education and training (age group 18-24),A,Annual,T,Total,POP,Population,Y18-24,From 18 to 24 years,PC,Percentage,BA,Bosnia and Herzegovina,2024,,3.8,,,,,
dataflow,ESTAT:TESEM020(1.0),Early leavers from education and training (age group 18-24),A,Annual,T,Total,POP,Population,Y18-24,From 18 to 24 years,PC,Percentage,BA,Bosnia and Herzegovina,2025,,3.0,,,,,
dataflow,ESTAT:TESEM020(1.0),Early leavers from education and training (age group 18-24),A,Annual,T,Total,POP,Population,Y18-24,From 18 to 24 years,PC,Percentage,BE,Belgium,2005,,12.9,,,,,
dataflow,ESTAT:TESEM020(1.0),Early leavers from education and training (age group 18-24),A,Annual,T,Total,POP,Population,Y18-24,From 18 to 24 years,PC,Percentage,BE,Belgium,2006,,12.6,,b,break in time series,,
dataflow,ESTAT:TESEM020(1.0),Early leavers from education and training (age group 18-24),A,Annual,T,Total,POP,Population,Y18-24,From 18 to 24 years,PC,Percentage,BE,Belgium,2007,,12.1,,,,,
dataflow,ESTAT:TESEM020(1.0),Early leavers from education and training (age group 18-24),A,Annual,T,Total,POP,Population,Y18-24,From 18 to 24 years,PC,Percentage,BE,Belgium,2008,,12.0,,b,break in time series,,
dataflow,ESTAT:TESEM020(1.0),Early leavers from education and training (age group 18-24),A,Annual,T,Total,POP,Population,Y18-24,From 18 to 24 years,PC,Percentage,BE,Belgium,2009,,11.1,,,,,
dataflow,ESTAT:TESEM020(1.0),Early leavers from education and training (age group 18-24),A,Annual,T,Total,POP,Population,Y18-24,From 18 to 24 years,PC,Percentage,BE,Belgium,2010,,11.9,,,,,
dataflow,ESTAT:TESEM020(1.0),Early leavers from education and training (age group 18-24),A,Annual,T,Total,POP,Population,Y18-24,From 18 to 24 years,PC,Percentage,BE,Belgium,2011,,12.3,,b,break in time series,,
dataflow,ESTAT:TESEM020(1.0),Early leavers from education and training (age group 18-24),A,Annual,T,Total,POP,Population,Y18-24,From 18 to 24 years,PC,Percentage,BE,Belgium,2012,,12.0,,,,,
dataflow,ESTAT:TESEM020(1.0),Early leavers from education and training (age group 18-24),A,Annual,T,Total,POP,Population,Y18-24,From 18 to 24 years,PC,Percentage,BE,Belgium,2013,,11.0,,,,,
dataflow,ESTAT:TESEM020(1.0),Early leavers from education and training (age group 18-24),A,Annual,T,Total,POP,Population,Y18-24,From 18 to 24 years,PC,Percentage,BE,Belgium,2014,,9.8,,b,break in time series,,
dataflow,ESTAT:TESEM020(1.0),Early leavers from education and training (age group 18-24),A,Annual,T,Total,POP,Population,Y18-24,From 18 to 24 years,PC,Percentage,BE,Belgium,2015,,10.1,,,,,
dataflow,ESTAT:TESEM020(1.0),Early leavers from education and training (age group 18-24),A,Annual,T,Total,POP,Population,Y18-24,From 18 to 24 years,PC,Percentage,BE,Belgium,2016,,8.8,,,,,
dataflow,ESTAT:TESEM020(1.0),Early leavers from education and training (age group 18-24),A,Annual,T,Total,POP,Population,Y18-24,From 18 to 24 years,PC,Percentage,BE,Belgium,2017,,8.9,,b,break in time series,,
dataflow,ESTAT:TESEM020(1.0),Early leavers from education and training (age group 18-24),A,Annual,T,Total,POP,Population,Y18-24,From 18 to 24 years,PC,Percentage,BE,Belgium,2018,,8.6,,,,,
dataflow,ESTAT:TESEM020(1.0),Early leavers from education and training (age group 18-24),A,Annual,T,Total,POP,Population,Y18-24,From 18 to 24 years,PC,Percentage,BE,Belgium,2019,,8.4,,,,,
dataflow,ESTAT:TESEM020(1.0),Early leavers from education and training (age group 18-24),A,Annual,T,Total,POP,Population,Y18-24,From 18 to 24 years,PC,Percentage,BE,Belgium,2020,,8.1,,,,,
dataflow,ESTAT:TESEM020(1.0),Early leavers from education and training (age group 18-24),A,Annual,T,Total,POP,Population,Y18-24,From 18 to 24 years,PC,Percentage,BE,Belgium,2021,,6.7,,b,break in time series,,
dataflow,ESTAT:TESEM020(1.0),Early leavers from education and training (age group 18-24),A,Annual,T,Total,POP,Population,Y18-24,From 18 to 24 years,PC,Percentage,BE,Belgium,2022,,6.4,,,,,
dataflow,ESTAT:TESEM020(1.0),Early leavers from education and training (age group 18-24),A,Annual,T,Total,POP,Population,Y18-24,From 18 to 24 years,PC,Percentage,BE,Belgium,2023,,6.2,,,,,
dataflow,ESTAT:TESEM020(1.0),Early leavers from education and training (age group 18-24),A,Annual,T,Total,POP,Population,Y18-24,From 18 to 24 years,PC,Percentage,BE,Belgium,2024,,7.0,,b,break in time series,,
dataflow,ESTAT:TESEM020(1.0),Early leavers from education and training (age group 18-24),A,Annual,T,Total,POP,Population,Y18-24,From 18 to 24 years,PC,Percentage,BE,Belgium,2025,,7.3,,,,,
dataflow,ESTAT:TESEM020(1.0),Early leavers from education and training (age group 18-24),A,Annual,T,Total,POP,Population,Y18-24,From 18 to 24 years,PC,Percentage,BG,Bulgaria,2005,,20.4,,,,,
dataflow,ESTAT:TESEM020(1.0),Early leavers from education and training (age group 18-24),A,Annual,T,Total,POP,Population,Y18-24,From 18 to 24 years,PC,Percentage,BG,Bulgaria,2006,,17.3,,b,break in time series,,
dataflow,ESTAT:TESEM020(1.0),Early leavers from education and training (age group 18-24),A,Annual,T,Total,POP,Population,Y18-24,From 18 to 24 years,PC,Percentage,BG,Bulgaria,2007,,14.9,,,,,
dataflow,ESTAT:TESEM020(1.0),Early leavers from education and training (age group 18-24),A,Annual,T,Total,POP,Population,Y18-24,From 18 to 24 years,PC,Percentage,BG,Bulgaria,2008,,14.8,,,,,
dataflow,ESTAT:TESEM020(1.0),Early leavers from education and training (age group 18-24),A,Annual,T,Total,POP,Population,Y18-24,From 18 to 24 years,PC,Percentage,BG,Bulgaria,2009,,14.7,,,,,
dataflow,ESTAT:TESEM020(1.0),Early leavers from education and training (age group 18-24),A,Annual,T,Total,POP,Population,Y18-24,From 18 to 24 years,PC,Percentage,BG,Bulgaria,2010,,12.6,,b,break in time series,,
dataflow,ESTAT:TESEM020(1.0),Early leavers from education and training (age group 18-24),A,Annual,T,Total,POP,Population,Y18-24,From 18 to 24 years,PC,Percentage,BG,Bulgaria,2011,,11.8,,b,break in time series,,
dataflow,ESTAT:TESEM020(1.0),Early leavers from education and training (age group 18-24),A,Annual,T,Total,POP,Population,Y18-24,From 18 to 24 years,PC,Percentage,BG,Bulgaria,2012,,12.5,,,,,
dataflow,ESTAT:TESEM020(1.0),Early leavers from education and training (age group 18-24),A,Annual,T,Total,POP,Population,Y18-24,From 18 to 24 years,PC,Percentage,BG,Bulgaria,2013,,12.5,,,,,
dataflow,ESTAT:TESEM020(1.0),Early leavers from education and training (age group 18-24),A,Annual,T,Total,POP,Population,Y18-24,From 18 to 24 years,PC,Percentage,BG,Bulgaria,2014,,12.9,,b,break in time series,,
dataflow,ESTAT:TESEM020(1.0),Early leavers from education and training (age group 18-24),A,Annual,T,Total,POP,Population,Y18-24,From 18 to 24 years,PC,Percentage,BG,Bulgaria,2015,,13.4,,,,,
dataflow,ESTAT:TESEM020(1.0),Early leavers from education and training (age group 18-24),A,Annual,T,Total,POP,Population,Y18-24,From 18 to 24 years,PC,Percentage,BG,Bulgaria,2016,,13.8,,,,,
dataflow,ESTAT:TESEM020(1.0),Early leavers from education and training (age group 18-24),A,Annual,T,Total,POP,Population,Y18-24,From 18 to 24 years,PC,Percentage,BG,Bulgaria,2017,,12.7,,,,,
dataflow,ESTAT:TESEM020(1.0),Early leavers from education and training (age group 18-24),A,Annual,T,Total,POP,Population,Y18-24,From 18 to 24 years,PC,Percentage,BG,Bulgaria,2018,,12.7,,,,,
dataflow,ESTAT:TESEM020(1.0),Early leavers from education and training (age group 18-24),A,Annual,T,Total,POP,Population,Y18-24,From 18 to 24 years,PC,Percentage,BG,Bulgaria,2019,,13.9,,b,break in time series,,
dataflow,ESTAT:TESEM020(1.0),Early leavers from education and training (age group 18-24),A,Annual,T,Total,POP,Population,Y18-24,From 18 to 24 years,PC,Percentage,BG,Bulgaria,2020,,12.8,,,,,
dataflow,ESTAT:TESEM020(1.0),Early leavers from education and training (age group 18-24),A,Annual,T,Total,POP,Population,Y18-24,From 18 to 24 years,PC,Percentage,BG,Bulgaria,2021,,12.0,,b,break in time series,,
dataflow,ESTAT:TESEM020(1.0),Early leavers from education and training (age group 18-24),A,Annual,T,Total,POP,Population,Y18-24,From 18 to 24 years,PC,Percentage,BG,Bulgaria,2022,,10.3,,,,,
dataflow,ESTAT:TESEM020(1.0),Early leavers from education and training (age group 18-24),A,Annual,T,Total,POP,Population,Y18-24,From 18 to 24 years,PC,Percentage,BG,Bulgaria,2023,,9.3,,,,,
dataflow,ESTAT:TESEM020(1.0),Early leavers from education and training (age group 18-24),A,Annual,T,Total,POP,Population,Y18-24,From 18 to 24 years,PC,Percentage,BG,Bulgaria,2024,,8.2,,b,break in time series,,
dataflow,ESTAT:TESEM020(1.0),Early leavers from education and training (age group 18-24),A,Annual,T,Total,POP,Population,Y18-24,From 18 to 24 years,PC,Percentage,BG,Bulgaria,2025,,8.6,,,,,
dataflow,ESTAT:TESEM020(1.0),Early leavers from education and training (age group 18-24),A,Annual,T,Total,POP,Population,Y18-24,From 18 to 24 years,PC,Percentage,CH,Switzerland,2005,,9.7,,,,,
dataflow,ESTAT:TESEM020(1.0),Early leavers from education and training (age group 18-24),A,Annual,T,Total,POP,Population,Y18-24,From 18 to 24 years,PC,Percentage,CH,Switzerland,2006,,9.6,,,,,
dataflow,ESTAT:TESEM020(1.0),Early leavers from education and training (age group 18-24),A,Annual,T,Total,POP,Population,Y18-24,From 18 to 24 years,PC,Percentage,CH,Switzerland,2007,,7.6,,,,,
dataflow,ESTAT:TESEM020(1.0),Early leavers from education and training (age group 18-24),A,Annual,T,Total,POP,Population,Y18-24,From 18 to 24 years,PC,Percentage,CH,Switzerland,2008,,7.7,,,,,
dataflow,ESTAT:TESEM020(1.0),Early leavers from education and training (age group 18-24),A,Annual,T,Total,POP,Population,Y18-24,From 18 to 24 years,PC,Percentage,CH,Switzerland,2009,,9.1,,,,,
dataflow,ESTAT:TESEM020(1.0),Early leavers from education and training (age group 18-24),A,Annual,T,Total,POP,Population,Y18-24,From 18 to 24 years,PC,Percentage,CH,Switzerland,2010,,6.7,,b,break in time series,,
dataflow,ESTAT:TESEM020(1.0),Early leavers from education and training (age group 18-24),A,Annual,T,Total,POP,Population,Y18-24,From 18 to 24 years,PC,Percentage,CH,Switzerland,2011,,6.3,,,,,
dataflow,ESTAT:TESEM020(1.0),Early leavers from education and training (age group 18-24),A,Annual,T,Total,POP,Population,Y18-24,From 18 to 24 years,PC,Percentage,CH,Switzerland,2012,,5.5,,,,,
dataflow,ESTAT:TESEM020(1.0),Early leavers from education and training (age group 18-24),A,Annual,T,Total,POP,Population,Y18-24,From 18 to 24 years,PC,Percentage,CH,Switzerland,2013,,5.6,,,,,
dataflow,ESTAT:TESEM020(1.0),Early leavers from education and training (age group 18-24),A,Annual,T,Total,POP,Population,Y18-24,From 18 to 24 years,PC,Percentage,CH,Switzerland,2014,,5.6,,b,break in time series,,
dataflow,ESTAT:TESEM020(1.0),Early leavers from education and training (age group 18-24),A,Annual,T,Total,POP,Population,Y18-24,From 18 to 24 years,PC,Percentage,CH,Switzerland,2015,,5.2,,,,,
dataflow,ESTAT:TESEM020(1.0),Early leavers from education and training (age group 18-24),A,Annual,T,Total,POP,Population,Y18-24,From 18 to 24 years,PC,Percentage,CH,Switzerland,2016,,4.9,,,,,
dataflow,ESTAT:TESEM020(1.0),Early leavers from education and training (age group 18-24),A,Annual,T,Total,POP,Population,Y18-24,From 18 to 24 years,PC,Percentage,CH,Switzerland,2017,,4.5,,,,,
dataflow,ESTAT:TESEM020(1.0),Early leavers from education and training (age group 18-24),A,Annual,T,Total,POP,Population,Y18-24,From 18 to 24 years,PC,Percentage,CH,Switzerland,2018,,4.4,,,,,
dataflow,ESTAT:TESEM020(1.0),Early leavers from education and training (age group 18-24),A,Annual,T,Total,POP,Population,Y18-24,From 18 to 24 years,PC,Percentage,CH,Switzerland,2019,,4.4,,,,,
dataflow,ESTAT:TESEM020(1.0),Early leavers from education and training (age group 18-24),A,Annual,T,Total,POP,Population,Y18-24,From 18 to 24 years,PC,Percentage,CH,Switzerland,2020,,4.0,,,,,
dataflow,ESTAT:TESEM020(1.0),Early leavers from education and training (age group 18-24),A,Annual,T,Total,POP,Population,Y18-24,From 18 to 24 years,PC,Percentage,CH,Switzerland,2021,,5.1,,b,break in time series,,
dataflow,ESTAT:TESEM020(1.0),Early leavers from education and training (age group 18-24),A,Annual,T,Total,POP,Population,Y18-24,From 18 to 24 years,PC,Percentage,CH,Switzerland,2022,,6.5,,,,,
dataflow,ESTAT:TESEM020(1.0),Early leavers from education and training (age group 18-24),A,Annual,T,Total,POP,Population,Y18-24,From 18 to 24 years,PC,Percentage,CH,Switzerland,2023,,5.7,,,,,
dataflow,ESTAT:TESEM020(1.0),Early leavers from education and training (age group 18-24),A,Annual,T,Total,POP,Population,Y18-24,From 18 to 24 years,PC,Percentage,CH,Switzerland,2024,,5.7,,,,,
dataflow,ESTAT:TESEM020(1.0),Early leavers from education and training (age group 18-24),A,Annual,T,Total,POP,Population,Y18-24,From 18 to 24 years,PC,Percentage,CH,Switzerland,2025,,5.5,,,,,
dataflow,ESTAT:TESEM020(1.0),Early leavers from education and training (age group 18-24),A,Annual,T,Total,POP,Population,Y18-24,From 18 to 24 years,PC,Percentage,CY,Cyprus,2005,,18.2,,,,,
dataflow,ESTAT:TESEM020(1.0),Early leavers from education and training (age group 18-24),A,Annual,T,Total,POP,Population,Y18-24,From 18 to 24 years,PC,Percentage,CY,Cyprus,2006,,14.9,,b,break in time series,,
dataflow,ESTAT:TESEM020(1.0),Early leavers from education and training (age group 18-24),A,Annual,T,Total,POP,Population,Y18-24,From 18 to 24 years,PC,Percentage,CY,Cyprus,2007,,12.5,,,,,
dataflow,ESTAT:TESEM020(1.0),Early leavers from education and training (age group 18-24),A,Annual,T,Total,POP,Population,Y18-24,From 18 to 24 years,PC,Percentage,CY,Cyprus,2008,,13.7,,,,,
dataflow,ESTAT:TESEM020(1.0),Early leavers from education and training (age group 18-24),A,Annual,T,Total,POP,Population,Y18-24,From 18 to 24 years,PC,Percentage,CY,Cyprus,2009,,11.7,,b,break in time series,,
dataflow,ESTAT:TESEM020(1.0),Early leavers from education and training (age group 18-24),A,Annual,T,Total,POP,Population,Y18-24,From 18 to 24 years,PC,Percentage,CY,Cyprus,2010,,12.7,,,,,
dataflow,ESTAT:TESEM020(1.0),Early leavers from education and training (age group 18-24),A,Annual,T,Total,POP,Population,Y18-24,From 18 to 24 years,PC,Percentage,CY,Cyprus,2011,,11.3,,,,,
dataflow,ESTAT:TESEM020(1.0),Early leavers from education and training (age group 18-24),A,Annual,T,Total,POP,Population,Y18-24,From 18 to 24 years,PC,Percentage,CY,Cyprus,2012,,11.4,,,,,
dataflow,ESTAT:TESEM020(1.0),Early leavers from education and training (age group 18-24),A,Annual,T,Total,POP,Population,Y18-24,From 18 to 24 years,PC,Percentage,CY,Cyprus,2013,,9.1,,,,,
dataflow,ESTAT:TESEM020(1.0),Early leavers from education and training (age group 18-24),A,Annual,T,Total,POP,Population,Y18-24,From 18 to 24 years,PC,Percentage,CY,Cyprus,2014,,6.8,,b,break in time series,,
dataflow,ESTAT:TESEM020(1.0),Early leavers from education and training (age group 18-24),A,Annual,T,Total,POP,Population,Y18-24,From 18 to 24 years,PC,Percentage,CY,Cyprus,2015,,5.2,,,,,
dataflow,ESTAT:TESEM020(1.0),Early leavers from education and training (age group 18-24),A,Annual,T,Total,POP,Population,Y18-24,From 18 to 24 years,PC,Percentage,CY,Cyprus,2016,,7.6,,,,,
dataflow,ESTAT:TESEM020(1.0),Early leavers from education and training (age group 18-24),A,Annual,T,Total,POP,Population,Y18-24,From 18 to 24 years,PC,Percentage,CY,Cyprus,2017,,8.5,,,,,
dataflow,ESTAT:TESEM020(1.0),Early leavers from education and training (age group 18-24),A,Annual,T,Total,POP,Population,Y18-24,From 18 to 24 years,PC,Percentage,CY,Cyprus,2018,,7.8,,,,,
dataflow,ESTAT:TESEM020(1.0),Early leavers from education and training (age group 18-24),A,Annual,T,Total,POP,Population,Y18-24,From 18 to 24 years,PC,Percentage,CY,Cyprus,2019,,9.0,,,,,
dataflow,ESTAT:TESEM020(1.0),Early leavers from education and training (age group 18-24),A,Annual,T,Total,POP,Population,Y18-24,From 18 to 24 years,PC,Percentage,CY,Cyprus,2020,,11.6,,,,,
dataflow,ESTAT:TESEM020(1.0),Early leavers from education and training (age group 18-24),A,Annual,T,Total,POP,Population,Y18-24,From 18 to 24 years,PC,Percentage,CY,Cyprus,2021,,9.8,,b,break in time series,,
dataflow,ESTAT:TESEM020(1.0),Early leavers from education and training (age group 18-24),A,Annual,T,Total,POP,Population,Y18-24,From 18 to 24 years,PC,Percentage,CY,Cyprus,2022,,8.2,,,,,
dataflow,ESTAT:TESEM020(1.0),Early leavers from education and training (age group 18-24),A,Annual,T,Total,POP,Population,Y18-24,From 18 to 24 years,PC,Percentage,CY,Cyprus,2023,,10.3,,,,,
dataflow,ESTAT:TESEM020(1.0),Early leavers from education and training (age group 18-24),A,Annual,T,Total,POP,Population,Y18-24,From 18 to 24 years,PC,Percentage,CY,Cyprus,2024,,11.4,,,,,
dataflow,ESTAT:TESEM020(1.0),Early leavers from education and training (age group 18-24),A,Annual,T,Total,POP,Population,Y18-24,From 18 to 24 years,PC,Percentage,CY,Cyprus,2025,,9.8,,,,,
dataflow,ESTAT:TESEM020(1.0),Early leavers from education and training (age group 18-24),A,Annual,T,Total,POP,Population,Y18-24,From 18 to 24 years,PC,Percentage,CZ,Czechia,2005,,6.2,,,,,
dataflow,ESTAT:TESEM020(1.0),Early leavers from education and training (age group 18-24),A,Annual,T,Total,POP,Population,Y18-24,From 18 to 24 years,PC,Percentage,CZ,Czechia,2006,,5.1,,b,break in time series,,
dataflow,ESTAT:TESEM020(1.0),Early leavers from education and training (age group 18-24),A,Annual,T,Total,POP,Population,Y18-24,From 18 to 24 years,PC,Percentage,CZ,Czechia,2007,,5.2,,,,,
dataflow,ESTAT:TESEM020(1.0),Early leavers from education and training (age group 18-24),A,Annual,T,Total,POP,Population,Y18-24,From 18 to 24 years,PC,Percentage,CZ,Czechia,2008,,5.6,,,,,
dataflow,ESTAT:TESEM020(1.0),Early leavers from education and training (age group 18-24),A,Annual,T,Total,POP,Population,Y18-24,From 18 to 24 years,PC,Percentage,CZ,Czechia,2009,,5.4,,,,,
dataflow,ESTAT:TESEM020(1.0),Early leavers from education and training (age group 18-24),A,Annual,T,Total,POP,Population,Y18-24,From 18 to 24 years,PC,Percentage,CZ,Czechia,2010,,4.9,,,,,
dataflow,ESTAT:TESEM020(1.0),Early leavers from education and training (age group 18-24),A,Annual,T,Total,POP,Population,Y18-24,From 18 to 24 years,PC,Percentage,CZ,Czechia,2011,,4.9,,b,break in time series,,
dataflow,ESTAT:TESEM020(1.0),Early leavers from education and training (age group 18-24),A,Annual,T,Total,POP,Population,Y18-24,From 18 to 24 years,PC,Percentage,CZ,Czechia,2012,,5.5,,,,,
dataflow,ESTAT:TESEM020(1.0),Early leavers from education and training (age group 18-24),A,Annual,T,Total,POP,Population,Y18-24,From 18 to 24 years,PC,Percentage,CZ,Czechia,2013,,5.4,,,,,
dataflow,ESTAT:TESEM020(1.0),Early leavers from education and training (age group 18-24),A,Annual,T,Total,POP,Population,Y18-24,From 18 to 24 years,PC,Percentage,CZ,Czechia,2014,,5.5,,b,break in time series,,
dataflow,ESTAT:TESEM020(1.0),Early leavers from education and training (age group 18-24),A,Annual,T,Total,POP,Population,Y18-24,From 18 to 24 years,PC,Percentage,CZ,Czechia,2015,,6.2,,,,,
dataflow,ESTAT:TESEM020(1.0),Early leavers from education and training (age group 18-24),A,Annual,T,Total,POP,Population,Y18-24,From 18 to 24 years,PC,Percentage,CZ,Czechia,2016,,6.6,,,,,
dataflow,ESTAT:TESEM020(1.0),Early leavers from education and training (age group 18-24),A,Annual,T,Total,POP,Population,Y18-24,From 18 to 24 years,PC,Percentage,CZ,Czechia,2017,,6.7,,,,,
dataflow,ESTAT:TESEM020(1.0),Early leavers from education and training (age group 18-24),A,Annual,T,Total,POP,Population,Y18-24,From 18 to 24 years,PC,Percentage,CZ,Czechia,2018,,6.2,,,,,
dataflow,ESTAT:TESEM020(1.0),Early leavers from education and training (age group 18-24),A,Annual,T,Total,POP,Population,Y18-24,From 18 to 24 years,PC,Percentage,CZ,Czechia,2019,,6.7,,,,,
dataflow,ESTAT:TESEM020(1.0),Early leavers from education and training (age group 18-24),A,Annual,T,Total,POP,Population,Y18-24,From 18 to 24 years,PC,Percentage,CZ,Czechia,2020,,7.6,,,,,
dataflow,ESTAT:TESEM020(1.0),Early leavers from education and training (age group 18-24),A,Annual,T,Total,POP,Population,Y18-24,From 18 to 24 years,PC,Percentage,CZ,Czechia,2021,,6.4,,b,break in time series,,
dataflow,ESTAT:TESEM020(1.0),Early leavers from education and training (age group 18-24),A,Annual,T,Total,POP,Population,Y18-24,From 18 to 24 years,PC,Percentage,CZ,Czechia,2022,,6.2,,b,break in time series,,
dataflow,ESTAT:TESEM020(1.0),Early leavers from education and training (age group 18-24),A,Annual,T,Total,POP,Population,Y18-24,From 18 to 24 years,PC,Percentage,CZ,Czechia,2023,,6.4,,,,,
dataflow,ESTAT:TESEM020(1.0),Early leavers from education and training (age group 18-24),A,Annual,T,Total,POP,Population,Y18-24,From 18 to 24 years,PC,Percentage,CZ,Czechia,2024,,5.4,,,,,
dataflow,ESTAT:TESEM020(1.0),Early leavers from education and training (age group 18-24),A,Annual,T,Total,POP,Population,Y18-24,From 18 to 24 years,PC,Percentage,CZ,Czechia,2025,,6.1,,,,,
dataflow,ESTAT:TESEM020(1.0),Early leavers from education and training (age group 18-24),A,Annual,T,Total,POP,Population,Y18-24,From 18 to 24 years,PC,Percentage,DE,Germany,2005,,13.5,,b,break in time series,,
dataflow,ESTAT:TESEM020(1.0),Early leavers from education and training (age group 18-24),A,Annual,T,Total,POP,Population,Y18-24,From 18 to 24 years,PC,Percentage,DE,Germany,2006,,13.7,,,,,
dataflow,ESTAT:TESEM020(1.0),Early leavers from education and training (age group 18-24),A,Annual,T,Total,POP,Population,Y18-24,From 18 to 24 years,PC,Percentage,DE,Germany,2007,,12.5,,,,,
dataflow,ESTAT:TESEM020(1.0),Early leavers from education and training (age group 18-24),A,Annual,T,Total,POP,Population,Y18-24,From 18 to 24 years,PC,Percentage,DE,Germany,2008,,11.8,,b,break in time series,,
dataflow,ESTAT:TESEM020(1.0),Early leavers from education and training (age group 18-24),A,Annual,T,Total,POP,Population,Y18-24,From 18 to 24 years,PC,Percentage,DE,Germany,2009,,11.1,,,,,
dataflow,ESTAT:TESEM020(1.0),Early leavers from education and training (age group 18-24),A,Annual,T,Total,POP,Population,Y18-24,From 18 to 24 years,PC,Percentage,DE,Germany,2010,,11.8,,b,break in time series,,
dataflow,ESTAT:TESEM020(1.0),Early leavers from education and training (age group 18-24),A,Annual,T,Total,POP,Population,Y18-24,From 18 to 24 years,PC,Percentage,DE,Germany,2011,,11.6,,,,,
dataflow,ESTAT:TESEM020(1.0),Early leavers from education and training (age group 18-24),A,Annual,T,Total,POP,Population,Y18-24,From 18 to 24 years,PC,Percentage,DE,Germany,2012,,10.5,,b,break in time series,,
dataflow,ESTAT:TESEM020(1.0),Early leavers from education and training (age group 18-24),A,Annual,T,Total,POP,Population,Y18-24,From 18 to 24 years,PC,Percentage,DE,Germany,2013,,9.8,,,,,
dataflow,ESTAT:TESEM020(1.0),Early leavers from education and training (age group 18-24),A,Annual,T,Total,POP,Population,Y18-24,From 18 to 24 years,PC,Percentage,DE,Germany,2014,,9.5,,b,break in time series,,
dataflow,ESTAT:TESEM020(1.0),Early leavers from education and training (age group 18-24),A,Annual,T,Total,POP,Population,Y18-24,From 18 to 24 years,PC,Percentage,DE,Germany,2015,,10.1,,,,,
dataflow,ESTAT:TESEM020(1.0),Early leavers from education and training (age group 18-24),A,Annual,T,Total,POP,Population,Y18-24,From 18 to 24 years,PC,Percentage,DE,Germany,2016,,10.3,,,,,
dataflow,ESTAT:TESEM020(1.0),Early leavers from education and training (age group 18-24),A,Annual,T,Total,POP,Population,Y18-24,From 18 to 24 years,PC,Percentage,DE,Germany,2017,,10.1,,,,,
dataflow,ESTAT:TESEM020(1.0),Early leavers from education and training (age group 18-24),A,Annual,T,Total,POP,Population,Y18-24,From 18 to 24 years,PC,Percentage,DE,Germany,2018,,10.3,,,,,
dataflow,ESTAT:TESEM020(1.0),Early leavers from education and training (age group 18-24),A,Annual,T,Total,POP,Population,Y18-24,From 18 to 24 years,PC,Percentage,DE,Germany,2019,,10.3,,,,,
dataflow,ESTAT:TESEM020(1.0),Early leavers from education and training (age group 18-24),A,Annual,T,Total,POP,Population,Y18-24,From 18 to 24 years,PC,Percentage,DE,Germany,2020,,10.1,,b,break in time series,,
dataflow,ESTAT:TESEM020(1.0),Early leavers from education and training (age group 18-24),A,Annual,T,Total,POP,Population,Y18-24,From 18 to 24 years,PC,Percentage,DE,Germany,2021,,12.3,,b,break in time series,,
dataflow,ESTAT:TESEM020(1.0),Early leavers from education and training (age group 18-24),A,Annual,T,Total,POP,Population,Y18-24,From 18 to 24 years,PC,Percentage,DE,Germany,2022,,12.5,,,,,
dataflow,ESTAT:TESEM020(1.0),Early leavers from education and training (age group 18-24),A,Annual,T,Total,POP,Population,Y18-24,From 18 to 24 years,PC,Percentage,DE,Germany,2023,,13.0,,,,,
dataflow,ESTAT:TESEM020(1.0),Early leavers from education and training (age group 18-24),A,Annual,T,Total,POP,Population,Y18-24,From 18 to 24 years,PC,Percentage,DE,Germany,2024,,13.5,,b,break in time series,,
dataflow,ESTAT:TESEM020(1.0),Early leavers from education and training (age group 18-24),A,Annual,T,Total,POP,Population,Y18-24,From 18 to 24 years,PC,Percentage,DE,Germany,2025,,13.1,,,,,
dataflow,ESTAT:TESEM020(1.0),Early leavers from education and training (age group 18-24),A,Annual,T,Total,POP,Population,Y18-24,From 18 to 24 years,PC,Percentage,DK,Denmark,2005,,8.7,,,,,
dataflow,ESTAT:TESEM020(1.0),Early leavers from education and training (age group 18-24),A,Annual,T,Total,POP,Population,Y18-24,From 18 to 24 years,PC,Percentage,DK,Denmark,2006,,9.1,,,,,
dataflow,ESTAT:TESEM020(1.0),Early leavers from education and training (age group 18-24),A,Annual,T,Total,POP,Population,Y18-24,From 18 to 24 years,PC,Percentage,DK,Denmark,2007,,12.9,,b,break in time series,,
dataflow,ESTAT:TESEM020(1.0),Early leavers from education and training (age group 18-24),A,Annual,T,Total,POP,Population,Y18-24,From 18 to 24 years,PC,Percentage,DK,Denmark,2008,,12.7,,b,break in time series,,
dataflow,ESTAT:TESEM020(1.0),Early leavers from education and training (age group 18-24),A,Annual,T,Total,POP,Population,Y18-24,From 18 to 24 years,PC,Percentage,DK,Denmark,2009,,11.5,,,,,
dataflow,ESTAT:TESEM020(1.0),Early leavers from education and training (age group 18-24),A,Annual,T,Total,POP,Population,Y18-24,From 18 to 24 years,PC,Percentage,DK,Denmark,2010,,11.5,,,,,
dataflow,ESTAT:TESEM020(1.0),Early leavers from education and training (age group 18-24),A,Annual,T,Total,POP,Population,Y18-24,From 18 to 24 years,PC,Percentage,DK,Denmark,2011,,10.3,,,,,
dataflow,ESTAT:TESEM020(1.0),Early leavers from education and training (age group 18-24),A,Annual,T,Total,POP,Population,Y18-24,From 18 to 24 years,PC,Percentage,DK,Denmark,2012,,9.6,,,,,
dataflow,ESTAT:TESEM020(1.0),Early leavers from education and training (age group 18-24),A,Annual,T,Total,POP,Population,Y18-24,From 18 to 24 years,PC,Percentage,DK,Denmark,2013,,8.2,,,,,
dataflow,ESTAT:TESEM020(1.0),Early leavers from education and training (age group 18-24),A,Annual,T,Total,POP,Population,Y18-24,From 18 to 24 years,PC,Percentage,DK,Denmark,2014,,8.1,,b,break in time series,,
dataflow,ESTAT:TESEM020(1.0),Early leavers from education and training (age group 18-24),A,Annual,T,Total,POP,Population,Y18-24,From 18 to 24 years,PC,Percentage,DK,Denmark,2015,,8.1,,,,,
dataflow,ESTAT:TESEM020(1.0),Early leavers from education and training (age group 18-24),A,Annual,T,Total,POP,Population,Y18-24,From 18 to 24 years,PC,Percentage,DK,Denmark,2016,,7.5,,b,break in time series,,
dataflow,ESTAT:TESEM020(1.0),Early leavers from education and training (age group 18-24),A,Annual,T,Total,POP,Population,Y18-24,From 18 to 24 years,PC,Percentage,DK,Denmark,2017,,8.8,,b,break in time series,,
dataflow,ESTAT:TESEM020(1.0),Early leavers from education and training (age group 18-24),A,Annual,T,Total,POP,Population,Y18-24,From 18 to 24 years,PC,Percentage,DK,Denmark,2018,,10.4,,,,,
dataflow,ESTAT:TESEM020(1.0),Early leavers from education and training (age group 18-24),A,Annual,T,Total,POP,Population,Y18-24,From 18 to 24 years,PC,Percentage,DK,Denmark,2019,,9.9,,,,,
dataflow,ESTAT:TESEM020(1.0),Early leavers from education and training (age group 18-24),A,Annual,T,Total,POP,Population,Y18-24,From 18 to 24 years,PC,Percentage,DK,Denmark,2020,,9.3,,,,,
dataflow,ESTAT:TESEM020(1.0),Early leavers from education and training (age group 18-24),A,Annual,T,Total,POP,Population,Y18-24,From 18 to 24 years,PC,Percentage,DK,Denmark,2021,,9.8,,b,break in time series,,
dataflow,ESTAT:TESEM020(1.0),Early leavers from education and training (age group 18-24),A,Annual,T,Total,POP,Population,Y18-24,From 18 to 24 years,PC,Percentage,DK,Denmark,2022,,10.0,,,,,
dataflow,ESTAT:TESEM020(1.0),Early leavers from education and training (age group 18-24),A,Annual,T,Total,POP,Population,Y18-24,From 18 to 24 years,PC,Percentage,DK,Denmark,2023,,10.4,,,,,
dataflow,ESTAT:TESEM020(1.0),Early leavers from education and training (age group 18-24),A,Annual,T,Total,POP,Population,Y18-24,From 18 to 24 years,PC,Percentage,DK,Denmark,2024,,10.4,,,,,
dataflow,ESTAT:TESEM020(1.0),Early leavers from education and training (age group 18-24),A,Annual,T,Total,POP,Population,Y18-24,From 18 to 24 years,PC,Percentage,DK,Denmark,2025,,10.0,,b,break in time series,,
dataflow,ESTAT:TESEM020(1.0),Early leavers from education and training (age group 18-24),A,Annual,T,Total,POP,Population,Y18-24,From 18 to 24 years,PC,Percentage,EA21,Euro area – 21 countries (from 2026),2005,,17.5,,,,,
dataflow,ESTAT:TESEM020(1.0),Early leavers from education and training (age group 18-24),A,Annual,T,Total,POP,Population,Y18-24,From 18 to 24 years,PC,Percentage,EA21,Euro area – 21 countries (from 2026),2006,,17.1,,,,,
dataflow,ESTAT:TESEM020(1.0),Early leavers from education and training (age group 18-24),A,Annual,T,Total,POP,Population,Y18-24,From 18 to 24 years,PC,Percentage,EA21,Euro area – 21 countries (from 2026),2007,,16.5,,,,,
dataflow,ESTAT:TESEM020(1.0),Early leavers from education and training (age group 18-24),A,Annual,T,Total,POP,Population,Y18-24,From 18 to 24 years,PC,Percentage,EA21,Euro area – 21 countries (from 2026),2008,,16.1,,,,,
dataflow,ESTAT:TESEM020(1.0),Early leavers from education and training (age group 18-24),A,Annual,T,Total,POP,Population,Y18-24,From 18 to 24 years,PC,Percentage,EA21,Euro area – 21 countries (from 2026),2009,,15.6,,,,,
dataflow,ESTAT:TESEM020(1.0),Early leavers from education and training (age group 18-24),A,Annual,T,Total,POP,Population,Y18-24,From 18 to 24 years,PC,Percentage,EA21,Euro area – 21 countries (from 2026),2010,,15.2,,,,,
dataflow,ESTAT:TESEM020(1.0),Early leavers from education and training (age group 18-24),A,Annual,T,Total,POP,Population,Y18-24,From 18 to 24 years,PC,Percentage,EA21,Euro area – 21 countries (from 2026),2011,,14.4,,,,,
dataflow,ESTAT:TESEM020(1.0),Early leavers from education and training (age group 18-24),A,Annual,T,Total,POP,Population,Y18-24,From 18 to 24 years,PC,Percentage,EA21,Euro area – 21 countries (from 2026),2012,,13.6,,,,,
dataflow,ESTAT:TESEM020(1.0),Early leavers from education and training (age group 18-24),A,Annual,T,Total,POP,Population,Y18-24,From 18 to 24 years,PC,Percentage,EA21,Euro area – 21 countries (from 2026),2013,,12.7,,,,,
dataflow,ESTAT:TESEM020(1.0),Early leavers from education and training (age group 18-24),A,Annual,T,Total,POP,Population,Y18-24,From 18 to 24 years,PC,Percentage,EA21,Euro area – 21 countries (from 2026),2014,,11.7,,b,break in time series,,
dataflow,ESTAT:TESEM020(1.0),Early leavers from education and training (age group 18-24),A,Annual,T,Total,POP,Population,Y18-24,From 18 to 24 years,PC,Percentage,EA21,Euro area – 21 countries (from 2026),2015,,11.5,,,,,
dataflow,ESTAT:TESEM020(1.0),Early leavers from education and training (age group 18-24),A,Annual,T,Total,POP,Population,Y18-24,From 18 to 24 years,PC,Percentage,EA21,Euro area – 21 countries (from 2026),2016,,11.0,,,,,
dataflow,ESTAT:TESEM020(1.0),Early leavers from education and training (age group 18-24),A,Annual,T,Total,POP,Population,Y18-24,From 18 to 24 years,PC,Percentage,EA21,Euro area – 21 countries (from 2026),2017,,10.9,,,,,
dataflow,ESTAT:TESEM020(1.0),Early leavers from education and training (age group 18-24),A,Annual,T,Total,POP,Population,Y18-24,From 18 to 24 years,PC,Percentage,EA21,Euro area – 21 countries (from 2026),2018,,10.9,,,,,
dataflow,ESTAT:TESEM020(1.0),Early leavers from education and training (age group 18-24),A,Annual,T,Total,POP,Population,Y18-24,From 18 to 24 years,PC,Percentage,EA21,Euro area – 21 countries (from 2026),2019,,10.5,,,,,
dataflow,ESTAT:TESEM020(1.0),Early leavers from education and training (age group 18-24),A,Annual,T,Total,POP,Population,Y18-24,From 18 to 24 years,PC,Percentage,EA21,Euro area – 21 countries (from 2026),2020,,10.3,,,,,
dataflow,ESTAT:TESEM020(1.0),Early leavers from education and training (age group 18-24),A,Annual,T,Total,POP,Population,Y18-24,From 18 to 24 years,PC,Percentage,EA21,Euro area – 21 countries (from 2026),2021,,9.9,,b,break in time series,,
dataflow,ESTAT:TESEM020(1.0),Early leavers from education and training (age group 18-24),A,Annual,T,Total,POP,Population,Y18-24,From 18 to 24 years,PC,Percentage,EA21,Euro area – 21 countries (from 2026),2022,,9.8,,,,,
dataflow,ESTAT:TESEM020(1.0),Early leavers from education and training (age group 18-24),A,Annual,T,Total,POP,Population,Y18-24,From 18 to 24 years,PC,Percentage,EA21,Euro area – 21 countries (from 2026),2023,,9.8,,,,,
dataflow,ESTAT:TESEM020(1.0),Early leavers from education and training (age group 18-24),A,Annual,T,Total,POP,Population,Y18-24,From 18 to 24 years,PC,Percentage,EA21,Euro area – 21 countries (from 2026),2024,,9.8,,,,,
dataflow,ESTAT:TESEM020(1.0),Early leavers from education and training (age group 18-24),A,Annual,T,Total,POP,Population,Y18-24,From 18 to 24 years,PC,Percentage,EA21,Euro area – 21 countries (from 2026),2025,,9.4,,,,,
dataflow,ESTAT:TESEM020(1.0),Early leavers from education and training (age group 18-24),A,Annual,T,Total,POP,Population,Y18-24,From 18 to 24 years,PC,Percentage,EE,Estonia,2005,,14.0,,,,,
dataflow,ESTAT:TESEM020(1.0),Early leavers from education and training (age group 18-24),A,Annual,T,Total,POP,Population,Y18-24,From 18 to 24 years,PC,Percentage,EE,Estonia,2006,,13.4,,,,,
dataflow,ESTAT:TESEM020(1.0),Early leavers from education and training (age group 18-24),A,Annual,T,Total,POP,Population,Y18-24,From 18 to 24 years,PC,Percentage,EE,Estonia,2007,,14.4,,,,,
dataflow,ESTAT:TESEM020(1.0),Early leavers from education and training (age group 18-24),A,Annual,T,Total,POP,Population,Y18-24,From 18 to 24 years,PC,Percentage,EE,Estonia,2008,,14.0,,,,,
dataflow,ESTAT:TESEM020(1.0),Early leavers from education and training (age group 18-24),A,Annual,T,Total,POP,Population,Y18-24,From 18 to 24 years,PC,Percentage,EE,Estonia,2009,,13.5,,b,break in time series,,
dataflow,ESTAT:TESEM020(1.0),Early leavers from education and training (age group 18-24),A,Annual,T,Total,POP,Population,Y18-24,From 18 to 24 years,PC,Percentage,EE,Estonia,2010,,11.0,,,,,
dataflow,ESTAT:TESEM020(1.0),Early leavers from education and training (age group 18-24),A,Annual,T,Total,POP,Population,Y18-24,From 18 to 24 years,PC,Percentage,EE,Estonia,2011,,10.6,,,,,
dataflow,ESTAT:TESEM020(1.0),Early leavers from education and training (age group 18-24),A,Annual,T,Total,POP,Population,Y18-24,From 18 to 24 years,PC,Percentage,EE,Estonia,2012,,10.3,,,,,
dataflow,ESTAT:TESEM020(1.0),Early leavers from education and training (age group 18-24),A,Annual,T,Total,POP,Population,Y18-24,From 18 to 24 years,PC,Percentage,EE,Estonia,2013,,9.7,,,,,
dataflow,ESTAT:TESEM020(1.0),Early leavers from education and training (age group 18-24),A,Annual,T,Total,POP,Population,Y18-24,From 18 to 24 years,PC,Percentage,EE,Estonia,2014,,12.0,,b,break in time series,,
dataflow,ESTAT:TESEM020(1.0),Early leavers from education and training (age group 18-24),A,Annual,T,Total,POP,Population,Y18-24,From 18 to 24 years,PC,Percentage,EE,Estonia,2015,,13.7,,,,,
dataflow,ESTAT:TESEM020(1.0),Early leavers from education and training (age group 18-24),A,Annual,T,Total,POP,Population,Y18-24,From 18 to 24 years,PC,Percentage,EE,Estonia,2016,,11.4,,,,,
dataflow,ESTAT:TESEM020(1.0),Early leavers from education and training (age group 18-24),A,Annual,T,Total,POP,Population,Y18-24,From 18 to 24 years,PC,Percentage,EE,Estonia,2017,,11.8,,,,,
dataflow,ESTAT:TESEM020(1.0),Early leavers from education and training (age group 18-24),A,Annual,T,Total,POP,Population,Y18-24,From 18 to 24 years,PC,Percentage,EE,Estonia,2018,,12.0,,,,,
dataflow,ESTAT:TESEM020(1.0),Early leavers from education and training (age group 18-24),A,Annual,T,Total,POP,Population,Y18-24,From 18 to 24 years,PC,Percentage,EE,Estonia,2019,,11.2,,,,,
dataflow,ESTAT:TESEM020(1.0),Early leavers from education and training (age group 18-24),A,Annual,T,Total,POP,Population,Y18-24,From 18 to 24 years,PC,Percentage,EE,Estonia,2020,,8.5,,,,,
dataflow,ESTAT:TESEM020(1.0),Early leavers from education and training (age group 18-24),A,Annual,T,Total,POP,Population,Y18-24,From 18 to 24 years,PC,Percentage,EE,Estonia,2021,,9.8,,b,break in time series,,
dataflow,ESTAT:TESEM020(1.0),Early leavers from education and training (age group 18-24),A,Annual,T,Total,POP,Population,Y18-24,From 18 to 24 years,PC,Percentage,EE,Estonia,2022,,10.8,,,,,
dataflow,ESTAT:TESEM020(1.0),Early leavers from education and training (age group 18-24),A,Annual,T,Total,POP,Population,Y18-24,From 18 to 24 years,PC,Percentage,EE,Estonia,2023,,9.7,,,,,
dataflow,ESTAT:TESEM020(1.0),Early leavers from education and training (age group 18-24),A,Annual,T,Total,POP,Population,Y18-24,From 18 to 24 years,PC,Percentage,EE,Estonia,2024,,11.0,,,,,
dataflow,ESTAT:TESEM020(1.0),Early leavers from education and training (age group 18-24),A,Annual,T,Total,POP,Population,Y18-24,From 18 to 24 years,PC,Percentage,EE,Estonia,2025,,10.2,,,,,
dataflow,ESTAT:TESEM020(1.0),Early leavers from education and training (age group 18-24),A,Annual,T,Total,POP,Population,Y18-24,From 18 to 24 years,PC,Percentage,EL,Greece,2005,,13.3,,,,,
dataflow,ESTAT:TESEM020(1.0),Early leavers from education and training (age group 18-24),A,Annual,T,Total,POP,Population,Y18-24,From 18 to 24 years,PC,Percentage,EL,Greece,2006,,15.1,,b,break in time series,,
dataflow,ESTAT:TESEM020(1.0),Early leavers from education and training (age group 18-24),A,Annual,T,Total,POP,Population,Y18-24,From 18 to 24 years,PC,Percentage,EL,Greece,2007,,14.3,,,,,
dataflow,ESTAT:TESEM020(1.0),Early leavers from education and training (age group 18-24),A,Annual,T,Total,POP,Population,Y18-24,From 18 to 24 years,PC,Percentage,EL,Greece,2008,,14.4,,b,break in time series,,
dataflow,ESTAT:TESEM020(1.0),Early leavers from education and training (age group 18-24),A,Annual,T,Total,POP,Population,Y18-24,From 18 to 24 years,PC,Percentage,EL,Greece,2009,,14.2,,b,break in time series,,
dataflow,ESTAT:TESEM020(1.0),Early leavers from education and training (age group 18-24),A,Annual,T,Total,POP,Population,Y18-24,From 18 to 24 years,PC,Percentage,EL,Greece,2010,,13.5,,,,,
dataflow,ESTAT:TESEM020(1.0),Early leavers from education and training (age group 18-24),A,Annual,T,Total,POP,Population,Y18-24,From 18 to 24 years,PC,Percentage,EL,Greece,2011,,12.9,,,,,
dataflow,ESTAT:TESEM020(1.0),Early leavers from education and training (age group 18-24),A,Annual,T,Total,POP,Population,Y18-24,From 18 to 24 years,PC,Percentage,EL,Greece,2012,,11.3,,,,,
dataflow,ESTAT:TESEM020(1.0),Early leavers from education and training (age group 18-24),A,Annual,T,Total,POP,Population,Y18-24,From 18 to 24 years,PC,Percentage,EL,Greece,2013,,10.1,,,,,
dataflow,ESTAT:TESEM020(1.0),Early leavers from education and training (age group 18-24),A,Annual,T,Total,POP,Population,Y18-24,From 18 to 24 years,PC,Percentage,EL,Greece,2014,,9.0,,b,break in time series,,
dataflow,ESTAT:TESEM020(1.0),Early leavers from education and training (age group 18-24),A,Annual,T,Total,POP,Population,Y18-24,From 18 to 24 years,PC,Percentage,EL,Greece,2015,,7.9,,,,,
dataflow,ESTAT:TESEM020(1.0),Early leavers from education and training (age group 18-24),A,Annual,T,Total,POP,Population,Y18-24,From 18 to 24 years,PC,Percentage,EL,Greece,2016,,6.2,,,,,
dataflow,ESTAT:TESEM020(1.0),Early leavers from education and training (age group 18-24),A,Annual,T,Total,POP,Population,Y18-24,From 18 to 24 years,PC,Percentage,EL,Greece,2017,,6.0,,,,,
dataflow,ESTAT:TESEM020(1.0),Early leavers from education and training (age group 18-24),A,Annual,T,Total,POP,Population,Y18-24,From 18 to 24 years,PC,Percentage,EL,Greece,2018,,4.7,,,,,
dataflow,ESTAT:TESEM020(1.0),Early leavers from education and training (age group 18-24),A,Annual,T,Total,POP,Population,Y18-24,From 18 to 24 years,PC,Percentage,EL,Greece,2019,,4.1,,,,,
dataflow,ESTAT:TESEM020(1.0),Early leavers from education and training (age group 18-24),A,Annual,T,Total,POP,Population,Y18-24,From 18 to 24 years,PC,Percentage,EL,Greece,2020,,3.8,,,,,
dataflow,ESTAT:TESEM020(1.0),Early leavers from education and training (age group 18-24),A,Annual,T,Total,POP,Population,Y18-24,From 18 to 24 years,PC,Percentage,EL,Greece,2021,,3.2,,b,break in time series,,
dataflow,ESTAT:TESEM020(1.0),Early leavers from education and training (age group 18-24),A,Annual,T,Total,POP,Population,Y18-24,From 18 to 24 years,PC,Percentage,EL,Greece,2022,,4.1,,,,,
dataflow,ESTAT:TESEM020(1.0),Early leavers from education and training (age group 18-24),A,Annual,T,Total,POP,Population,Y18-24,From 18 to 24 years,PC,Percentage,EL,Greece,2023,,3.7,,,,,
dataflow,ESTAT:TESEM020(1.0),Early leavers from education and training (age group 18-24),A,Annual,T,Total,POP,Population,Y18-24,From 18 to 24 years,PC,Percentage,EL,Greece,2024,,3.0,,b,break in time series,,
dataflow,ESTAT:TESEM020(1.0),Early leavers from education and training (age group 18-24),A,Annual,T,Total,POP,Population,Y18-24,From 18 to 24 years,PC,Percentage,EL,Greece,2025,,3.0,,,,,
dataflow,ESTAT:TESEM020(1.0),Early leavers from education and training (age group 18-24),A,Annual,T,Total,POP,Population,Y18-24,From 18 to 24 years,PC,Percentage,ES,Spain,2005,,31.0,,b,break in time series,,
dataflow,ESTAT:TESEM020(1.0),Early leavers from education and training (age group 18-24),A,Annual,T,Total,POP,Population,Y18-24,From 18 to 24 years,PC,Percentage,ES,Spain,2006,,30.3,,b,break in time series,,
dataflow,ESTAT:TESEM020(1.0),Early leavers from education and training (age group 18-24),A,Annual,T,Total,POP,Population,Y18-24,From 18 to 24 years,PC,Percentage,ES,Spain,2007,,30.8,,,,,
dataflow,ESTAT:TESEM020(1.0),Early leavers from education and training (age group 18-24),A,Annual,T,Total,POP,Population,Y18-24,From 18 to 24 years,PC,Percentage,ES,Spain,2008,,31.7,,,,,
dataflow,ESTAT:TESEM020(1.0),Early leavers from education and training (age group 18-24),A,Annual,T,Total,POP,Population,Y18-24,From 18 to 24 years,PC,Percentage,ES,Spain,2009,,30.9,,,,,
dataflow,ESTAT:TESEM020(1.0),Early leavers from education and training (age group 18-24),A,Annual,T,Total,POP,Population,Y18-24,From 18 to 24 years,PC,Percentage,ES,Spain,2010,,28.2,,,,,
dataflow,ESTAT:TESEM020(1.0),Early leavers from education and training (age group 18-24),A,Annual,T,Total,POP,Population,Y18-24,From 18 to 24 years,PC,Percentage,ES,Spain,2011,,26.3,,,,,
dataflow,ESTAT:TESEM020(1.0),Early leavers from education and training (age group 18-24),A,Annual,T,Total,POP,Population,Y18-24,From 18 to 24 years,PC,Percentage,ES,Spain,2012,,24.7,,,,,
dataflow,ESTAT:TESEM020(1.0),Early leavers from education and training (age group 18-24),A,Annual,T,Total,POP,Population,Y18-24,From 18 to 24 years,PC,Percentage,ES,Spain,2013,,23.6,,,,,
dataflow,ESTAT:TESEM020(1.0),Early leavers from education and training (age group 18-24),A,Annual,T,Total,POP,Population,Y18-24,From 18 to 24 years,PC,Percentage,ES,Spain,2014,,21.9,,b,break in time series,,
dataflow,ESTAT:TESEM020(1.0),Early leavers from education and training (age group 18-24),A,Annual,T,Total,POP,Population,Y18-24,From 18 to 24 years,PC,Percentage,ES,Spain,2015,,20.0,,,,,
dataflow,ESTAT:TESEM020(1.0),Early leavers from education and training (age group 18-24),A,Annual,T,Total,POP,Population,Y18-24,From 18 to 24 years,PC,Percentage,ES,Spain,2016,,19.0,,,,,
dataflow,ESTAT:TESEM020(1.0),Early leavers from education and training (age group 18-24),A,Annual,T,Total,POP,Population,Y18-24,From 18 to 24 years,PC,Percentage,ES,Spain,2017,,18.3,,,,,
dataflow,ESTAT:TESEM020(1.0),Early leavers from education and training (age group 18-24),A,Annual,T,Total,POP,Population,Y18-24,From 18 to 24 years,PC,Percentage,ES,Spain,2018,,17.9,,,,,
dataflow,ESTAT:TESEM020(1.0),Early leavers from education and training (age group 18-24),A,Annual,T,Total,POP,Population,Y18-24,From 18 to 24 years,PC,Percentage,ES,Spain,2019,,17.3,,,,,
dataflow,ESTAT:TESEM020(1.0),Early leavers from education and training (age group 18-24),A,Annual,T,Total,POP,Population,Y18-24,From 18 to 24 years,PC,Percentage,ES,Spain,2020,,16.0,,,,,
dataflow,ESTAT:TESEM020(1.0),Early leavers from education and training (age group 18-24),A,Annual,T,Total,POP,Population,Y18-24,From 18 to 24 years,PC,Percentage,ES,Spain,2021,,13.3,,bd,"break in time series, definition differs (see metadata)",,
dataflow,ESTAT:TESEM020(1.0),Early leavers from education and training (age group 18-24),A,Annual,T,Total,POP,Population,Y18-24,From 18 to 24 years,PC,Percentage,ES,Spain,2022,,13.9,,d,definition differs (see metadata),,
dataflow,ESTAT:TESEM020(1.0),Early leavers from education and training (age group 18-24),A,Annual,T,Total,POP,Population,Y18-24,From 18 to 24 years,PC,Percentage,ES,Spain,2023,,13.7,,d,definition differs (see metadata),,
dataflow,ESTAT:TESEM020(1.0),Early leavers from education and training (age group 18-24),A,Annual,T,Total,POP,Population,Y18-24,From 18 to 24 years,PC,Percentage,ES,Spain,2024,,13.0,,d,definition differs (see metadata),,
dataflow,ESTAT:TESEM020(1.0),Early leavers from education and training (age group 18-24),A,Annual,T,Total,POP,Population,Y18-24,From 18 to 24 years,PC,Percentage,ES,Spain,2025,,12.8,,d,definition differs (see metadata),,
dataflow,ESTAT:TESEM020(1.0),Early leavers from education and training (age group 18-24),A,Annual,T,Total,POP,Population,Y18-24,From 18 to 24 years,PC,Percentage,EU27_2020,European Union - 27 countries (from 2020),2005,,15.6,,,,,
dataflow,ESTAT:TESEM020(1.0),Early leavers from education and training (age group 18-24),A,Annual,T,Total,POP,Population,Y18-24,From 18 to 24 years,PC,Percentage,EU27_2020,European Union - 27 countries (from 2020),2006,,15.2,,b,break in time series,,
dataflow,ESTAT:TESEM020(1.0),Early leavers from education and training (age group 18-24),A,Annual,T,Total,POP,Population,Y18-24,From 18 to 24 years,PC,Percentage,EU27_2020,European Union - 27 countries (from 2020),2007,,14.7,,,,,
dataflow,ESTAT:TESEM020(1.0),Early leavers from education and training (age group 18-24),A,Annual,T,Total,POP,Population,Y18-24,From 18 to 24 years,PC,Percentage,EU27_2020,European Union - 27 countries (from 2020),2008,,14.3,,,,,
dataflow,ESTAT:TESEM020(1.0),Early leavers from education and training (age group 18-24),A,Annual,T,Total,POP,Population,Y18-24,From 18 to 24 years,PC,Percentage,EU27_2020,European Union - 27 countries (from 2020),2009,,14.0,,,,,
dataflow,ESTAT:TESEM020(1.0),Early leavers from education and training (age group 18-24),A,Annual,T,Total,POP,Population,Y18-24,From 18 to 24 years,PC,Percentage,EU27_2020,European Union - 27 countries (from 2020),2010,,13.8,,,,,
dataflow,ESTAT:TESEM020(1.0),Early leavers from education and training (age group 18-24),A,Annual,T,Total,POP,Population,Y18-24,From 18 to 24 years,PC,Percentage,EU27_2020,European Union - 27 countries (from 2020),2011,,13.2,,,,,
dataflow,ESTAT:TESEM020(1.0),Early leavers from education and training (age group 18-24),A,Annual,T,Total,POP,Population,Y18-24,From 18 to 24 years,PC,Percentage,EU27_2020,European Union - 27 countries (from 2020),2012,,12.6,,,,,
dataflow,ESTAT:TESEM020(1.0),Early leavers from education and training (age group 18-24),A,Annual,T,Total,POP,Population,Y18-24,From 18 to 24 years,PC,Percentage,EU27_2020,European Union - 27 countries (from 2020),2013,,11.8,,,,,
dataflow,ESTAT:TESEM020(1.0),Early leavers from education and training (age group 18-24),A,Annual,T,Total,POP,Population,Y18-24,From 18 to 24 years,PC,Percentage,EU27_2020,European Union - 27 countries (from 2020),2014,,11.1,,b,break in time series,,
dataflow,ESTAT:TESEM020(1.0),Early leavers from education and training (age group 18-24),A,Annual,T,Total,POP,Population,Y18-24,From 18 to 24 years,PC,Percentage,EU27_2020,European Union - 27 countries (from 2020),2015,,11.0,,,,,
dataflow,ESTAT:TESEM020(1.0),Early leavers from education and training (age group 18-24),A,Annual,T,Total,POP,Population,Y18-24,From 18 to 24 years,PC,Percentage,EU27_2020,European Union - 27 countries (from 2020),2016,,10.6,,,,,
dataflow,ESTAT:TESEM020(1.0),Early leavers from education and training (age group 18-24),A,Annual,T,Total,POP,Population,Y18-24,From 18 to 24 years,PC,Percentage,EU27_2020,European Union - 27 countries (from 2020),2017,,10.5,,,,,
dataflow,ESTAT:TESEM020(1.0),Early leavers from education and training (age group 18-24),A,Annual,T,Total,POP,Population,Y18-24,From 18 to 24 years,PC,Percentage,EU27_2020,European Union - 27 countries (from 2020),2018,,10.5,,,,,
dataflow,ESTAT:TESEM020(1.0),Early leavers from education and training (age group 18-24),A,Annual,T,Total,POP,Population,Y18-24,From 18 to 24 years,PC,Percentage,EU27_2020,European Union - 27 countries (from 2020),2019,,10.1,,,,,
dataflow,ESTAT:TESEM020(1.0),Early leavers from education and training (age group 18-24),A,Annual,T,Total,POP,Population,Y18-24,From 18 to 24 years,PC,Percentage,EU27_2020,European Union - 27 countries (from 2020),2020,,10.0,,,,,
dataflow,ESTAT:TESEM020(1.0),Early leavers from education and training (age group 18-24),A,Annual,T,Total,POP,Population,Y18-24,From 18 to 24 years,PC,Percentage,EU27_2020,European Union - 27 countries (from 2020),2021,,9.7,,b,break in time series,,
dataflow,ESTAT:TESEM020(1.0),Early leavers from education and training (age group 18-24),A,Annual,T,Total,POP,Population,Y18-24,From 18 to 24 years,PC,Percentage,EU27_2020,European Union - 27 countries (from 2020),2022,,9.6,,,,,
dataflow,ESTAT:TESEM020(1.0),Early leavers from education and training (age group 18-24),A,Annual,T,Total,POP,Population,Y18-24,From 18 to 24 years,PC,Percentage,EU27_2020,European Union - 27 countries (from 2020),2023,,9.6,,,,,
dataflow,ESTAT:TESEM020(1.0),Early leavers from education and training (age group 18-24),A,Annual,T,Total,POP,Population,Y18-24,From 18 to 24 years,PC,Percentage,EU27_2020,European Union - 27 countries (from 2020),2024,,9.6,,,,,
dataflow,ESTAT:TESEM020(1.0),Early leavers from education and training (age group 18-24),A,Annual,T,Total,POP,Population,Y18-24,From 18 to 24 years,PC,Percentage,EU27_2020,European Union - 27 countries (from 2020),2025,,9.1,,,,,
dataflow,ESTAT:TESEM020(1.0),Early leavers from education and training (age group 18-24),A,Annual,T,Total,POP,Population,Y18-24,From 18 to 24 years,PC,Percentage,FI,Finland,2005,,10.3,,,,,
dataflow,ESTAT:TESEM020(1.0),Early leavers from education and training (age group 18-24),A,Annual,T,Total,POP,Population,Y18-24,From 18 to 24 years,PC,Percentage,FI,Finland,2006,,9.7,,,,,
dataflow,ESTAT:TESEM020(1.0),Early leavers from education and training (age group 18-24),A,Annual,T,Total,POP,Population,Y18-24,From 18 to 24 years,PC,Percentage,FI,Finland,2007,,9.1,,,,,
dataflow,ESTAT:TESEM020(1.0),Early leavers from education and training (age group 18-24),A,Annual,T,Total,POP,Population,Y18-24,From 18 to 24 years,PC,Percentage,FI,Finland,2008,,9.8,,,,,
dataflow,ESTAT:TESEM020(1.0),Early leavers from education and training (age group 18-24),A,Annual,T,Total,POP,Population,Y18-24,From 18 to 24 years,PC,Percentage,FI,Finland,2009,,9.9,,,,,
dataflow,ESTAT:TESEM020(1.0),Early leavers from education and training (age group 18-24),A,Annual,T,Total,POP,Population,Y18-24,From 18 to 24 years,PC,Percentage,FI,Finland,2010,,10.3,,,,,
dataflow,ESTAT:TESEM020(1.0),Early leavers from education and training (age group 18-24),A,Annual,T,Total,POP,Population,Y18-24,From 18 to 24 years,PC,Percentage,FI,Finland,2011,,9.8,,,,,
dataflow,ESTAT:TESEM020(1.0),Early leavers from education and training (age group 18-24),A,Annual,T,Total,POP,Population,Y18-24,From 18 to 24 years,PC,Percentage,FI,Finland,2012,,8.9,,,,,
dataflow,ESTAT:TESEM020(1.0),Early leavers from education and training (age group 18-24),A,Annual,T,Total,POP,Population,Y18-24,From 18 to 24 years,PC,Percentage,FI,Finland,2013,,9.3,,,,,
dataflow,ESTAT:TESEM020(1.0),Early leavers from education and training (age group 18-24),A,Annual,T,Total,POP,Population,Y18-24,From 18 to 24 years,PC,Percentage,FI,Finland,2014,,9.5,,b,break in time series,,
dataflow,ESTAT:TESEM020(1.0),Early leavers from education and training (age group 18-24),A,Annual,T,Total,POP,Population,Y18-24,From 18 to 24 years,PC,Percentage,FI,Finland,2015,,9.2,,,,,
dataflow,ESTAT:TESEM020(1.0),Early leavers from education and training (age group 18-24),A,Annual,T,Total,POP,Population,Y18-24,From 18 to 24 years,PC,Percentage,FI,Finland,2016,,7.9,,,,,
dataflow,ESTAT:TESEM020(1.0),Early leavers from education and training (age group 18-24),A,Annual,T,Total,POP,Population,Y18-24,From 18 to 24 years,PC,Percentage,FI,Finland,2017,,8.2,,,,,
dataflow,ESTAT:TESEM020(1.0),Early leavers from education and training (age group 18-24),A,Annual,T,Total,POP,Population,Y18-24,From 18 to 24 years,PC,Percentage,FI,Finland,2018,,8.3,,,,,
dataflow,ESTAT:TESEM020(1.0),Early leavers from education and training (age group 18-24),A,Annual,T,Total,POP,Population,Y18-24,From 18 to 24 years,PC,Percentage,FI,Finland,2019,,7.3,,,,,
dataflow,ESTAT:TESEM020(1.0),Early leavers from education and training (age group 18-24),A,Annual,T,Total,POP,Population,Y18-24,From 18 to 24 years,PC,Percentage,FI,Finland,2020,,8.2,,,,,
dataflow,ESTAT:TESEM020(1.0),Early leavers from education and training (age group 18-24),A,Annual,T,Total,POP,Population,Y18-24,From 18 to 24 years,PC,Percentage,FI,Finland,2021,,8.2,,b,break in time series,,
dataflow,ESTAT:TESEM020(1.0),Early leavers from education and training (age group 18-24),A,Annual,T,Total,POP,Population,Y18-24,From 18 to 24 years,PC,Percentage,FI,Finland,2022,,8.4,,,,,
dataflow,ESTAT:TESEM020(1.0),Early leavers from education and training (age group 18-24),A,Annual,T,Total,POP,Population,Y18-24,From 18 to 24 years,PC,Percentage,FI,Finland,2023,,9.6,,,,,
dataflow,ESTAT:TESEM020(1.0),Early leavers from education and training (age group 18-24),A,Annual,T,Total,POP,Population,Y18-24,From 18 to 24 years,PC,Percentage,FI,Finland,2024,,9.6,,,,,
dataflow,ESTAT:TESEM020(1.0),Early leavers from education and training (age group 18-24),A,Annual,T,Total,POP,Population,Y18-24,From 18 to 24 years,PC,Percentage,FI,Finland,2025,,9.9,,,,,
dataflow,ESTAT:TESEM020(1.0),Early leavers from education and training (age group 18-24),A,Annual,T,Total,POP,Population,Y18-24,From 18 to 24 years,PC,Percentage,FR,France,2005,,12.5,,,,,
dataflow,ESTAT:TESEM020(1.0),Early leavers from education and training (age group 18-24),A,Annual,T,Total,POP,Population,Y18-24,From 18 to 24 years,PC,Percentage,FR,France,2006,,12.7,,,,,
dataflow,ESTAT:TESEM020(1.0),Early leavers from education and training (age group 18-24),A,Annual,T,Total,POP,Population,Y18-24,From 18 to 24 years,PC,Percentage,FR,France,2007,,12.8,,,,,
dataflow,ESTAT:TESEM020(1.0),Early leavers from education and training (age group 18-24),A,Annual,T,Total,POP,Population,Y18-24,From 18 to 24 years,PC,Percentage,FR,France,2008,,11.8,,,,,
dataflow,ESTAT:TESEM020(1.0),Early leavers from education and training (age group 18-24),A,Annual,T,Total,POP,Population,Y18-24,From 18 to 24 years,PC,Percentage,FR,France,2009,,12.4,,,,,
dataflow,ESTAT:TESEM020(1.0),Early leavers from education and training (age group 18-24),A,Annual,T,Total,POP,Population,Y18-24,From 18 to 24 years,PC,Percentage,FR,France,2010,,12.7,,,,,
dataflow,ESTAT:TESEM020(1.0),Early leavers from education and training (age group 18-24),A,Annual,T,Total,POP,Population,Y18-24,From 18 to 24 years,PC,Percentage,FR,France,2011,,12.3,,,,,
dataflow,ESTAT:TESEM020(1.0),Early leavers from education and training (age group 18-24),A,Annual,T,Total,POP,Population,Y18-24,From 18 to 24 years,PC,Percentage,FR,France,2012,,11.8,,,,,
dataflow,ESTAT:TESEM020(1.0),Early leavers from education and training (age group 18-24),A,Annual,T,Total,POP,Population,Y18-24,From 18 to 24 years,PC,Percentage,FR,France,2013,,9.7,,b,break in time series,,
dataflow,ESTAT:TESEM020(1.0),Early leavers from education and training (age group 18-24),A,Annual,T,Total,POP,Population,Y18-24,From 18 to 24 years,PC,Percentage,FR,France,2014,,8.8,,b,break in time series,,
dataflow,ESTAT:TESEM020(1.0),Early leavers from education and training (age group 18-24),A,Annual,T,Total,POP,Population,Y18-24,From 18 to 24 years,PC,Percentage,FR,France,2015,,9.2,,,,,
dataflow,ESTAT:TESEM020(1.0),Early leavers from education and training (age group 18-24),A,Annual,T,Total,POP,Population,Y18-24,From 18 to 24 years,PC,Percentage,FR,France,2016,,8.8,,,,,
dataflow,ESTAT:TESEM020(1.0),Early leavers from education and training (age group 18-24),A,Annual,T,Total,POP,Population,Y18-24,From 18 to 24 years,PC,Percentage,FR,France,2017,,8.8,,,,,
dataflow,ESTAT:TESEM020(1.0),Early leavers from education and training (age group 18-24),A,Annual,T,Total,POP,Population,Y18-24,From 18 to 24 years,PC,Percentage,FR,France,2018,,8.7,,,,,
dataflow,ESTAT:TESEM020(1.0),Early leavers from education and training (age group 18-24),A,Annual,T,Total,POP,Population,Y18-24,From 18 to 24 years,PC,Percentage,FR,France,2019,,8.2,,,,,
dataflow,ESTAT:TESEM020(1.0),Early leavers from education and training (age group 18-24),A,Annual,T,Total,POP,Population,Y18-24,From 18 to 24 years,PC,Percentage,FR,France,2020,,8.0,,,,,
dataflow,ESTAT:TESEM020(1.0),Early leavers from education and training (age group 18-24),A,Annual,T,Total,POP,Population,Y18-24,From 18 to 24 years,PC,Percentage,FR,France,2021,,7.8,,bd,"break in time series, definition differs (see metadata)",,
dataflow,ESTAT:TESEM020(1.0),Early leavers from education and training (age group 18-24),A,Annual,T,Total,POP,Population,Y18-24,From 18 to 24 years,PC,Percentage,FR,France,2022,,7.6,,d,definition differs (see metadata),,
dataflow,ESTAT:TESEM020(1.0),Early leavers from education and training (age group 18-24),A,Annual,T,Total,POP,Population,Y18-24,From 18 to 24 years,PC,Percentage,FR,France,2023,,7.6,,d,definition differs (see metadata),,
dataflow,ESTAT:TESEM020(1.0),Early leavers from education and training (age group 18-24),A,Annual,T,Total,POP,Population,Y18-24,From 18 to 24 years,PC,Percentage,FR,France,2024,,7.9,,bd,"break in time series, definition differs (see metadata)",,
dataflow,ESTAT:TESEM020(1.0),Early leavers from education and training (age group 18-24),A,Annual,T,Total,POP,Population,Y18-24,From 18 to 24 years,PC,Percentage,FR,France,2025,,7.2,,d,definition differs (see metadata),,
dataflow,ESTAT:TESEM020(1.0),Early leavers from education and training (age group 18-24),A,Annual,T,Total,POP,Population,Y18-24,From 18 to 24 years,PC,Percentage,HR,Croatia,2005,,5.1,,bu,"break in time series, low reliability",,
dataflow,ESTAT:TESEM020(1.0),Early leavers from education and training (age group 18-24),A,Annual,T,Total,POP,Population,Y18-24,From 18 to 24 years,PC,Percentage,HR,Croatia,2006,,4.7,,bu,"break in time series, low reliability",,
dataflow,ESTAT:TESEM020(1.0),Early leavers from education and training (age group 18-24),A,Annual,T,Total,POP,Population,Y18-24,From 18 to 24 years,PC,Percentage,HR,Croatia,2007,,4.0,,b,break in time series,,
dataflow,ESTAT:TESEM020(1.0),Early leavers from education and training (age group 18-24),A,Annual,T,Total,POP,Population,Y18-24,From 18 to 24 years,PC,Percentage,HR,Croatia,2008,,3.8,,,,,
dataflow,ESTAT:TESEM020(1.0),Early leavers from education and training (age group 18-24),A,Annual,T,Total,POP,Population,Y18-24,From 18 to 24 years,PC,Percentage,HR,Croatia,2009,,4.3,,,,,
dataflow,ESTAT:TESEM020(1.0),Early leavers from education and training (age group 18-24),A,Annual,T,Total,POP,Population,Y18-24,From 18 to 24 years,PC,Percentage,HR,Croatia,2010,,3.9,,b,break in time series,,
dataflow,ESTAT:TESEM020(1.0),Early leavers from education and training (age group 18-24),A,Annual,T,Total,POP,Population,Y18-24,From 18 to 24 years,PC,Percentage,HR,Croatia,2011,,4.3,,,,,
dataflow,ESTAT:TESEM020(1.0),Early leavers from education and training (age group 18-24),A,Annual,T,Total,POP,Population,Y18-24,From 18 to 24 years,PC,Percentage,HR,Croatia,2012,,5.0,,,,,
dataflow,ESTAT:TESEM020(1.0),Early leavers from education and training (age group 18-24),A,Annual,T,Total,POP,Population,Y18-24,From 18 to 24 years,PC,Percentage,HR,Croatia,2013,,4.3,,,,,
dataflow,ESTAT:TESEM020(1.0),Early leavers from education and training (age group 18-24),A,Annual,T,Total,POP,Population,Y18-24,From 18 to 24 years,PC,Percentage,HR,Croatia,2014,,2.8,,bu,"break in time series, low reliability",,
dataflow,ESTAT:TESEM020(1.0),Early leavers from education and training (age group 18-24),A,Annual,T,Total,POP,Population,Y18-24,From 18 to 24 years,PC,Percentage,HR,Croatia,2015,,2.7,,u,low reliability,,
dataflow,ESTAT:TESEM020(1.0),Early leavers from education and training (age group 18-24),A,Annual,T,Total,POP,Population,Y18-24,From 18 to 24 years,PC,Percentage,HR,Croatia,2016,,2.8,,u,low reliability,,
dataflow,ESTAT:TESEM020(1.0),Early leavers from education and training (age group 18-24),A,Annual,T,Total,POP,Population,Y18-24,From 18 to 24 years,PC,Percentage,HR,Croatia,2017,,2.9,,u,low reliability,,
dataflow,ESTAT:TESEM020(1.0),Early leavers from education and training (age group 18-24),A,Annual,T,Total,POP,Population,Y18-24,From 18 to 24 years,PC,Percentage,HR,Croatia,2018,,3.1,,u,low reliability,,
dataflow,ESTAT:TESEM020(1.0),Early leavers from education and training (age group 18-24),A,Annual,T,Total,POP,Population,Y18-24,From 18 to 24 years,PC,Percentage,HR,Croatia,2019,,3.0,,u,low reliability,,
dataflow,ESTAT:TESEM020(1.0),Early leavers from education and training (age group 18-24),A,Annual,T,Total,POP,Population,Y18-24,From 18 to 24 years,PC,Percentage,HR,Croatia,2020,,2.2,,u,low reliability,,
dataflow,ESTAT:TESEM020(1.0),Early leavers from education and training (age group 18-24),A,Annual,T,Total,POP,Population,Y18-24,From 18 to 24 years,PC,Percentage,HR,Croatia,2021,,2.4,,bu,"break in time series, low reliability",,
dataflow,ESTAT:TESEM020(1.0),Early leavers from education and training (age group 18-24),A,Annual,T,Total,POP,Population,Y18-24,From 18 to 24 years,PC,Percentage,HR,Croatia,2022,,2.1,,u,low reliability,,
dataflow,ESTAT:TESEM020(1.0),Early leavers from education and training (age group 18-24),A,Annual,T,Total,POP,Population,Y18-24,From 18 to 24 years,PC,Percentage,HR,Croatia,2023,,2.0,,u,low reliability,,
dataflow,ESTAT:TESEM020(1.0),Early leavers from education and training (age group 18-24),A,Annual,T,Total,POP,Population,Y18-24,From 18 to 24 years,PC,Percentage,HR,Croatia,2024,,2.0,,u,low reliability,,
dataflow,ESTAT:TESEM020(1.0),Early leavers from education and training (age group 18-24),A,Annual,T,Total,POP,Population,Y18-24,From 18 to 24 years,PC,Percentage,HR,Croatia,2025,,2.1,,u,low reliability,,
dataflow,ESTAT:TESEM020(1.0),Early leavers from education and training (age group 18-24),A,Annual,T,Total,POP,Population,Y18-24,From 18 to 24 years,PC,Percentage,HU,Hungary,2005,,12.5,,,,,
dataflow,ESTAT:TESEM020(1.0),Early leavers from education and training (age group 18-24),A,Annual,T,Total,POP,Population,Y18-24,From 18 to 24 years,PC,Percentage,HU,Hungary,2006,,12.5,,b,break in time series,,
dataflow,ESTAT:TESEM020(1.0),Early leavers from education and training (age group 18-24),A,Annual,T,Total,POP,Population,Y18-24,From 18 to 24 years,PC,Percentage,HU,Hungary,2007,,11.4,,,,,
dataflow,ESTAT:TESEM020(1.0),Early leavers from education and training (age group 18-24),A,Annual,T,Total,POP,Population,Y18-24,From 18 to 24 years,PC,Percentage,HU,Hungary,2008,,11.7,,,,,
dataflow,ESTAT:TESEM020(1.0),Early leavers from education and training (age group 18-24),A,Annual,T,Total,POP,Population,Y18-24,From 18 to 24 years,PC,Percentage,HU,Hungary,2009,,11.5,,,,,
dataflow,ESTAT:TESEM020(1.0),Early leavers from education and training (age group 18-24),A,Annual,T,Total,POP,Population,Y18-24,From 18 to 24 years,PC,Percentage,HU,Hungary,2010,,10.8,,,,,
dataflow,ESTAT:TESEM020(1.0),Early leavers from education and training (age group 18-24),A,Annual,T,Total,POP,Population,Y18-24,From 18 to 24 years,PC,Percentage,HU,Hungary,2011,,11.4,,,,,
dataflow,ESTAT:TESEM020(1.0),Early leavers from education and training (age group 18-24),A,Annual,T,Total,POP,Population,Y18-24,From 18 to 24 years,PC,Percentage,HU,Hungary,2012,,11.8,,,,,
dataflow,ESTAT:TESEM020(1.0),Early leavers from education and training (age group 18-24),A,Annual,T,Total,POP,Population,Y18-24,From 18 to 24 years,PC,Percentage,HU,Hungary,2013,,11.9,,,,,
dataflow,ESTAT:TESEM020(1.0),Early leavers from education and training (age group 18-24),A,Annual,T,Total,POP,Population,Y18-24,From 18 to 24 years,PC,Percentage,HU,Hungary,2014,,11.4,,b,break in time series,,
dataflow,ESTAT:TESEM020(1.0),Early leavers from education and training (age group 18-24),A,Annual,T,Total,POP,Population,Y18-24,From 18 to 24 years,PC,Percentage,HU,Hungary,2015,,11.6,,,,,
dataflow,ESTAT:TESEM020(1.0),Early leavers from education and training (age group 18-24),A,Annual,T,Total,POP,Population,Y18-24,From 18 to 24 years,PC,Percentage,HU,Hungary,2016,,12.4,,,,,
dataflow,ESTAT:TESEM020(1.0),Early leavers from education and training (age group 18-24),A,Annual,T,Total,POP,Population,Y18-24,From 18 to 24 years,PC,Percentage,HU,Hungary,2017,,12.5,,,,,
dataflow,ESTAT:TESEM020(1.0),Early leavers from education and training (age group 18-24),A,Annual,T,Total,POP,Population,Y18-24,From 18 to 24 years,PC,Percentage,HU,Hungary,2018,,12.4,,b,break in time series,,
dataflow,ESTAT:TESEM020(1.0),Early leavers from education and training (age group 18-24),A,Annual,T,Total,POP,Population,Y18-24,From 18 to 24 years,PC,Percentage,HU,Hungary,2019,,11.9,,,,,
dataflow,ESTAT:TESEM020(1.0),Early leavers from education and training (age group 18-24),A,Annual,T,Total,POP,Population,Y18-24,From 18 to 24 years,PC,Percentage,HU,Hungary,2020,,12.0,,,,,
dataflow,ESTAT:TESEM020(1.0),Early leavers from education and training (age group 18-24),A,Annual,T,Total,POP,Population,Y18-24,From 18 to 24 years,PC,Percentage,HU,Hungary,2021,,12.0,,b,break in time series,,
dataflow,ESTAT:TESEM020(1.0),Early leavers from education and training (age group 18-24),A,Annual,T,Total,POP,Population,Y18-24,From 18 to 24 years,PC,Percentage,HU,Hungary,2022,,12.2,,,,,
dataflow,ESTAT:TESEM020(1.0),Early leavers from education and training (age group 18-24),A,Annual,T,Total,POP,Population,Y18-24,From 18 to 24 years,PC,Percentage,HU,Hungary,2023,,11.6,,,,,
dataflow,ESTAT:TESEM020(1.0),Early leavers from education and training (age group 18-24),A,Annual,T,Total,POP,Population,Y18-24,From 18 to 24 years,PC,Percentage,HU,Hungary,2024,,10.3,,,,,
dataflow,ESTAT:TESEM020(1.0),Early leavers from education and training (age group 18-24),A,Annual,T,Total,POP,Population,Y18-24,From 18 to 24 years,PC,Percentage,HU,Hungary,2025,,9.3,,,,,
dataflow,ESTAT:TESEM020(1.0),Early leavers from education and training (age group 18-24),A,Annual,T,Total,POP,Population,Y18-24,From 18 to 24 years,PC,Percentage,IE,Ireland,2005,,12.5,,,,,
dataflow,ESTAT:TESEM020(1.0),Early leavers from education and training (age group 18-24),A,Annual,T,Total,POP,Population,Y18-24,From 18 to 24 years,PC,Percentage,IE,Ireland,2006,,12.3,,b,break in time series,,
dataflow,ESTAT:TESEM020(1.0),Early leavers from education and training (age group 18-24),A,Annual,T,Total,POP,Population,Y18-24,From 18 to 24 years,PC,Percentage,IE,Ireland,2007,,12.0,,b,break in time series,,
dataflow,ESTAT:TESEM020(1.0),Early leavers from education and training (age group 18-24),A,Annual,T,Total,POP,Population,Y18-24,From 18 to 24 years,PC,Percentage,IE,Ireland,2008,,11.7,,,,,
dataflow,ESTAT:TESEM020(1.0),Early leavers from education and training (age group 18-24),A,Annual,T,Total,POP,Population,Y18-24,From 18 to 24 years,PC,Percentage,IE,Ireland,2009,,11.8,,,,,
dataflow,ESTAT:TESEM020(1.0),Early leavers from education and training (age group 18-24),A,Annual,T,Total,POP,Population,Y18-24,From 18 to 24 years,PC,Percentage,IE,Ireland,2010,,11.9,,,,,
dataflow,ESTAT:TESEM020(1.0),Early leavers from education and training (age group 18-24),A,Annual,T,Total,POP,Population,Y18-24,From 18 to 24 years,PC,Percentage,IE,Ireland,2011,,11.1,,,,,
dataflow,ESTAT:TESEM020(1.0),Early leavers from education and training (age group 18-24),A,Annual,T,Total,POP,Population,Y18-24,From 18 to 24 years,PC,Percentage,IE,Ireland,2012,,9.9,,,,,
dataflow,ESTAT:TESEM020(1.0),Early leavers from education and training (age group 18-24),A,Annual,T,Total,POP,Population,Y18-24,From 18 to 24 years,PC,Percentage,IE,Ireland,2013,,8.7,,,,,
dataflow,ESTAT:TESEM020(1.0),Early leavers from education and training (age group 18-24),A,Annual,T,Total,POP,Population,Y18-24,From 18 to 24 years,PC,Percentage,IE,Ireland,2014,,6.7,,b,break in time series,,
dataflow,ESTAT:TESEM020(1.0),Early leavers from education and training (age group 18-24),A,Annual,T,Total,POP,Population,Y18-24,From 18 to 24 years,PC,Percentage,IE,Ireland,2015,,6.8,,,,,
dataflow,ESTAT:TESEM020(1.0),Early leavers from education and training (age group 18-24),A,Annual,T,Total,POP,Population,Y18-24,From 18 to 24 years,PC,Percentage,IE,Ireland,2016,,6.0,,,,,
dataflow,ESTAT:TESEM020(1.0),Early leavers from education and training (age group 18-24),A,Annual,T,Total,POP,Population,Y18-24,From 18 to 24 years,PC,Percentage,IE,Ireland,2017,,5.0,,b,break in time series,,
dataflow,ESTAT:TESEM020(1.0),Early leavers from education and training (age group 18-24),A,Annual,T,Total,POP,Population,Y18-24,From 18 to 24 years,PC,Percentage,IE,Ireland,2018,,5.0,,,,,
dataflow,ESTAT:TESEM020(1.0),Early leavers from education and training (age group 18-24),A,Annual,T,Total,POP,Population,Y18-24,From 18 to 24 years,PC,Percentage,IE,Ireland,2019,,5.1,,,,,
dataflow,ESTAT:TESEM020(1.0),Early leavers from education and training (age group 18-24),A,Annual,T,Total,POP,Population,Y18-24,From 18 to 24 years,PC,Percentage,IE,Ireland,2020,,5.0,,,,,
dataflow,ESTAT:TESEM020(1.0),Early leavers from education and training (age group 18-24),A,Annual,T,Total,POP,Population,Y18-24,From 18 to 24 years,PC,Percentage,IE,Ireland,2021,,3.3,,b,break in time series,,
dataflow,ESTAT:TESEM020(1.0),Early leavers from education and training (age group 18-24),A,Annual,T,Total,POP,Population,Y18-24,From 18 to 24 years,PC,Percentage,IE,Ireland,2022,,3.7,,,,,
dataflow,ESTAT:TESEM020(1.0),Early leavers from education and training (age group 18-24),A,Annual,T,Total,POP,Population,Y18-24,From 18 to 24 years,PC,Percentage,IE,Ireland,2023,,4.0,,,,,
dataflow,ESTAT:TESEM020(1.0),Early leavers from education and training (age group 18-24),A,Annual,T,Total,POP,Population,Y18-24,From 18 to 24 years,PC,Percentage,IE,Ireland,2024,,2.8,,b,break in time series,,
dataflow,ESTAT:TESEM020(1.0),Early leavers from education and training (age group 18-24),A,Annual,T,Total,POP,Population,Y18-24,From 18 to 24 years,PC,Percentage,IE,Ireland,2025,,3.6,,,,,
dataflow,ESTAT:TESEM020(1.0),Early leavers from education and training (age group 18-24),A,Annual,T,Total,POP,Population,Y18-24,From 18 to 24 years,PC,Percentage,IS,Iceland,2005,,24.9,,,,,
dataflow,ESTAT:TESEM020(1.0),Early leavers from education and training (age group 18-24),A,Annual,T,Total,POP,Population,Y18-24,From 18 to 24 years,PC,Percentage,IS,Iceland,2006,,,,u,low reliability,,
dataflow,ESTAT:TESEM020(1.0),Early leavers from education and training (age group 18-24),A,Annual,T,Total,POP,Population,Y18-24,From 18 to 24 years,PC,Percentage,IS,Iceland,2007,,23.2,,,,,
dataflow,ESTAT:TESEM020(1.0),Early leavers from education and training (age group 18-24),A,Annual,T,Total,POP,Population,Y18-24,From 18 to 24 years,PC,Percentage,IS,Iceland,2008,,24.4,,,,,
dataflow,ESTAT:TESEM020(1.0),Early leavers from education and training (age group 18-24),A,Annual,T,Total,POP,Population,Y18-24,From 18 to 24 years,PC,Percentage,IS,Iceland,2009,,21.3,,b,break in time series,,
dataflow,ESTAT:TESEM020(1.0),Early leavers from education and training (age group 18-24),A,Annual,T,Total,POP,Population,Y18-24,From 18 to 24 years,PC,Percentage,IS,Iceland,2010,,22.6,,,,,
dataflow,ESTAT:TESEM020(1.0),Early leavers from education and training (age group 18-24),A,Annual,T,Total,POP,Population,Y18-24,From 18 to 24 years,PC,Percentage,IS,Iceland,2011,,19.7,,,,,
dataflow,ESTAT:TESEM020(1.0),Early leavers from education and training (age group 18-24),A,Annual,T,Total,POP,Population,Y18-24,From 18 to 24 years,PC,Percentage,IS,Iceland,2012,,20.1,,,,,
dataflow,ESTAT:TESEM020(1.0),Early leavers from education and training (age group 18-24),A,Annual,T,Total,POP,Population,Y18-24,From 18 to 24 years,PC,Percentage,IS,Iceland,2013,,20.5,,,,,
dataflow,ESTAT:TESEM020(1.0),Early leavers from education and training (age group 18-24),A,Annual,T,Total,POP,Population,Y18-24,From 18 to 24 years,PC,Percentage,IS,Iceland,2014,,19.1,,b,break in time series,,
dataflow,ESTAT:TESEM020(1.0),Early leavers from education and training (age group 18-24),A,Annual,T,Total,POP,Population,Y18-24,From 18 to 24 years,PC,Percentage,IS,Iceland,2015,,18.8,,,,,
dataflow,ESTAT:TESEM020(1.0),Early leavers from education and training (age group 18-24),A,Annual,T,Total,POP,Population,Y18-24,From 18 to 24 years,PC,Percentage,IS,Iceland,2016,,19.8,,,,,
dataflow,ESTAT:TESEM020(1.0),Early leavers from education and training (age group 18-24),A,Annual,T,Total,POP,Population,Y18-24,From 18 to 24 years,PC,Percentage,IS,Iceland,2017,,17.8,,,,,
dataflow,ESTAT:TESEM020(1.0),Early leavers from education and training (age group 18-24),A,Annual,T,Total,POP,Population,Y18-24,From 18 to 24 years,PC,Percentage,IS,Iceland,2018,,21.5,,,,,
dataflow,ESTAT:TESEM020(1.0),Early leavers from education and training (age group 18-24),A,Annual,T,Total,POP,Population,Y18-24,From 18 to 24 years,PC,Percentage,IS,Iceland,2019,,17.9,,,,,
dataflow,ESTAT:TESEM020(1.0),Early leavers from education and training (age group 18-24),A,Annual,T,Total,POP,Population,Y18-24,From 18 to 24 years,PC,Percentage,IS,Iceland,2020,,14.8,,b,break in time series,,
dataflow,ESTAT:TESEM020(1.0),Early leavers from education and training (age group 18-24),A,Annual,T,Total,POP,Population,Y18-24,From 18 to 24 years,PC,Percentage,IS,Iceland,2021,,14.4,,b,break in time series,,
dataflow,ESTAT:TESEM020(1.0),Early leavers from education and training (age group 18-24),A,Annual,T,Total,POP,Population,Y18-24,From 18 to 24 years,PC,Percentage,IS,Iceland,2022,,16.5,,,,,
dataflow,ESTAT:TESEM020(1.0),Early leavers from education and training (age group 18-24),A,Annual,T,Total,POP,Population,Y18-24,From 18 to 24 years,PC,Percentage,IS,Iceland,2023,,15.8,,,,,
dataflow,ESTAT:TESEM020(1.0),Early leavers from education and training (age group 18-24),A,Annual,T,Total,POP,Population,Y18-24,From 18 to 24 years,PC,Percentage,IS,Iceland,2024,,15.3,,,,,
dataflow,ESTAT:TESEM020(1.0),Early leavers from education and training (age group 18-24),A,Annual,T,Total,POP,Population,Y18-24,From 18 to 24 years,PC,Percentage,IS,Iceland,2025,,16.7,,,,,
dataflow,ESTAT:TESEM020(1.0),Early leavers from education and training (age group 18-24),A,Annual,T,Total,POP,Population,Y18-24,From 18 to 24 years,PC,Percentage,IT,Italy,2005,,22.1,,,,,
dataflow,ESTAT:TESEM020(1.0),Early leavers from education and training (age group 18-24),A,Annual,T,Total,POP,Population,Y18-24,From 18 to 24 years,PC,Percentage,IT,Italy,2006,,20.4,,b,break in time series,,
dataflow,ESTAT:TESEM020(1.0),Early leavers from education and training (age group 18-24),A,Annual,T,Total,POP,Population,Y18-24,From 18 to 24 years,PC,Percentage,IT,Italy,2007,,19.5,,,,,
dataflow,ESTAT:TESEM020(1.0),Early leavers from education and training (age group 18-24),A,Annual,T,Total,POP,Population,Y18-24,From 18 to 24 years,PC,Percentage,IT,Italy,2008,,19.6,,,,,
dataflow,ESTAT:TESEM020(1.0),Early leavers from education and training (age group 18-24),A,Annual,T,Total,POP,Population,Y18-24,From 18 to 24 years,PC,Percentage,IT,Italy,2009,,19.1,,,,,
dataflow,ESTAT:TESEM020(1.0),Early leavers from education and training (age group 18-24),A,Annual,T,Total,POP,Population,Y18-24,From 18 to 24 years,PC,Percentage,IT,Italy,2010,,18.6,,,,,
dataflow,ESTAT:TESEM020(1.0),Early leavers from education and training (age group 18-24),A,Annual,T,Total,POP,Population,Y18-24,From 18 to 24 years,PC,Percentage,IT,Italy,2011,,17.8,,,,,
dataflow,ESTAT:TESEM020(1.0),Early leavers from education and training (age group 18-24),A,Annual,T,Total,POP,Population,Y18-24,From 18 to 24 years,PC,Percentage,IT,Italy,2012,,17.3,,,,,
dataflow,ESTAT:TESEM020(1.0),Early leavers from education and training (age group 18-24),A,Annual,T,Total,POP,Population,Y18-24,From 18 to 24 years,PC,Percentage,IT,Italy,2013,,16.8,,,,,
dataflow,ESTAT:TESEM020(1.0),Early leavers from education and training (age group 18-24),A,Annual,T,Total,POP,Population,Y18-24,From 18 to 24 years,PC,Percentage,IT,Italy,2014,,15.0,,b,break in time series,,
dataflow,ESTAT:TESEM020(1.0),Early leavers from education and training (age group 18-24),A,Annual,T,Total,POP,Population,Y18-24,From 18 to 24 years,PC,Percentage,IT,Italy,2015,,14.7,,,,,
dataflow,ESTAT:TESEM020(1.0),Early leavers from education and training (age group 18-24),A,Annual,T,Total,POP,Population,Y18-24,From 18 to 24 years,PC,Percentage,IT,Italy,2016,,13.8,,,,,
dataflow,ESTAT:TESEM020(1.0),Early leavers from education and training (age group 18-24),A,Annual,T,Total,POP,Population,Y18-24,From 18 to 24 years,PC,Percentage,IT,Italy,2017,,14.0,,,,,
dataflow,ESTAT:TESEM020(1.0),Early leavers from education and training (age group 18-24),A,Annual,T,Total,POP,Population,Y18-24,From 18 to 24 years,PC,Percentage,IT,Italy,2018,,14.3,,b,break in time series,,
dataflow,ESTAT:TESEM020(1.0),Early leavers from education and training (age group 18-24),A,Annual,T,Total,POP,Population,Y18-24,From 18 to 24 years,PC,Percentage,IT,Italy,2019,,13.3,,,,,
dataflow,ESTAT:TESEM020(1.0),Early leavers from education and training (age group 18-24),A,Annual,T,Total,POP,Population,Y18-24,From 18 to 24 years,PC,Percentage,IT,Italy,2020,,14.2,,,,,
dataflow,ESTAT:TESEM020(1.0),Early leavers from education and training (age group 18-24),A,Annual,T,Total,POP,Population,Y18-24,From 18 to 24 years,PC,Percentage,IT,Italy,2021,,12.7,,b,break in time series,,
dataflow,ESTAT:TESEM020(1.0),Early leavers from education and training (age group 18-24),A,Annual,T,Total,POP,Population,Y18-24,From 18 to 24 years,PC,Percentage,IT,Italy,2022,,11.5,,,,,
dataflow,ESTAT:TESEM020(1.0),Early leavers from education and training (age group 18-24),A,Annual,T,Total,POP,Population,Y18-24,From 18 to 24 years,PC,Percentage,IT,Italy,2023,,10.5,,,,,
dataflow,ESTAT:TESEM020(1.0),Early leavers from education and training (age group 18-24),A,Annual,T,Total,POP,Population,Y18-24,From 18 to 24 years,PC,Percentage,IT,Italy,2024,,9.8,,,,,
dataflow,ESTAT:TESEM020(1.0),Early leavers from education and training (age group 18-24),A,Annual,T,Total,POP,Population,Y18-24,From 18 to 24 years,PC,Percentage,IT,Italy,2025,,8.2,,,,,
dataflow,ESTAT:TESEM020(1.0),Early leavers from education and training (age group 18-24),A,Annual,T,Total,POP,Population,Y18-24,From 18 to 24 years,PC,Percentage,LT,Lithuania,2005,,8.4,,,,,
dataflow,ESTAT:TESEM020(1.0),Early leavers from education and training (age group 18-24),A,Annual,T,Total,POP,Population,Y18-24,From 18 to 24 years,PC,Percentage,LT,Lithuania,2006,,8.8,,b,break in time series,,
dataflow,ESTAT:TESEM020(1.0),Early leavers from education and training (age group 18-24),A,Annual,T,Total,POP,Population,Y18-24,From 18 to 24 years,PC,Percentage,LT,Lithuania,2007,,7.8,,,,,
dataflow,ESTAT:TESEM020(1.0),Early leavers from education and training (age group 18-24),A,Annual,T,Total,POP,Population,Y18-24,From 18 to 24 years,PC,Percentage,LT,Lithuania,2008,,7.5,,,,,
dataflow,ESTAT:TESEM020(1.0),Early leavers from education and training (age group 18-24),A,Annual,T,Total,POP,Population,Y18-24,From 18 to 24 years,PC,Percentage,LT,Lithuania,2009,,8.7,,,,,
dataflow,ESTAT:TESEM020(1.0),Early leavers from education and training (age group 18-24),A,Annual,T,Total,POP,Population,Y18-24,From 18 to 24 years,PC,Percentage,LT,Lithuania,2010,,7.9,,,,,
dataflow,ESTAT:TESEM020(1.0),Early leavers from education and training (age group 18-24),A,Annual,T,Total,POP,Population,Y18-24,From 18 to 24 years,PC,Percentage,LT,Lithuania,2011,,7.4,,,,,
dataflow,ESTAT:TESEM020(1.0),Early leavers from education and training (age group 18-24),A,Annual,T,Total,POP,Population,Y18-24,From 18 to 24 years,PC,Percentage,LT,Lithuania,2012,,6.5,,,,,
dataflow,ESTAT:TESEM020(1.0),Early leavers from education and training (age group 18-24),A,Annual,T,Total,POP,Population,Y18-24,From 18 to 24 years,PC,Percentage,LT,Lithuania,2013,,6.3,,,,,
dataflow,ESTAT:TESEM020(1.0),Early leavers from education and training (age group 18-24),A,Annual,T,Total,POP,Population,Y18-24,From 18 to 24 years,PC,Percentage,LT,Lithuania,2014,,5.9,,b,break in time series,,
dataflow,ESTAT:TESEM020(1.0),Early leavers from education and training (age group 18-24),A,Annual,T,Total,POP,Population,Y18-24,From 18 to 24 years,PC,Percentage,LT,Lithuania,2015,,5.5,,,,,
dataflow,ESTAT:TESEM020(1.0),Early leavers from education and training (age group 18-24),A,Annual,T,Total,POP,Population,Y18-24,From 18 to 24 years,PC,Percentage,LT,Lithuania,2016,,4.8,,,,,
dataflow,ESTAT:TESEM020(1.0),Early leavers from education and training (age group 18-24),A,Annual,T,Total,POP,Population,Y18-24,From 18 to 24 years,PC,Percentage,LT,Lithuania,2017,,5.4,,,,,
dataflow,ESTAT:TESEM020(1.0),Early leavers from education and training (age group 18-24),A,Annual,T,Total,POP,Population,Y18-24,From 18 to 24 years,PC,Percentage,LT,Lithuania,2018,,4.6,,,,,
dataflow,ESTAT:TESEM020(1.0),Early leavers from education and training (age group 18-24),A,Annual,T,Total,POP,Population,Y18-24,From 18 to 24 years,PC,Percentage,LT,Lithuania,2019,,4.0,,,,,
dataflow,ESTAT:TESEM020(1.0),Early leavers from education and training (age group 18-24),A,Annual,T,Total,POP,Population,Y18-24,From 18 to 24 years,PC,Percentage,LT,Lithuania,2020,,5.6,,,,,
dataflow,ESTAT:TESEM020(1.0),Early leavers from education and training (age group 18-24),A,Annual,T,Total,POP,Population,Y18-24,From 18 to 24 years,PC,Percentage,LT,Lithuania,2021,,5.3,,b,break in time series,,
dataflow,ESTAT:TESEM020(1.0),Early leavers from education and training (age group 18-24),A,Annual,T,Total,POP,Population,Y18-24,From 18 to 24 years,PC,Percentage,LT,Lithuania,2022,,4.8,,,,,
dataflow,ESTAT:TESEM020(1.0),Early leavers from education and training (age group 18-24),A,Annual,T,Total,POP,Population,Y18-24,From 18 to 24 years,PC,Percentage,LT,Lithuania,2023,,6.4,,,,,
dataflow,ESTAT:TESEM020(1.0),Early leavers from education and training (age group 18-24),A,Annual,T,Total,POP,Population,Y18-24,From 18 to 24 years,PC,Percentage,LT,Lithuania,2024,,8.4,,,,,
dataflow,ESTAT:TESEM020(1.0),Early leavers from education and training (age group 18-24),A,Annual,T,Total,POP,Population,Y18-24,From 18 to 24 years,PC,Percentage,LT,Lithuania,2025,,5.9,,,,,
dataflow,ESTAT:TESEM020(1.0),Early leavers from education and training (age group 18-24),A,Annual,T,Total,POP,Population,Y18-24,From 18 to 24 years,PC,Percentage,LU,Luxembourg,2005,,13.3,,,,,
dataflow,ESTAT:TESEM020(1.0),Early leavers from education and training (age group 18-24),A,Annual,T,Total,POP,Population,Y18-24,From 18 to 24 years,PC,Percentage,LU,Luxembourg,2006,,14.0,,b,break in time series,,
dataflow,ESTAT:TESEM020(1.0),Early leavers from education and training (age group 18-24),A,Annual,T,Total,POP,Population,Y18-24,From 18 to 24 years,PC,Percentage,LU,Luxembourg,2007,,12.5,,b,break in time series,,
dataflow,ESTAT:TESEM020(1.0),Early leavers from education and training (age group 18-24),A,Annual,T,Total,POP,Population,Y18-24,From 18 to 24 years,PC,Percentage,LU,Luxembourg,2008,,13.4,,,,,
dataflow,ESTAT:TESEM020(1.0),Early leavers from education and training (age group 18-24),A,Annual,T,Total,POP,Population,Y18-24,From 18 to 24 years,PC,Percentage,LU,Luxembourg,2009,,7.7,,b,break in time series,,
dataflow,ESTAT:TESEM020(1.0),Early leavers from education and training (age group 18-24),A,Annual,T,Total,POP,Population,Y18-24,From 18 to 24 years,PC,Percentage,LU,Luxembourg,2010,,7.1,,,,,
dataflow,ESTAT:TESEM020(1.0),Early leavers from education and training (age group 18-24),A,Annual,T,Total,POP,Population,Y18-24,From 18 to 24 years,PC,Percentage,LU,Luxembourg,2011,,6.2,,,,,
dataflow,ESTAT:TESEM020(1.0),Early leavers from education and training (age group 18-24),A,Annual,T,Total,POP,Population,Y18-24,From 18 to 24 years,PC,Percentage,LU,Luxembourg,2012,,8.1,,,,,
dataflow,ESTAT:TESEM020(1.0),Early leavers from education and training (age group 18-24),A,Annual,T,Total,POP,Population,Y18-24,From 18 to 24 years,PC,Percentage,LU,Luxembourg,2013,,6.1,,,,,
dataflow,ESTAT:TESEM020(1.0),Early leavers from education and training (age group 18-24),A,Annual,T,Total,POP,Population,Y18-24,From 18 to 24 years,PC,Percentage,LU,Luxembourg,2014,,6.1,,b,break in time series,,
dataflow,ESTAT:TESEM020(1.0),Early leavers from education and training (age group 18-24),A,Annual,T,Total,POP,Population,Y18-24,From 18 to 24 years,PC,Percentage,LU,Luxembourg,2015,,9.3,,b,break in time series,,
dataflow,ESTAT:TESEM020(1.0),Early leavers from education and training (age group 18-24),A,Annual,T,Total,POP,Population,Y18-24,From 18 to 24 years,PC,Percentage,LU,Luxembourg,2016,,5.5,,,,,
dataflow,ESTAT:TESEM020(1.0),Early leavers from education and training (age group 18-24),A,Annual,T,Total,POP,Population,Y18-24,From 18 to 24 years,PC,Percentage,LU,Luxembourg,2017,,7.3,,,,,
dataflow,ESTAT:TESEM020(1.0),Early leavers from education and training (age group 18-24),A,Annual,T,Total,POP,Population,Y18-24,From 18 to 24 years,PC,Percentage,LU,Luxembourg,2018,,6.3,,,,,
dataflow,ESTAT:TESEM020(1.0),Early leavers from education and training (age group 18-24),A,Annual,T,Total,POP,Population,Y18-24,From 18 to 24 years,PC,Percentage,LU,Luxembourg,2019,,7.2,,,,,
dataflow,ESTAT:TESEM020(1.0),Early leavers from education and training (age group 18-24),A,Annual,T,Total,POP,Population,Y18-24,From 18 to 24 years,PC,Percentage,LU,Luxembourg,2020,,8.2,,,,,
dataflow,ESTAT:TESEM020(1.0),Early leavers from education and training (age group 18-24),A,Annual,T,Total,POP,Population,Y18-24,From 18 to 24 years,PC,Percentage,LU,Luxembourg,2021,,9.3,,b,break in time series,,
dataflow,ESTAT:TESEM020(1.0),Early leavers from education and training (age group 18-24),A,Annual,T,Total,POP,Population,Y18-24,From 18 to 24 years,PC,Percentage,LU,Luxembourg,2022,,8.2,,,,,
dataflow,ESTAT:TESEM020(1.0),Early leavers from education and training (age group 18-24),A,Annual,T,Total,POP,Population,Y18-24,From 18 to 24 years,PC,Percentage,LU,Luxembourg,2023,,6.8,,u,low reliability,,
dataflow,ESTAT:TESEM020(1.0),Early leavers from education and training (age group 18-24),A,Annual,T,Total,POP,Population,Y18-24,From 18 to 24 years,PC,Percentage,LU,Luxembourg,2024,,7.8,,u,low reliability,,
dataflow,ESTAT:TESEM020(1.0),Early leavers from education and training (age group 18-24),A,Annual,T,Total,POP,Population,Y18-24,From 18 to 24 years,PC,Percentage,LU,Luxembourg,2025,,,,u,low reliability,,
dataflow,ESTAT:TESEM020(1.0),Early leavers from education and training (age group 18-24),A,Annual,T,Total,POP,Population,Y18-24,From 18 to 24 years,PC,Percentage,LV,Latvia,2005,,15.4,,,,,
dataflow,ESTAT:TESEM020(1.0),Early leavers from education and training (age group 18-24),A,Annual,T,Total,POP,Population,Y18-24,From 18 to 24 years,PC,Percentage,LV,Latvia,2006,,15.6,,b,break in time series,,
dataflow,ESTAT:TESEM020(1.0),Early leavers from education and training (age group 18-24),A,Annual,T,Total,POP,Population,Y18-24,From 18 to 24 years,PC,Percentage,LV,Latvia,2007,,15.6,,,,,
dataflow,ESTAT:TESEM020(1.0),Early leavers from education and training (age group 18-24),A,Annual,T,Total,POP,Population,Y18-24,From 18 to 24 years,PC,Percentage,LV,Latvia,2008,,15.5,,,,,
dataflow,ESTAT:TESEM020(1.0),Early leavers from education and training (age group 18-24),A,Annual,T,Total,POP,Population,Y18-24,From 18 to 24 years,PC,Percentage,LV,Latvia,2009,,14.3,,,,,
dataflow,ESTAT:TESEM020(1.0),Early leavers from education and training (age group 18-24),A,Annual,T,Total,POP,Population,Y18-24,From 18 to 24 years,PC,Percentage,LV,Latvia,2010,,12.9,,,,,
dataflow,ESTAT:TESEM020(1.0),Early leavers from education and training (age group 18-24),A,Annual,T,Total,POP,Population,Y18-24,From 18 to 24 years,PC,Percentage,LV,Latvia,2011,,11.6,,,,,
dataflow,ESTAT:TESEM020(1.0),Early leavers from education and training (age group 18-24),A,Annual,T,Total,POP,Population,Y18-24,From 18 to 24 years,PC,Percentage,LV,Latvia,2012,,10.6,,,,,
dataflow,ESTAT:TESEM020(1.0),Early leavers from education and training (age group 18-24),A,Annual,T,Total,POP,Population,Y18-24,From 18 to 24 years,PC,Percentage,LV,Latvia,2013,,9.8,,,,,
dataflow,ESTAT:TESEM020(1.0),Early leavers from education and training (age group 18-24),A,Annual,T,Total,POP,Population,Y18-24,From 18 to 24 years,PC,Percentage,LV,Latvia,2014,,8.5,,b,break in time series,,
dataflow,ESTAT:TESEM020(1.0),Early leavers from education and training (age group 18-24),A,Annual,T,Total,POP,Population,Y18-24,From 18 to 24 years,PC,Percentage,LV,Latvia,2015,,9.9,,,,,
dataflow,ESTAT:TESEM020(1.0),Early leavers from education and training (age group 18-24),A,Annual,T,Total,POP,Population,Y18-24,From 18 to 24 years,PC,Percentage,LV,Latvia,2016,,10.0,,,,,
dataflow,ESTAT:TESEM020(1.0),Early leavers from education and training (age group 18-24),A,Annual,T,Total,POP,Population,Y18-24,From 18 to 24 years,PC,Percentage,LV,Latvia,2017,,8.6,,,,,
dataflow,ESTAT:TESEM020(1.0),Early leavers from education and training (age group 18-24),A,Annual,T,Total,POP,Population,Y18-24,From 18 to 24 years,PC,Percentage,LV,Latvia,2018,,8.3,,,,,
dataflow,ESTAT:TESEM020(1.0),Early leavers from education and training (age group 18-24),A,Annual,T,Total,POP,Population,Y18-24,From 18 to 24 years,PC,Percentage,LV,Latvia,2019,,8.7,,,,,
dataflow,ESTAT:TESEM020(1.0),Early leavers from education and training (age group 18-24),A,Annual,T,Total,POP,Population,Y18-24,From 18 to 24 years,PC,Percentage,LV,Latvia,2020,,7.2,,,,,
dataflow,ESTAT:TESEM020(1.0),Early leavers from education and training (age group 18-24),A,Annual,T,Total,POP,Population,Y18-24,From 18 to 24 years,PC,Percentage,LV,Latvia,2021,,7.3,,b,break in time series,,
dataflow,ESTAT:TESEM020(1.0),Early leavers from education and training (age group 18-24),A,Annual,T,Total,POP,Population,Y18-24,From 18 to 24 years,PC,Percentage,LV,Latvia,2022,,6.7,,,,,
dataflow,ESTAT:TESEM020(1.0),Early leavers from education and training (age group 18-24),A,Annual,T,Total,POP,Population,Y18-24,From 18 to 24 years,PC,Percentage,LV,Latvia,2023,,7.7,,,,,
dataflow,ESTAT:TESEM020(1.0),Early leavers from education and training (age group 18-24),A,Annual,T,Total,POP,Population,Y18-24,From 18 to 24 years,PC,Percentage,LV,Latvia,2024,,7.9,,,,,
dataflow,ESTAT:TESEM020(1.0),Early leavers from education and training (age group 18-24),A,Annual,T,Total,POP,Population,Y18-24,From 18 to 24 years,PC,Percentage,LV,Latvia,2025,,8.8,,,,,
dataflow,ESTAT:TESEM020(1.0),Early leavers from education and training (age group 18-24),A,Annual,T,Total,POP,Population,Y18-24,From 18 to 24 years,PC,Percentage,ME,Montenegro,2011,,7.2,,,,,
dataflow,ESTAT:TESEM020(1.0),Early leavers from education and training (age group 18-24),A,Annual,T,Total,POP,Population,Y18-24,From 18 to 24 years,PC,Percentage,ME,Montenegro,2012,,6.7,,,,,
dataflow,ESTAT:TESEM020(1.0),Early leavers from education and training (age group 18-24),A,Annual,T,Total,POP,Population,Y18-24,From 18 to 24 years,PC,Percentage,ME,Montenegro,2013,,5.6,,,,,
dataflow,ESTAT:TESEM020(1.0),Early leavers from education and training (age group 18-24),A,Annual,T,Total,POP,Population,Y18-24,From 18 to 24 years,PC,Percentage,ME,Montenegro,2014,,5.1,,b,break in time series,,
dataflow,ESTAT:TESEM020(1.0),Early leavers from education and training (age group 18-24),A,Annual,T,Total,POP,Population,Y18-24,From 18 to 24 years,PC,Percentage,ME,Montenegro,2015,,5.7,,,,,
dataflow,ESTAT:TESEM020(1.0),Early leavers from education and training (age group 18-24),A,Annual,T,Total,POP,Population,Y18-24,From 18 to 24 years,PC,Percentage,ME,Montenegro,2016,,5.5,,,,,
dataflow,ESTAT:TESEM020(1.0),Early leavers from education and training (age group 18-24),A,Annual,T,Total,POP,Population,Y18-24,From 18 to 24 years,PC,Percentage,ME,Montenegro,2017,,5.4,,,,,
dataflow,ESTAT:TESEM020(1.0),Early leavers from education and training (age group 18-24),A,Annual,T,Total,POP,Population,Y18-24,From 18 to 24 years,PC,Percentage,ME,Montenegro,2018,,4.6,,,,,
dataflow,ESTAT:TESEM020(1.0),Early leavers from education and training (age group 18-24),A,Annual,T,Total,POP,Population,Y18-24,From 18 to 24 years,PC,Percentage,ME,Montenegro,2019,,5.0,,,,,
dataflow,ESTAT:TESEM020(1.0),Early leavers from education and training (age group 18-24),A,Annual,T,Total,POP,Population,Y18-24,From 18 to 24 years,PC,Percentage,ME,Montenegro,2020,,3.6,,,,,
dataflow,ESTAT:TESEM020(1.0),Early leavers from education and training (age group 18-24),A,Annual,T,Total,POP,Population,Y18-24,From 18 to 24 years,PC,Percentage,MK,North Macedonia,2006,,22.8,,,,,
dataflow,ESTAT:TESEM020(1.0),Early leavers from education and training (age group 18-24),A,Annual,T,Total,POP,Population,Y18-24,From 18 to 24 years,PC,Percentage,MK,North Macedonia,2007,,19.9,,b,break in time series,,
dataflow,ESTAT:TESEM020(1.0),Early leavers from education and training (age group 18-24),A,Annual,T,Total,POP,Population,Y18-24,From 18 to 24 years,PC,Percentage,MK,North Macedonia,2008,,19.6,,,,,
dataflow,ESTAT:TESEM020(1.0),Early leavers from education and training (age group 18-24),A,Annual,T,Total,POP,Population,Y18-24,From 18 to 24 years,PC,Percentage,MK,North Macedonia,2009,,16.2,,,,,
dataflow,ESTAT:TESEM020(1.0),Early leavers from education and training (age group 18-24),A,Annual,T,Total,POP,Population,Y18-24,From 18 to 24 years,PC,Percentage,MK,North Macedonia,2010,,15.5,,,,,
dataflow,ESTAT:TESEM020(1.0),Early leavers from education and training (age group 18-24),A,Annual,T,Total,POP,Population,Y18-24,From 18 to 24 years,PC,Percentage,MK,North Macedonia,2011,,13.5,,,,,
dataflow,ESTAT:TESEM020(1.0),Early leavers from education and training (age group 18-24),A,Annual,T,Total,POP,Population,Y18-24,From 18 to 24 years,PC,Percentage,MK,North Macedonia,2012,,11.7,,,,,
dataflow,ESTAT:TESEM020(1.0),Early leavers from education and training (age group 18-24),A,Annual,T,Total,POP,Population,Y18-24,From 18 to 24 years,PC,Percentage,MK,North Macedonia,2013,,11.4,,,,,
dataflow,ESTAT:TESEM020(1.0),Early leavers from education and training (age group 18-24),A,Annual,T,Total,POP,Population,Y18-24,From 18 to 24 years,PC,Percentage,MK,North Macedonia,2014,,12.5,,b,break in time series,,
dataflow,ESTAT:TESEM020(1.0),Early leavers from education and training (age group 18-24),A,Annual,T,Total,POP,Population,Y18-24,From 18 to 24 years,PC,Percentage,MK,North Macedonia,2015,,11.4,,,,,
dataflow,ESTAT:TESEM020(1.0),Early leavers from education and training (age group 18-24),A,Annual,T,Total,POP,Population,Y18-24,From 18 to 24 years,PC,Percentage,MK,North Macedonia,2016,,9.9,,,,,
dataflow,ESTAT:TESEM020(1.0),Early leavers from education and training (age group 18-24),A,Annual,T,Total,POP,Population,Y18-24,From 18 to 24 years,PC,Percentage,MK,North Macedonia,2017,,8.5,,,,,
dataflow,ESTAT:TESEM020(1.0),Early leavers from education and training (age group 18-24),A,Annual,T,Total,POP,Population,Y18-24,From 18 to 24 years,PC,Percentage,MK,North Macedonia,2018,,7.1,,,,,
dataflow,ESTAT:TESEM020(1.0),Early leavers from education and training (age group 18-24),A,Annual,T,Total,POP,Population,Y18-24,From 18 to 24 years,PC,Percentage,MK,North Macedonia,2019,,7.1,,,,,
dataflow,ESTAT:TESEM020(1.0),Early leavers from education and training (age group 18-24),A,Annual,T,Total,POP,Population,Y18-24,From 18 to 24 years,PC,Percentage,MK,North Macedonia,2020,,5.7,,,,,
dataflow,ESTAT:TESEM020(1.0),Early leavers from education and training (age group 18-24),A,Annual,T,Total,POP,Population,Y18-24,From 18 to 24 years,PC,Percentage,MK,North Macedonia,2021,,6.1,,b,break in time series,,
dataflow,ESTAT:TESEM020(1.0),Early leavers from education and training (age group 18-24),A,Annual,T,Total,POP,Population,Y18-24,From 18 to 24 years,PC,Percentage,MK,North Macedonia,2022,,6.2,,,,,
dataflow,ESTAT:TESEM020(1.0),Early leavers from education and training (age group 18-24),A,Annual,T,Total,POP,Population,Y18-24,From 18 to 24 years,PC,Percentage,MK,North Macedonia,2023,,8.4,,,,,
dataflow,ESTAT:TESEM020(1.0),Early leavers from education and training (age group 18-24),A,Annual,T,Total,POP,Population,Y18-24,From 18 to 24 years,PC,Percentage,MK,North Macedonia,2024,,8.0,,,,,
dataflow,ESTAT:TESEM020(1.0),Early leavers from education and training (age group 18-24),A,Annual,T,Total,POP,Population,Y18-24,From 18 to 24 years,PC,Percentage,MK,North Macedonia,2025,,9.5,,,,,
dataflow,ESTAT:TESEM020(1.0),Early leavers from education and training (age group 18-24),A,Annual,T,Total,POP,Population,Y18-24,From 18 to 24 years,PC,Percentage,MT,Malta,2005,,33.0,,b,break in time series,,
dataflow,ESTAT:TESEM020(1.0),Early leavers from education and training (age group 18-24),A,Annual,T,Total,POP,Population,Y18-24,From 18 to 24 years,PC,Percentage,MT,Malta,2006,,32.2,,b,break in time series,,
dataflow,ESTAT:TESEM020(1.0),Early leavers from education and training (age group 18-24),A,Annual,T,Total,POP,Population,Y18-24,From 18 to 24 years,PC,Percentage,MT,Malta,2007,,30.2,,,,,
dataflow,ESTAT:TESEM020(1.0),Early leavers from education and training (age group 18-24),A,Annual,T,Total,POP,Population,Y18-24,From 18 to 24 years,PC,Percentage,MT,Malta,2008,,27.2,,,,,
dataflow,ESTAT:TESEM020(1.0),Early leavers from education and training (age group 18-24),A,Annual,T,Total,POP,Population,Y18-24,From 18 to 24 years,PC,Percentage,MT,Malta,2009,,25.7,,,,,
dataflow,ESTAT:TESEM020(1.0),Early leavers from education and training (age group 18-24),A,Annual,T,Total,POP,Population,Y18-24,From 18 to 24 years,PC,Percentage,MT,Malta,2010,,21.4,,,,,
dataflow,ESTAT:TESEM020(1.0),Early leavers from education and training (age group 18-24),A,Annual,T,Total,POP,Population,Y18-24,From 18 to 24 years,PC,Percentage,MT,Malta,2011,,18.8,,b,break in time series,,
dataflow,ESTAT:TESEM020(1.0),Early leavers from education and training (age group 18-24),A,Annual,T,Total,POP,Population,Y18-24,From 18 to 24 years,PC,Percentage,MT,Malta,2012,,18.1,,,,,
dataflow,ESTAT:TESEM020(1.0),Early leavers from education and training (age group 18-24),A,Annual,T,Total,POP,Population,Y18-24,From 18 to 24 years,PC,Percentage,MT,Malta,2013,,17.1,,,,,
dataflow,ESTAT:TESEM020(1.0),Early leavers from education and training (age group 18-24),A,Annual,T,Total,POP,Population,Y18-24,From 18 to 24 years,PC,Percentage,MT,Malta,2014,,17.0,,b,break in time series,,
dataflow,ESTAT:TESEM020(1.0),Early leavers from education and training (age group 18-24),A,Annual,T,Total,POP,Population,Y18-24,From 18 to 24 years,PC,Percentage,MT,Malta,2015,,16.3,,,,,
dataflow,ESTAT:TESEM020(1.0),Early leavers from education and training (age group 18-24),A,Annual,T,Total,POP,Population,Y18-24,From 18 to 24 years,PC,Percentage,MT,Malta,2016,,15.6,,,,,
dataflow,ESTAT:TESEM020(1.0),Early leavers from education and training (age group 18-24),A,Annual,T,Total,POP,Population,Y18-24,From 18 to 24 years,PC,Percentage,MT,Malta,2017,,14.0,,,,,
dataflow,ESTAT:TESEM020(1.0),Early leavers from education and training (age group 18-24),A,Annual,T,Total,POP,Population,Y18-24,From 18 to 24 years,PC,Percentage,MT,Malta,2018,,14.0,,,,,
dataflow,ESTAT:TESEM020(1.0),Early leavers from education and training (age group 18-24),A,Annual,T,Total,POP,Population,Y18-24,From 18 to 24 years,PC,Percentage,MT,Malta,2019,,14.2,,,,,
dataflow,ESTAT:TESEM020(1.0),Early leavers from education and training (age group 18-24),A,Annual,T,Total,POP,Population,Y18-24,From 18 to 24 years,PC,Percentage,MT,Malta,2020,,13.0,,,,,
dataflow,ESTAT:TESEM020(1.0),Early leavers from education and training (age group 18-24),A,Annual,T,Total,POP,Population,Y18-24,From 18 to 24 years,PC,Percentage,MT,Malta,2021,,10.9,,b,break in time series,,
dataflow,ESTAT:TESEM020(1.0),Early leavers from education and training (age group 18-24),A,Annual,T,Total,POP,Population,Y18-24,From 18 to 24 years,PC,Percentage,MT,Malta,2022,,10.3,,,,,
dataflow,ESTAT:TESEM020(1.0),Early leavers from education and training (age group 18-24),A,Annual,T,Total,POP,Population,Y18-24,From 18 to 24 years,PC,Percentage,MT,Malta,2023,,10.2,,,,,
dataflow,ESTAT:TESEM020(1.0),Early leavers from education and training (age group 18-24),A,Annual,T,Total,POP,Population,Y18-24,From 18 to 24 years,PC,Percentage,MT,Malta,2024,,9.5,,,,,
dataflow,ESTAT:TESEM020(1.0),Early leavers from education and training (age group 18-24),A,Annual,T,Total,POP,Population,Y18-24,From 18 to 24 years,PC,Percentage,MT,Malta,2025,,8.6,,,,,
dataflow,ESTAT:TESEM020(1.0),Early leavers from education and training (age group 18-24),A,Annual,T,Total,POP,Population,Y18-24,From 18 to 24 years,PC,Percentage,NL,Netherlands,2005,,14.3,,b,break in time series,,
dataflow,ESTAT:TESEM020(1.0),Early leavers from education and training (age group 18-24),A,Annual,T,Total,POP,Population,Y18-24,From 18 to 24 years,PC,Percentage,NL,Netherlands,2006,,12.9,,b,break in time series,,
dataflow,ESTAT:TESEM020(1.0),Early leavers from education and training (age group 18-24),A,Annual,T,Total,POP,Population,Y18-24,From 18 to 24 years,PC,Percentage,NL,Netherlands,2007,,11.9,,,,,
dataflow,ESTAT:TESEM020(1.0),Early leavers from education and training (age group 18-24),A,Annual,T,Total,POP,Population,Y18-24,From 18 to 24 years,PC,Percentage,NL,Netherlands,2008,,11.4,,,,,
dataflow,ESTAT:TESEM020(1.0),Early leavers from education and training (age group 18-24),A,Annual,T,Total,POP,Population,Y18-24,From 18 to 24 years,PC,Percentage,NL,Netherlands,2009,,11.3,,,,,
dataflow,ESTAT:TESEM020(1.0),Early leavers from education and training (age group 18-24),A,Annual,T,Total,POP,Population,Y18-24,From 18 to 24 years,PC,Percentage,NL,Netherlands,2010,,10.1,,,,,
dataflow,ESTAT:TESEM020(1.0),Early leavers from education and training (age group 18-24),A,Annual,T,Total,POP,Population,Y18-24,From 18 to 24 years,PC,Percentage,NL,Netherlands,2011,,9.2,,,,,
dataflow,ESTAT:TESEM020(1.0),Early leavers from education and training (age group 18-24),A,Annual,T,Total,POP,Population,Y18-24,From 18 to 24 years,PC,Percentage,NL,Netherlands,2012,,8.9,,,,,
dataflow,ESTAT:TESEM020(1.0),Early leavers from education and training (age group 18-24),A,Annual,T,Total,POP,Population,Y18-24,From 18 to 24 years,PC,Percentage,NL,Netherlands,2013,,9.3,,b,break in time series,,
dataflow,ESTAT:TESEM020(1.0),Early leavers from education and training (age group 18-24),A,Annual,T,Total,POP,Population,Y18-24,From 18 to 24 years,PC,Percentage,NL,Netherlands,2014,,8.7,,b,break in time series,,
dataflow,ESTAT:TESEM020(1.0),Early leavers from education and training (age group 18-24),A,Annual,T,Total,POP,Population,Y18-24,From 18 to 24 years,PC,Percentage,NL,Netherlands,2015,,8.2,,,,,
dataflow,ESTAT:TESEM020(1.0),Early leavers from education and training (age group 18-24),A,Annual,T,Total,POP,Population,Y18-24,From 18 to 24 years,PC,Percentage,NL,Netherlands,2016,,8.0,,,,,
dataflow,ESTAT:TESEM020(1.0),Early leavers from education and training (age group 18-24),A,Annual,T,Total,POP,Population,Y18-24,From 18 to 24 years,PC,Percentage,NL,Netherlands,2017,,7.1,,,,,
dataflow,ESTAT:TESEM020(1.0),Early leavers from education and training (age group 18-24),A,Annual,T,Total,POP,Population,Y18-24,From 18 to 24 years,PC,Percentage,NL,Netherlands,2018,,7.3,,,,,
dataflow,ESTAT:TESEM020(1.0),Early leavers from education and training (age group 18-24),A,Annual,T,Total,POP,Population,Y18-24,From 18 to 24 years,PC,Percentage,NL,Netherlands,2019,,7.5,,b,break in time series,,
dataflow,ESTAT:TESEM020(1.0),Early leavers from education and training (age group 18-24),A,Annual,T,Total,POP,Population,Y18-24,From 18 to 24 years,PC,Percentage,NL,Netherlands,2020,,7.0,,,,,
dataflow,ESTAT:TESEM020(1.0),Early leavers from education and training (age group 18-24),A,Annual,T,Total,POP,Population,Y18-24,From 18 to 24 years,PC,Percentage,NL,Netherlands,2021,,5.1,,b,break in time series,,
dataflow,ESTAT:TESEM020(1.0),Early leavers from education and training (age group 18-24),A,Annual,T,Total,POP,Population,Y18-24,From 18 to 24 years,PC,Percentage,NL,Netherlands,2022,,5.6,,,,,
dataflow,ESTAT:TESEM020(1.0),Early leavers from education and training (age group 18-24),A,Annual,T,Total,POP,Population,Y18-24,From 18 to 24 years,PC,Percentage,NL,Netherlands,2023,,6.2,,,,,
dataflow,ESTAT:TESEM020(1.0),Early leavers from education and training (age group 18-24),A,Annual,T,Total,POP,Population,Y18-24,From 18 to 24 years,PC,Percentage,NL,Netherlands,2024,,7.0,,,,,
dataflow,ESTAT:TESEM020(1.0),Early leavers from education and training (age group 18-24),A,Annual,T,Total,POP,Population,Y18-24,From 18 to 24 years,PC,Percentage,NL,Netherlands,2025,,7.4,,,,,
dataflow,ESTAT:TESEM020(1.0),Early leavers from education and training (age group 18-24),A,Annual,T,Total,POP,Population,Y18-24,From 18 to 24 years,PC,Percentage,NO,Norway,2006,,17.8,,,,,
dataflow,ESTAT:TESEM020(1.0),Early leavers from education and training (age group 18-24),A,Annual,T,Total,POP,Population,Y18-24,From 18 to 24 years,PC,Percentage,NO,Norway,2007,,18.4,,,,,
dataflow,ESTAT:TESEM020(1.0),Early leavers from education and training (age group 18-24),A,Annual,T,Total,POP,Population,Y18-24,From 18 to 24 years,PC,Percentage,NO,Norway,2008,,17.0,,,,,
dataflow,ESTAT:TESEM020(1.0),Early leavers from education and training (age group 18-24),A,Annual,T,Total,POP,Population,Y18-24,From 18 to 24 years,PC,Percentage,NO,Norway,2009,,17.6,,,,,
dataflow,ESTAT:TESEM020(1.0),Early leavers from education and training (age group 18-24),A,Annual,T,Total,POP,Population,Y18-24,From 18 to 24 years,PC,Percentage,NO,Norway,2010,,17.4,,,,,
dataflow,ESTAT:TESEM020(1.0),Early leavers from education and training (age group 18-24),A,Annual,T,Total,POP,Population,Y18-24,From 18 to 24 years,PC,Percentage,NO,Norway,2011,,16.6,,,,,
dataflow,ESTAT:TESEM020(1.0),Early leavers from education and training (age group 18-24),A,Annual,T,Total,POP,Population,Y18-24,From 18 to 24 years,PC,Percentage,NO,Norway,2012,,14.8,,,,,
dataflow,ESTAT:TESEM020(1.0),Early leavers from education and training (age group 18-24),A,Annual,T,Total,POP,Population,Y18-24,From 18 to 24 years,PC,Percentage,NO,Norway,2013,,13.7,,,,,
dataflow,ESTAT:TESEM020(1.0),Early leavers from education and training (age group 18-24),A,Annual,T,Total,POP,Population,Y18-24,From 18 to 24 years,PC,Percentage,NO,Norway,2014,,11.7,,b,break in time series,,
dataflow,ESTAT:TESEM020(1.0),Early leavers from education and training (age group 18-24),A,Annual,T,Total,POP,Population,Y18-24,From 18 to 24 years,PC,Percentage,NO,Norway,2015,,10.2,,,,,
dataflow,ESTAT:TESEM020(1.0),Early leavers from education and training (age group 18-24),A,Annual,T,Total,POP,Population,Y18-24,From 18 to 24 years,PC,Percentage,NO,Norway,2016,,10.9,,,,,
dataflow,ESTAT:TESEM020(1.0),Early leavers from education and training (age group 18-24),A,Annual,T,Total,POP,Population,Y18-24,From 18 to 24 years,PC,Percentage,NO,Norway,2017,,10.4,,,,,
dataflow,ESTAT:TESEM020(1.0),Early leavers from education and training (age group 18-24),A,Annual,T,Total,POP,Population,Y18-24,From 18 to 24 years,PC,Percentage,NO,Norway,2018,,9.9,,,,,
dataflow,ESTAT:TESEM020(1.0),Early leavers from education and training (age group 18-24),A,Annual,T,Total,POP,Population,Y18-24,From 18 to 24 years,PC,Percentage,NO,Norway,2019,,9.9,,,,,
dataflow,ESTAT:TESEM020(1.0),Early leavers from education and training (age group 18-24),A,Annual,T,Total,POP,Population,Y18-24,From 18 to 24 years,PC,Percentage,NO,Norway,2020,,9.9,,,,,
dataflow,ESTAT:TESEM020(1.0),Early leavers from education and training (age group 18-24),A,Annual,T,Total,POP,Population,Y18-24,From 18 to 24 years,PC,Percentage,NO,Norway,2021,,9.8,,b,break in time series,,
dataflow,ESTAT:TESEM020(1.0),Early leavers from education and training (age group 18-24),A,Annual,T,Total,POP,Population,Y18-24,From 18 to 24 years,PC,Percentage,NO,Norway,2022,,3.1,,,,,
dataflow,ESTAT:TESEM020(1.0),Early leavers from education and training (age group 18-24),A,Annual,T,Total,POP,Population,Y18-24,From 18 to 24 years,PC,Percentage,NO,Norway,2023,,3.4,,,,,
dataflow,ESTAT:TESEM020(1.0),Early leavers from education and training (age group 18-24),A,Annual,T,Total,POP,Population,Y18-24,From 18 to 24 years,PC,Percentage,NO,Norway,2024,,3.5,,,,,
dataflow,ESTAT:TESEM020(1.0),Early leavers from education and training (age group 18-24),A,Annual,T,Total,POP,Population,Y18-24,From 18 to 24 years,PC,Percentage,NO,Norway,2025,,3.8,,,,,
dataflow,ESTAT:TESEM020(1.0),Early leavers from education and training (age group 18-24),A,Annual,T,Total,POP,Population,Y18-24,From 18 to 24 years,PC,Percentage,PL,Poland,2005,,5.3,,,,,
dataflow,ESTAT:TESEM020(1.0),Early leavers from education and training (age group 18-24),A,Annual,T,Total,POP,Population,Y18-24,From 18 to 24 years,PC,Percentage,PL,Poland,2006,,5.4,,,,,
dataflow,ESTAT:TESEM020(1.0),Early leavers from education and training (age group 18-24),A,Annual,T,Total,POP,Population,Y18-24,From 18 to 24 years,PC,Percentage,PL,Poland,2007,,5.0,,,,,
dataflow,ESTAT:TESEM020(1.0),Early leavers from education and training (age group 18-24),A,Annual,T,Total,POP,Population,Y18-24,From 18 to 24 years,PC,Percentage,PL,Poland,2008,,5.0,,b,break in time series,,
dataflow,ESTAT:TESEM020(1.0),Early leavers from education and training (age group 18-24),A,Annual,T,Total,POP,Population,Y18-24,From 18 to 24 years,PC,Percentage,PL,Poland,2009,,5.3,,,,,
dataflow,ESTAT:TESEM020(1.0),Early leavers from education and training (age group 18-24),A,Annual,T,Total,POP,Population,Y18-24,From 18 to 24 years,PC,Percentage,PL,Poland,2010,,5.4,,b,break in time series,,
dataflow,ESTAT:TESEM020(1.0),Early leavers from education and training (age group 18-24),A,Annual,T,Total,POP,Population,Y18-24,From 18 to 24 years,PC,Percentage,PL,Poland,2011,,5.6,,,,,
dataflow,ESTAT:TESEM020(1.0),Early leavers from education and training (age group 18-24),A,Annual,T,Total,POP,Population,Y18-24,From 18 to 24 years,PC,Percentage,PL,Poland,2012,,5.7,,,,,
dataflow,ESTAT:TESEM020(1.0),Early leavers from education and training (age group 18-24),A,Annual,T,Total,POP,Population,Y18-24,From 18 to 24 years,PC,Percentage,PL,Poland,2013,,5.6,,,,,
dataflow,ESTAT:TESEM020(1.0),Early leavers from education and training (age group 18-24),A,Annual,T,Total,POP,Population,Y18-24,From 18 to 24 years,PC,Percentage,PL,Poland,2014,,5.4,,b,break in time series,,
dataflow,ESTAT:TESEM020(1.0),Early leavers from education and training (age group 18-24),A,Annual,T,Total,POP,Population,Y18-24,From 18 to 24 years,PC,Percentage,PL,Poland,2015,,5.3,,,,,
dataflow,ESTAT:TESEM020(1.0),Early leavers from education and training (age group 18-24),A,Annual,T,Total,POP,Population,Y18-24,From 18 to 24 years,PC,Percentage,PL,Poland,2016,,5.2,,,,,
dataflow,ESTAT:TESEM020(1.0),Early leavers from education and training (age group 18-24),A,Annual,T,Total,POP,Population,Y18-24,From 18 to 24 years,PC,Percentage,PL,Poland,2017,,5.0,,,,,
dataflow,ESTAT:TESEM020(1.0),Early leavers from education and training (age group 18-24),A,Annual,T,Total,POP,Population,Y18-24,From 18 to 24 years,PC,Percentage,PL,Poland,2018,,4.8,,,,,
dataflow,ESTAT:TESEM020(1.0),Early leavers from education and training (age group 18-24),A,Annual,T,Total,POP,Population,Y18-24,From 18 to 24 years,PC,Percentage,PL,Poland,2019,,5.1,,b,break in time series,,
dataflow,ESTAT:TESEM020(1.0),Early leavers from education and training (age group 18-24),A,Annual,T,Total,POP,Population,Y18-24,From 18 to 24 years,PC,Percentage,PL,Poland,2020,,5.3,,,,,
dataflow,ESTAT:TESEM020(1.0),Early leavers from education and training (age group 18-24),A,Annual,T,Total,POP,Population,Y18-24,From 18 to 24 years,PC,Percentage,PL,Poland,2021,,5.8,,b,break in time series,,
dataflow,ESTAT:TESEM020(1.0),Early leavers from education and training (age group 18-24),A,Annual,T,Total,POP,Population,Y18-24,From 18 to 24 years,PC,Percentage,PL,Poland,2022,,4.7,,,,,
dataflow,ESTAT:TESEM020(1.0),Early leavers from education and training (age group 18-24),A,Annual,T,Total,POP,Population,Y18-24,From 18 to 24 years,PC,Percentage,PL,Poland,2023,,3.7,,,,,
dataflow,ESTAT:TESEM020(1.0),Early leavers from education and training (age group 18-24),A,Annual,T,Total,POP,Population,Y18-24,From 18 to 24 years,PC,Percentage,PL,Poland,2024,,4.1,,,,,
dataflow,ESTAT:TESEM020(1.0),Early leavers from education and training (age group 18-24),A,Annual,T,Total,POP,Population,Y18-24,From 18 to 24 years,PC,Percentage,PL,Poland,2025,,4.0,,,,,
dataflow,ESTAT:TESEM020(1.0),Early leavers from education and training (age group 18-24),A,Annual,T,Total,POP,Population,Y18-24,From 18 to 24 years,PC,Percentage,PT,Portugal,2005,,38.3,,,,,
dataflow,ESTAT:TESEM020(1.0),Early leavers from education and training (age group 18-24),A,Annual,T,Total,POP,Population,Y18-24,From 18 to 24 years,PC,Percentage,PT,Portugal,2006,,38.5,,b,break in time series,,
dataflow,ESTAT:TESEM020(1.0),Early leavers from education and training (age group 18-24),A,Annual,T,Total,POP,Population,Y18-24,From 18 to 24 years,PC,Percentage,PT,Portugal,2007,,36.5,,,,,
dataflow,ESTAT:TESEM020(1.0),Early leavers from education and training (age group 18-24),A,Annual,T,Total,POP,Population,Y18-24,From 18 to 24 years,PC,Percentage,PT,Portugal,2008,,34.9,,,,,
dataflow,ESTAT:TESEM020(1.0),Early leavers from education and training (age group 18-24),A,Annual,T,Total,POP,Population,Y18-24,From 18 to 24 years,PC,Percentage,PT,Portugal,2009,,30.9,,,,,
dataflow,ESTAT:TESEM020(1.0),Early leavers from education and training (age group 18-24),A,Annual,T,Total,POP,Population,Y18-24,From 18 to 24 years,PC,Percentage,PT,Portugal,2010,,28.3,,,,,
dataflow,ESTAT:TESEM020(1.0),Early leavers from education and training (age group 18-24),A,Annual,T,Total,POP,Population,Y18-24,From 18 to 24 years,PC,Percentage,PT,Portugal,2011,,22.8,,b,break in time series,,
dataflow,ESTAT:TESEM020(1.0),Early leavers from education and training (age group 18-24),A,Annual,T,Total,POP,Population,Y18-24,From 18 to 24 years,PC,Percentage,PT,Portugal,2012,,20.5,,,,,
dataflow,ESTAT:TESEM020(1.0),Early leavers from education and training (age group 18-24),A,Annual,T,Total,POP,Population,Y18-24,From 18 to 24 years,PC,Percentage,PT,Portugal,2013,,18.7,,,,,
dataflow,ESTAT:TESEM020(1.0),Early leavers from education and training (age group 18-24),A,Annual,T,Total,POP,Population,Y18-24,From 18 to 24 years,PC,Percentage,PT,Portugal,2014,,17.3,,b,break in time series,,
dataflow,ESTAT:TESEM020(1.0),Early leavers from education and training (age group 18-24),A,Annual,T,Total,POP,Population,Y18-24,From 18 to 24 years,PC,Percentage,PT,Portugal,2015,,13.5,,,,,
dataflow,ESTAT:TESEM020(1.0),Early leavers from education and training (age group 18-24),A,Annual,T,Total,POP,Population,Y18-24,From 18 to 24 years,PC,Percentage,PT,Portugal,2016,,13.9,,,,,
dataflow,ESTAT:TESEM020(1.0),Early leavers from education and training (age group 18-24),A,Annual,T,Total,POP,Population,Y18-24,From 18 to 24 years,PC,Percentage,PT,Portugal,2017,,12.6,,,,,
dataflow,ESTAT:TESEM020(1.0),Early leavers from education and training (age group 18-24),A,Annual,T,Total,POP,Population,Y18-24,From 18 to 24 years,PC,Percentage,PT,Portugal,2018,,11.6,,,,,
dataflow,ESTAT:TESEM020(1.0),Early leavers from education and training (age group 18-24),A,Annual,T,Total,POP,Population,Y18-24,From 18 to 24 years,PC,Percentage,PT,Portugal,2019,,10.5,,,,,
dataflow,ESTAT:TESEM020(1.0),Early leavers from education and training (age group 18-24),A,Annual,T,Total,POP,Population,Y18-24,From 18 to 24 years,PC,Percentage,PT,Portugal,2020,,9.1,,,,,
dataflow,ESTAT:TESEM020(1.0),Early leavers from education and training (age group 18-24),A,Annual,T,Total,POP,Population,Y18-24,From 18 to 24 years,PC,Percentage,PT,Portugal,2021,,6.4,,b,break in time series,,
dataflow,ESTAT:TESEM020(1.0),Early leavers from education and training (age group 18-24),A,Annual,T,Total,POP,Population,Y18-24,From 18 to 24 years,PC,Percentage,PT,Portugal,2022,,6.3,,,,,
dataflow,ESTAT:TESEM020(1.0),Early leavers from education and training (age group 18-24),A,Annual,T,Total,POP,Population,Y18-24,From 18 to 24 years,PC,Percentage,PT,Portugal,2023,,8.1,,,,,
dataflow,ESTAT:TESEM020(1.0),Early leavers from education and training (age group 18-24),A,Annual,T,Total,POP,Population,Y18-24,From 18 to 24 years,PC,Percentage,PT,Portugal,2024,,6.6,,,,,
dataflow,ESTAT:TESEM020(1.0),Early leavers from education and training (age group 18-24),A,Annual,T,Total,POP,Population,Y18-24,From 18 to 24 years,PC,Percentage,PT,Portugal,2025,,6.1,,,,,
dataflow,ESTAT:TESEM020(1.0),Early leavers from education and training (age group 18-24),A,Annual,T,Total,POP,Population,Y18-24,From 18 to 24 years,PC,Percentage,RO,Romania,2005,,19.6,,,,,
dataflow,ESTAT:TESEM020(1.0),Early leavers from education and training (age group 18-24),A,Annual,T,Total,POP,Population,Y18-24,From 18 to 24 years,PC,Percentage,RO,Romania,2006,,17.9,,b,break in time series,,
dataflow,ESTAT:TESEM020(1.0),Early leavers from education and training (age group 18-24),A,Annual,T,Total,POP,Population,Y18-24,From 18 to 24 years,PC,Percentage,RO,Romania,2007,,17.3,,,,,
dataflow,ESTAT:TESEM020(1.0),Early leavers from education and training (age group 18-24),A,Annual,T,Total,POP,Population,Y18-24,From 18 to 24 years,PC,Percentage,RO,Romania,2008,,15.9,,,,,
dataflow,ESTAT:TESEM020(1.0),Early leavers from education and training (age group 18-24),A,Annual,T,Total,POP,Population,Y18-24,From 18 to 24 years,PC,Percentage,RO,Romania,2009,,16.6,,,,,
dataflow,ESTAT:TESEM020(1.0),Early leavers from education and training (age group 18-24),A,Annual,T,Total,POP,Population,Y18-24,From 18 to 24 years,PC,Percentage,RO,Romania,2010,,19.3,,b,break in time series,,
dataflow,ESTAT:TESEM020(1.0),Early leavers from education and training (age group 18-24),A,Annual,T,Total,POP,Population,Y18-24,From 18 to 24 years,PC,Percentage,RO,Romania,2011,,18.1,,,,,
dataflow,ESTAT:TESEM020(1.0),Early leavers from education and training (age group 18-24),A,Annual,T,Total,POP,Population,Y18-24,From 18 to 24 years,PC,Percentage,RO,Romania,2012,,17.8,,,,,
dataflow,ESTAT:TESEM020(1.0),Early leavers from education and training (age group 18-24),A,Annual,T,Total,POP,Population,Y18-24,From 18 to 24 years,PC,Percentage,RO,Romania,2013,,17.3,,,,,
dataflow,ESTAT:TESEM020(1.0),Early leavers from education and training (age group 18-24),A,Annual,T,Total,POP,Population,Y18-24,From 18 to 24 years,PC,Percentage,RO,Romania,2014,,18.1,,b,break in time series,,
dataflow,ESTAT:TESEM020(1.0),Early leavers from education and training (age group 18-24),A,Annual,T,Total,POP,Population,Y18-24,From 18 to 24 years,PC,Percentage,RO,Romania,2015,,19.1,,,,,
dataflow,ESTAT:TESEM020(1.0),Early leavers from education and training (age group 18-24),A,Annual,T,Total,POP,Population,Y18-24,From 18 to 24 years,PC,Percentage,RO,Romania,2016,,18.5,,,,,
dataflow,ESTAT:TESEM020(1.0),Early leavers from education and training (age group 18-24),A,Annual,T,Total,POP,Population,Y18-24,From 18 to 24 years,PC,Percentage,RO,Romania,2017,,18.1,,,,,
dataflow,ESTAT:TESEM020(1.0),Early leavers from education and training (age group 18-24),A,Annual,T,Total,POP,Population,Y18-24,From 18 to 24 years,PC,Percentage,RO,Romania,2018,,16.4,,,,,
dataflow,ESTAT:TESEM020(1.0),Early leavers from education and training (age group 18-24),A,Annual,T,Total,POP,Population,Y18-24,From 18 to 24 years,PC,Percentage,RO,Romania,2019,,15.3,,,,,
dataflow,ESTAT:TESEM020(1.0),Early leavers from education and training (age group 18-24),A,Annual,T,Total,POP,Population,Y18-24,From 18 to 24 years,PC,Percentage,RO,Romania,2020,,15.6,,,,,
dataflow,ESTAT:TESEM020(1.0),Early leavers from education and training (age group 18-24),A,Annual,T,Total,POP,Population,Y18-24,From 18 to 24 years,PC,Percentage,RO,Romania,2021,,15.3,,b,break in time series,,
dataflow,ESTAT:TESEM020(1.0),Early leavers from education and training (age group 18-24),A,Annual,T,Total,POP,Population,Y18-24,From 18 to 24 years,PC,Percentage,RO,Romania,2022,,15.6,,,,,
dataflow,ESTAT:TESEM020(1.0),Early leavers from education and training (age group 18-24),A,Annual,T,Total,POP,Population,Y18-24,From 18 to 24 years,PC,Percentage,RO,Romania,2023,,16.6,,,,,
dataflow,ESTAT:TESEM020(1.0),Early leavers from education and training (age group 18-24),A,Annual,T,Total,POP,Population,Y18-24,From 18 to 24 years,PC,Percentage,RO,Romania,2024,,16.8,,,,,
dataflow,ESTAT:TESEM020(1.0),Early leavers from education and training (age group 18-24),A,Annual,T,Total,POP,Population,Y18-24,From 18 to 24 years,PC,Percentage,RO,Romania,2025,,15.5,,,,,
dataflow,ESTAT:TESEM020(1.0),Early leavers from education and training (age group 18-24),A,Annual,T,Total,POP,Population,Y18-24,From 18 to 24 years,PC,Percentage,RS,Serbia,2010,,8.3,,,,,
dataflow,ESTAT:TESEM020(1.0),Early leavers from education and training (age group 18-24),A,Annual,T,Total,POP,Population,Y18-24,From 18 to 24 years,PC,Percentage,RS,Serbia,2011,,8.5,,,,,
dataflow,ESTAT:TESEM020(1.0),Early leavers from education and training (age group 18-24),A,Annual,T,Total,POP,Population,Y18-24,From 18 to 24 years,PC,Percentage,RS,Serbia,2012,,8.1,,,,,
dataflow,ESTAT:TESEM020(1.0),Early leavers from education and training (age group 18-24),A,Annual,T,Total,POP,Population,Y18-24,From 18 to 24 years,PC,Percentage,RS,Serbia,2013,,8.9,,,,,
dataflow,ESTAT:TESEM020(1.0),Early leavers from education and training (age group 18-24),A,Annual,T,Total,POP,Population,Y18-24,From 18 to 24 years,PC,Percentage,RS,Serbia,2014,,8.4,,b,break in time series,,
dataflow,ESTAT:TESEM020(1.0),Early leavers from education and training (age group 18-24),A,Annual,T,Total,POP,Population,Y18-24,From 18 to 24 years,PC,Percentage,RS,Serbia,2015,,7.5,,,,,
dataflow,ESTAT:TESEM020(1.0),Early leavers from education and training (age group 18-24),A,Annual,T,Total,POP,Population,Y18-24,From 18 to 24 years,PC,Percentage,RS,Serbia,2016,,7.0,,,,,
dataflow,ESTAT:TESEM020(1.0),Early leavers from education and training (age group 18-24),A,Annual,T,Total,POP,Population,Y18-24,From 18 to 24 years,PC,Percentage,RS,Serbia,2017,,6.2,,,,,
dataflow,ESTAT:TESEM020(1.0),Early leavers from education and training (age group 18-24),A,Annual,T,Total,POP,Population,Y18-24,From 18 to 24 years,PC,Percentage,RS,Serbia,2018,,6.8,,,,,
dataflow,ESTAT:TESEM020(1.0),Early leavers from education and training (age group 18-24),A,Annual,T,Total,POP,Population,Y18-24,From 18 to 24 years,PC,Percentage,RS,Serbia,2019,,6.6,,,,,
dataflow,ESTAT:TESEM020(1.0),Early leavers from education and training (age group 18-24),A,Annual,T,Total,POP,Population,Y18-24,From 18 to 24 years,PC,Percentage,RS,Serbia,2020,,5.6,,,,,
dataflow,ESTAT:TESEM020(1.0),Early leavers from education and training (age group 18-24),A,Annual,T,Total,POP,Population,Y18-24,From 18 to 24 years,PC,Percentage,RS,Serbia,2021,,7.7,,b,break in time series,,
dataflow,ESTAT:TESEM020(1.0),Early leavers from education and training (age group 18-24),A,Annual,T,Total,POP,Population,Y18-24,From 18 to 24 years,PC,Percentage,RS,Serbia,2022,,5.7,,,,,
dataflow,ESTAT:TESEM020(1.0),Early leavers from education and training (age group 18-24),A,Annual,T,Total,POP,Population,Y18-24,From 18 to 24 years,PC,Percentage,RS,Serbia,2023,,5.8,,,,,
dataflow,ESTAT:TESEM020(1.0),Early leavers from education and training (age group 18-24),A,Annual,T,Total,POP,Population,Y18-24,From 18 to 24 years,PC,Percentage,RS,Serbia,2024,,6.2,,,,,
dataflow,ESTAT:TESEM020(1.0),Early leavers from education and training (age group 18-24),A,Annual,T,Total,POP,Population,Y18-24,From 18 to 24 years,PC,Percentage,RS,Serbia,2025,,5.1,,,,,
dataflow,ESTAT:TESEM020(1.0),Early leavers from education and training (age group 18-24),A,Annual,T,Total,POP,Population,Y18-24,From 18 to 24 years,PC,Percentage,SE,Sweden,2005,,10.8,,b,break in time series,,
dataflow,ESTAT:TESEM020(1.0),Early leavers from education and training (age group 18-24),A,Annual,T,Total,POP,Population,Y18-24,From 18 to 24 years,PC,Percentage,SE,Sweden,2006,,8.6,,b,break in time series,,
dataflow,ESTAT:TESEM020(1.0),Early leavers from education and training (age group 18-24),A,Annual,T,Total,POP,Population,Y18-24,From 18 to 24 years,PC,Percentage,SE,Sweden,2007,,8.0,,b,break in time series,,
dataflow,ESTAT:TESEM020(1.0),Early leavers from education and training (age group 18-24),A,Annual,T,Total,POP,Population,Y18-24,From 18 to 24 years,PC,Percentage,SE,Sweden,2008,,7.9,,b,break in time series,,
dataflow,ESTAT:TESEM020(1.0),Early leavers from education and training (age group 18-24),A,Annual,T,Total,POP,Population,Y18-24,From 18 to 24 years,PC,Percentage,SE,Sweden,2009,,7.0,,,,,
dataflow,ESTAT:TESEM020(1.0),Early leavers from education and training (age group 18-24),A,Annual,T,Total,POP,Population,Y18-24,From 18 to 24 years,PC,Percentage,SE,Sweden,2010,,6.5,,,,,
dataflow,ESTAT:TESEM020(1.0),Early leavers from education and training (age group 18-24),A,Annual,T,Total,POP,Population,Y18-24,From 18 to 24 years,PC,Percentage,SE,Sweden,2011,,6.6,,,,,
dataflow,ESTAT:TESEM020(1.0),Early leavers from education and training (age group 18-24),A,Annual,T,Total,POP,Population,Y18-24,From 18 to 24 years,PC,Percentage,SE,Sweden,2012,,7.5,,,,,
dataflow,ESTAT:TESEM020(1.0),Early leavers from education and training (age group 18-24),A,Annual,T,Total,POP,Population,Y18-24,From 18 to 24 years,PC,Percentage,SE,Sweden,2013,,7.1,,,,,
dataflow,ESTAT:TESEM020(1.0),Early leavers from education and training (age group 18-24),A,Annual,T,Total,POP,Population,Y18-24,From 18 to 24 years,PC,Percentage,SE,Sweden,2014,,6.7,,b,break in time series,,
dataflow,ESTAT:TESEM020(1.0),Early leavers from education and training (age group 18-24),A,Annual,T,Total,POP,Population,Y18-24,From 18 to 24 years,PC,Percentage,SE,Sweden,2015,,7.0,,,,,
dataflow,ESTAT:TESEM020(1.0),Early leavers from education and training (age group 18-24),A,Annual,T,Total,POP,Population,Y18-24,From 18 to 24 years,PC,Percentage,SE,Sweden,2016,,7.4,,,,,
dataflow,ESTAT:TESEM020(1.0),Early leavers from education and training (age group 18-24),A,Annual,T,Total,POP,Population,Y18-24,From 18 to 24 years,PC,Percentage,SE,Sweden,2017,,7.7,,,,,
dataflow,ESTAT:TESEM020(1.0),Early leavers from education and training (age group 18-24),A,Annual,T,Total,POP,Population,Y18-24,From 18 to 24 years,PC,Percentage,SE,Sweden,2018,,7.5,,b,break in time series,,
dataflow,ESTAT:TESEM020(1.0),Early leavers from education and training (age group 18-24),A,Annual,T,Total,POP,Population,Y18-24,From 18 to 24 years,PC,Percentage,SE,Sweden,2019,,6.5,,,,,
dataflow,ESTAT:TESEM020(1.0),Early leavers from education and training (age group 18-24),A,Annual,T,Total,POP,Population,Y18-24,From 18 to 24 years,PC,Percentage,SE,Sweden,2020,,7.7,,,,,
dataflow,ESTAT:TESEM020(1.0),Early leavers from education and training (age group 18-24),A,Annual,T,Total,POP,Population,Y18-24,From 18 to 24 years,PC,Percentage,SE,Sweden,2021,,8.4,,b,break in time series,,
dataflow,ESTAT:TESEM020(1.0),Early leavers from education and training (age group 18-24),A,Annual,T,Total,POP,Population,Y18-24,From 18 to 24 years,PC,Percentage,SE,Sweden,2022,,8.8,,,,,
dataflow,ESTAT:TESEM020(1.0),Early leavers from education and training (age group 18-24),A,Annual,T,Total,POP,Population,Y18-24,From 18 to 24 years,PC,Percentage,SE,Sweden,2023,,7.4,,,,,
dataflow,ESTAT:TESEM020(1.0),Early leavers from education and training (age group 18-24),A,Annual,T,Total,POP,Population,Y18-24,From 18 to 24 years,PC,Percentage,SE,Sweden,2024,,7.2,,,,,
dataflow,ESTAT:TESEM020(1.0),Early leavers from education and training (age group 18-24),A,Annual,T,Total,POP,Population,Y18-24,From 18 to 24 years,PC,Percentage,SE,Sweden,2025,,6.7,,,,,
dataflow,ESTAT:TESEM020(1.0),Early leavers from education and training (age group 18-24),A,Annual,T,Total,POP,Population,Y18-24,From 18 to 24 years,PC,Percentage,SI,Slovenia,2005,,4.9,,,,,
dataflow,ESTAT:TESEM020(1.0),Early leavers from education and training (age group 18-24),A,Annual,T,Total,POP,Population,Y18-24,From 18 to 24 years,PC,Percentage,SI,Slovenia,2006,,5.6,,b,break in time series,,
dataflow,ESTAT:TESEM020(1.0),Early leavers from education and training (age group 18-24),A,Annual,T,Total,POP,Population,Y18-24,From 18 to 24 years,PC,Percentage,SI,Slovenia,2007,,4.1,,,,,
dataflow,ESTAT:TESEM020(1.0),Early leavers from education and training (age group 18-24),A,Annual,T,Total,POP,Population,Y18-24,From 18 to 24 years,PC,Percentage,SI,Slovenia,2008,,5.1,,,,,
dataflow,ESTAT:TESEM020(1.0),Early leavers from education and training (age group 18-24),A,Annual,T,Total,POP,Population,Y18-24,From 18 to 24 years,PC,Percentage,SI,Slovenia,2009,,5.3,,,,,
dataflow,ESTAT:TESEM020(1.0),Early leavers from education and training (age group 18-24),A,Annual,T,Total,POP,Population,Y18-24,From 18 to 24 years,PC,Percentage,SI,Slovenia,2010,,5.0,,,,,
dataflow,ESTAT:TESEM020(1.0),Early leavers from education and training (age group 18-24),A,Annual,T,Total,POP,Population,Y18-24,From 18 to 24 years,PC,Percentage,SI,Slovenia,2011,,4.2,,,,,
dataflow,ESTAT:TESEM020(1.0),Early leavers from education and training (age group 18-24),A,Annual,T,Total,POP,Population,Y18-24,From 18 to 24 years,PC,Percentage,SI,Slovenia,2012,,4.4,,,,,
dataflow,ESTAT:TESEM020(1.0),Early leavers from education and training (age group 18-24),A,Annual,T,Total,POP,Population,Y18-24,From 18 to 24 years,PC,Percentage,SI,Slovenia,2013,,3.9,,,,,
dataflow,ESTAT:TESEM020(1.0),Early leavers from education and training (age group 18-24),A,Annual,T,Total,POP,Population,Y18-24,From 18 to 24 years,PC,Percentage,SI,Slovenia,2014,,4.4,,b,break in time series,,
dataflow,ESTAT:TESEM020(1.0),Early leavers from education and training (age group 18-24),A,Annual,T,Total,POP,Population,Y18-24,From 18 to 24 years,PC,Percentage,SI,Slovenia,2015,,5.0,,,,,
dataflow,ESTAT:TESEM020(1.0),Early leavers from education and training (age group 18-24),A,Annual,T,Total,POP,Population,Y18-24,From 18 to 24 years,PC,Percentage,SI,Slovenia,2016,,4.9,,,,,
dataflow,ESTAT:TESEM020(1.0),Early leavers from education and training (age group 18-24),A,Annual,T,Total,POP,Population,Y18-24,From 18 to 24 years,PC,Percentage,SI,Slovenia,2017,,4.3,,,,,
dataflow,ESTAT:TESEM020(1.0),Early leavers from education and training (age group 18-24),A,Annual,T,Total,POP,Population,Y18-24,From 18 to 24 years,PC,Percentage,SI,Slovenia,2018,,4.2,,,,,
dataflow,ESTAT:TESEM020(1.0),Early leavers from education and training (age group 18-24),A,Annual,T,Total,POP,Population,Y18-24,From 18 to 24 years,PC,Percentage,SI,Slovenia,2019,,4.6,,,,,
dataflow,ESTAT:TESEM020(1.0),Early leavers from education and training (age group 18-24),A,Annual,T,Total,POP,Population,Y18-24,From 18 to 24 years,PC,Percentage,SI,Slovenia,2020,,4.1,,,,,
dataflow,ESTAT:TESEM020(1.0),Early leavers from education and training (age group 18-24),A,Annual,T,Total,POP,Population,Y18-24,From 18 to 24 years,PC,Percentage,SI,Slovenia,2021,,3.1,,bu,"break in time series, low reliability",,
dataflow,ESTAT:TESEM020(1.0),Early leavers from education and training (age group 18-24),A,Annual,T,Total,POP,Population,Y18-24,From 18 to 24 years,PC,Percentage,SI,Slovenia,2022,,4.0,,,,,
dataflow,ESTAT:TESEM020(1.0),Early leavers from education and training (age group 18-24),A,Annual,T,Total,POP,Population,Y18-24,From 18 to 24 years,PC,Percentage,SI,Slovenia,2023,,5.4,,b,break in time series,,
dataflow,ESTAT:TESEM020(1.0),Early leavers from education and training (age group 18-24),A,Annual,T,Total,POP,Population,Y18-24,From 18 to 24 years,PC,Percentage,SI,Slovenia,2024,,5.0,,,,,
dataflow,ESTAT:TESEM020(1.0),Early leavers from education and training (age group 18-24),A,Annual,T,Total,POP,Population,Y18-24,From 18 to 24 years,PC,Percentage,SI,Slovenia,2025,,5.5,,,,,
dataflow,ESTAT:TESEM020(1.0),Early leavers from education and training (age group 18-24),A,Annual,T,Total,POP,Population,Y18-24,From 18 to 24 years,PC,Percentage,SK,Slovakia,2005,,6.3,,,,,
dataflow,ESTAT:TESEM020(1.0),Early leavers from education and training (age group 18-24),A,Annual,T,Total,POP,Population,Y18-24,From 18 to 24 years,PC,Percentage,SK,Slovakia,2006,,6.6,,b,break in time series,,
dataflow,ESTAT:TESEM020(1.0),Early leavers from education and training (age group 18-24),A,Annual,T,Total,POP,Population,Y18-24,From 18 to 24 years,PC,Percentage,SK,Slovakia,2007,,6.5,,,,,
dataflow,ESTAT:TESEM020(1.0),Early leavers from education and training (age group 18-24),A,Annual,T,Total,POP,Population,Y18-24,From 18 to 24 years,PC,Percentage,SK,Slovakia,2008,,6.0,,,,,
dataflow,ESTAT:TESEM020(1.0),Early leavers from education and training (age group 18-24),A,Annual,T,Total,POP,Population,Y18-24,From 18 to 24 years,PC,Percentage,SK,Slovakia,2009,,4.9,,,,,
dataflow,ESTAT:TESEM020(1.0),Early leavers from education and training (age group 18-24),A,Annual,T,Total,POP,Population,Y18-24,From 18 to 24 years,PC,Percentage,SK,Slovakia,2010,,4.7,,,,,
dataflow,ESTAT:TESEM020(1.0),Early leavers from education and training (age group 18-24),A,Annual,T,Total,POP,Population,Y18-24,From 18 to 24 years,PC,Percentage,SK,Slovakia,2011,,5.1,,b,break in time series,,
dataflow,ESTAT:TESEM020(1.0),Early leavers from education and training (age group 18-24),A,Annual,T,Total,POP,Population,Y18-24,From 18 to 24 years,PC,Percentage,SK,Slovakia,2012,,5.3,,,,,
dataflow,ESTAT:TESEM020(1.0),Early leavers from education and training (age group 18-24),A,Annual,T,Total,POP,Population,Y18-24,From 18 to 24 years,PC,Percentage,SK,Slovakia,2013,,6.4,,,,,
dataflow,ESTAT:TESEM020(1.0),Early leavers from education and training (age group 18-24),A,Annual,T,Total,POP,Population,Y18-24,From 18 to 24 years,PC,Percentage,SK,Slovakia,2014,,6.7,,b,break in time series,,
dataflow,ESTAT:TESEM020(1.0),Early leavers from education and training (age group 18-24),A,Annual,T,Total,POP,Population,Y18-24,From 18 to 24 years,PC,Percentage,SK,Slovakia,2015,,6.9,,,,,
dataflow,ESTAT:TESEM020(1.0),Early leavers from education and training (age group 18-24),A,Annual,T,Total,POP,Population,Y18-24,From 18 to 24 years,PC,Percentage,SK,Slovakia,2016,,7.4,,,,,
dataflow,ESTAT:TESEM020(1.0),Early leavers from education and training (age group 18-24),A,Annual,T,Total,POP,Population,Y18-24,From 18 to 24 years,PC,Percentage,SK,Slovakia,2017,,9.3,,,,,
dataflow,ESTAT:TESEM020(1.0),Early leavers from education and training (age group 18-24),A,Annual,T,Total,POP,Population,Y18-24,From 18 to 24 years,PC,Percentage,SK,Slovakia,2018,,8.6,,,,,
dataflow,ESTAT:TESEM020(1.0),Early leavers from education and training (age group 18-24),A,Annual,T,Total,POP,Population,Y18-24,From 18 to 24 years,PC,Percentage,SK,Slovakia,2019,,8.3,,,,,
dataflow,ESTAT:TESEM020(1.0),Early leavers from education and training (age group 18-24),A,Annual,T,Total,POP,Population,Y18-24,From 18 to 24 years,PC,Percentage,SK,Slovakia,2020,,7.6,,,,,
dataflow,ESTAT:TESEM020(1.0),Early leavers from education and training (age group 18-24),A,Annual,T,Total,POP,Population,Y18-24,From 18 to 24 years,PC,Percentage,SK,Slovakia,2021,,7.8,,b,break in time series,,
dataflow,ESTAT:TESEM020(1.0),Early leavers from education and training (age group 18-24),A,Annual,T,Total,POP,Population,Y18-24,From 18 to 24 years,PC,Percentage,SK,Slovakia,2022,,7.4,,b,break in time series,,
dataflow,ESTAT:TESEM020(1.0),Early leavers from education and training (age group 18-24),A,Annual,T,Total,POP,Population,Y18-24,From 18 to 24 years,PC,Percentage,SK,Slovakia,2023,,6.4,,,,,
dataflow,ESTAT:TESEM020(1.0),Early leavers from education and training (age group 18-24),A,Annual,T,Total,POP,Population,Y18-24,From 18 to 24 years,PC,Percentage,SK,Slovakia,2024,,7.5,,,,,
dataflow,ESTAT:TESEM020(1.0),Early leavers from education and training (age group 18-24),A,Annual,T,Total,POP,Population,Y18-24,From 18 to 24 years,PC,Percentage,SK,Slovakia,2025,,6.8,,,,,
dataflow,ESTAT:TESEM020(1.0),Early leavers from education and training (age group 18-24),A,Annual,T,Total,POP,Population,Y18-24,From 18 to 24 years,PC,Percentage,TR,Türkiye,2006,,48.8,,,,,
dataflow,ESTAT:TESEM020(1.0),Early leavers from education and training (age group 18-24),A,Annual,T,Total,POP,Population,Y18-24,From 18 to 24 years,PC,Percentage,TR,Türkiye,2007,,46.9,,,,,
dataflow,ESTAT:TESEM020(1.0),Early leavers from education and training (age group 18-24),A,Annual,T,Total,POP,Population,Y18-24,From 18 to 24 years,PC,Percentage,TR,Türkiye,2008,,45.5,,,,,
dataflow,ESTAT:TESEM020(1.0),Early leavers from education and training (age group 18-24),A,Annual,T,Total,POP,Population,Y18-24,From 18 to 24 years,PC,Percentage,TR,Türkiye,2009,,44.3,,,,,
dataflow,ESTAT:TESEM020(1.0),Early leavers from education and training (age group 18-24),A,Annual,T,Total,POP,Population,Y18-24,From 18 to 24 years,PC,Percentage,TR,Türkiye,2010,,43.1,,,,,
dataflow,ESTAT:TESEM020(1.0),Early leavers from education and training (age group 18-24),A,Annual,T,Total,POP,Population,Y18-24,From 18 to 24 years,PC,Percentage,TR,Türkiye,2011,,41.9,,,,,
dataflow,ESTAT:TESEM020(1.0),Early leavers from education and training (age group 18-24),A,Annual,T,Total,POP,Population,Y18-24,From 18 to 24 years,PC,Percentage,TR,Türkiye,2012,,39.6,,,,,
dataflow,ESTAT:TESEM020(1.0),Early leavers from education and training (age group 18-24),A,Annual,T,Total,POP,Population,Y18-24,From 18 to 24 years,PC,Percentage,TR,Türkiye,2013,,37.5,,,,,
dataflow,ESTAT:TESEM020(1.0),Early leavers from education and training (age group 18-24),A,Annual,T,Total,POP,Population,Y18-24,From 18 to 24 years,PC,Percentage,TR,Türkiye,2014,,38.3,,b,break in time series,,
dataflow,ESTAT:TESEM020(1.0),Early leavers from education and training (age group 18-24),A,Annual,T,Total,POP,Population,Y18-24,From 18 to 24 years,PC,Percentage,TR,Türkiye,2015,,36.4,,,,,
dataflow,ESTAT:TESEM020(1.0),Early leavers from education and training (age group 18-24),A,Annual,T,Total,POP,Population,Y18-24,From 18 to 24 years,PC,Percentage,TR,Türkiye,2016,,34.3,,,,,
dataflow,ESTAT:TESEM020(1.0),Early leavers from education and training (age group 18-24),A,Annual,T,Total,POP,Population,Y18-24,From 18 to 24 years,PC,Percentage,TR,Türkiye,2017,,32.5,,,,,
dataflow,ESTAT:TESEM020(1.0),Early leavers from education and training (age group 18-24),A,Annual,T,Total,POP,Population,Y18-24,From 18 to 24 years,PC,Percentage,TR,Türkiye,2018,,31.0,,,,,
dataflow,ESTAT:TESEM020(1.0),Early leavers from education and training (age group 18-24),A,Annual,T,Total,POP,Population,Y18-24,From 18 to 24 years,PC,Percentage,TR,Türkiye,2019,,28.7,,,,,
dataflow,ESTAT:TESEM020(1.0),Early leavers from education and training (age group 18-24),A,Annual,T,Total,POP,Population,Y18-24,From 18 to 24 years,PC,Percentage,TR,Türkiye,2020,,26.7,,,,,
dataflow,ESTAT:TESEM020(1.0),Early leavers from education and training (age group 18-24),A,Annual,T,Total,POP,Population,Y18-24,From 18 to 24 years,PC,Percentage,TR,Türkiye,2021,,23.1,,b,break in time series,,
dataflow,ESTAT:TESEM020(1.0),Early leavers from education and training (age group 18-24),A,Annual,T,Total,POP,Population,Y18-24,From 18 to 24 years,PC,Percentage,TR,Türkiye,2022,,21.2,,,,,
dataflow,ESTAT:TESEM020(1.0),Early leavers from education and training (age group 18-24),A,Annual,T,Total,POP,Population,Y18-24,From 18 to 24 years,PC,Percentage,TR,Türkiye,2023,,19.5,,,,,
dataflow,ESTAT:TESEM020(1.0),Early leavers from education and training (age group 18-24),A,Annual,T,Total,POP,Population,Y18-24,From 18 to 24 years,PC,Percentage,TR,Türkiye,2024,,18.7,,,,,
dataflow,ESTAT:TESEM020(1.0),Early leavers from education and training (age group 18-24),A,Annual,T,Total,POP,Population,Y18-24,From 18 to 24 years,PC,Percentage,TR,Türkiye,2025,,17.9,,,,,
dataflow,ESTAT:TESEM020(1.0),Early leavers from education and training (age group 18-24),A,Annual,T,Total,POP,Population,Y18-24,From 18 to 24 years,PC,Percentage,UK,United Kingdom,2005,,11.5,,,,,
dataflow,ESTAT:TESEM020(1.0),Early leavers from education and training (age group 18-24),A,Annual,T,Total,POP,Population,Y18-24,From 18 to 24 years,PC,Percentage,UK,United Kingdom,2006,,11.2,,,,,
dataflow,ESTAT:TESEM020(1.0),Early leavers from education and training (age group 18-24),A,Annual,T,Total,POP,Population,Y18-24,From 18 to 24 years,PC,Percentage,UK,United Kingdom,2007,,16.6,,b,break in time series,,
dataflow,ESTAT:TESEM020(1.0),Early leavers from education and training (age group 18-24),A,Annual,T,Total,POP,Population,Y18-24,From 18 to 24 years,PC,Percentage,UK,United Kingdom,2008,,16.9,,b,break in time series,,
dataflow,ESTAT:TESEM020(1.0),Early leavers from education and training (age group 18-24),A,Annual,T,Total,POP,Population,Y18-24,From 18 to 24 years,PC,Percentage,UK,United Kingdom,2009,,15.7,,,,,
dataflow,ESTAT:TESEM020(1.0),Early leavers from education and training (age group 18-24),A,Annual,T,Total,POP,Population,Y18-24,From 18 to 24 years,PC,Percentage,UK,United Kingdom,2010,,14.8,,b,break in time series,,
dataflow,ESTAT:TESEM020(1.0),Early leavers from education and training (age group 18-24),A,Annual,T,Total,POP,Population,Y18-24,From 18 to 24 years,PC,Percentage,UK,United Kingdom,2011,,14.9,,b,break in time series,,
dataflow,ESTAT:TESEM020(1.0),Early leavers from education and training (age group 18-24),A,Annual,T,Total,POP,Population,Y18-24,From 18 to 24 years,PC,Percentage,UK,United Kingdom,2012,,13.4,,,,,
dataflow,ESTAT:TESEM020(1.0),Early leavers from education and training (age group 18-24),A,Annual,T,Total,POP,Population,Y18-24,From 18 to 24 years,PC,Percentage,UK,United Kingdom,2013,,12.4,,,,,
dataflow,ESTAT:TESEM020(1.0),Early leavers from education and training (age group 18-24),A,Annual,T,Total,POP,Population,Y18-24,From 18 to 24 years,PC,Percentage,UK,United Kingdom,2014,,11.8,,b,break in time series,,
dataflow,ESTAT:TESEM020(1.0),Early leavers from education and training (age group 18-24),A,Annual,T,Total,POP,Population,Y18-24,From 18 to 24 years,PC,Percentage,UK,United Kingdom,2015,,10.8,,,,,
dataflow,ESTAT:TESEM020(1.0),Early leavers from education and training (age group 18-24),A,Annual,T,Total,POP,Population,Y18-24,From 18 to 24 years,PC,Percentage,UK,United Kingdom,2016,,11.2,,,,,
dataflow,ESTAT:TESEM020(1.0),Early leavers from education and training (age group 18-24),A,Annual,T,Total,POP,Population,Y18-24,From 18 to 24 years,PC,Percentage,UK,United Kingdom,2017,,10.6,,,,,
dataflow,ESTAT:TESEM020(1.0),Early leavers from education and training (age group 18-24),A,Annual,T,Total,POP,Population,Y18-24,From 18 to 24 years,PC,Percentage,UK,United Kingdom,2018,,10.7,,,,,
dataflow,ESTAT:TESEM020(1.0),Early leavers from education and training (age group 18-24),A,Annual,T,Total,POP,Population,Y18-24,From 18 to 24 years,PC,Percentage,UK,United Kingdom,2019,,10.9,,,,,
