STRUCTURE,STRUCTURE_ID,STRUCTURE_NAME,freq,Time frequency,duration,Duration,isced11,International Standard Classification of Education (ISCED 2011),age,Age class,sex,Sex,unit,Unit of measure,geo,Geopolitical entity (reporting),TIME_PERIOD,Time,OBS_VALUE,Observation value,OBS_FLAG,Observation status (Flag) V2 structure,CONF_STATUS,Confidentiality status (flag)
dataflow,ESTAT:TPS00053(1.0),Employment rates of recent graduates,A,Annual,Y1-3,From 1 to 3 years,ED3-8,"Upper secondary, post-secondary non-tertiary and tertiary education (levels 3-8)",Y20-34,From 20 to 34 years,T,Total,PC,Percentage,AT,Austria,2014,,87.2,,b,break in time series,,
dataflow,ESTAT:TPS00053(1.0),Employment rates of recent graduates,A,Annual,Y1-3,From 1 to 3 years,ED3-8,"Upper secondary, post-secondary non-tertiary and tertiary education (levels 3-8)",Y20-34,From 20 to 34 years,T,Total,PC,Percentage,AT,Austria,2015,,86.9,,,,,
dataflow,ESTAT:TPS00053(1.0),Employment rates of recent graduates,A,Annual,Y1-3,From 1 to 3 years,ED3-8,"Upper secondary, post-secondary non-tertiary and tertiary education (levels 3-8)",Y20-34,From 20 to 34 years,T,Total,PC,Percentage,AT,Austria,2016,,87.6,,,,,
dataflow,ESTAT:TPS00053(1.0),Employment rates of recent graduates,A,Annual,Y1-3,From 1 to 3 years,ED3-8,"Upper secondary, post-secondary non-tertiary and tertiary education (levels 3-8)",Y20-34,From 20 to 34 years,T,Total,PC,Percentage,AT,Austria,2017,,89.4,,,,,
dataflow,ESTAT:TPS00053(1.0),Employment rates of recent graduates,A,Annual,Y1-3,From 1 to 3 years,ED3-8,"Upper secondary, post-secondary non-tertiary and tertiary education (levels 3-8)",Y20-34,From 20 to 34 years,T,Total,PC,Percentage,AT,Austria,2018,,88.6,,,,,
dataflow,ESTAT:TPS00053(1.0),Employment rates of recent graduates,A,Annual,Y1-3,From 1 to 3 years,ED3-8,"Upper secondary, post-secondary non-tertiary and tertiary education (levels 3-8)",Y20-34,From 20 to 34 years,T,Total,PC,Percentage,AT,Austria,2019,,89.0,,,,,
dataflow,ESTAT:TPS00053(1.0),Employment rates of recent graduates,A,Annual,Y1-3,From 1 to 3 years,ED3-8,"Upper secondary, post-secondary non-tertiary and tertiary education (levels 3-8)",Y20-34,From 20 to 34 years,T,Total,PC,Percentage,AT,Austria,2020,,88.4,,,,,
dataflow,ESTAT:TPS00053(1.0),Employment rates of recent graduates,A,Annual,Y1-3,From 1 to 3 years,ED3-8,"Upper secondary, post-secondary non-tertiary and tertiary education (levels 3-8)",Y20-34,From 20 to 34 years,T,Total,PC,Percentage,AT,Austria,2021,,87.7,,b,break in time series,,
dataflow,ESTAT:TPS00053(1.0),Employment rates of recent graduates,A,Annual,Y1-3,From 1 to 3 years,ED3-8,"Upper secondary, post-secondary non-tertiary and tertiary education (levels 3-8)",Y20-34,From 20 to 34 years,T,Total,PC,Percentage,AT,Austria,2022,,88.4,,,,,
dataflow,ESTAT:TPS00053(1.0),Employment rates of recent graduates,A,Annual,Y1-3,From 1 to 3 years,ED3-8,"Upper secondary, post-secondary non-tertiary and tertiary education (levels 3-8)",Y20-34,From 20 to 34 years,T,Total,PC,Percentage,AT,Austria,2023,,89.0,,,,,
dataflow,ESTAT:TPS00053(1.0),Employment rates of recent graduates,A,Annual,Y1-3,From 1 to 3 years,ED3-8,"Upper secondary, post-secondary non-tertiary and tertiary education (levels 3-8)",Y20-34,From 20 to 34 years,T,Total,PC,Percentage,AT,Austria,2024,,86.5,,,,,
dataflow,ESTAT:TPS00053(1.0),Employment rates of recent graduates,A,Annual,Y1-3,From 1 to 3 years,ED3-8,"Upper secondary, post-secondary non-tertiary and tertiary education (levels 3-8)",Y20-34,From 20 to 34 years,T,Total,PC,Percentage,AT,Austria,2025,,87.9,,,,,
dataflow,ESTAT:TPS00053(1.0),Employment rates of recent graduates,A,Annual,Y1-3,From 1 to 3 years,ED3-8,"Upper secondary, post-secondary non-tertiary and tertiary education (levels 3-8)",Y20-34,From 20 to 34 years,T,Total,PC,Percentage,BA,Bosnia and Herzegovina,2021,,56.4,,b,break in time series,,
dataflow,ESTAT:TPS00053(1.0),Employment rates of recent graduates,A,Annual,Y1-3,From 1 to 3 years,ED3-8,"Upper secondary, post-secondary non-tertiary and tertiary education (levels 3-8)",Y20-34,From 20 to 34 years,T,Total,PC,Percentage,BA,Bosnia and Herzegovina,2022,,56.0,,,,,
dataflow,ESTAT:TPS00053(1.0),Employment rates of recent graduates,A,Annual,Y1-3,From 1 to 3 years,ED3-8,"Upper secondary, post-secondary non-tertiary and tertiary education (levels 3-8)",Y20-34,From 20 to 34 years,T,Total,PC,Percentage,BA,Bosnia and Herzegovina,2023,,57.8,,,,,
dataflow,ESTAT:TPS00053(1.0),Employment rates of recent graduates,A,Annual,Y1-3,From 1 to 3 years,ED3-8,"Upper secondary, post-secondary non-tertiary and tertiary education (levels 3-8)",Y20-34,From 20 to 34 years,T,Total,PC,Percentage,BA,Bosnia and Herzegovina,2024,,59.7,,,,,
dataflow,ESTAT:TPS00053(1.0),Employment rates of recent graduates,A,Annual,Y1-3,From 1 to 3 years,ED3-8,"Upper secondary, post-secondary non-tertiary and tertiary education (levels 3-8)",Y20-34,From 20 to 34 years,T,Total,PC,Percentage,BA,Bosnia and Herzegovina,2025,,58.7,,,,,
dataflow,ESTAT:TPS00053(1.0),Employment rates of recent graduates,A,Annual,Y1-3,From 1 to 3 years,ED3-8,"Upper secondary, post-secondary non-tertiary and tertiary education (levels 3-8)",Y20-34,From 20 to 34 years,T,Total,PC,Percentage,BE,Belgium,2014,,79.0,,b,break in time series,,
dataflow,ESTAT:TPS00053(1.0),Employment rates of recent graduates,A,Annual,Y1-3,From 1 to 3 years,ED3-8,"Upper secondary, post-secondary non-tertiary and tertiary education (levels 3-8)",Y20-34,From 20 to 34 years,T,Total,PC,Percentage,BE,Belgium,2015,,79.5,,,,,
dataflow,ESTAT:TPS00053(1.0),Employment rates of recent graduates,A,Annual,Y1-3,From 1 to 3 years,ED3-8,"Upper secondary, post-secondary non-tertiary and tertiary education (levels 3-8)",Y20-34,From 20 to 34 years,T,Total,PC,Percentage,BE,Belgium,2016,,81.2,,,,,
dataflow,ESTAT:TPS00053(1.0),Employment rates of recent graduates,A,Annual,Y1-3,From 1 to 3 years,ED3-8,"Upper secondary, post-secondary non-tertiary and tertiary education (levels 3-8)",Y20-34,From 20 to 34 years,T,Total,PC,Percentage,BE,Belgium,2017,,81.9,,b,break in time series,,
dataflow,ESTAT:TPS00053(1.0),Employment rates of recent graduates,A,Annual,Y1-3,From 1 to 3 years,ED3-8,"Upper secondary, post-secondary non-tertiary and tertiary education (levels 3-8)",Y20-34,From 20 to 34 years,T,Total,PC,Percentage,BE,Belgium,2018,,83.4,,,,,
dataflow,ESTAT:TPS00053(1.0),Employment rates of recent graduates,A,Annual,Y1-3,From 1 to 3 years,ED3-8,"Upper secondary, post-secondary non-tertiary and tertiary education (levels 3-8)",Y20-34,From 20 to 34 years,T,Total,PC,Percentage,BE,Belgium,2019,,83.5,,,,,
dataflow,ESTAT:TPS00053(1.0),Employment rates of recent graduates,A,Annual,Y1-3,From 1 to 3 years,ED3-8,"Upper secondary, post-secondary non-tertiary and tertiary education (levels 3-8)",Y20-34,From 20 to 34 years,T,Total,PC,Percentage,BE,Belgium,2020,,82.9,,,,,
dataflow,ESTAT:TPS00053(1.0),Employment rates of recent graduates,A,Annual,Y1-3,From 1 to 3 years,ED3-8,"Upper secondary, post-secondary non-tertiary and tertiary education (levels 3-8)",Y20-34,From 20 to 34 years,T,Total,PC,Percentage,BE,Belgium,2021,,83.2,,b,break in time series,,
dataflow,ESTAT:TPS00053(1.0),Employment rates of recent graduates,A,Annual,Y1-3,From 1 to 3 years,ED3-8,"Upper secondary, post-secondary non-tertiary and tertiary education (levels 3-8)",Y20-34,From 20 to 34 years,T,Total,PC,Percentage,BE,Belgium,2022,,82.9,,,,,
dataflow,ESTAT:TPS00053(1.0),Employment rates of recent graduates,A,Annual,Y1-3,From 1 to 3 years,ED3-8,"Upper secondary, post-secondary non-tertiary and tertiary education (levels 3-8)",Y20-34,From 20 to 34 years,T,Total,PC,Percentage,BE,Belgium,2023,,86.4,,,,,
dataflow,ESTAT:TPS00053(1.0),Employment rates of recent graduates,A,Annual,Y1-3,From 1 to 3 years,ED3-8,"Upper secondary, post-secondary non-tertiary and tertiary education (levels 3-8)",Y20-34,From 20 to 34 years,T,Total,PC,Percentage,BE,Belgium,2024,,79.7,,b,break in time series,,
dataflow,ESTAT:TPS00053(1.0),Employment rates of recent graduates,A,Annual,Y1-3,From 1 to 3 years,ED3-8,"Upper secondary, post-secondary non-tertiary and tertiary education (levels 3-8)",Y20-34,From 20 to 34 years,T,Total,PC,Percentage,BE,Belgium,2025,,82.9,,,,,
dataflow,ESTAT:TPS00053(1.0),Employment rates of recent graduates,A,Annual,Y1-3,From 1 to 3 years,ED3-8,"Upper secondary, post-secondary non-tertiary and tertiary education (levels 3-8)",Y20-34,From 20 to 34 years,T,Total,PC,Percentage,BG,Bulgaria,2014,,65.4,,b,break in time series,,
dataflow,ESTAT:TPS00053(1.0),Employment rates of recent graduates,A,Annual,Y1-3,From 1 to 3 years,ED3-8,"Upper secondary, post-secondary non-tertiary and tertiary education (levels 3-8)",Y20-34,From 20 to 34 years,T,Total,PC,Percentage,BG,Bulgaria,2015,,74.6,,,,,
dataflow,ESTAT:TPS00053(1.0),Employment rates of recent graduates,A,Annual,Y1-3,From 1 to 3 years,ED3-8,"Upper secondary, post-secondary non-tertiary and tertiary education (levels 3-8)",Y20-34,From 20 to 34 years,T,Total,PC,Percentage,BG,Bulgaria,2016,,72.0,,,,,
dataflow,ESTAT:TPS00053(1.0),Employment rates of recent graduates,A,Annual,Y1-3,From 1 to 3 years,ED3-8,"Upper secondary, post-secondary non-tertiary and tertiary education (levels 3-8)",Y20-34,From 20 to 34 years,T,Total,PC,Percentage,BG,Bulgaria,2017,,77.7,,,,,
dataflow,ESTAT:TPS00053(1.0),Employment rates of recent graduates,A,Annual,Y1-3,From 1 to 3 years,ED3-8,"Upper secondary, post-secondary non-tertiary and tertiary education (levels 3-8)",Y20-34,From 20 to 34 years,T,Total,PC,Percentage,BG,Bulgaria,2018,,78.6,,,,,
dataflow,ESTAT:TPS00053(1.0),Employment rates of recent graduates,A,Annual,Y1-3,From 1 to 3 years,ED3-8,"Upper secondary, post-secondary non-tertiary and tertiary education (levels 3-8)",Y20-34,From 20 to 34 years,T,Total,PC,Percentage,BG,Bulgaria,2019,,80.8,,b,break in time series,,
dataflow,ESTAT:TPS00053(1.0),Employment rates of recent graduates,A,Annual,Y1-3,From 1 to 3 years,ED3-8,"Upper secondary, post-secondary non-tertiary and tertiary education (levels 3-8)",Y20-34,From 20 to 34 years,T,Total,PC,Percentage,BG,Bulgaria,2020,,78.8,,,,,
dataflow,ESTAT:TPS00053(1.0),Employment rates of recent graduates,A,Annual,Y1-3,From 1 to 3 years,ED3-8,"Upper secondary, post-secondary non-tertiary and tertiary education (levels 3-8)",Y20-34,From 20 to 34 years,T,Total,PC,Percentage,BG,Bulgaria,2021,,73.9,,b,break in time series,,
dataflow,ESTAT:TPS00053(1.0),Employment rates of recent graduates,A,Annual,Y1-3,From 1 to 3 years,ED3-8,"Upper secondary, post-secondary non-tertiary and tertiary education (levels 3-8)",Y20-34,From 20 to 34 years,T,Total,PC,Percentage,BG,Bulgaria,2022,,79.0,,,,,
dataflow,ESTAT:TPS00053(1.0),Employment rates of recent graduates,A,Annual,Y1-3,From 1 to 3 years,ED3-8,"Upper secondary, post-secondary non-tertiary and tertiary education (levels 3-8)",Y20-34,From 20 to 34 years,T,Total,PC,Percentage,BG,Bulgaria,2023,,84.2,,,,,
dataflow,ESTAT:TPS00053(1.0),Employment rates of recent graduates,A,Annual,Y1-3,From 1 to 3 years,ED3-8,"Upper secondary, post-secondary non-tertiary and tertiary education (levels 3-8)",Y20-34,From 20 to 34 years,T,Total,PC,Percentage,BG,Bulgaria,2024,,80.9,,b,break in time series,,
dataflow,ESTAT:TPS00053(1.0),Employment rates of recent graduates,A,Annual,Y1-3,From 1 to 3 years,ED3-8,"Upper secondary, post-secondary non-tertiary and tertiary education (levels 3-8)",Y20-34,From 20 to 34 years,T,Total,PC,Percentage,BG,Bulgaria,2025,,81.2,,,,,
dataflow,ESTAT:TPS00053(1.0),Employment rates of recent graduates,A,Annual,Y1-3,From 1 to 3 years,ED3-8,"Upper secondary, post-secondary non-tertiary and tertiary education (levels 3-8)",Y20-34,From 20 to 34 years,T,Total,PC,Percentage,CH,Switzerland,2014,,87.4,,b,break in time series,,
dataflow,ESTAT:TPS00053(1.0),Employment rates of recent graduates,A,Annual,Y1-3,From 1 to 3 years,ED3-8,"Upper secondary, post-secondary non-tertiary and tertiary education (levels 3-8)",Y20-34,From 20 to 34 years,T,Total,PC,Percentage,CH,Switzerland,2015,,84.6,,,,,
dataflow,ESTAT:TPS00053(1.0),Employment rates of recent graduates,A,Annual,Y1-3,From 1 to 3 years,ED3-8,"Upper secondary, post-secondary non-tertiary and tertiary education (levels 3-8)",Y20-34,From 20 to 34 years,T,Total,PC,Percentage,CH,Switzerland,2016,,86.8,,,,,
dataflow,ESTAT:TPS00053(1.0),Employment rates of recent graduates,A,Annual,Y1-3,From 1 to 3 years,ED3-8,"Upper secondary, post-secondary non-tertiary and tertiary education (levels 3-8)",Y20-34,From 20 to 34 years,T,Total,PC,Percentage,CH,Switzerland,2017,,86.2,,,,,
dataflow,ESTAT:TPS00053(1.0),Employment rates of recent graduates,A,Annual,Y1-3,From 1 to 3 years,ED3-8,"Upper secondary, post-secondary non-tertiary and tertiary education (levels 3-8)",Y20-34,From 20 to 34 years,T,Total,PC,Percentage,CH,Switzerland,2018,,88.3,,,,,
dataflow,ESTAT:TPS00053(1.0),Employment rates of recent graduates,A,Annual,Y1-3,From 1 to 3 years,ED3-8,"Upper secondary, post-secondary non-tertiary and tertiary education (levels 3-8)",Y20-34,From 20 to 34 years,T,Total,PC,Percentage,CH,Switzerland,2019,,87.9,,,,,
dataflow,ESTAT:TPS00053(1.0),Employment rates of recent graduates,A,Annual,Y1-3,From 1 to 3 years,ED3-8,"Upper secondary, post-secondary non-tertiary and tertiary education (levels 3-8)",Y20-34,From 20 to 34 years,T,Total,PC,Percentage,CH,Switzerland,2020,,88.9,,,,,
dataflow,ESTAT:TPS00053(1.0),Employment rates of recent graduates,A,Annual,Y1-3,From 1 to 3 years,ED3-8,"Upper secondary, post-secondary non-tertiary and tertiary education (levels 3-8)",Y20-34,From 20 to 34 years,T,Total,PC,Percentage,CH,Switzerland,2021,,87.9,,b,break in time series,,
dataflow,ESTAT:TPS00053(1.0),Employment rates of recent graduates,A,Annual,Y1-3,From 1 to 3 years,ED3-8,"Upper secondary, post-secondary non-tertiary and tertiary education (levels 3-8)",Y20-34,From 20 to 34 years,T,Total,PC,Percentage,CH,Switzerland,2022,,84.8,,,,,
dataflow,ESTAT:TPS00053(1.0),Employment rates of recent graduates,A,Annual,Y1-3,From 1 to 3 years,ED3-8,"Upper secondary, post-secondary non-tertiary and tertiary education (levels 3-8)",Y20-34,From 20 to 34 years,T,Total,PC,Percentage,CH,Switzerland,2023,,87.6,,,,,
dataflow,ESTAT:TPS00053(1.0),Employment rates of recent graduates,A,Annual,Y1-3,From 1 to 3 years,ED3-8,"Upper secondary, post-secondary non-tertiary and tertiary education (levels 3-8)",Y20-34,From 20 to 34 years,T,Total,PC,Percentage,CH,Switzerland,2024,,86.5,,,,,
dataflow,ESTAT:TPS00053(1.0),Employment rates of recent graduates,A,Annual,Y1-3,From 1 to 3 years,ED3-8,"Upper secondary, post-secondary non-tertiary and tertiary education (levels 3-8)",Y20-34,From 20 to 34 years,T,Total,PC,Percentage,CH,Switzerland,2025,,86.2,,,,,
dataflow,ESTAT:TPS00053(1.0),Employment rates of recent graduates,A,Annual,Y1-3,From 1 to 3 years,ED3-8,"Upper secondary, post-secondary non-tertiary and tertiary education (levels 3-8)",Y20-34,From 20 to 34 years,T,Total,PC,Percentage,CY,Cyprus,2014,,68.7,,b,break in time series,,
dataflow,ESTAT:TPS00053(1.0),Employment rates of recent graduates,A,Annual,Y1-3,From 1 to 3 years,ED3-8,"Upper secondary, post-secondary non-tertiary and tertiary education (levels 3-8)",Y20-34,From 20 to 34 years,T,Total,PC,Percentage,CY,Cyprus,2015,,68.9,,,,,
dataflow,ESTAT:TPS00053(1.0),Employment rates of recent graduates,A,Annual,Y1-3,From 1 to 3 years,ED3-8,"Upper secondary, post-secondary non-tertiary and tertiary education (levels 3-8)",Y20-34,From 20 to 34 years,T,Total,PC,Percentage,CY,Cyprus,2016,,73.4,,,,,
dataflow,ESTAT:TPS00053(1.0),Employment rates of recent graduates,A,Annual,Y1-3,From 1 to 3 years,ED3-8,"Upper secondary, post-secondary non-tertiary and tertiary education (levels 3-8)",Y20-34,From 20 to 34 years,T,Total,PC,Percentage,CY,Cyprus,2017,,71.6,,,,,
dataflow,ESTAT:TPS00053(1.0),Employment rates of recent graduates,A,Annual,Y1-3,From 1 to 3 years,ED3-8,"Upper secondary, post-secondary non-tertiary and tertiary education (levels 3-8)",Y20-34,From 20 to 34 years,T,Total,PC,Percentage,CY,Cyprus,2018,,78.9,,,,,
dataflow,ESTAT:TPS00053(1.0),Employment rates of recent graduates,A,Annual,Y1-3,From 1 to 3 years,ED3-8,"Upper secondary, post-secondary non-tertiary and tertiary education (levels 3-8)",Y20-34,From 20 to 34 years,T,Total,PC,Percentage,CY,Cyprus,2019,,80.8,,,,,
dataflow,ESTAT:TPS00053(1.0),Employment rates of recent graduates,A,Annual,Y1-3,From 1 to 3 years,ED3-8,"Upper secondary, post-secondary non-tertiary and tertiary education (levels 3-8)",Y20-34,From 20 to 34 years,T,Total,PC,Percentage,CY,Cyprus,2020,,78.4,,,,,
dataflow,ESTAT:TPS00053(1.0),Employment rates of recent graduates,A,Annual,Y1-3,From 1 to 3 years,ED3-8,"Upper secondary, post-secondary non-tertiary and tertiary education (levels 3-8)",Y20-34,From 20 to 34 years,T,Total,PC,Percentage,CY,Cyprus,2021,,80.9,,b,break in time series,,
dataflow,ESTAT:TPS00053(1.0),Employment rates of recent graduates,A,Annual,Y1-3,From 1 to 3 years,ED3-8,"Upper secondary, post-secondary non-tertiary and tertiary education (levels 3-8)",Y20-34,From 20 to 34 years,T,Total,PC,Percentage,CY,Cyprus,2022,,82.4,,,,,
dataflow,ESTAT:TPS00053(1.0),Employment rates of recent graduates,A,Annual,Y1-3,From 1 to 3 years,ED3-8,"Upper secondary, post-secondary non-tertiary and tertiary education (levels 3-8)",Y20-34,From 20 to 34 years,T,Total,PC,Percentage,CY,Cyprus,2023,,80.1,,,,,
dataflow,ESTAT:TPS00053(1.0),Employment rates of recent graduates,A,Annual,Y1-3,From 1 to 3 years,ED3-8,"Upper secondary, post-secondary non-tertiary and tertiary education (levels 3-8)",Y20-34,From 20 to 34 years,T,Total,PC,Percentage,CY,Cyprus,2024,,83.3,,,,,
dataflow,ESTAT:TPS00053(1.0),Employment rates of recent graduates,A,Annual,Y1-3,From 1 to 3 years,ED3-8,"Upper secondary, post-secondary non-tertiary and tertiary education (levels 3-8)",Y20-34,From 20 to 34 years,T,Total,PC,Percentage,CY,Cyprus,2025,,82.3,,,,,
dataflow,ESTAT:TPS00053(1.0),Employment rates of recent graduates,A,Annual,Y1-3,From 1 to 3 years,ED3-8,"Upper secondary, post-secondary non-tertiary and tertiary education (levels 3-8)",Y20-34,From 20 to 34 years,T,Total,PC,Percentage,CZ,Czechia,2014,,81.3,,b,break in time series,,
dataflow,ESTAT:TPS00053(1.0),Employment rates of recent graduates,A,Annual,Y1-3,From 1 to 3 years,ED3-8,"Upper secondary, post-secondary non-tertiary and tertiary education (levels 3-8)",Y20-34,From 20 to 34 years,T,Total,PC,Percentage,CZ,Czechia,2015,,82.2,,,,,
dataflow,ESTAT:TPS00053(1.0),Employment rates of recent graduates,A,Annual,Y1-3,From 1 to 3 years,ED3-8,"Upper secondary, post-secondary non-tertiary and tertiary education (levels 3-8)",Y20-34,From 20 to 34 years,T,Total,PC,Percentage,CZ,Czechia,2016,,86.7,,,,,
dataflow,ESTAT:TPS00053(1.0),Employment rates of recent graduates,A,Annual,Y1-3,From 1 to 3 years,ED3-8,"Upper secondary, post-secondary non-tertiary and tertiary education (levels 3-8)",Y20-34,From 20 to 34 years,T,Total,PC,Percentage,CZ,Czechia,2017,,89.9,,,,,
dataflow,ESTAT:TPS00053(1.0),Employment rates of recent graduates,A,Annual,Y1-3,From 1 to 3 years,ED3-8,"Upper secondary, post-secondary non-tertiary and tertiary education (levels 3-8)",Y20-34,From 20 to 34 years,T,Total,PC,Percentage,CZ,Czechia,2018,,89.6,,,,,
dataflow,ESTAT:TPS00053(1.0),Employment rates of recent graduates,A,Annual,Y1-3,From 1 to 3 years,ED3-8,"Upper secondary, post-secondary non-tertiary and tertiary education (levels 3-8)",Y20-34,From 20 to 34 years,T,Total,PC,Percentage,CZ,Czechia,2019,,87.3,,,,,
dataflow,ESTAT:TPS00053(1.0),Employment rates of recent graduates,A,Annual,Y1-3,From 1 to 3 years,ED3-8,"Upper secondary, post-secondary non-tertiary and tertiary education (levels 3-8)",Y20-34,From 20 to 34 years,T,Total,PC,Percentage,CZ,Czechia,2020,,87.3,,,,,
dataflow,ESTAT:TPS00053(1.0),Employment rates of recent graduates,A,Annual,Y1-3,From 1 to 3 years,ED3-8,"Upper secondary, post-secondary non-tertiary and tertiary education (levels 3-8)",Y20-34,From 20 to 34 years,T,Total,PC,Percentage,CZ,Czechia,2021,,84.2,,b,break in time series,,
dataflow,ESTAT:TPS00053(1.0),Employment rates of recent graduates,A,Annual,Y1-3,From 1 to 3 years,ED3-8,"Upper secondary, post-secondary non-tertiary and tertiary education (levels 3-8)",Y20-34,From 20 to 34 years,T,Total,PC,Percentage,CZ,Czechia,2022,,82.2,,,,,
dataflow,ESTAT:TPS00053(1.0),Employment rates of recent graduates,A,Annual,Y1-3,From 1 to 3 years,ED3-8,"Upper secondary, post-secondary non-tertiary and tertiary education (levels 3-8)",Y20-34,From 20 to 34 years,T,Total,PC,Percentage,CZ,Czechia,2023,,85.4,,,,,
dataflow,ESTAT:TPS00053(1.0),Employment rates of recent graduates,A,Annual,Y1-3,From 1 to 3 years,ED3-8,"Upper secondary, post-secondary non-tertiary and tertiary education (levels 3-8)",Y20-34,From 20 to 34 years,T,Total,PC,Percentage,CZ,Czechia,2024,,86.5,,,,,
dataflow,ESTAT:TPS00053(1.0),Employment rates of recent graduates,A,Annual,Y1-3,From 1 to 3 years,ED3-8,"Upper secondary, post-secondary non-tertiary and tertiary education (levels 3-8)",Y20-34,From 20 to 34 years,T,Total,PC,Percentage,CZ,Czechia,2025,,86.5,,,,,
dataflow,ESTAT:TPS00053(1.0),Employment rates of recent graduates,A,Annual,Y1-3,From 1 to 3 years,ED3-8,"Upper secondary, post-secondary non-tertiary and tertiary education (levels 3-8)",Y20-34,From 20 to 34 years,T,Total,PC,Percentage,DE,Germany,2014,,90.0,,b,break in time series,,
dataflow,ESTAT:TPS00053(1.0),Employment rates of recent graduates,A,Annual,Y1-3,From 1 to 3 years,ED3-8,"Upper secondary, post-secondary non-tertiary and tertiary education (levels 3-8)",Y20-34,From 20 to 34 years,T,Total,PC,Percentage,DE,Germany,2015,,90.4,,,,,
dataflow,ESTAT:TPS00053(1.0),Employment rates of recent graduates,A,Annual,Y1-3,From 1 to 3 years,ED3-8,"Upper secondary, post-secondary non-tertiary and tertiary education (levels 3-8)",Y20-34,From 20 to 34 years,T,Total,PC,Percentage,DE,Germany,2016,,90.1,,,,,
dataflow,ESTAT:TPS00053(1.0),Employment rates of recent graduates,A,Annual,Y1-3,From 1 to 3 years,ED3-8,"Upper secondary, post-secondary non-tertiary and tertiary education (levels 3-8)",Y20-34,From 20 to 34 years,T,Total,PC,Percentage,DE,Germany,2017,,90.9,,,,,
dataflow,ESTAT:TPS00053(1.0),Employment rates of recent graduates,A,Annual,Y1-3,From 1 to 3 years,ED3-8,"Upper secondary, post-secondary non-tertiary and tertiary education (levels 3-8)",Y20-34,From 20 to 34 years,T,Total,PC,Percentage,DE,Germany,2018,,92.1,,,,,
dataflow,ESTAT:TPS00053(1.0),Employment rates of recent graduates,A,Annual,Y1-3,From 1 to 3 years,ED3-8,"Upper secondary, post-secondary non-tertiary and tertiary education (levels 3-8)",Y20-34,From 20 to 34 years,T,Total,PC,Percentage,DE,Germany,2019,,92.7,,,,,
dataflow,ESTAT:TPS00053(1.0),Employment rates of recent graduates,A,Annual,Y1-3,From 1 to 3 years,ED3-8,"Upper secondary, post-secondary non-tertiary and tertiary education (levels 3-8)",Y20-34,From 20 to 34 years,T,Total,PC,Percentage,DE,Germany,2020,,89.6,,b,break in time series,,
dataflow,ESTAT:TPS00053(1.0),Employment rates of recent graduates,A,Annual,Y1-3,From 1 to 3 years,ED3-8,"Upper secondary, post-secondary non-tertiary and tertiary education (levels 3-8)",Y20-34,From 20 to 34 years,T,Total,PC,Percentage,DE,Germany,2021,,91.2,,b,break in time series,,
dataflow,ESTAT:TPS00053(1.0),Employment rates of recent graduates,A,Annual,Y1-3,From 1 to 3 years,ED3-8,"Upper secondary, post-secondary non-tertiary and tertiary education (levels 3-8)",Y20-34,From 20 to 34 years,T,Total,PC,Percentage,DE,Germany,2022,,92.2,,,,,
dataflow,ESTAT:TPS00053(1.0),Employment rates of recent graduates,A,Annual,Y1-3,From 1 to 3 years,ED3-8,"Upper secondary, post-secondary non-tertiary and tertiary education (levels 3-8)",Y20-34,From 20 to 34 years,T,Total,PC,Percentage,DE,Germany,2023,,91.6,,,,,
dataflow,ESTAT:TPS00053(1.0),Employment rates of recent graduates,A,Annual,Y1-3,From 1 to 3 years,ED3-8,"Upper secondary, post-secondary non-tertiary and tertiary education (levels 3-8)",Y20-34,From 20 to 34 years,T,Total,PC,Percentage,DE,Germany,2024,,90.4,,b,break in time series,,
dataflow,ESTAT:TPS00053(1.0),Employment rates of recent graduates,A,Annual,Y1-3,From 1 to 3 years,ED3-8,"Upper secondary, post-secondary non-tertiary and tertiary education (levels 3-8)",Y20-34,From 20 to 34 years,T,Total,PC,Percentage,DE,Germany,2025,,90.6,,,,,
dataflow,ESTAT:TPS00053(1.0),Employment rates of recent graduates,A,Annual,Y1-3,From 1 to 3 years,ED3-8,"Upper secondary, post-secondary non-tertiary and tertiary education (levels 3-8)",Y20-34,From 20 to 34 years,T,Total,PC,Percentage,DK,Denmark,2014,,82.5,,b,break in time series,,
dataflow,ESTAT:TPS00053(1.0),Employment rates of recent graduates,A,Annual,Y1-3,From 1 to 3 years,ED3-8,"Upper secondary, post-secondary non-tertiary and tertiary education (levels 3-8)",Y20-34,From 20 to 34 years,T,Total,PC,Percentage,DK,Denmark,2015,,80.8,,,,,
dataflow,ESTAT:TPS00053(1.0),Employment rates of recent graduates,A,Annual,Y1-3,From 1 to 3 years,ED3-8,"Upper secondary, post-secondary non-tertiary and tertiary education (levels 3-8)",Y20-34,From 20 to 34 years,T,Total,PC,Percentage,DK,Denmark,2016,,82.6,,b,break in time series,,
dataflow,ESTAT:TPS00053(1.0),Employment rates of recent graduates,A,Annual,Y1-3,From 1 to 3 years,ED3-8,"Upper secondary, post-secondary non-tertiary and tertiary education (levels 3-8)",Y20-34,From 20 to 34 years,T,Total,PC,Percentage,DK,Denmark,2017,,81.7,,b,break in time series,,
dataflow,ESTAT:TPS00053(1.0),Employment rates of recent graduates,A,Annual,Y1-3,From 1 to 3 years,ED3-8,"Upper secondary, post-secondary non-tertiary and tertiary education (levels 3-8)",Y20-34,From 20 to 34 years,T,Total,PC,Percentage,DK,Denmark,2018,,84.7,,,,,
dataflow,ESTAT:TPS00053(1.0),Employment rates of recent graduates,A,Annual,Y1-3,From 1 to 3 years,ED3-8,"Upper secondary, post-secondary non-tertiary and tertiary education (levels 3-8)",Y20-34,From 20 to 34 years,T,Total,PC,Percentage,DK,Denmark,2019,,85.1,,,,,
dataflow,ESTAT:TPS00053(1.0),Employment rates of recent graduates,A,Annual,Y1-3,From 1 to 3 years,ED3-8,"Upper secondary, post-secondary non-tertiary and tertiary education (levels 3-8)",Y20-34,From 20 to 34 years,T,Total,PC,Percentage,DK,Denmark,2020,,83.6,,,,,
dataflow,ESTAT:TPS00053(1.0),Employment rates of recent graduates,A,Annual,Y1-3,From 1 to 3 years,ED3-8,"Upper secondary, post-secondary non-tertiary and tertiary education (levels 3-8)",Y20-34,From 20 to 34 years,T,Total,PC,Percentage,DK,Denmark,2021,,84.1,,b,break in time series,,
dataflow,ESTAT:TPS00053(1.0),Employment rates of recent graduates,A,Annual,Y1-3,From 1 to 3 years,ED3-8,"Upper secondary, post-secondary non-tertiary and tertiary education (levels 3-8)",Y20-34,From 20 to 34 years,T,Total,PC,Percentage,DK,Denmark,2022,,85.1,,,,,
dataflow,ESTAT:TPS00053(1.0),Employment rates of recent graduates,A,Annual,Y1-3,From 1 to 3 years,ED3-8,"Upper secondary, post-secondary non-tertiary and tertiary education (levels 3-8)",Y20-34,From 20 to 34 years,T,Total,PC,Percentage,DK,Denmark,2023,,84.6,,b,break in time series,,
dataflow,ESTAT:TPS00053(1.0),Employment rates of recent graduates,A,Annual,Y1-3,From 1 to 3 years,ED3-8,"Upper secondary, post-secondary non-tertiary and tertiary education (levels 3-8)",Y20-34,From 20 to 34 years,T,Total,PC,Percentage,DK,Denmark,2024,,85.0,,,,,
dataflow,ESTAT:TPS00053(1.0),Employment rates of recent graduates,A,Annual,Y1-3,From 1 to 3 years,ED3-8,"Upper secondary, post-secondary non-tertiary and tertiary education (levels 3-8)",Y20-34,From 20 to 34 years,T,Total,PC,Percentage,DK,Denmark,2025,,85.5,,b,break in time series,,
dataflow,ESTAT:TPS00053(1.0),Employment rates of recent graduates,A,Annual,Y1-3,From 1 to 3 years,ED3-8,"Upper secondary, post-secondary non-tertiary and tertiary education (levels 3-8)",Y20-34,From 20 to 34 years,T,Total,PC,Percentage,EA21,Euro area – 21 countries (from 2026),2014,,74.5,,b,break in time series,,
dataflow,ESTAT:TPS00053(1.0),Employment rates of recent graduates,A,Annual,Y1-3,From 1 to 3 years,ED3-8,"Upper secondary, post-secondary non-tertiary and tertiary education (levels 3-8)",Y20-34,From 20 to 34 years,T,Total,PC,Percentage,EA21,Euro area – 21 countries (from 2026),2015,,74.7,,,,,
dataflow,ESTAT:TPS00053(1.0),Employment rates of recent graduates,A,Annual,Y1-3,From 1 to 3 years,ED3-8,"Upper secondary, post-secondary non-tertiary and tertiary education (levels 3-8)",Y20-34,From 20 to 34 years,T,Total,PC,Percentage,EA21,Euro area – 21 countries (from 2026),2016,,76.3,,,,,
dataflow,ESTAT:TPS00053(1.0),Employment rates of recent graduates,A,Annual,Y1-3,From 1 to 3 years,ED3-8,"Upper secondary, post-secondary non-tertiary and tertiary education (levels 3-8)",Y20-34,From 20 to 34 years,T,Total,PC,Percentage,EA21,Euro area – 21 countries (from 2026),2017,,77.9,,,,,
dataflow,ESTAT:TPS00053(1.0),Employment rates of recent graduates,A,Annual,Y1-3,From 1 to 3 years,ED3-8,"Upper secondary, post-secondary non-tertiary and tertiary education (levels 3-8)",Y20-34,From 20 to 34 years,T,Total,PC,Percentage,EA21,Euro area – 21 countries (from 2026),2018,,80.1,,,,,
dataflow,ESTAT:TPS00053(1.0),Employment rates of recent graduates,A,Annual,Y1-3,From 1 to 3 years,ED3-8,"Upper secondary, post-secondary non-tertiary and tertiary education (levels 3-8)",Y20-34,From 20 to 34 years,T,Total,PC,Percentage,EA21,Euro area – 21 countries (from 2026),2019,,80.1,,,,,
dataflow,ESTAT:TPS00053(1.0),Employment rates of recent graduates,A,Annual,Y1-3,From 1 to 3 years,ED3-8,"Upper secondary, post-secondary non-tertiary and tertiary education (levels 3-8)",Y20-34,From 20 to 34 years,T,Total,PC,Percentage,EA21,Euro area – 21 countries (from 2026),2020,,77.6,,,,,
dataflow,ESTAT:TPS00053(1.0),Employment rates of recent graduates,A,Annual,Y1-3,From 1 to 3 years,ED3-8,"Upper secondary, post-secondary non-tertiary and tertiary education (levels 3-8)",Y20-34,From 20 to 34 years,T,Total,PC,Percentage,EA21,Euro area – 21 countries (from 2026),2021,,79.3,,b,break in time series,,
dataflow,ESTAT:TPS00053(1.0),Employment rates of recent graduates,A,Annual,Y1-3,From 1 to 3 years,ED3-8,"Upper secondary, post-secondary non-tertiary and tertiary education (levels 3-8)",Y20-34,From 20 to 34 years,T,Total,PC,Percentage,EA21,Euro area – 21 countries (from 2026),2022,,82.1,,,,,
dataflow,ESTAT:TPS00053(1.0),Employment rates of recent graduates,A,Annual,Y1-3,From 1 to 3 years,ED3-8,"Upper secondary, post-secondary non-tertiary and tertiary education (levels 3-8)",Y20-34,From 20 to 34 years,T,Total,PC,Percentage,EA21,Euro area – 21 countries (from 2026),2023,,83.1,,,,,
dataflow,ESTAT:TPS00053(1.0),Employment rates of recent graduates,A,Annual,Y1-3,From 1 to 3 years,ED3-8,"Upper secondary, post-secondary non-tertiary and tertiary education (levels 3-8)",Y20-34,From 20 to 34 years,T,Total,PC,Percentage,EA21,Euro area – 21 countries (from 2026),2024,,81.9,,,,,
dataflow,ESTAT:TPS00053(1.0),Employment rates of recent graduates,A,Annual,Y1-3,From 1 to 3 years,ED3-8,"Upper secondary, post-secondary non-tertiary and tertiary education (levels 3-8)",Y20-34,From 20 to 34 years,T,Total,PC,Percentage,EA21,Euro area – 21 countries (from 2026),2025,,82.7,,,,,
dataflow,ESTAT:TPS00053(1.0),Employment rates of recent graduates,A,Annual,Y1-3,From 1 to 3 years,ED3-8,"Upper secondary, post-secondary non-tertiary and tertiary education (levels 3-8)",Y20-34,From 20 to 34 years,T,Total,PC,Percentage,EE,Estonia,2014,,80.9,,b,break in time series,,
dataflow,ESTAT:TPS00053(1.0),Employment rates of recent graduates,A,Annual,Y1-3,From 1 to 3 years,ED3-8,"Upper secondary, post-secondary non-tertiary and tertiary education (levels 3-8)",Y20-34,From 20 to 34 years,T,Total,PC,Percentage,EE,Estonia,2015,,79.8,,,,,
dataflow,ESTAT:TPS00053(1.0),Employment rates of recent graduates,A,Annual,Y1-3,From 1 to 3 years,ED3-8,"Upper secondary, post-secondary non-tertiary and tertiary education (levels 3-8)",Y20-34,From 20 to 34 years,T,Total,PC,Percentage,EE,Estonia,2016,,76.5,,,,,
dataflow,ESTAT:TPS00053(1.0),Employment rates of recent graduates,A,Annual,Y1-3,From 1 to 3 years,ED3-8,"Upper secondary, post-secondary non-tertiary and tertiary education (levels 3-8)",Y20-34,From 20 to 34 years,T,Total,PC,Percentage,EE,Estonia,2017,,80.4,,,,,
dataflow,ESTAT:TPS00053(1.0),Employment rates of recent graduates,A,Annual,Y1-3,From 1 to 3 years,ED3-8,"Upper secondary, post-secondary non-tertiary and tertiary education (levels 3-8)",Y20-34,From 20 to 34 years,T,Total,PC,Percentage,EE,Estonia,2018,,82.0,,,,,
dataflow,ESTAT:TPS00053(1.0),Employment rates of recent graduates,A,Annual,Y1-3,From 1 to 3 years,ED3-8,"Upper secondary, post-secondary non-tertiary and tertiary education (levels 3-8)",Y20-34,From 20 to 34 years,T,Total,PC,Percentage,EE,Estonia,2019,,82.3,,,,,
dataflow,ESTAT:TPS00053(1.0),Employment rates of recent graduates,A,Annual,Y1-3,From 1 to 3 years,ED3-8,"Upper secondary, post-secondary non-tertiary and tertiary education (levels 3-8)",Y20-34,From 20 to 34 years,T,Total,PC,Percentage,EE,Estonia,2020,,79.7,,,,,
dataflow,ESTAT:TPS00053(1.0),Employment rates of recent graduates,A,Annual,Y1-3,From 1 to 3 years,ED3-8,"Upper secondary, post-secondary non-tertiary and tertiary education (levels 3-8)",Y20-34,From 20 to 34 years,T,Total,PC,Percentage,EE,Estonia,2021,,80.8,,b,break in time series,,
dataflow,ESTAT:TPS00053(1.0),Employment rates of recent graduates,A,Annual,Y1-3,From 1 to 3 years,ED3-8,"Upper secondary, post-secondary non-tertiary and tertiary education (levels 3-8)",Y20-34,From 20 to 34 years,T,Total,PC,Percentage,EE,Estonia,2022,,77.4,,,,,
dataflow,ESTAT:TPS00053(1.0),Employment rates of recent graduates,A,Annual,Y1-3,From 1 to 3 years,ED3-8,"Upper secondary, post-secondary non-tertiary and tertiary education (levels 3-8)",Y20-34,From 20 to 34 years,T,Total,PC,Percentage,EE,Estonia,2023,,84.7,,,,,
dataflow,ESTAT:TPS00053(1.0),Employment rates of recent graduates,A,Annual,Y1-3,From 1 to 3 years,ED3-8,"Upper secondary, post-secondary non-tertiary and tertiary education (levels 3-8)",Y20-34,From 20 to 34 years,T,Total,PC,Percentage,EE,Estonia,2024,,84.4,,,,,
dataflow,ESTAT:TPS00053(1.0),Employment rates of recent graduates,A,Annual,Y1-3,From 1 to 3 years,ED3-8,"Upper secondary, post-secondary non-tertiary and tertiary education (levels 3-8)",Y20-34,From 20 to 34 years,T,Total,PC,Percentage,EE,Estonia,2025,,81.0,,,,,
dataflow,ESTAT:TPS00053(1.0),Employment rates of recent graduates,A,Annual,Y1-3,From 1 to 3 years,ED3-8,"Upper secondary, post-secondary non-tertiary and tertiary education (levels 3-8)",Y20-34,From 20 to 34 years,T,Total,PC,Percentage,EL,Greece,2014,,44.3,,b,break in time series,,
dataflow,ESTAT:TPS00053(1.0),Employment rates of recent graduates,A,Annual,Y1-3,From 1 to 3 years,ED3-8,"Upper secondary, post-secondary non-tertiary and tertiary education (levels 3-8)",Y20-34,From 20 to 34 years,T,Total,PC,Percentage,EL,Greece,2015,,45.2,,,,,
dataflow,ESTAT:TPS00053(1.0),Employment rates of recent graduates,A,Annual,Y1-3,From 1 to 3 years,ED3-8,"Upper secondary, post-secondary non-tertiary and tertiary education (levels 3-8)",Y20-34,From 20 to 34 years,T,Total,PC,Percentage,EL,Greece,2016,,49.2,,,,,
dataflow,ESTAT:TPS00053(1.0),Employment rates of recent graduates,A,Annual,Y1-3,From 1 to 3 years,ED3-8,"Upper secondary, post-secondary non-tertiary and tertiary education (levels 3-8)",Y20-34,From 20 to 34 years,T,Total,PC,Percentage,EL,Greece,2017,,52.0,,,,,
dataflow,ESTAT:TPS00053(1.0),Employment rates of recent graduates,A,Annual,Y1-3,From 1 to 3 years,ED3-8,"Upper secondary, post-secondary non-tertiary and tertiary education (levels 3-8)",Y20-34,From 20 to 34 years,T,Total,PC,Percentage,EL,Greece,2018,,55.3,,,,,
dataflow,ESTAT:TPS00053(1.0),Employment rates of recent graduates,A,Annual,Y1-3,From 1 to 3 years,ED3-8,"Upper secondary, post-secondary non-tertiary and tertiary education (levels 3-8)",Y20-34,From 20 to 34 years,T,Total,PC,Percentage,EL,Greece,2019,,59.4,,,,,
dataflow,ESTAT:TPS00053(1.0),Employment rates of recent graduates,A,Annual,Y1-3,From 1 to 3 years,ED3-8,"Upper secondary, post-secondary non-tertiary and tertiary education (levels 3-8)",Y20-34,From 20 to 34 years,T,Total,PC,Percentage,EL,Greece,2020,,54.9,,,,,
dataflow,ESTAT:TPS00053(1.0),Employment rates of recent graduates,A,Annual,Y1-3,From 1 to 3 years,ED3-8,"Upper secondary, post-secondary non-tertiary and tertiary education (levels 3-8)",Y20-34,From 20 to 34 years,T,Total,PC,Percentage,EL,Greece,2021,,60.1,,b,break in time series,,
dataflow,ESTAT:TPS00053(1.0),Employment rates of recent graduates,A,Annual,Y1-3,From 1 to 3 years,ED3-8,"Upper secondary, post-secondary non-tertiary and tertiary education (levels 3-8)",Y20-34,From 20 to 34 years,T,Total,PC,Percentage,EL,Greece,2022,,66.1,,,,,
dataflow,ESTAT:TPS00053(1.0),Employment rates of recent graduates,A,Annual,Y1-3,From 1 to 3 years,ED3-8,"Upper secondary, post-secondary non-tertiary and tertiary education (levels 3-8)",Y20-34,From 20 to 34 years,T,Total,PC,Percentage,EL,Greece,2023,,72.3,,,,,
dataflow,ESTAT:TPS00053(1.0),Employment rates of recent graduates,A,Annual,Y1-3,From 1 to 3 years,ED3-8,"Upper secondary, post-secondary non-tertiary and tertiary education (levels 3-8)",Y20-34,From 20 to 34 years,T,Total,PC,Percentage,EL,Greece,2024,,73.2,,b,break in time series,,
dataflow,ESTAT:TPS00053(1.0),Employment rates of recent graduates,A,Annual,Y1-3,From 1 to 3 years,ED3-8,"Upper secondary, post-secondary non-tertiary and tertiary education (levels 3-8)",Y20-34,From 20 to 34 years,T,Total,PC,Percentage,EL,Greece,2025,,62.4,,,,,
dataflow,ESTAT:TPS00053(1.0),Employment rates of recent graduates,A,Annual,Y1-3,From 1 to 3 years,ED3-8,"Upper secondary, post-secondary non-tertiary and tertiary education (levels 3-8)",Y20-34,From 20 to 34 years,T,Total,PC,Percentage,ES,Spain,2014,,65.1,,b,break in time series,,
dataflow,ESTAT:TPS00053(1.0),Employment rates of recent graduates,A,Annual,Y1-3,From 1 to 3 years,ED3-8,"Upper secondary, post-secondary non-tertiary and tertiary education (levels 3-8)",Y20-34,From 20 to 34 years,T,Total,PC,Percentage,ES,Spain,2015,,65.2,,,,,
dataflow,ESTAT:TPS00053(1.0),Employment rates of recent graduates,A,Annual,Y1-3,From 1 to 3 years,ED3-8,"Upper secondary, post-secondary non-tertiary and tertiary education (levels 3-8)",Y20-34,From 20 to 34 years,T,Total,PC,Percentage,ES,Spain,2016,,68.0,,,,,
dataflow,ESTAT:TPS00053(1.0),Employment rates of recent graduates,A,Annual,Y1-3,From 1 to 3 years,ED3-8,"Upper secondary, post-secondary non-tertiary and tertiary education (levels 3-8)",Y20-34,From 20 to 34 years,T,Total,PC,Percentage,ES,Spain,2017,,71.9,,,,,
dataflow,ESTAT:TPS00053(1.0),Employment rates of recent graduates,A,Annual,Y1-3,From 1 to 3 years,ED3-8,"Upper secondary, post-secondary non-tertiary and tertiary education (levels 3-8)",Y20-34,From 20 to 34 years,T,Total,PC,Percentage,ES,Spain,2018,,75.4,,,,,
dataflow,ESTAT:TPS00053(1.0),Employment rates of recent graduates,A,Annual,Y1-3,From 1 to 3 years,ED3-8,"Upper secondary, post-secondary non-tertiary and tertiary education (levels 3-8)",Y20-34,From 20 to 34 years,T,Total,PC,Percentage,ES,Spain,2019,,73.0,,,,,
dataflow,ESTAT:TPS00053(1.0),Employment rates of recent graduates,A,Annual,Y1-3,From 1 to 3 years,ED3-8,"Upper secondary, post-secondary non-tertiary and tertiary education (levels 3-8)",Y20-34,From 20 to 34 years,T,Total,PC,Percentage,ES,Spain,2020,,69.6,,,,,
dataflow,ESTAT:TPS00053(1.0),Employment rates of recent graduates,A,Annual,Y1-3,From 1 to 3 years,ED3-8,"Upper secondary, post-secondary non-tertiary and tertiary education (levels 3-8)",Y20-34,From 20 to 34 years,T,Total,PC,Percentage,ES,Spain,2021,,72.3,,bd,"break in time series, definition differs (see metadata)",,
dataflow,ESTAT:TPS00053(1.0),Employment rates of recent graduates,A,Annual,Y1-3,From 1 to 3 years,ED3-8,"Upper secondary, post-secondary non-tertiary and tertiary education (levels 3-8)",Y20-34,From 20 to 34 years,T,Total,PC,Percentage,ES,Spain,2022,,78.8,,d,definition differs (see metadata),,
dataflow,ESTAT:TPS00053(1.0),Employment rates of recent graduates,A,Annual,Y1-3,From 1 to 3 years,ED3-8,"Upper secondary, post-secondary non-tertiary and tertiary education (levels 3-8)",Y20-34,From 20 to 34 years,T,Total,PC,Percentage,ES,Spain,2023,,78.3,,d,definition differs (see metadata),,
dataflow,ESTAT:TPS00053(1.0),Employment rates of recent graduates,A,Annual,Y1-3,From 1 to 3 years,ED3-8,"Upper secondary, post-secondary non-tertiary and tertiary education (levels 3-8)",Y20-34,From 20 to 34 years,T,Total,PC,Percentage,ES,Spain,2024,,79.0,,d,definition differs (see metadata),,
dataflow,ESTAT:TPS00053(1.0),Employment rates of recent graduates,A,Annual,Y1-3,From 1 to 3 years,ED3-8,"Upper secondary, post-secondary non-tertiary and tertiary education (levels 3-8)",Y20-34,From 20 to 34 years,T,Total,PC,Percentage,ES,Spain,2025,,81.3,,d,definition differs (see metadata),,
dataflow,ESTAT:TPS00053(1.0),Employment rates of recent graduates,A,Annual,Y1-3,From 1 to 3 years,ED3-8,"Upper secondary, post-secondary non-tertiary and tertiary education (levels 3-8)",Y20-34,From 20 to 34 years,T,Total,PC,Percentage,EU27_2020,European Union - 27 countries (from 2020),2014,,75.0,,b,break in time series,,
dataflow,ESTAT:TPS00053(1.0),Employment rates of recent graduates,A,Annual,Y1-3,From 1 to 3 years,ED3-8,"Upper secondary, post-secondary non-tertiary and tertiary education (levels 3-8)",Y20-34,From 20 to 34 years,T,Total,PC,Percentage,EU27_2020,European Union - 27 countries (from 2020),2015,,75.5,,,,,
dataflow,ESTAT:TPS00053(1.0),Employment rates of recent graduates,A,Annual,Y1-3,From 1 to 3 years,ED3-8,"Upper secondary, post-secondary non-tertiary and tertiary education (levels 3-8)",Y20-34,From 20 to 34 years,T,Total,PC,Percentage,EU27_2020,European Union - 27 countries (from 2020),2016,,77.4,,,,,
dataflow,ESTAT:TPS00053(1.0),Employment rates of recent graduates,A,Annual,Y1-3,From 1 to 3 years,ED3-8,"Upper secondary, post-secondary non-tertiary and tertiary education (levels 3-8)",Y20-34,From 20 to 34 years,T,Total,PC,Percentage,EU27_2020,European Union - 27 countries (from 2020),2017,,79.0,,,,,
dataflow,ESTAT:TPS00053(1.0),Employment rates of recent graduates,A,Annual,Y1-3,From 1 to 3 years,ED3-8,"Upper secondary, post-secondary non-tertiary and tertiary education (levels 3-8)",Y20-34,From 20 to 34 years,T,Total,PC,Percentage,EU27_2020,European Union - 27 countries (from 2020),2018,,80.9,,,,,
dataflow,ESTAT:TPS00053(1.0),Employment rates of recent graduates,A,Annual,Y1-3,From 1 to 3 years,ED3-8,"Upper secondary, post-secondary non-tertiary and tertiary education (levels 3-8)",Y20-34,From 20 to 34 years,T,Total,PC,Percentage,EU27_2020,European Union - 27 countries (from 2020),2019,,81.0,,,,,
dataflow,ESTAT:TPS00053(1.0),Employment rates of recent graduates,A,Annual,Y1-3,From 1 to 3 years,ED3-8,"Upper secondary, post-secondary non-tertiary and tertiary education (levels 3-8)",Y20-34,From 20 to 34 years,T,Total,PC,Percentage,EU27_2020,European Union - 27 countries (from 2020),2020,,78.7,,,,,
dataflow,ESTAT:TPS00053(1.0),Employment rates of recent graduates,A,Annual,Y1-3,From 1 to 3 years,ED3-8,"Upper secondary, post-secondary non-tertiary and tertiary education (levels 3-8)",Y20-34,From 20 to 34 years,T,Total,PC,Percentage,EU27_2020,European Union - 27 countries (from 2020),2021,,79.5,,b,break in time series,,
dataflow,ESTAT:TPS00053(1.0),Employment rates of recent graduates,A,Annual,Y1-3,From 1 to 3 years,ED3-8,"Upper secondary, post-secondary non-tertiary and tertiary education (levels 3-8)",Y20-34,From 20 to 34 years,T,Total,PC,Percentage,EU27_2020,European Union - 27 countries (from 2020),2022,,82.4,,,,,
dataflow,ESTAT:TPS00053(1.0),Employment rates of recent graduates,A,Annual,Y1-3,From 1 to 3 years,ED3-8,"Upper secondary, post-secondary non-tertiary and tertiary education (levels 3-8)",Y20-34,From 20 to 34 years,T,Total,PC,Percentage,EU27_2020,European Union - 27 countries (from 2020),2023,,83.4,,,,,
dataflow,ESTAT:TPS00053(1.0),Employment rates of recent graduates,A,Annual,Y1-3,From 1 to 3 years,ED3-8,"Upper secondary, post-secondary non-tertiary and tertiary education (levels 3-8)",Y20-34,From 20 to 34 years,T,Total,PC,Percentage,EU27_2020,European Union - 27 countries (from 2020),2024,,82.3,,,,,
dataflow,ESTAT:TPS00053(1.0),Employment rates of recent graduates,A,Annual,Y1-3,From 1 to 3 years,ED3-8,"Upper secondary, post-secondary non-tertiary and tertiary education (levels 3-8)",Y20-34,From 20 to 34 years,T,Total,PC,Percentage,EU27_2020,European Union - 27 countries (from 2020),2025,,83.0,,,,,
dataflow,ESTAT:TPS00053(1.0),Employment rates of recent graduates,A,Annual,Y1-3,From 1 to 3 years,ED3-8,"Upper secondary, post-secondary non-tertiary and tertiary education (levels 3-8)",Y20-34,From 20 to 34 years,T,Total,PC,Percentage,FI,Finland,2014,,77.0,,b,break in time series,,
dataflow,ESTAT:TPS00053(1.0),Employment rates of recent graduates,A,Annual,Y1-3,From 1 to 3 years,ED3-8,"Upper secondary, post-secondary non-tertiary and tertiary education (levels 3-8)",Y20-34,From 20 to 34 years,T,Total,PC,Percentage,FI,Finland,2015,,75.5,,,,,
dataflow,ESTAT:TPS00053(1.0),Employment rates of recent graduates,A,Annual,Y1-3,From 1 to 3 years,ED3-8,"Upper secondary, post-secondary non-tertiary and tertiary education (levels 3-8)",Y20-34,From 20 to 34 years,T,Total,PC,Percentage,FI,Finland,2016,,77.4,,,,,
dataflow,ESTAT:TPS00053(1.0),Employment rates of recent graduates,A,Annual,Y1-3,From 1 to 3 years,ED3-8,"Upper secondary, post-secondary non-tertiary and tertiary education (levels 3-8)",Y20-34,From 20 to 34 years,T,Total,PC,Percentage,FI,Finland,2017,,77.0,,,,,
dataflow,ESTAT:TPS00053(1.0),Employment rates of recent graduates,A,Annual,Y1-3,From 1 to 3 years,ED3-8,"Upper secondary, post-secondary non-tertiary and tertiary education (levels 3-8)",Y20-34,From 20 to 34 years,T,Total,PC,Percentage,FI,Finland,2018,,81.7,,,,,
dataflow,ESTAT:TPS00053(1.0),Employment rates of recent graduates,A,Annual,Y1-3,From 1 to 3 years,ED3-8,"Upper secondary, post-secondary non-tertiary and tertiary education (levels 3-8)",Y20-34,From 20 to 34 years,T,Total,PC,Percentage,FI,Finland,2019,,84.4,,,,,
dataflow,ESTAT:TPS00053(1.0),Employment rates of recent graduates,A,Annual,Y1-3,From 1 to 3 years,ED3-8,"Upper secondary, post-secondary non-tertiary and tertiary education (levels 3-8)",Y20-34,From 20 to 34 years,T,Total,PC,Percentage,FI,Finland,2020,,81.5,,,,,
dataflow,ESTAT:TPS00053(1.0),Employment rates of recent graduates,A,Annual,Y1-3,From 1 to 3 years,ED3-8,"Upper secondary, post-secondary non-tertiary and tertiary education (levels 3-8)",Y20-34,From 20 to 34 years,T,Total,PC,Percentage,FI,Finland,2021,,81.5,,b,break in time series,,
dataflow,ESTAT:TPS00053(1.0),Employment rates of recent graduates,A,Annual,Y1-3,From 1 to 3 years,ED3-8,"Upper secondary, post-secondary non-tertiary and tertiary education (levels 3-8)",Y20-34,From 20 to 34 years,T,Total,PC,Percentage,FI,Finland,2022,,83.9,,,,,
dataflow,ESTAT:TPS00053(1.0),Employment rates of recent graduates,A,Annual,Y1-3,From 1 to 3 years,ED3-8,"Upper secondary, post-secondary non-tertiary and tertiary education (levels 3-8)",Y20-34,From 20 to 34 years,T,Total,PC,Percentage,FI,Finland,2023,,84.0,,,,,
dataflow,ESTAT:TPS00053(1.0),Employment rates of recent graduates,A,Annual,Y1-3,From 1 to 3 years,ED3-8,"Upper secondary, post-secondary non-tertiary and tertiary education (levels 3-8)",Y20-34,From 20 to 34 years,T,Total,PC,Percentage,FI,Finland,2024,,82.5,,,,,
dataflow,ESTAT:TPS00053(1.0),Employment rates of recent graduates,A,Annual,Y1-3,From 1 to 3 years,ED3-8,"Upper secondary, post-secondary non-tertiary and tertiary education (levels 3-8)",Y20-34,From 20 to 34 years,T,Total,PC,Percentage,FI,Finland,2025,,79.5,,,,,
dataflow,ESTAT:TPS00053(1.0),Employment rates of recent graduates,A,Annual,Y1-3,From 1 to 3 years,ED3-8,"Upper secondary, post-secondary non-tertiary and tertiary education (levels 3-8)",Y20-34,From 20 to 34 years,T,Total,PC,Percentage,FR,France,2014,,75.5,,b,break in time series,,
dataflow,ESTAT:TPS00053(1.0),Employment rates of recent graduates,A,Annual,Y1-3,From 1 to 3 years,ED3-8,"Upper secondary, post-secondary non-tertiary and tertiary education (levels 3-8)",Y20-34,From 20 to 34 years,T,Total,PC,Percentage,FR,France,2015,,71.8,,,,,
dataflow,ESTAT:TPS00053(1.0),Employment rates of recent graduates,A,Annual,Y1-3,From 1 to 3 years,ED3-8,"Upper secondary, post-secondary non-tertiary and tertiary education (levels 3-8)",Y20-34,From 20 to 34 years,T,Total,PC,Percentage,FR,France,2016,,72.6,,,,,
dataflow,ESTAT:TPS00053(1.0),Employment rates of recent graduates,A,Annual,Y1-3,From 1 to 3 years,ED3-8,"Upper secondary, post-secondary non-tertiary and tertiary education (levels 3-8)",Y20-34,From 20 to 34 years,T,Total,PC,Percentage,FR,France,2017,,73.6,,,,,
dataflow,ESTAT:TPS00053(1.0),Employment rates of recent graduates,A,Annual,Y1-3,From 1 to 3 years,ED3-8,"Upper secondary, post-secondary non-tertiary and tertiary education (levels 3-8)",Y20-34,From 20 to 34 years,T,Total,PC,Percentage,FR,France,2018,,77.9,,,,,
dataflow,ESTAT:TPS00053(1.0),Employment rates of recent graduates,A,Annual,Y1-3,From 1 to 3 years,ED3-8,"Upper secondary, post-secondary non-tertiary and tertiary education (levels 3-8)",Y20-34,From 20 to 34 years,T,Total,PC,Percentage,FR,France,2019,,75.7,,,,,
dataflow,ESTAT:TPS00053(1.0),Employment rates of recent graduates,A,Annual,Y1-3,From 1 to 3 years,ED3-8,"Upper secondary, post-secondary non-tertiary and tertiary education (levels 3-8)",Y20-34,From 20 to 34 years,T,Total,PC,Percentage,FR,France,2020,,74.9,,,,,
dataflow,ESTAT:TPS00053(1.0),Employment rates of recent graduates,A,Annual,Y1-3,From 1 to 3 years,ED3-8,"Upper secondary, post-secondary non-tertiary and tertiary education (levels 3-8)",Y20-34,From 20 to 34 years,T,Total,PC,Percentage,FR,France,2021,,78.1,,bd,"break in time series, definition differs (see metadata)",,
dataflow,ESTAT:TPS00053(1.0),Employment rates of recent graduates,A,Annual,Y1-3,From 1 to 3 years,ED3-8,"Upper secondary, post-secondary non-tertiary and tertiary education (levels 3-8)",Y20-34,From 20 to 34 years,T,Total,PC,Percentage,FR,France,2022,,78.6,,d,definition differs (see metadata),,
dataflow,ESTAT:TPS00053(1.0),Employment rates of recent graduates,A,Annual,Y1-3,From 1 to 3 years,ED3-8,"Upper secondary, post-secondary non-tertiary and tertiary education (levels 3-8)",Y20-34,From 20 to 34 years,T,Total,PC,Percentage,FR,France,2023,,80.1,,d,definition differs (see metadata),,
dataflow,ESTAT:TPS00053(1.0),Employment rates of recent graduates,A,Annual,Y1-3,From 1 to 3 years,ED3-8,"Upper secondary, post-secondary non-tertiary and tertiary education (levels 3-8)",Y20-34,From 20 to 34 years,T,Total,PC,Percentage,FR,France,2024,,76.8,,bd,"break in time series, definition differs (see metadata)",,
dataflow,ESTAT:TPS00053(1.0),Employment rates of recent graduates,A,Annual,Y1-3,From 1 to 3 years,ED3-8,"Upper secondary, post-secondary non-tertiary and tertiary education (levels 3-8)",Y20-34,From 20 to 34 years,T,Total,PC,Percentage,FR,France,2025,,77.8,,d,definition differs (see metadata),,
dataflow,ESTAT:TPS00053(1.0),Employment rates of recent graduates,A,Annual,Y1-3,From 1 to 3 years,ED3-8,"Upper secondary, post-secondary non-tertiary and tertiary education (levels 3-8)",Y20-34,From 20 to 34 years,T,Total,PC,Percentage,HR,Croatia,2014,,63.4,,b,break in time series,,
dataflow,ESTAT:TPS00053(1.0),Employment rates of recent graduates,A,Annual,Y1-3,From 1 to 3 years,ED3-8,"Upper secondary, post-secondary non-tertiary and tertiary education (levels 3-8)",Y20-34,From 20 to 34 years,T,Total,PC,Percentage,HR,Croatia,2015,,62.7,,,,,
dataflow,ESTAT:TPS00053(1.0),Employment rates of recent graduates,A,Annual,Y1-3,From 1 to 3 years,ED3-8,"Upper secondary, post-secondary non-tertiary and tertiary education (levels 3-8)",Y20-34,From 20 to 34 years,T,Total,PC,Percentage,HR,Croatia,2016,,72.7,,,,,
dataflow,ESTAT:TPS00053(1.0),Employment rates of recent graduates,A,Annual,Y1-3,From 1 to 3 years,ED3-8,"Upper secondary, post-secondary non-tertiary and tertiary education (levels 3-8)",Y20-34,From 20 to 34 years,T,Total,PC,Percentage,HR,Croatia,2017,,65.4,,,,,
dataflow,ESTAT:TPS00053(1.0),Employment rates of recent graduates,A,Annual,Y1-3,From 1 to 3 years,ED3-8,"Upper secondary, post-secondary non-tertiary and tertiary education (levels 3-8)",Y20-34,From 20 to 34 years,T,Total,PC,Percentage,HR,Croatia,2018,,70.7,,,,,
dataflow,ESTAT:TPS00053(1.0),Employment rates of recent graduates,A,Annual,Y1-3,From 1 to 3 years,ED3-8,"Upper secondary, post-secondary non-tertiary and tertiary education (levels 3-8)",Y20-34,From 20 to 34 years,T,Total,PC,Percentage,HR,Croatia,2019,,75.3,,,,,
dataflow,ESTAT:TPS00053(1.0),Employment rates of recent graduates,A,Annual,Y1-3,From 1 to 3 years,ED3-8,"Upper secondary, post-secondary non-tertiary and tertiary education (levels 3-8)",Y20-34,From 20 to 34 years,T,Total,PC,Percentage,HR,Croatia,2020,,75.8,,,,,
dataflow,ESTAT:TPS00053(1.0),Employment rates of recent graduates,A,Annual,Y1-3,From 1 to 3 years,ED3-8,"Upper secondary, post-secondary non-tertiary and tertiary education (levels 3-8)",Y20-34,From 20 to 34 years,T,Total,PC,Percentage,HR,Croatia,2021,,75.8,,b,break in time series,,
dataflow,ESTAT:TPS00053(1.0),Employment rates of recent graduates,A,Annual,Y1-3,From 1 to 3 years,ED3-8,"Upper secondary, post-secondary non-tertiary and tertiary education (levels 3-8)",Y20-34,From 20 to 34 years,T,Total,PC,Percentage,HR,Croatia,2022,,79.7,,,,,
dataflow,ESTAT:TPS00053(1.0),Employment rates of recent graduates,A,Annual,Y1-3,From 1 to 3 years,ED3-8,"Upper secondary, post-secondary non-tertiary and tertiary education (levels 3-8)",Y20-34,From 20 to 34 years,T,Total,PC,Percentage,HR,Croatia,2023,,78.1,,,,,
dataflow,ESTAT:TPS00053(1.0),Employment rates of recent graduates,A,Annual,Y1-3,From 1 to 3 years,ED3-8,"Upper secondary, post-secondary non-tertiary and tertiary education (levels 3-8)",Y20-34,From 20 to 34 years,T,Total,PC,Percentage,HR,Croatia,2024,,81.4,,,,,
dataflow,ESTAT:TPS00053(1.0),Employment rates of recent graduates,A,Annual,Y1-3,From 1 to 3 years,ED3-8,"Upper secondary, post-secondary non-tertiary and tertiary education (levels 3-8)",Y20-34,From 20 to 34 years,T,Total,PC,Percentage,HR,Croatia,2025,,78.1,,,,,
dataflow,ESTAT:TPS00053(1.0),Employment rates of recent graduates,A,Annual,Y1-3,From 1 to 3 years,ED3-8,"Upper secondary, post-secondary non-tertiary and tertiary education (levels 3-8)",Y20-34,From 20 to 34 years,T,Total,PC,Percentage,HU,Hungary,2014,,78.5,,b,break in time series,,
dataflow,ESTAT:TPS00053(1.0),Employment rates of recent graduates,A,Annual,Y1-3,From 1 to 3 years,ED3-8,"Upper secondary, post-secondary non-tertiary and tertiary education (levels 3-8)",Y20-34,From 20 to 34 years,T,Total,PC,Percentage,HU,Hungary,2015,,80.4,,b,break in time series,,
dataflow,ESTAT:TPS00053(1.0),Employment rates of recent graduates,A,Annual,Y1-3,From 1 to 3 years,ED3-8,"Upper secondary, post-secondary non-tertiary and tertiary education (levels 3-8)",Y20-34,From 20 to 34 years,T,Total,PC,Percentage,HU,Hungary,2016,,85.0,,,,,
dataflow,ESTAT:TPS00053(1.0),Employment rates of recent graduates,A,Annual,Y1-3,From 1 to 3 years,ED3-8,"Upper secondary, post-secondary non-tertiary and tertiary education (levels 3-8)",Y20-34,From 20 to 34 years,T,Total,PC,Percentage,HU,Hungary,2017,,84.7,,,,,
dataflow,ESTAT:TPS00053(1.0),Employment rates of recent graduates,A,Annual,Y1-3,From 1 to 3 years,ED3-8,"Upper secondary, post-secondary non-tertiary and tertiary education (levels 3-8)",Y20-34,From 20 to 34 years,T,Total,PC,Percentage,HU,Hungary,2018,,87.5,,b,break in time series,,
dataflow,ESTAT:TPS00053(1.0),Employment rates of recent graduates,A,Annual,Y1-3,From 1 to 3 years,ED3-8,"Upper secondary, post-secondary non-tertiary and tertiary education (levels 3-8)",Y20-34,From 20 to 34 years,T,Total,PC,Percentage,HU,Hungary,2019,,85.6,,,,,
dataflow,ESTAT:TPS00053(1.0),Employment rates of recent graduates,A,Annual,Y1-3,From 1 to 3 years,ED3-8,"Upper secondary, post-secondary non-tertiary and tertiary education (levels 3-8)",Y20-34,From 20 to 34 years,T,Total,PC,Percentage,HU,Hungary,2020,,82.3,,,,,
dataflow,ESTAT:TPS00053(1.0),Employment rates of recent graduates,A,Annual,Y1-3,From 1 to 3 years,ED3-8,"Upper secondary, post-secondary non-tertiary and tertiary education (levels 3-8)",Y20-34,From 20 to 34 years,T,Total,PC,Percentage,HU,Hungary,2021,,85.6,,b,break in time series,,
dataflow,ESTAT:TPS00053(1.0),Employment rates of recent graduates,A,Annual,Y1-3,From 1 to 3 years,ED3-8,"Upper secondary, post-secondary non-tertiary and tertiary education (levels 3-8)",Y20-34,From 20 to 34 years,T,Total,PC,Percentage,HU,Hungary,2022,,89.3,,,,,
dataflow,ESTAT:TPS00053(1.0),Employment rates of recent graduates,A,Annual,Y1-3,From 1 to 3 years,ED3-8,"Upper secondary, post-secondary non-tertiary and tertiary education (levels 3-8)",Y20-34,From 20 to 34 years,T,Total,PC,Percentage,HU,Hungary,2023,,88.4,,,,,
dataflow,ESTAT:TPS00053(1.0),Employment rates of recent graduates,A,Annual,Y1-3,From 1 to 3 years,ED3-8,"Upper secondary, post-secondary non-tertiary and tertiary education (levels 3-8)",Y20-34,From 20 to 34 years,T,Total,PC,Percentage,HU,Hungary,2024,,88.0,,,,,
dataflow,ESTAT:TPS00053(1.0),Employment rates of recent graduates,A,Annual,Y1-3,From 1 to 3 years,ED3-8,"Upper secondary, post-secondary non-tertiary and tertiary education (levels 3-8)",Y20-34,From 20 to 34 years,T,Total,PC,Percentage,HU,Hungary,2025,,86.7,,,,,
dataflow,ESTAT:TPS00053(1.0),Employment rates of recent graduates,A,Annual,Y1-3,From 1 to 3 years,ED3-8,"Upper secondary, post-secondary non-tertiary and tertiary education (levels 3-8)",Y20-34,From 20 to 34 years,T,Total,PC,Percentage,IE,Ireland,2014,,76.0,,b,break in time series,,
dataflow,ESTAT:TPS00053(1.0),Employment rates of recent graduates,A,Annual,Y1-3,From 1 to 3 years,ED3-8,"Upper secondary, post-secondary non-tertiary and tertiary education (levels 3-8)",Y20-34,From 20 to 34 years,T,Total,PC,Percentage,IE,Ireland,2015,,77.9,,,,,
dataflow,ESTAT:TPS00053(1.0),Employment rates of recent graduates,A,Annual,Y1-3,From 1 to 3 years,ED3-8,"Upper secondary, post-secondary non-tertiary and tertiary education (levels 3-8)",Y20-34,From 20 to 34 years,T,Total,PC,Percentage,IE,Ireland,2016,,82.2,,,,,
dataflow,ESTAT:TPS00053(1.0),Employment rates of recent graduates,A,Annual,Y1-3,From 1 to 3 years,ED3-8,"Upper secondary, post-secondary non-tertiary and tertiary education (levels 3-8)",Y20-34,From 20 to 34 years,T,Total,PC,Percentage,IE,Ireland,2017,,83.5,,b,break in time series,,
dataflow,ESTAT:TPS00053(1.0),Employment rates of recent graduates,A,Annual,Y1-3,From 1 to 3 years,ED3-8,"Upper secondary, post-secondary non-tertiary and tertiary education (levels 3-8)",Y20-34,From 20 to 34 years,T,Total,PC,Percentage,IE,Ireland,2018,,84.3,,,,,
dataflow,ESTAT:TPS00053(1.0),Employment rates of recent graduates,A,Annual,Y1-3,From 1 to 3 years,ED3-8,"Upper secondary, post-secondary non-tertiary and tertiary education (levels 3-8)",Y20-34,From 20 to 34 years,T,Total,PC,Percentage,IE,Ireland,2019,,84.5,,,,,
dataflow,ESTAT:TPS00053(1.0),Employment rates of recent graduates,A,Annual,Y1-3,From 1 to 3 years,ED3-8,"Upper secondary, post-secondary non-tertiary and tertiary education (levels 3-8)",Y20-34,From 20 to 34 years,T,Total,PC,Percentage,IE,Ireland,2020,,79.5,,,,,
dataflow,ESTAT:TPS00053(1.0),Employment rates of recent graduates,A,Annual,Y1-3,From 1 to 3 years,ED3-8,"Upper secondary, post-secondary non-tertiary and tertiary education (levels 3-8)",Y20-34,From 20 to 34 years,T,Total,PC,Percentage,IE,Ireland,2021,,86.5,,b,break in time series,,
dataflow,ESTAT:TPS00053(1.0),Employment rates of recent graduates,A,Annual,Y1-3,From 1 to 3 years,ED3-8,"Upper secondary, post-secondary non-tertiary and tertiary education (levels 3-8)",Y20-34,From 20 to 34 years,T,Total,PC,Percentage,IE,Ireland,2022,,87.3,,,,,
dataflow,ESTAT:TPS00053(1.0),Employment rates of recent graduates,A,Annual,Y1-3,From 1 to 3 years,ED3-8,"Upper secondary, post-secondary non-tertiary and tertiary education (levels 3-8)",Y20-34,From 20 to 34 years,T,Total,PC,Percentage,IE,Ireland,2023,,88.7,,,,,
dataflow,ESTAT:TPS00053(1.0),Employment rates of recent graduates,A,Annual,Y1-3,From 1 to 3 years,ED3-8,"Upper secondary, post-secondary non-tertiary and tertiary education (levels 3-8)",Y20-34,From 20 to 34 years,T,Total,PC,Percentage,IE,Ireland,2024,,87.7,,b,break in time series,,
dataflow,ESTAT:TPS00053(1.0),Employment rates of recent graduates,A,Annual,Y1-3,From 1 to 3 years,ED3-8,"Upper secondary, post-secondary non-tertiary and tertiary education (levels 3-8)",Y20-34,From 20 to 34 years,T,Total,PC,Percentage,IE,Ireland,2025,,89.1,,,,,
dataflow,ESTAT:TPS00053(1.0),Employment rates of recent graduates,A,Annual,Y1-3,From 1 to 3 years,ED3-8,"Upper secondary, post-secondary non-tertiary and tertiary education (levels 3-8)",Y20-34,From 20 to 34 years,T,Total,PC,Percentage,IS,Iceland,2014,,88.8,,b,break in time series,,
dataflow,ESTAT:TPS00053(1.0),Employment rates of recent graduates,A,Annual,Y1-3,From 1 to 3 years,ED3-8,"Upper secondary, post-secondary non-tertiary and tertiary education (levels 3-8)",Y20-34,From 20 to 34 years,T,Total,PC,Percentage,IS,Iceland,2015,,92.0,,,,,
dataflow,ESTAT:TPS00053(1.0),Employment rates of recent graduates,A,Annual,Y1-3,From 1 to 3 years,ED3-8,"Upper secondary, post-secondary non-tertiary and tertiary education (levels 3-8)",Y20-34,From 20 to 34 years,T,Total,PC,Percentage,IS,Iceland,2016,,94.7,,,,,
dataflow,ESTAT:TPS00053(1.0),Employment rates of recent graduates,A,Annual,Y1-3,From 1 to 3 years,ED3-8,"Upper secondary, post-secondary non-tertiary and tertiary education (levels 3-8)",Y20-34,From 20 to 34 years,T,Total,PC,Percentage,IS,Iceland,2017,,94.8,,,,,
dataflow,ESTAT:TPS00053(1.0),Employment rates of recent graduates,A,Annual,Y1-3,From 1 to 3 years,ED3-8,"Upper secondary, post-secondary non-tertiary and tertiary education (levels 3-8)",Y20-34,From 20 to 34 years,T,Total,PC,Percentage,IS,Iceland,2018,,94.4,,,,,
dataflow,ESTAT:TPS00053(1.0),Employment rates of recent graduates,A,Annual,Y1-3,From 1 to 3 years,ED3-8,"Upper secondary, post-secondary non-tertiary and tertiary education (levels 3-8)",Y20-34,From 20 to 34 years,T,Total,PC,Percentage,IS,Iceland,2019,,91.5,,,,,
dataflow,ESTAT:TPS00053(1.0),Employment rates of recent graduates,A,Annual,Y1-3,From 1 to 3 years,ED3-8,"Upper secondary, post-secondary non-tertiary and tertiary education (levels 3-8)",Y20-34,From 20 to 34 years,T,Total,PC,Percentage,IS,Iceland,2020,,88.0,,b,break in time series,,
dataflow,ESTAT:TPS00053(1.0),Employment rates of recent graduates,A,Annual,Y1-3,From 1 to 3 years,ED3-8,"Upper secondary, post-secondary non-tertiary and tertiary education (levels 3-8)",Y20-34,From 20 to 34 years,T,Total,PC,Percentage,IS,Iceland,2022,,92.1,,,,,
dataflow,ESTAT:TPS00053(1.0),Employment rates of recent graduates,A,Annual,Y1-3,From 1 to 3 years,ED3-8,"Upper secondary, post-secondary non-tertiary and tertiary education (levels 3-8)",Y20-34,From 20 to 34 years,T,Total,PC,Percentage,IS,Iceland,2023,,92.8,,,,,
dataflow,ESTAT:TPS00053(1.0),Employment rates of recent graduates,A,Annual,Y1-3,From 1 to 3 years,ED3-8,"Upper secondary, post-secondary non-tertiary and tertiary education (levels 3-8)",Y20-34,From 20 to 34 years,T,Total,PC,Percentage,IS,Iceland,2025,,91.4,,,,,
dataflow,ESTAT:TPS00053(1.0),Employment rates of recent graduates,A,Annual,Y1-3,From 1 to 3 years,ED3-8,"Upper secondary, post-secondary non-tertiary and tertiary education (levels 3-8)",Y20-34,From 20 to 34 years,T,Total,PC,Percentage,IT,Italy,2014,,45.0,,b,break in time series,,
dataflow,ESTAT:TPS00053(1.0),Employment rates of recent graduates,A,Annual,Y1-3,From 1 to 3 years,ED3-8,"Upper secondary, post-secondary non-tertiary and tertiary education (levels 3-8)",Y20-34,From 20 to 34 years,T,Total,PC,Percentage,IT,Italy,2015,,48.5,,,,,
dataflow,ESTAT:TPS00053(1.0),Employment rates of recent graduates,A,Annual,Y1-3,From 1 to 3 years,ED3-8,"Upper secondary, post-secondary non-tertiary and tertiary education (levels 3-8)",Y20-34,From 20 to 34 years,T,Total,PC,Percentage,IT,Italy,2016,,52.9,,,,,
dataflow,ESTAT:TPS00053(1.0),Employment rates of recent graduates,A,Annual,Y1-3,From 1 to 3 years,ED3-8,"Upper secondary, post-secondary non-tertiary and tertiary education (levels 3-8)",Y20-34,From 20 to 34 years,T,Total,PC,Percentage,IT,Italy,2017,,55.2,,,,,
dataflow,ESTAT:TPS00053(1.0),Employment rates of recent graduates,A,Annual,Y1-3,From 1 to 3 years,ED3-8,"Upper secondary, post-secondary non-tertiary and tertiary education (levels 3-8)",Y20-34,From 20 to 34 years,T,Total,PC,Percentage,IT,Italy,2018,,56.6,,b,break in time series,,
dataflow,ESTAT:TPS00053(1.0),Employment rates of recent graduates,A,Annual,Y1-3,From 1 to 3 years,ED3-8,"Upper secondary, post-secondary non-tertiary and tertiary education (levels 3-8)",Y20-34,From 20 to 34 years,T,Total,PC,Percentage,IT,Italy,2019,,58.8,,,,,
dataflow,ESTAT:TPS00053(1.0),Employment rates of recent graduates,A,Annual,Y1-3,From 1 to 3 years,ED3-8,"Upper secondary, post-secondary non-tertiary and tertiary education (levels 3-8)",Y20-34,From 20 to 34 years,T,Total,PC,Percentage,IT,Italy,2020,,57.0,,,,,
dataflow,ESTAT:TPS00053(1.0),Employment rates of recent graduates,A,Annual,Y1-3,From 1 to 3 years,ED3-8,"Upper secondary, post-secondary non-tertiary and tertiary education (levels 3-8)",Y20-34,From 20 to 34 years,T,Total,PC,Percentage,IT,Italy,2021,,57.9,,b,break in time series,,
dataflow,ESTAT:TPS00053(1.0),Employment rates of recent graduates,A,Annual,Y1-3,From 1 to 3 years,ED3-8,"Upper secondary, post-secondary non-tertiary and tertiary education (levels 3-8)",Y20-34,From 20 to 34 years,T,Total,PC,Percentage,IT,Italy,2022,,65.2,,,,,
dataflow,ESTAT:TPS00053(1.0),Employment rates of recent graduates,A,Annual,Y1-3,From 1 to 3 years,ED3-8,"Upper secondary, post-secondary non-tertiary and tertiary education (levels 3-8)",Y20-34,From 20 to 34 years,T,Total,PC,Percentage,IT,Italy,2023,,67.5,,,,,
dataflow,ESTAT:TPS00053(1.0),Employment rates of recent graduates,A,Annual,Y1-3,From 1 to 3 years,ED3-8,"Upper secondary, post-secondary non-tertiary and tertiary education (levels 3-8)",Y20-34,From 20 to 34 years,T,Total,PC,Percentage,IT,Italy,2024,,69.6,,,,,
dataflow,ESTAT:TPS00053(1.0),Employment rates of recent graduates,A,Annual,Y1-3,From 1 to 3 years,ED3-8,"Upper secondary, post-secondary non-tertiary and tertiary education (levels 3-8)",Y20-34,From 20 to 34 years,T,Total,PC,Percentage,IT,Italy,2025,,71.8,,,,,
dataflow,ESTAT:TPS00053(1.0),Employment rates of recent graduates,A,Annual,Y1-3,From 1 to 3 years,ED3-8,"Upper secondary, post-secondary non-tertiary and tertiary education (levels 3-8)",Y20-34,From 20 to 34 years,T,Total,PC,Percentage,LT,Lithuania,2014,,80.7,,b,break in time series,,
dataflow,ESTAT:TPS00053(1.0),Employment rates of recent graduates,A,Annual,Y1-3,From 1 to 3 years,ED3-8,"Upper secondary, post-secondary non-tertiary and tertiary education (levels 3-8)",Y20-34,From 20 to 34 years,T,Total,PC,Percentage,LT,Lithuania,2015,,82.1,,,,,
dataflow,ESTAT:TPS00053(1.0),Employment rates of recent graduates,A,Annual,Y1-3,From 1 to 3 years,ED3-8,"Upper secondary, post-secondary non-tertiary and tertiary education (levels 3-8)",Y20-34,From 20 to 34 years,T,Total,PC,Percentage,LT,Lithuania,2016,,82.4,,,,,
dataflow,ESTAT:TPS00053(1.0),Employment rates of recent graduates,A,Annual,Y1-3,From 1 to 3 years,ED3-8,"Upper secondary, post-secondary non-tertiary and tertiary education (levels 3-8)",Y20-34,From 20 to 34 years,T,Total,PC,Percentage,LT,Lithuania,2017,,83.9,,,,,
dataflow,ESTAT:TPS00053(1.0),Employment rates of recent graduates,A,Annual,Y1-3,From 1 to 3 years,ED3-8,"Upper secondary, post-secondary non-tertiary and tertiary education (levels 3-8)",Y20-34,From 20 to 34 years,T,Total,PC,Percentage,LT,Lithuania,2018,,84.7,,,,,
dataflow,ESTAT:TPS00053(1.0),Employment rates of recent graduates,A,Annual,Y1-3,From 1 to 3 years,ED3-8,"Upper secondary, post-secondary non-tertiary and tertiary education (levels 3-8)",Y20-34,From 20 to 34 years,T,Total,PC,Percentage,LT,Lithuania,2019,,80.1,,,,,
dataflow,ESTAT:TPS00053(1.0),Employment rates of recent graduates,A,Annual,Y1-3,From 1 to 3 years,ED3-8,"Upper secondary, post-secondary non-tertiary and tertiary education (levels 3-8)",Y20-34,From 20 to 34 years,T,Total,PC,Percentage,LT,Lithuania,2020,,74.5,,,,,
dataflow,ESTAT:TPS00053(1.0),Employment rates of recent graduates,A,Annual,Y1-3,From 1 to 3 years,ED3-8,"Upper secondary, post-secondary non-tertiary and tertiary education (levels 3-8)",Y20-34,From 20 to 34 years,T,Total,PC,Percentage,LT,Lithuania,2021,,79.9,,b,break in time series,,
dataflow,ESTAT:TPS00053(1.0),Employment rates of recent graduates,A,Annual,Y1-3,From 1 to 3 years,ED3-8,"Upper secondary, post-secondary non-tertiary and tertiary education (levels 3-8)",Y20-34,From 20 to 34 years,T,Total,PC,Percentage,LT,Lithuania,2022,,83.4,,,,,
dataflow,ESTAT:TPS00053(1.0),Employment rates of recent graduates,A,Annual,Y1-3,From 1 to 3 years,ED3-8,"Upper secondary, post-secondary non-tertiary and tertiary education (levels 3-8)",Y20-34,From 20 to 34 years,T,Total,PC,Percentage,LT,Lithuania,2023,,80.0,,,,,
dataflow,ESTAT:TPS00053(1.0),Employment rates of recent graduates,A,Annual,Y1-3,From 1 to 3 years,ED3-8,"Upper secondary, post-secondary non-tertiary and tertiary education (levels 3-8)",Y20-34,From 20 to 34 years,T,Total,PC,Percentage,LT,Lithuania,2024,,78.1,,,,,
dataflow,ESTAT:TPS00053(1.0),Employment rates of recent graduates,A,Annual,Y1-3,From 1 to 3 years,ED3-8,"Upper secondary, post-secondary non-tertiary and tertiary education (levels 3-8)",Y20-34,From 20 to 34 years,T,Total,PC,Percentage,LT,Lithuania,2025,,86.4,,,,,
dataflow,ESTAT:TPS00053(1.0),Employment rates of recent graduates,A,Annual,Y1-3,From 1 to 3 years,ED3-8,"Upper secondary, post-secondary non-tertiary and tertiary education (levels 3-8)",Y20-34,From 20 to 34 years,T,Total,PC,Percentage,LU,Luxembourg,2014,,83.8,,b,break in time series,,
dataflow,ESTAT:TPS00053(1.0),Employment rates of recent graduates,A,Annual,Y1-3,From 1 to 3 years,ED3-8,"Upper secondary, post-secondary non-tertiary and tertiary education (levels 3-8)",Y20-34,From 20 to 34 years,T,Total,PC,Percentage,LU,Luxembourg,2015,,84.7,,b,break in time series,,
dataflow,ESTAT:TPS00053(1.0),Employment rates of recent graduates,A,Annual,Y1-3,From 1 to 3 years,ED3-8,"Upper secondary, post-secondary non-tertiary and tertiary education (levels 3-8)",Y20-34,From 20 to 34 years,T,Total,PC,Percentage,LU,Luxembourg,2016,,85.4,,,,,
dataflow,ESTAT:TPS00053(1.0),Employment rates of recent graduates,A,Annual,Y1-3,From 1 to 3 years,ED3-8,"Upper secondary, post-secondary non-tertiary and tertiary education (levels 3-8)",Y20-34,From 20 to 34 years,T,Total,PC,Percentage,LU,Luxembourg,2017,,88.5,,,,,
dataflow,ESTAT:TPS00053(1.0),Employment rates of recent graduates,A,Annual,Y1-3,From 1 to 3 years,ED3-8,"Upper secondary, post-secondary non-tertiary and tertiary education (levels 3-8)",Y20-34,From 20 to 34 years,T,Total,PC,Percentage,LU,Luxembourg,2018,,87.9,,,,,
dataflow,ESTAT:TPS00053(1.0),Employment rates of recent graduates,A,Annual,Y1-3,From 1 to 3 years,ED3-8,"Upper secondary, post-secondary non-tertiary and tertiary education (levels 3-8)",Y20-34,From 20 to 34 years,T,Total,PC,Percentage,LU,Luxembourg,2019,,89.4,,,,,
dataflow,ESTAT:TPS00053(1.0),Employment rates of recent graduates,A,Annual,Y1-3,From 1 to 3 years,ED3-8,"Upper secondary, post-secondary non-tertiary and tertiary education (levels 3-8)",Y20-34,From 20 to 34 years,T,Total,PC,Percentage,LU,Luxembourg,2020,,80.5,,,,,
dataflow,ESTAT:TPS00053(1.0),Employment rates of recent graduates,A,Annual,Y1-3,From 1 to 3 years,ED3-8,"Upper secondary, post-secondary non-tertiary and tertiary education (levels 3-8)",Y20-34,From 20 to 34 years,T,Total,PC,Percentage,LU,Luxembourg,2021,,83.4,,b,break in time series,,
dataflow,ESTAT:TPS00053(1.0),Employment rates of recent graduates,A,Annual,Y1-3,From 1 to 3 years,ED3-8,"Upper secondary, post-secondary non-tertiary and tertiary education (levels 3-8)",Y20-34,From 20 to 34 years,T,Total,PC,Percentage,LU,Luxembourg,2022,,93.4,,,,,
dataflow,ESTAT:TPS00053(1.0),Employment rates of recent graduates,A,Annual,Y1-3,From 1 to 3 years,ED3-8,"Upper secondary, post-secondary non-tertiary and tertiary education (levels 3-8)",Y20-34,From 20 to 34 years,T,Total,PC,Percentage,LU,Luxembourg,2023,,84.7,,,,,
dataflow,ESTAT:TPS00053(1.0),Employment rates of recent graduates,A,Annual,Y1-3,From 1 to 3 years,ED3-8,"Upper secondary, post-secondary non-tertiary and tertiary education (levels 3-8)",Y20-34,From 20 to 34 years,T,Total,PC,Percentage,LU,Luxembourg,2024,,77.9,,,,,
dataflow,ESTAT:TPS00053(1.0),Employment rates of recent graduates,A,Annual,Y1-3,From 1 to 3 years,ED3-8,"Upper secondary, post-secondary non-tertiary and tertiary education (levels 3-8)",Y20-34,From 20 to 34 years,T,Total,PC,Percentage,LU,Luxembourg,2025,,84.7,,,,,
dataflow,ESTAT:TPS00053(1.0),Employment rates of recent graduates,A,Annual,Y1-3,From 1 to 3 years,ED3-8,"Upper secondary, post-secondary non-tertiary and tertiary education (levels 3-8)",Y20-34,From 20 to 34 years,T,Total,PC,Percentage,LV,Latvia,2014,,77.0,,b,break in time series,,
dataflow,ESTAT:TPS00053(1.0),Employment rates of recent graduates,A,Annual,Y1-3,From 1 to 3 years,ED3-8,"Upper secondary, post-secondary non-tertiary and tertiary education (levels 3-8)",Y20-34,From 20 to 34 years,T,Total,PC,Percentage,LV,Latvia,2015,,78.8,,,,,
dataflow,ESTAT:TPS00053(1.0),Employment rates of recent graduates,A,Annual,Y1-3,From 1 to 3 years,ED3-8,"Upper secondary, post-secondary non-tertiary and tertiary education (levels 3-8)",Y20-34,From 20 to 34 years,T,Total,PC,Percentage,LV,Latvia,2016,,81.4,,,,,
dataflow,ESTAT:TPS00053(1.0),Employment rates of recent graduates,A,Annual,Y1-3,From 1 to 3 years,ED3-8,"Upper secondary, post-secondary non-tertiary and tertiary education (levels 3-8)",Y20-34,From 20 to 34 years,T,Total,PC,Percentage,LV,Latvia,2017,,78.0,,,,,
dataflow,ESTAT:TPS00053(1.0),Employment rates of recent graduates,A,Annual,Y1-3,From 1 to 3 years,ED3-8,"Upper secondary, post-secondary non-tertiary and tertiary education (levels 3-8)",Y20-34,From 20 to 34 years,T,Total,PC,Percentage,LV,Latvia,2018,,84.1,,,,,
dataflow,ESTAT:TPS00053(1.0),Employment rates of recent graduates,A,Annual,Y1-3,From 1 to 3 years,ED3-8,"Upper secondary, post-secondary non-tertiary and tertiary education (levels 3-8)",Y20-34,From 20 to 34 years,T,Total,PC,Percentage,LV,Latvia,2019,,84.1,,,,,
dataflow,ESTAT:TPS00053(1.0),Employment rates of recent graduates,A,Annual,Y1-3,From 1 to 3 years,ED3-8,"Upper secondary, post-secondary non-tertiary and tertiary education (levels 3-8)",Y20-34,From 20 to 34 years,T,Total,PC,Percentage,LV,Latvia,2020,,79.1,,,,,
dataflow,ESTAT:TPS00053(1.0),Employment rates of recent graduates,A,Annual,Y1-3,From 1 to 3 years,ED3-8,"Upper secondary, post-secondary non-tertiary and tertiary education (levels 3-8)",Y20-34,From 20 to 34 years,T,Total,PC,Percentage,LV,Latvia,2021,,78.1,,b,break in time series,,
dataflow,ESTAT:TPS00053(1.0),Employment rates of recent graduates,A,Annual,Y1-3,From 1 to 3 years,ED3-8,"Upper secondary, post-secondary non-tertiary and tertiary education (levels 3-8)",Y20-34,From 20 to 34 years,T,Total,PC,Percentage,LV,Latvia,2022,,85.3,,,,,
dataflow,ESTAT:TPS00053(1.0),Employment rates of recent graduates,A,Annual,Y1-3,From 1 to 3 years,ED3-8,"Upper secondary, post-secondary non-tertiary and tertiary education (levels 3-8)",Y20-34,From 20 to 34 years,T,Total,PC,Percentage,LV,Latvia,2023,,85.2,,,,,
dataflow,ESTAT:TPS00053(1.0),Employment rates of recent graduates,A,Annual,Y1-3,From 1 to 3 years,ED3-8,"Upper secondary, post-secondary non-tertiary and tertiary education (levels 3-8)",Y20-34,From 20 to 34 years,T,Total,PC,Percentage,LV,Latvia,2024,,76.9,,,,,
dataflow,ESTAT:TPS00053(1.0),Employment rates of recent graduates,A,Annual,Y1-3,From 1 to 3 years,ED3-8,"Upper secondary, post-secondary non-tertiary and tertiary education (levels 3-8)",Y20-34,From 20 to 34 years,T,Total,PC,Percentage,LV,Latvia,2025,,83.1,,,,,
dataflow,ESTAT:TPS00053(1.0),Employment rates of recent graduates,A,Annual,Y1-3,From 1 to 3 years,ED3-8,"Upper secondary, post-secondary non-tertiary and tertiary education (levels 3-8)",Y20-34,From 20 to 34 years,T,Total,PC,Percentage,ME,Montenegro,2014,,54.8,,b,break in time series,,
dataflow,ESTAT:TPS00053(1.0),Employment rates of recent graduates,A,Annual,Y1-3,From 1 to 3 years,ED3-8,"Upper secondary, post-secondary non-tertiary and tertiary education (levels 3-8)",Y20-34,From 20 to 34 years,T,Total,PC,Percentage,ME,Montenegro,2015,,61.3,,,,,
dataflow,ESTAT:TPS00053(1.0),Employment rates of recent graduates,A,Annual,Y1-3,From 1 to 3 years,ED3-8,"Upper secondary, post-secondary non-tertiary and tertiary education (levels 3-8)",Y20-34,From 20 to 34 years,T,Total,PC,Percentage,ME,Montenegro,2016,,58.7,,,,,
dataflow,ESTAT:TPS00053(1.0),Employment rates of recent graduates,A,Annual,Y1-3,From 1 to 3 years,ED3-8,"Upper secondary, post-secondary non-tertiary and tertiary education (levels 3-8)",Y20-34,From 20 to 34 years,T,Total,PC,Percentage,ME,Montenegro,2017,,61.3,,,,,
dataflow,ESTAT:TPS00053(1.0),Employment rates of recent graduates,A,Annual,Y1-3,From 1 to 3 years,ED3-8,"Upper secondary, post-secondary non-tertiary and tertiary education (levels 3-8)",Y20-34,From 20 to 34 years,T,Total,PC,Percentage,ME,Montenegro,2018,,61.2,,,,,
dataflow,ESTAT:TPS00053(1.0),Employment rates of recent graduates,A,Annual,Y1-3,From 1 to 3 years,ED3-8,"Upper secondary, post-secondary non-tertiary and tertiary education (levels 3-8)",Y20-34,From 20 to 34 years,T,Total,PC,Percentage,ME,Montenegro,2019,,65.4,,,,,
dataflow,ESTAT:TPS00053(1.0),Employment rates of recent graduates,A,Annual,Y1-3,From 1 to 3 years,ED3-8,"Upper secondary, post-secondary non-tertiary and tertiary education (levels 3-8)",Y20-34,From 20 to 34 years,T,Total,PC,Percentage,ME,Montenegro,2020,,54.1,,,,,
dataflow,ESTAT:TPS00053(1.0),Employment rates of recent graduates,A,Annual,Y1-3,From 1 to 3 years,ED3-8,"Upper secondary, post-secondary non-tertiary and tertiary education (levels 3-8)",Y20-34,From 20 to 34 years,T,Total,PC,Percentage,MK,North Macedonia,2014,,42.6,,b,break in time series,,
dataflow,ESTAT:TPS00053(1.0),Employment rates of recent graduates,A,Annual,Y1-3,From 1 to 3 years,ED3-8,"Upper secondary, post-secondary non-tertiary and tertiary education (levels 3-8)",Y20-34,From 20 to 34 years,T,Total,PC,Percentage,MK,North Macedonia,2015,,48.0,,,,,
dataflow,ESTAT:TPS00053(1.0),Employment rates of recent graduates,A,Annual,Y1-3,From 1 to 3 years,ED3-8,"Upper secondary, post-secondary non-tertiary and tertiary education (levels 3-8)",Y20-34,From 20 to 34 years,T,Total,PC,Percentage,MK,North Macedonia,2016,,46.9,,,,,
dataflow,ESTAT:TPS00053(1.0),Employment rates of recent graduates,A,Annual,Y1-3,From 1 to 3 years,ED3-8,"Upper secondary, post-secondary non-tertiary and tertiary education (levels 3-8)",Y20-34,From 20 to 34 years,T,Total,PC,Percentage,MK,North Macedonia,2017,,50.0,,,,,
dataflow,ESTAT:TPS00053(1.0),Employment rates of recent graduates,A,Annual,Y1-3,From 1 to 3 years,ED3-8,"Upper secondary, post-secondary non-tertiary and tertiary education (levels 3-8)",Y20-34,From 20 to 34 years,T,Total,PC,Percentage,MK,North Macedonia,2018,,49.2,,,,,
dataflow,ESTAT:TPS00053(1.0),Employment rates of recent graduates,A,Annual,Y1-3,From 1 to 3 years,ED3-8,"Upper secondary, post-secondary non-tertiary and tertiary education (levels 3-8)",Y20-34,From 20 to 34 years,T,Total,PC,Percentage,MK,North Macedonia,2019,,57.2,,,,,
dataflow,ESTAT:TPS00053(1.0),Employment rates of recent graduates,A,Annual,Y1-3,From 1 to 3 years,ED3-8,"Upper secondary, post-secondary non-tertiary and tertiary education (levels 3-8)",Y20-34,From 20 to 34 years,T,Total,PC,Percentage,MK,North Macedonia,2020,,54.5,,,,,
dataflow,ESTAT:TPS00053(1.0),Employment rates of recent graduates,A,Annual,Y1-3,From 1 to 3 years,ED3-8,"Upper secondary, post-secondary non-tertiary and tertiary education (levels 3-8)",Y20-34,From 20 to 34 years,T,Total,PC,Percentage,MK,North Macedonia,2021,,58.3,,b,break in time series,,
dataflow,ESTAT:TPS00053(1.0),Employment rates of recent graduates,A,Annual,Y1-3,From 1 to 3 years,ED3-8,"Upper secondary, post-secondary non-tertiary and tertiary education (levels 3-8)",Y20-34,From 20 to 34 years,T,Total,PC,Percentage,MK,North Macedonia,2022,,58.4,,,,,
dataflow,ESTAT:TPS00053(1.0),Employment rates of recent graduates,A,Annual,Y1-3,From 1 to 3 years,ED3-8,"Upper secondary, post-secondary non-tertiary and tertiary education (levels 3-8)",Y20-34,From 20 to 34 years,T,Total,PC,Percentage,MK,North Macedonia,2023,,62.6,,,,,
dataflow,ESTAT:TPS00053(1.0),Employment rates of recent graduates,A,Annual,Y1-3,From 1 to 3 years,ED3-8,"Upper secondary, post-secondary non-tertiary and tertiary education (levels 3-8)",Y20-34,From 20 to 34 years,T,Total,PC,Percentage,MK,North Macedonia,2024,,62.0,,,,,
dataflow,ESTAT:TPS00053(1.0),Employment rates of recent graduates,A,Annual,Y1-3,From 1 to 3 years,ED3-8,"Upper secondary, post-secondary non-tertiary and tertiary education (levels 3-8)",Y20-34,From 20 to 34 years,T,Total,PC,Percentage,MK,North Macedonia,2025,,58.9,,,,,
dataflow,ESTAT:TPS00053(1.0),Employment rates of recent graduates,A,Annual,Y1-3,From 1 to 3 years,ED3-8,"Upper secondary, post-secondary non-tertiary and tertiary education (levels 3-8)",Y20-34,From 20 to 34 years,T,Total,PC,Percentage,MT,Malta,2014,,93.6,,b,break in time series,,
dataflow,ESTAT:TPS00053(1.0),Employment rates of recent graduates,A,Annual,Y1-3,From 1 to 3 years,ED3-8,"Upper secondary, post-secondary non-tertiary and tertiary education (levels 3-8)",Y20-34,From 20 to 34 years,T,Total,PC,Percentage,MT,Malta,2015,,95.1,,,,,
dataflow,ESTAT:TPS00053(1.0),Employment rates of recent graduates,A,Annual,Y1-3,From 1 to 3 years,ED3-8,"Upper secondary, post-secondary non-tertiary and tertiary education (levels 3-8)",Y20-34,From 20 to 34 years,T,Total,PC,Percentage,MT,Malta,2016,,96.0,,,,,
dataflow,ESTAT:TPS00053(1.0),Employment rates of recent graduates,A,Annual,Y1-3,From 1 to 3 years,ED3-8,"Upper secondary, post-secondary non-tertiary and tertiary education (levels 3-8)",Y20-34,From 20 to 34 years,T,Total,PC,Percentage,MT,Malta,2017,,93.8,,b,break in time series,,
dataflow,ESTAT:TPS00053(1.0),Employment rates of recent graduates,A,Annual,Y1-3,From 1 to 3 years,ED3-8,"Upper secondary, post-secondary non-tertiary and tertiary education (levels 3-8)",Y20-34,From 20 to 34 years,T,Total,PC,Percentage,MT,Malta,2018,,94.8,,,,,
dataflow,ESTAT:TPS00053(1.0),Employment rates of recent graduates,A,Annual,Y1-3,From 1 to 3 years,ED3-8,"Upper secondary, post-secondary non-tertiary and tertiary education (levels 3-8)",Y20-34,From 20 to 34 years,T,Total,PC,Percentage,MT,Malta,2019,,93.3,,,,,
dataflow,ESTAT:TPS00053(1.0),Employment rates of recent graduates,A,Annual,Y1-3,From 1 to 3 years,ED3-8,"Upper secondary, post-secondary non-tertiary and tertiary education (levels 3-8)",Y20-34,From 20 to 34 years,T,Total,PC,Percentage,MT,Malta,2020,,91.7,,,,,
dataflow,ESTAT:TPS00053(1.0),Employment rates of recent graduates,A,Annual,Y1-3,From 1 to 3 years,ED3-8,"Upper secondary, post-secondary non-tertiary and tertiary education (levels 3-8)",Y20-34,From 20 to 34 years,T,Total,PC,Percentage,MT,Malta,2021,,87.6,,b,break in time series,,
dataflow,ESTAT:TPS00053(1.0),Employment rates of recent graduates,A,Annual,Y1-3,From 1 to 3 years,ED3-8,"Upper secondary, post-secondary non-tertiary and tertiary education (levels 3-8)",Y20-34,From 20 to 34 years,T,Total,PC,Percentage,MT,Malta,2022,,89.9,,,,,
dataflow,ESTAT:TPS00053(1.0),Employment rates of recent graduates,A,Annual,Y1-3,From 1 to 3 years,ED3-8,"Upper secondary, post-secondary non-tertiary and tertiary education (levels 3-8)",Y20-34,From 20 to 34 years,T,Total,PC,Percentage,MT,Malta,2023,,95.8,,,,,
dataflow,ESTAT:TPS00053(1.0),Employment rates of recent graduates,A,Annual,Y1-3,From 1 to 3 years,ED3-8,"Upper secondary, post-secondary non-tertiary and tertiary education (levels 3-8)",Y20-34,From 20 to 34 years,T,Total,PC,Percentage,MT,Malta,2024,,88.9,,,,,
dataflow,ESTAT:TPS00053(1.0),Employment rates of recent graduates,A,Annual,Y1-3,From 1 to 3 years,ED3-8,"Upper secondary, post-secondary non-tertiary and tertiary education (levels 3-8)",Y20-34,From 20 to 34 years,T,Total,PC,Percentage,MT,Malta,2025,,91.0,,,,,
dataflow,ESTAT:TPS00053(1.0),Employment rates of recent graduates,A,Annual,Y1-3,From 1 to 3 years,ED3-8,"Upper secondary, post-secondary non-tertiary and tertiary education (levels 3-8)",Y20-34,From 20 to 34 years,T,Total,PC,Percentage,NL,Netherlands,2014,,86.2,,b,break in time series,,
dataflow,ESTAT:TPS00053(1.0),Employment rates of recent graduates,A,Annual,Y1-3,From 1 to 3 years,ED3-8,"Upper secondary, post-secondary non-tertiary and tertiary education (levels 3-8)",Y20-34,From 20 to 34 years,T,Total,PC,Percentage,NL,Netherlands,2015,,88.2,,,,,
dataflow,ESTAT:TPS00053(1.0),Employment rates of recent graduates,A,Annual,Y1-3,From 1 to 3 years,ED3-8,"Upper secondary, post-secondary non-tertiary and tertiary education (levels 3-8)",Y20-34,From 20 to 34 years,T,Total,PC,Percentage,NL,Netherlands,2016,,90.1,,,,,
dataflow,ESTAT:TPS00053(1.0),Employment rates of recent graduates,A,Annual,Y1-3,From 1 to 3 years,ED3-8,"Upper secondary, post-secondary non-tertiary and tertiary education (levels 3-8)",Y20-34,From 20 to 34 years,T,Total,PC,Percentage,NL,Netherlands,2017,,90.4,,,,,
dataflow,ESTAT:TPS00053(1.0),Employment rates of recent graduates,A,Annual,Y1-3,From 1 to 3 years,ED3-8,"Upper secondary, post-secondary non-tertiary and tertiary education (levels 3-8)",Y20-34,From 20 to 34 years,T,Total,PC,Percentage,NL,Netherlands,2018,,92.0,,,,,
dataflow,ESTAT:TPS00053(1.0),Employment rates of recent graduates,A,Annual,Y1-3,From 1 to 3 years,ED3-8,"Upper secondary, post-secondary non-tertiary and tertiary education (levels 3-8)",Y20-34,From 20 to 34 years,T,Total,PC,Percentage,NL,Netherlands,2019,,91.9,,b,break in time series,,
dataflow,ESTAT:TPS00053(1.0),Employment rates of recent graduates,A,Annual,Y1-3,From 1 to 3 years,ED3-8,"Upper secondary, post-secondary non-tertiary and tertiary education (levels 3-8)",Y20-34,From 20 to 34 years,T,Total,PC,Percentage,NL,Netherlands,2020,,89.3,,,,,
dataflow,ESTAT:TPS00053(1.0),Employment rates of recent graduates,A,Annual,Y1-3,From 1 to 3 years,ED3-8,"Upper secondary, post-secondary non-tertiary and tertiary education (levels 3-8)",Y20-34,From 20 to 34 years,T,Total,PC,Percentage,NL,Netherlands,2021,,93.4,,b,break in time series,,
dataflow,ESTAT:TPS00053(1.0),Employment rates of recent graduates,A,Annual,Y1-3,From 1 to 3 years,ED3-8,"Upper secondary, post-secondary non-tertiary and tertiary education (levels 3-8)",Y20-34,From 20 to 34 years,T,Total,PC,Percentage,NL,Netherlands,2022,,92.9,,,,,
dataflow,ESTAT:TPS00053(1.0),Employment rates of recent graduates,A,Annual,Y1-3,From 1 to 3 years,ED3-8,"Upper secondary, post-secondary non-tertiary and tertiary education (levels 3-8)",Y20-34,From 20 to 34 years,T,Total,PC,Percentage,NL,Netherlands,2023,,93.2,,,,,
dataflow,ESTAT:TPS00053(1.0),Employment rates of recent graduates,A,Annual,Y1-3,From 1 to 3 years,ED3-8,"Upper secondary, post-secondary non-tertiary and tertiary education (levels 3-8)",Y20-34,From 20 to 34 years,T,Total,PC,Percentage,NL,Netherlands,2024,,91.6,,,,,
dataflow,ESTAT:TPS00053(1.0),Employment rates of recent graduates,A,Annual,Y1-3,From 1 to 3 years,ED3-8,"Upper secondary, post-secondary non-tertiary and tertiary education (levels 3-8)",Y20-34,From 20 to 34 years,T,Total,PC,Percentage,NL,Netherlands,2025,,90.1,,,,,
dataflow,ESTAT:TPS00053(1.0),Employment rates of recent graduates,A,Annual,Y1-3,From 1 to 3 years,ED3-8,"Upper secondary, post-secondary non-tertiary and tertiary education (levels 3-8)",Y20-34,From 20 to 34 years,T,Total,PC,Percentage,NO,Norway,2014,,86.1,,b,break in time series,,
dataflow,ESTAT:TPS00053(1.0),Employment rates of recent graduates,A,Annual,Y1-3,From 1 to 3 years,ED3-8,"Upper secondary, post-secondary non-tertiary and tertiary education (levels 3-8)",Y20-34,From 20 to 34 years,T,Total,PC,Percentage,NO,Norway,2015,,90.9,,,,,
dataflow,ESTAT:TPS00053(1.0),Employment rates of recent graduates,A,Annual,Y1-3,From 1 to 3 years,ED3-8,"Upper secondary, post-secondary non-tertiary and tertiary education (levels 3-8)",Y20-34,From 20 to 34 years,T,Total,PC,Percentage,NO,Norway,2016,,90.1,,,,,
dataflow,ESTAT:TPS00053(1.0),Employment rates of recent graduates,A,Annual,Y1-3,From 1 to 3 years,ED3-8,"Upper secondary, post-secondary non-tertiary and tertiary education (levels 3-8)",Y20-34,From 20 to 34 years,T,Total,PC,Percentage,NO,Norway,2017,,89.2,,,,,
dataflow,ESTAT:TPS00053(1.0),Employment rates of recent graduates,A,Annual,Y1-3,From 1 to 3 years,ED3-8,"Upper secondary, post-secondary non-tertiary and tertiary education (levels 3-8)",Y20-34,From 20 to 34 years,T,Total,PC,Percentage,NO,Norway,2018,,90.9,,,,,
dataflow,ESTAT:TPS00053(1.0),Employment rates of recent graduates,A,Annual,Y1-3,From 1 to 3 years,ED3-8,"Upper secondary, post-secondary non-tertiary and tertiary education (levels 3-8)",Y20-34,From 20 to 34 years,T,Total,PC,Percentage,NO,Norway,2019,,90.5,,,,,
dataflow,ESTAT:TPS00053(1.0),Employment rates of recent graduates,A,Annual,Y1-3,From 1 to 3 years,ED3-8,"Upper secondary, post-secondary non-tertiary and tertiary education (levels 3-8)",Y20-34,From 20 to 34 years,T,Total,PC,Percentage,NO,Norway,2020,,89.7,,,,,
dataflow,ESTAT:TPS00053(1.0),Employment rates of recent graduates,A,Annual,Y1-3,From 1 to 3 years,ED3-8,"Upper secondary, post-secondary non-tertiary and tertiary education (levels 3-8)",Y20-34,From 20 to 34 years,T,Total,PC,Percentage,NO,Norway,2021,,90.2,,b,break in time series,,
dataflow,ESTAT:TPS00053(1.0),Employment rates of recent graduates,A,Annual,Y1-3,From 1 to 3 years,ED3-8,"Upper secondary, post-secondary non-tertiary and tertiary education (levels 3-8)",Y20-34,From 20 to 34 years,T,Total,PC,Percentage,NO,Norway,2022,,89.0,,,,,
dataflow,ESTAT:TPS00053(1.0),Employment rates of recent graduates,A,Annual,Y1-3,From 1 to 3 years,ED3-8,"Upper secondary, post-secondary non-tertiary and tertiary education (levels 3-8)",Y20-34,From 20 to 34 years,T,Total,PC,Percentage,NO,Norway,2023,,87.5,,,,,
dataflow,ESTAT:TPS00053(1.0),Employment rates of recent graduates,A,Annual,Y1-3,From 1 to 3 years,ED3-8,"Upper secondary, post-secondary non-tertiary and tertiary education (levels 3-8)",Y20-34,From 20 to 34 years,T,Total,PC,Percentage,NO,Norway,2024,,90.2,,,,,
dataflow,ESTAT:TPS00053(1.0),Employment rates of recent graduates,A,Annual,Y1-3,From 1 to 3 years,ED3-8,"Upper secondary, post-secondary non-tertiary and tertiary education (levels 3-8)",Y20-34,From 20 to 34 years,T,Total,PC,Percentage,NO,Norway,2025,,88.6,,,,,
dataflow,ESTAT:TPS00053(1.0),Employment rates of recent graduates,A,Annual,Y1-3,From 1 to 3 years,ED3-8,"Upper secondary, post-secondary non-tertiary and tertiary education (levels 3-8)",Y20-34,From 20 to 34 years,T,Total,PC,Percentage,PL,Poland,2014,,75.6,,b,break in time series,,
dataflow,ESTAT:TPS00053(1.0),Employment rates of recent graduates,A,Annual,Y1-3,From 1 to 3 years,ED3-8,"Upper secondary, post-secondary non-tertiary and tertiary education (levels 3-8)",Y20-34,From 20 to 34 years,T,Total,PC,Percentage,PL,Poland,2015,,77.4,,,,,
dataflow,ESTAT:TPS00053(1.0),Employment rates of recent graduates,A,Annual,Y1-3,From 1 to 3 years,ED3-8,"Upper secondary, post-secondary non-tertiary and tertiary education (levels 3-8)",Y20-34,From 20 to 34 years,T,Total,PC,Percentage,PL,Poland,2016,,80.2,,,,,
dataflow,ESTAT:TPS00053(1.0),Employment rates of recent graduates,A,Annual,Y1-3,From 1 to 3 years,ED3-8,"Upper secondary, post-secondary non-tertiary and tertiary education (levels 3-8)",Y20-34,From 20 to 34 years,T,Total,PC,Percentage,PL,Poland,2017,,82.1,,,,,
dataflow,ESTAT:TPS00053(1.0),Employment rates of recent graduates,A,Annual,Y1-3,From 1 to 3 years,ED3-8,"Upper secondary, post-secondary non-tertiary and tertiary education (levels 3-8)",Y20-34,From 20 to 34 years,T,Total,PC,Percentage,PL,Poland,2018,,83.1,,b,break in time series,,
dataflow,ESTAT:TPS00053(1.0),Employment rates of recent graduates,A,Annual,Y1-3,From 1 to 3 years,ED3-8,"Upper secondary, post-secondary non-tertiary and tertiary education (levels 3-8)",Y20-34,From 20 to 34 years,T,Total,PC,Percentage,PL,Poland,2019,,84.5,,b,break in time series,,
dataflow,ESTAT:TPS00053(1.0),Employment rates of recent graduates,A,Annual,Y1-3,From 1 to 3 years,ED3-8,"Upper secondary, post-secondary non-tertiary and tertiary education (levels 3-8)",Y20-34,From 20 to 34 years,T,Total,PC,Percentage,PL,Poland,2020,,83.0,,,,,
dataflow,ESTAT:TPS00053(1.0),Employment rates of recent graduates,A,Annual,Y1-3,From 1 to 3 years,ED3-8,"Upper secondary, post-secondary non-tertiary and tertiary education (levels 3-8)",Y20-34,From 20 to 34 years,T,Total,PC,Percentage,PL,Poland,2021,,77.9,,b,break in time series,,
dataflow,ESTAT:TPS00053(1.0),Employment rates of recent graduates,A,Annual,Y1-3,From 1 to 3 years,ED3-8,"Upper secondary, post-secondary non-tertiary and tertiary education (levels 3-8)",Y20-34,From 20 to 34 years,T,Total,PC,Percentage,PL,Poland,2022,,84.9,,,,,
dataflow,ESTAT:TPS00053(1.0),Employment rates of recent graduates,A,Annual,Y1-3,From 1 to 3 years,ED3-8,"Upper secondary, post-secondary non-tertiary and tertiary education (levels 3-8)",Y20-34,From 20 to 34 years,T,Total,PC,Percentage,PL,Poland,2023,,85.8,,,,,
dataflow,ESTAT:TPS00053(1.0),Employment rates of recent graduates,A,Annual,Y1-3,From 1 to 3 years,ED3-8,"Upper secondary, post-secondary non-tertiary and tertiary education (levels 3-8)",Y20-34,From 20 to 34 years,T,Total,PC,Percentage,PL,Poland,2024,,84.5,,,,,
dataflow,ESTAT:TPS00053(1.0),Employment rates of recent graduates,A,Annual,Y1-3,From 1 to 3 years,ED3-8,"Upper secondary, post-secondary non-tertiary and tertiary education (levels 3-8)",Y20-34,From 20 to 34 years,T,Total,PC,Percentage,PL,Poland,2025,,84.6,,,,,
dataflow,ESTAT:TPS00053(1.0),Employment rates of recent graduates,A,Annual,Y1-3,From 1 to 3 years,ED3-8,"Upper secondary, post-secondary non-tertiary and tertiary education (levels 3-8)",Y20-34,From 20 to 34 years,T,Total,PC,Percentage,PT,Portugal,2014,,69.5,,b,break in time series,,
dataflow,ESTAT:TPS00053(1.0),Employment rates of recent graduates,A,Annual,Y1-3,From 1 to 3 years,ED3-8,"Upper secondary, post-secondary non-tertiary and tertiary education (levels 3-8)",Y20-34,From 20 to 34 years,T,Total,PC,Percentage,PT,Portugal,2015,,72.2,,,,,
dataflow,ESTAT:TPS00053(1.0),Employment rates of recent graduates,A,Annual,Y1-3,From 1 to 3 years,ED3-8,"Upper secondary, post-secondary non-tertiary and tertiary education (levels 3-8)",Y20-34,From 20 to 34 years,T,Total,PC,Percentage,PT,Portugal,2016,,74.1,,,,,
dataflow,ESTAT:TPS00053(1.0),Employment rates of recent graduates,A,Annual,Y1-3,From 1 to 3 years,ED3-8,"Upper secondary, post-secondary non-tertiary and tertiary education (levels 3-8)",Y20-34,From 20 to 34 years,T,Total,PC,Percentage,PT,Portugal,2017,,80.8,,,,,
dataflow,ESTAT:TPS00053(1.0),Employment rates of recent graduates,A,Annual,Y1-3,From 1 to 3 years,ED3-8,"Upper secondary, post-secondary non-tertiary and tertiary education (levels 3-8)",Y20-34,From 20 to 34 years,T,Total,PC,Percentage,PT,Portugal,2018,,81.1,,,,,
dataflow,ESTAT:TPS00053(1.0),Employment rates of recent graduates,A,Annual,Y1-3,From 1 to 3 years,ED3-8,"Upper secondary, post-secondary non-tertiary and tertiary education (levels 3-8)",Y20-34,From 20 to 34 years,T,Total,PC,Percentage,PT,Portugal,2019,,80.5,,,,,
dataflow,ESTAT:TPS00053(1.0),Employment rates of recent graduates,A,Annual,Y1-3,From 1 to 3 years,ED3-8,"Upper secondary, post-secondary non-tertiary and tertiary education (levels 3-8)",Y20-34,From 20 to 34 years,T,Total,PC,Percentage,PT,Portugal,2020,,76.0,,,,,
dataflow,ESTAT:TPS00053(1.0),Employment rates of recent graduates,A,Annual,Y1-3,From 1 to 3 years,ED3-8,"Upper secondary, post-secondary non-tertiary and tertiary education (levels 3-8)",Y20-34,From 20 to 34 years,T,Total,PC,Percentage,PT,Portugal,2021,,75.8,,b,break in time series,,
dataflow,ESTAT:TPS00053(1.0),Employment rates of recent graduates,A,Annual,Y1-3,From 1 to 3 years,ED3-8,"Upper secondary, post-secondary non-tertiary and tertiary education (levels 3-8)",Y20-34,From 20 to 34 years,T,Total,PC,Percentage,PT,Portugal,2022,,82.1,,,,,
dataflow,ESTAT:TPS00053(1.0),Employment rates of recent graduates,A,Annual,Y1-3,From 1 to 3 years,ED3-8,"Upper secondary, post-secondary non-tertiary and tertiary education (levels 3-8)",Y20-34,From 20 to 34 years,T,Total,PC,Percentage,PT,Portugal,2023,,82.5,,,,,
dataflow,ESTAT:TPS00053(1.0),Employment rates of recent graduates,A,Annual,Y1-3,From 1 to 3 years,ED3-8,"Upper secondary, post-secondary non-tertiary and tertiary education (levels 3-8)",Y20-34,From 20 to 34 years,T,Total,PC,Percentage,PT,Portugal,2024,,79.7,,,,,
dataflow,ESTAT:TPS00053(1.0),Employment rates of recent graduates,A,Annual,Y1-3,From 1 to 3 years,ED3-8,"Upper secondary, post-secondary non-tertiary and tertiary education (levels 3-8)",Y20-34,From 20 to 34 years,T,Total,PC,Percentage,PT,Portugal,2025,,82.2,,,,,
dataflow,ESTAT:TPS00053(1.0),Employment rates of recent graduates,A,Annual,Y1-3,From 1 to 3 years,ED3-8,"Upper secondary, post-secondary non-tertiary and tertiary education (levels 3-8)",Y20-34,From 20 to 34 years,T,Total,PC,Percentage,RO,Romania,2014,,66.2,,b,break in time series,,
dataflow,ESTAT:TPS00053(1.0),Employment rates of recent graduates,A,Annual,Y1-3,From 1 to 3 years,ED3-8,"Upper secondary, post-secondary non-tertiary and tertiary education (levels 3-8)",Y20-34,From 20 to 34 years,T,Total,PC,Percentage,RO,Romania,2015,,68.1,,,,,
dataflow,ESTAT:TPS00053(1.0),Employment rates of recent graduates,A,Annual,Y1-3,From 1 to 3 years,ED3-8,"Upper secondary, post-secondary non-tertiary and tertiary education (levels 3-8)",Y20-34,From 20 to 34 years,T,Total,PC,Percentage,RO,Romania,2016,,69.3,,,,,
dataflow,ESTAT:TPS00053(1.0),Employment rates of recent graduates,A,Annual,Y1-3,From 1 to 3 years,ED3-8,"Upper secondary, post-secondary non-tertiary and tertiary education (levels 3-8)",Y20-34,From 20 to 34 years,T,Total,PC,Percentage,RO,Romania,2017,,76.0,,,,,
dataflow,ESTAT:TPS00053(1.0),Employment rates of recent graduates,A,Annual,Y1-3,From 1 to 3 years,ED3-8,"Upper secondary, post-secondary non-tertiary and tertiary education (levels 3-8)",Y20-34,From 20 to 34 years,T,Total,PC,Percentage,RO,Romania,2018,,77.4,,,,,
dataflow,ESTAT:TPS00053(1.0),Employment rates of recent graduates,A,Annual,Y1-3,From 1 to 3 years,ED3-8,"Upper secondary, post-secondary non-tertiary and tertiary education (levels 3-8)",Y20-34,From 20 to 34 years,T,Total,PC,Percentage,RO,Romania,2019,,76.1,,,,,
dataflow,ESTAT:TPS00053(1.0),Employment rates of recent graduates,A,Annual,Y1-3,From 1 to 3 years,ED3-8,"Upper secondary, post-secondary non-tertiary and tertiary education (levels 3-8)",Y20-34,From 20 to 34 years,T,Total,PC,Percentage,RO,Romania,2020,,76.7,,,,,
dataflow,ESTAT:TPS00053(1.0),Employment rates of recent graduates,A,Annual,Y1-3,From 1 to 3 years,ED3-8,"Upper secondary, post-secondary non-tertiary and tertiary education (levels 3-8)",Y20-34,From 20 to 34 years,T,Total,PC,Percentage,RO,Romania,2021,,70.1,,b,break in time series,,
dataflow,ESTAT:TPS00053(1.0),Employment rates of recent graduates,A,Annual,Y1-3,From 1 to 3 years,ED3-8,"Upper secondary, post-secondary non-tertiary and tertiary education (levels 3-8)",Y20-34,From 20 to 34 years,T,Total,PC,Percentage,RO,Romania,2022,,69.9,,,,,
dataflow,ESTAT:TPS00053(1.0),Employment rates of recent graduates,A,Annual,Y1-3,From 1 to 3 years,ED3-8,"Upper secondary, post-secondary non-tertiary and tertiary education (levels 3-8)",Y20-34,From 20 to 34 years,T,Total,PC,Percentage,RO,Romania,2023,,74.8,,,,,
dataflow,ESTAT:TPS00053(1.0),Employment rates of recent graduates,A,Annual,Y1-3,From 1 to 3 years,ED3-8,"Upper secondary, post-secondary non-tertiary and tertiary education (levels 3-8)",Y20-34,From 20 to 34 years,T,Total,PC,Percentage,RO,Romania,2024,,75.0,,,,,
dataflow,ESTAT:TPS00053(1.0),Employment rates of recent graduates,A,Annual,Y1-3,From 1 to 3 years,ED3-8,"Upper secondary, post-secondary non-tertiary and tertiary education (levels 3-8)",Y20-34,From 20 to 34 years,T,Total,PC,Percentage,RO,Romania,2025,,72.7,,,,,
dataflow,ESTAT:TPS00053(1.0),Employment rates of recent graduates,A,Annual,Y1-3,From 1 to 3 years,ED3-8,"Upper secondary, post-secondary non-tertiary and tertiary education (levels 3-8)",Y20-34,From 20 to 34 years,T,Total,PC,Percentage,RS,Serbia,2014,,49.8,,b,break in time series,,
dataflow,ESTAT:TPS00053(1.0),Employment rates of recent graduates,A,Annual,Y1-3,From 1 to 3 years,ED3-8,"Upper secondary, post-secondary non-tertiary and tertiary education (levels 3-8)",Y20-34,From 20 to 34 years,T,Total,PC,Percentage,RS,Serbia,2015,,50.6,,,,,
dataflow,ESTAT:TPS00053(1.0),Employment rates of recent graduates,A,Annual,Y1-3,From 1 to 3 years,ED3-8,"Upper secondary, post-secondary non-tertiary and tertiary education (levels 3-8)",Y20-34,From 20 to 34 years,T,Total,PC,Percentage,RS,Serbia,2016,,54.1,,,,,
dataflow,ESTAT:TPS00053(1.0),Employment rates of recent graduates,A,Annual,Y1-3,From 1 to 3 years,ED3-8,"Upper secondary, post-secondary non-tertiary and tertiary education (levels 3-8)",Y20-34,From 20 to 34 years,T,Total,PC,Percentage,RS,Serbia,2017,,61.4,,,,,
dataflow,ESTAT:TPS00053(1.0),Employment rates of recent graduates,A,Annual,Y1-3,From 1 to 3 years,ED3-8,"Upper secondary, post-secondary non-tertiary and tertiary education (levels 3-8)",Y20-34,From 20 to 34 years,T,Total,PC,Percentage,RS,Serbia,2018,,64.3,,,,,
dataflow,ESTAT:TPS00053(1.0),Employment rates of recent graduates,A,Annual,Y1-3,From 1 to 3 years,ED3-8,"Upper secondary, post-secondary non-tertiary and tertiary education (levels 3-8)",Y20-34,From 20 to 34 years,T,Total,PC,Percentage,RS,Serbia,2019,,66.5,,,,,
dataflow,ESTAT:TPS00053(1.0),Employment rates of recent graduates,A,Annual,Y1-3,From 1 to 3 years,ED3-8,"Upper secondary, post-secondary non-tertiary and tertiary education (levels 3-8)",Y20-34,From 20 to 34 years,T,Total,PC,Percentage,RS,Serbia,2020,,62.3,,,,,
dataflow,ESTAT:TPS00053(1.0),Employment rates of recent graduates,A,Annual,Y1-3,From 1 to 3 years,ED3-8,"Upper secondary, post-secondary non-tertiary and tertiary education (levels 3-8)",Y20-34,From 20 to 34 years,T,Total,PC,Percentage,RS,Serbia,2021,,65.5,,b,break in time series,,
dataflow,ESTAT:TPS00053(1.0),Employment rates of recent graduates,A,Annual,Y1-3,From 1 to 3 years,ED3-8,"Upper secondary, post-secondary non-tertiary and tertiary education (levels 3-8)",Y20-34,From 20 to 34 years,T,Total,PC,Percentage,RS,Serbia,2022,,72.4,,,,,
dataflow,ESTAT:TPS00053(1.0),Employment rates of recent graduates,A,Annual,Y1-3,From 1 to 3 years,ED3-8,"Upper secondary, post-secondary non-tertiary and tertiary education (levels 3-8)",Y20-34,From 20 to 34 years,T,Total,PC,Percentage,RS,Serbia,2023,,72.1,,,,,
dataflow,ESTAT:TPS00053(1.0),Employment rates of recent graduates,A,Annual,Y1-3,From 1 to 3 years,ED3-8,"Upper secondary, post-secondary non-tertiary and tertiary education (levels 3-8)",Y20-34,From 20 to 34 years,T,Total,PC,Percentage,RS,Serbia,2024,,73.1,,,,,
dataflow,ESTAT:TPS00053(1.0),Employment rates of recent graduates,A,Annual,Y1-3,From 1 to 3 years,ED3-8,"Upper secondary, post-secondary non-tertiary and tertiary education (levels 3-8)",Y20-34,From 20 to 34 years,T,Total,PC,Percentage,RS,Serbia,2025,,70.1,,,,,
dataflow,ESTAT:TPS00053(1.0),Employment rates of recent graduates,A,Annual,Y1-3,From 1 to 3 years,ED3-8,"Upper secondary, post-secondary non-tertiary and tertiary education (levels 3-8)",Y20-34,From 20 to 34 years,T,Total,PC,Percentage,SE,Sweden,2014,,85.0,,b,break in time series,,
dataflow,ESTAT:TPS00053(1.0),Employment rates of recent graduates,A,Annual,Y1-3,From 1 to 3 years,ED3-8,"Upper secondary, post-secondary non-tertiary and tertiary education (levels 3-8)",Y20-34,From 20 to 34 years,T,Total,PC,Percentage,SE,Sweden,2015,,85.9,,,,,
dataflow,ESTAT:TPS00053(1.0),Employment rates of recent graduates,A,Annual,Y1-3,From 1 to 3 years,ED3-8,"Upper secondary, post-secondary non-tertiary and tertiary education (levels 3-8)",Y20-34,From 20 to 34 years,T,Total,PC,Percentage,SE,Sweden,2016,,86.7,,,,,
dataflow,ESTAT:TPS00053(1.0),Employment rates of recent graduates,A,Annual,Y1-3,From 1 to 3 years,ED3-8,"Upper secondary, post-secondary non-tertiary and tertiary education (levels 3-8)",Y20-34,From 20 to 34 years,T,Total,PC,Percentage,SE,Sweden,2017,,88.3,,,,,
dataflow,ESTAT:TPS00053(1.0),Employment rates of recent graduates,A,Annual,Y1-3,From 1 to 3 years,ED3-8,"Upper secondary, post-secondary non-tertiary and tertiary education (levels 3-8)",Y20-34,From 20 to 34 years,T,Total,PC,Percentage,SE,Sweden,2018,,88.1,,b,break in time series,,
dataflow,ESTAT:TPS00053(1.0),Employment rates of recent graduates,A,Annual,Y1-3,From 1 to 3 years,ED3-8,"Upper secondary, post-secondary non-tertiary and tertiary education (levels 3-8)",Y20-34,From 20 to 34 years,T,Total,PC,Percentage,SE,Sweden,2019,,88.7,,,,,
dataflow,ESTAT:TPS00053(1.0),Employment rates of recent graduates,A,Annual,Y1-3,From 1 to 3 years,ED3-8,"Upper secondary, post-secondary non-tertiary and tertiary education (levels 3-8)",Y20-34,From 20 to 34 years,T,Total,PC,Percentage,SE,Sweden,2020,,86.4,,,,,
dataflow,ESTAT:TPS00053(1.0),Employment rates of recent graduates,A,Annual,Y1-3,From 1 to 3 years,ED3-8,"Upper secondary, post-secondary non-tertiary and tertiary education (levels 3-8)",Y20-34,From 20 to 34 years,T,Total,PC,Percentage,SE,Sweden,2021,,87.1,,b,break in time series,,
dataflow,ESTAT:TPS00053(1.0),Employment rates of recent graduates,A,Annual,Y1-3,From 1 to 3 years,ED3-8,"Upper secondary, post-secondary non-tertiary and tertiary education (levels 3-8)",Y20-34,From 20 to 34 years,T,Total,PC,Percentage,SE,Sweden,2022,,88.4,,,,,
dataflow,ESTAT:TPS00053(1.0),Employment rates of recent graduates,A,Annual,Y1-3,From 1 to 3 years,ED3-8,"Upper secondary, post-secondary non-tertiary and tertiary education (levels 3-8)",Y20-34,From 20 to 34 years,T,Total,PC,Percentage,SE,Sweden,2023,,87.9,,,,,
dataflow,ESTAT:TPS00053(1.0),Employment rates of recent graduates,A,Annual,Y1-3,From 1 to 3 years,ED3-8,"Upper secondary, post-secondary non-tertiary and tertiary education (levels 3-8)",Y20-34,From 20 to 34 years,T,Total,PC,Percentage,SE,Sweden,2024,,85.8,,,,,
dataflow,ESTAT:TPS00053(1.0),Employment rates of recent graduates,A,Annual,Y1-3,From 1 to 3 years,ED3-8,"Upper secondary, post-secondary non-tertiary and tertiary education (levels 3-8)",Y20-34,From 20 to 34 years,T,Total,PC,Percentage,SE,Sweden,2025,,87.0,,,,,
dataflow,ESTAT:TPS00053(1.0),Employment rates of recent graduates,A,Annual,Y1-3,From 1 to 3 years,ED3-8,"Upper secondary, post-secondary non-tertiary and tertiary education (levels 3-8)",Y20-34,From 20 to 34 years,T,Total,PC,Percentage,SI,Slovenia,2014,,70.1,,b,break in time series,,
dataflow,ESTAT:TPS00053(1.0),Employment rates of recent graduates,A,Annual,Y1-3,From 1 to 3 years,ED3-8,"Upper secondary, post-secondary non-tertiary and tertiary education (levels 3-8)",Y20-34,From 20 to 34 years,T,Total,PC,Percentage,SI,Slovenia,2015,,71.5,,,,,
dataflow,ESTAT:TPS00053(1.0),Employment rates of recent graduates,A,Annual,Y1-3,From 1 to 3 years,ED3-8,"Upper secondary, post-secondary non-tertiary and tertiary education (levels 3-8)",Y20-34,From 20 to 34 years,T,Total,PC,Percentage,SI,Slovenia,2016,,76.7,,,,,
dataflow,ESTAT:TPS00053(1.0),Employment rates of recent graduates,A,Annual,Y1-3,From 1 to 3 years,ED3-8,"Upper secondary, post-secondary non-tertiary and tertiary education (levels 3-8)",Y20-34,From 20 to 34 years,T,Total,PC,Percentage,SI,Slovenia,2017,,81.6,,,,,
dataflow,ESTAT:TPS00053(1.0),Employment rates of recent graduates,A,Annual,Y1-3,From 1 to 3 years,ED3-8,"Upper secondary, post-secondary non-tertiary and tertiary education (levels 3-8)",Y20-34,From 20 to 34 years,T,Total,PC,Percentage,SI,Slovenia,2018,,84.2,,,,,
dataflow,ESTAT:TPS00053(1.0),Employment rates of recent graduates,A,Annual,Y1-3,From 1 to 3 years,ED3-8,"Upper secondary, post-secondary non-tertiary and tertiary education (levels 3-8)",Y20-34,From 20 to 34 years,T,Total,PC,Percentage,SI,Slovenia,2019,,86.0,,,,,
dataflow,ESTAT:TPS00053(1.0),Employment rates of recent graduates,A,Annual,Y1-3,From 1 to 3 years,ED3-8,"Upper secondary, post-secondary non-tertiary and tertiary education (levels 3-8)",Y20-34,From 20 to 34 years,T,Total,PC,Percentage,SI,Slovenia,2020,,82.8,,,,,
dataflow,ESTAT:TPS00053(1.0),Employment rates of recent graduates,A,Annual,Y1-3,From 1 to 3 years,ED3-8,"Upper secondary, post-secondary non-tertiary and tertiary education (levels 3-8)",Y20-34,From 20 to 34 years,T,Total,PC,Percentage,SI,Slovenia,2021,,85.1,,b,break in time series,,
dataflow,ESTAT:TPS00053(1.0),Employment rates of recent graduates,A,Annual,Y1-3,From 1 to 3 years,ED3-8,"Upper secondary, post-secondary non-tertiary and tertiary education (levels 3-8)",Y20-34,From 20 to 34 years,T,Total,PC,Percentage,SI,Slovenia,2022,,84.2,,,,,
dataflow,ESTAT:TPS00053(1.0),Employment rates of recent graduates,A,Annual,Y1-3,From 1 to 3 years,ED3-8,"Upper secondary, post-secondary non-tertiary and tertiary education (levels 3-8)",Y20-34,From 20 to 34 years,T,Total,PC,Percentage,SI,Slovenia,2023,,85.4,,b,break in time series,,
dataflow,ESTAT:TPS00053(1.0),Employment rates of recent graduates,A,Annual,Y1-3,From 1 to 3 years,ED3-8,"Upper secondary, post-secondary non-tertiary and tertiary education (levels 3-8)",Y20-34,From 20 to 34 years,T,Total,PC,Percentage,SI,Slovenia,2024,,84.6,,,,,
dataflow,ESTAT:TPS00053(1.0),Employment rates of recent graduates,A,Annual,Y1-3,From 1 to 3 years,ED3-8,"Upper secondary, post-secondary non-tertiary and tertiary education (levels 3-8)",Y20-34,From 20 to 34 years,T,Total,PC,Percentage,SI,Slovenia,2025,,84.7,,,,,
dataflow,ESTAT:TPS00053(1.0),Employment rates of recent graduates,A,Annual,Y1-3,From 1 to 3 years,ED3-8,"Upper secondary, post-secondary non-tertiary and tertiary education (levels 3-8)",Y20-34,From 20 to 34 years,T,Total,PC,Percentage,SK,Slovakia,2014,,72.7,,b,break in time series,,
dataflow,ESTAT:TPS00053(1.0),Employment rates of recent graduates,A,Annual,Y1-3,From 1 to 3 years,ED3-8,"Upper secondary, post-secondary non-tertiary and tertiary education (levels 3-8)",Y20-34,From 20 to 34 years,T,Total,PC,Percentage,SK,Slovakia,2015,,75.2,,,,,
dataflow,ESTAT:TPS00053(1.0),Employment rates of recent graduates,A,Annual,Y1-3,From 1 to 3 years,ED3-8,"Upper secondary, post-secondary non-tertiary and tertiary education (levels 3-8)",Y20-34,From 20 to 34 years,T,Total,PC,Percentage,SK,Slovakia,2016,,79.6,,,,,
dataflow,ESTAT:TPS00053(1.0),Employment rates of recent graduates,A,Annual,Y1-3,From 1 to 3 years,ED3-8,"Upper secondary, post-secondary non-tertiary and tertiary education (levels 3-8)",Y20-34,From 20 to 34 years,T,Total,PC,Percentage,SK,Slovakia,2017,,81.5,,,,,
dataflow,ESTAT:TPS00053(1.0),Employment rates of recent graduates,A,Annual,Y1-3,From 1 to 3 years,ED3-8,"Upper secondary, post-secondary non-tertiary and tertiary education (levels 3-8)",Y20-34,From 20 to 34 years,T,Total,PC,Percentage,SK,Slovakia,2018,,83.4,,,,,
dataflow,ESTAT:TPS00053(1.0),Employment rates of recent graduates,A,Annual,Y1-3,From 1 to 3 years,ED3-8,"Upper secondary, post-secondary non-tertiary and tertiary education (levels 3-8)",Y20-34,From 20 to 34 years,T,Total,PC,Percentage,SK,Slovakia,2019,,83.9,,,,,
dataflow,ESTAT:TPS00053(1.0),Employment rates of recent graduates,A,Annual,Y1-3,From 1 to 3 years,ED3-8,"Upper secondary, post-secondary non-tertiary and tertiary education (levels 3-8)",Y20-34,From 20 to 34 years,T,Total,PC,Percentage,SK,Slovakia,2020,,82.8,,,,,
dataflow,ESTAT:TPS00053(1.0),Employment rates of recent graduates,A,Annual,Y1-3,From 1 to 3 years,ED3-8,"Upper secondary, post-secondary non-tertiary and tertiary education (levels 3-8)",Y20-34,From 20 to 34 years,T,Total,PC,Percentage,SK,Slovakia,2021,,79.5,,b,break in time series,,
dataflow,ESTAT:TPS00053(1.0),Employment rates of recent graduates,A,Annual,Y1-3,From 1 to 3 years,ED3-8,"Upper secondary, post-secondary non-tertiary and tertiary education (levels 3-8)",Y20-34,From 20 to 34 years,T,Total,PC,Percentage,SK,Slovakia,2022,,83.9,,b,break in time series,,
dataflow,ESTAT:TPS00053(1.0),Employment rates of recent graduates,A,Annual,Y1-3,From 1 to 3 years,ED3-8,"Upper secondary, post-secondary non-tertiary and tertiary education (levels 3-8)",Y20-34,From 20 to 34 years,T,Total,PC,Percentage,SK,Slovakia,2023,,84.5,,,,,
dataflow,ESTAT:TPS00053(1.0),Employment rates of recent graduates,A,Annual,Y1-3,From 1 to 3 years,ED3-8,"Upper secondary, post-secondary non-tertiary and tertiary education (levels 3-8)",Y20-34,From 20 to 34 years,T,Total,PC,Percentage,SK,Slovakia,2024,,88.3,,,,,
dataflow,ESTAT:TPS00053(1.0),Employment rates of recent graduates,A,Annual,Y1-3,From 1 to 3 years,ED3-8,"Upper secondary, post-secondary non-tertiary and tertiary education (levels 3-8)",Y20-34,From 20 to 34 years,T,Total,PC,Percentage,SK,Slovakia,2025,,84.8,,,,,
dataflow,ESTAT:TPS00053(1.0),Employment rates of recent graduates,A,Annual,Y1-3,From 1 to 3 years,ED3-8,"Upper secondary, post-secondary non-tertiary and tertiary education (levels 3-8)",Y20-34,From 20 to 34 years,T,Total,PC,Percentage,TR,Türkiye,2014,,62.5,,b,break in time series,,
dataflow,ESTAT:TPS00053(1.0),Employment rates of recent graduates,A,Annual,Y1-3,From 1 to 3 years,ED3-8,"Upper secondary, post-secondary non-tertiary and tertiary education (levels 3-8)",Y20-34,From 20 to 34 years,T,Total,PC,Percentage,TR,Türkiye,2015,,61.9,,,,,
dataflow,ESTAT:TPS00053(1.0),Employment rates of recent graduates,A,Annual,Y1-3,From 1 to 3 years,ED3-8,"Upper secondary, post-secondary non-tertiary and tertiary education (levels 3-8)",Y20-34,From 20 to 34 years,T,Total,PC,Percentage,TR,Türkiye,2016,,61.1,,,,,
dataflow,ESTAT:TPS00053(1.0),Employment rates of recent graduates,A,Annual,Y1-3,From 1 to 3 years,ED3-8,"Upper secondary, post-secondary non-tertiary and tertiary education (levels 3-8)",Y20-34,From 20 to 34 years,T,Total,PC,Percentage,TR,Türkiye,2017,,61.2,,,,,
dataflow,ESTAT:TPS00053(1.0),Employment rates of recent graduates,A,Annual,Y1-3,From 1 to 3 years,ED3-8,"Upper secondary, post-secondary non-tertiary and tertiary education (levels 3-8)",Y20-34,From 20 to 34 years,T,Total,PC,Percentage,TR,Türkiye,2018,,61.5,,,,,
dataflow,ESTAT:TPS00053(1.0),Employment rates of recent graduates,A,Annual,Y1-3,From 1 to 3 years,ED3-8,"Upper secondary, post-secondary non-tertiary and tertiary education (levels 3-8)",Y20-34,From 20 to 34 years,T,Total,PC,Percentage,TR,Türkiye,2019,,57.8,,,,,
dataflow,ESTAT:TPS00053(1.0),Employment rates of recent graduates,A,Annual,Y1-3,From 1 to 3 years,ED3-8,"Upper secondary, post-secondary non-tertiary and tertiary education (levels 3-8)",Y20-34,From 20 to 34 years,T,Total,PC,Percentage,TR,Türkiye,2020,,53.0,,,,,
dataflow,ESTAT:TPS00053(1.0),Employment rates of recent graduates,A,Annual,Y1-3,From 1 to 3 years,ED3-8,"Upper secondary, post-secondary non-tertiary and tertiary education (levels 3-8)",Y20-34,From 20 to 34 years,T,Total,PC,Percentage,TR,Türkiye,2021,,56.6,,b,break in time series,,
dataflow,ESTAT:TPS00053(1.0),Employment rates of recent graduates,A,Annual,Y1-3,From 1 to 3 years,ED3-8,"Upper secondary, post-secondary non-tertiary and tertiary education (levels 3-8)",Y20-34,From 20 to 34 years,T,Total,PC,Percentage,TR,Türkiye,2022,,62.2,,,,,
dataflow,ESTAT:TPS00053(1.0),Employment rates of recent graduates,A,Annual,Y1-3,From 1 to 3 years,ED3-8,"Upper secondary, post-secondary non-tertiary and tertiary education (levels 3-8)",Y20-34,From 20 to 34 years,T,Total,PC,Percentage,TR,Türkiye,2023,,64.7,,,,,
dataflow,ESTAT:TPS00053(1.0),Employment rates of recent graduates,A,Annual,Y1-3,From 1 to 3 years,ED3-8,"Upper secondary, post-secondary non-tertiary and tertiary education (levels 3-8)",Y20-34,From 20 to 34 years,T,Total,PC,Percentage,TR,Türkiye,2024,,64.5,,,,,
dataflow,ESTAT:TPS00053(1.0),Employment rates of recent graduates,A,Annual,Y1-3,From 1 to 3 years,ED3-8,"Upper secondary, post-secondary non-tertiary and tertiary education (levels 3-8)",Y20-34,From 20 to 34 years,T,Total,PC,Percentage,TR,Türkiye,2025,,64.0,,,,,
dataflow,ESTAT:TPS00053(1.0),Employment rates of recent graduates,A,Annual,Y1-3,From 1 to 3 years,ED3-8,"Upper secondary, post-secondary non-tertiary and tertiary education (levels 3-8)",Y20-34,From 20 to 34 years,T,Total,PC,Percentage,UK,United Kingdom,2014,,83.2,,b,break in time series,,
dataflow,ESTAT:TPS00053(1.0),Employment rates of recent graduates,A,Annual,Y1-3,From 1 to 3 years,ED3-8,"Upper secondary, post-secondary non-tertiary and tertiary education (levels 3-8)",Y20-34,From 20 to 34 years,T,Total,PC,Percentage,UK,United Kingdom,2015,,85.8,,,,,
dataflow,ESTAT:TPS00053(1.0),Employment rates of recent graduates,A,Annual,Y1-3,From 1 to 3 years,ED3-8,"Upper secondary, post-secondary non-tertiary and tertiary education (levels 3-8)",Y20-34,From 20 to 34 years,T,Total,PC,Percentage,UK,United Kingdom,2016,,84.4,,,,,
dataflow,ESTAT:TPS00053(1.0),Employment rates of recent graduates,A,Annual,Y1-3,From 1 to 3 years,ED3-8,"Upper secondary, post-secondary non-tertiary and tertiary education (levels 3-8)",Y20-34,From 20 to 34 years,T,Total,PC,Percentage,UK,United Kingdom,2017,,86.6,,,,,
dataflow,ESTAT:TPS00053(1.0),Employment rates of recent graduates,A,Annual,Y1-3,From 1 to 3 years,ED3-8,"Upper secondary, post-secondary non-tertiary and tertiary education (levels 3-8)",Y20-34,From 20 to 34 years,T,Total,PC,Percentage,UK,United Kingdom,2018,,86.7,,,,,
dataflow,ESTAT:TPS00053(1.0),Employment rates of recent graduates,A,Annual,Y1-3,From 1 to 3 years,ED3-8,"Upper secondary, post-secondary non-tertiary and tertiary education (levels 3-8)",Y20-34,From 20 to 34 years,T,Total,PC,Percentage,UK,United Kingdom,2019,,85.4,,,,,
