STRUCTURE,STRUCTURE_ID,STRUCTURE_NAME,freq,Time frequency,indic_em,Employment indicator,sex,Sex,age,Age class,unit,Unit of measure,geo,Geopolitical entity (reporting),TIME_PERIOD,Time,OBS_VALUE,Observation value,OBS_FLAG,Observation status (Flag) V2 structure,CONF_STATUS,Confidentiality status (flag)
dataflow,ESTAT:TIPSLM100(1.0),Employment rate,A,Annual,EMP_LFS,Total employment (resident population concept - LFS),T,Total,Y20-64,From 20 to 64 years,PC_POP,Percentage of total population,AT,Austria,2009,,73.4,,,,,
dataflow,ESTAT:TIPSLM100(1.0),Employment rate,A,Annual,EMP_LFS,Total employment (resident population concept - LFS),T,Total,Y20-64,From 20 to 64 years,PC_POP,Percentage of total population,AT,Austria,2010,,73.9,,,,,
dataflow,ESTAT:TIPSLM100(1.0),Employment rate,A,Annual,EMP_LFS,Total employment (resident population concept - LFS),T,Total,Y20-64,From 20 to 64 years,PC_POP,Percentage of total population,AT,Austria,2011,,74.2,,,,,
dataflow,ESTAT:TIPSLM100(1.0),Employment rate,A,Annual,EMP_LFS,Total employment (resident population concept - LFS),T,Total,Y20-64,From 20 to 64 years,PC_POP,Percentage of total population,AT,Austria,2012,,74.4,,,,,
dataflow,ESTAT:TIPSLM100(1.0),Employment rate,A,Annual,EMP_LFS,Total employment (resident population concept - LFS),T,Total,Y20-64,From 20 to 64 years,PC_POP,Percentage of total population,AT,Austria,2013,,74.6,,,,,
dataflow,ESTAT:TIPSLM100(1.0),Employment rate,A,Annual,EMP_LFS,Total employment (resident population concept - LFS),T,Total,Y20-64,From 20 to 64 years,PC_POP,Percentage of total population,AT,Austria,2014,,74.2,,,,,
dataflow,ESTAT:TIPSLM100(1.0),Employment rate,A,Annual,EMP_LFS,Total employment (resident population concept - LFS),T,Total,Y20-64,From 20 to 64 years,PC_POP,Percentage of total population,AT,Austria,2015,,74.3,,,,,
dataflow,ESTAT:TIPSLM100(1.0),Employment rate,A,Annual,EMP_LFS,Total employment (resident population concept - LFS),T,Total,Y20-64,From 20 to 64 years,PC_POP,Percentage of total population,AT,Austria,2016,,74.8,,,,,
dataflow,ESTAT:TIPSLM100(1.0),Employment rate,A,Annual,EMP_LFS,Total employment (resident population concept - LFS),T,Total,Y20-64,From 20 to 64 years,PC_POP,Percentage of total population,AT,Austria,2017,,75.4,,,,,
dataflow,ESTAT:TIPSLM100(1.0),Employment rate,A,Annual,EMP_LFS,Total employment (resident population concept - LFS),T,Total,Y20-64,From 20 to 64 years,PC_POP,Percentage of total population,AT,Austria,2018,,76.2,,,,,
dataflow,ESTAT:TIPSLM100(1.0),Employment rate,A,Annual,EMP_LFS,Total employment (resident population concept - LFS),T,Total,Y20-64,From 20 to 64 years,PC_POP,Percentage of total population,AT,Austria,2019,,76.8,,,,,
dataflow,ESTAT:TIPSLM100(1.0),Employment rate,A,Annual,EMP_LFS,Total employment (resident population concept - LFS),T,Total,Y20-64,From 20 to 64 years,PC_POP,Percentage of total population,AT,Austria,2020,,74.8,,,,,
dataflow,ESTAT:TIPSLM100(1.0),Employment rate,A,Annual,EMP_LFS,Total employment (resident population concept - LFS),T,Total,Y20-64,From 20 to 64 years,PC_POP,Percentage of total population,AT,Austria,2021,,75.6,,,,,
dataflow,ESTAT:TIPSLM100(1.0),Employment rate,A,Annual,EMP_LFS,Total employment (resident population concept - LFS),T,Total,Y20-64,From 20 to 64 years,PC_POP,Percentage of total population,AT,Austria,2022,,77.3,,,,,
dataflow,ESTAT:TIPSLM100(1.0),Employment rate,A,Annual,EMP_LFS,Total employment (resident population concept - LFS),T,Total,Y20-64,From 20 to 64 years,PC_POP,Percentage of total population,AT,Austria,2023,,77.2,,,,,
dataflow,ESTAT:TIPSLM100(1.0),Employment rate,A,Annual,EMP_LFS,Total employment (resident population concept - LFS),T,Total,Y20-64,From 20 to 64 years,PC_POP,Percentage of total population,AT,Austria,2024,,77.4,,,,,
dataflow,ESTAT:TIPSLM100(1.0),Employment rate,A,Annual,EMP_LFS,Total employment (resident population concept - LFS),T,Total,Y20-64,From 20 to 64 years,PC_POP,Percentage of total population,AT,Austria,2025,,77.6,,,,,
dataflow,ESTAT:TIPSLM100(1.0),Employment rate,A,Annual,EMP_LFS,Total employment (resident population concept - LFS),T,Total,Y20-64,From 20 to 64 years,PC_POP,Percentage of total population,BE,Belgium,2009,,67.1,,,,,
dataflow,ESTAT:TIPSLM100(1.0),Employment rate,A,Annual,EMP_LFS,Total employment (resident population concept - LFS),T,Total,Y20-64,From 20 to 64 years,PC_POP,Percentage of total population,BE,Belgium,2010,,67.6,,,,,
dataflow,ESTAT:TIPSLM100(1.0),Employment rate,A,Annual,EMP_LFS,Total employment (resident population concept - LFS),T,Total,Y20-64,From 20 to 64 years,PC_POP,Percentage of total population,BE,Belgium,2011,,67.3,,,,,
dataflow,ESTAT:TIPSLM100(1.0),Employment rate,A,Annual,EMP_LFS,Total employment (resident population concept - LFS),T,Total,Y20-64,From 20 to 64 years,PC_POP,Percentage of total population,BE,Belgium,2012,,67.2,,,,,
dataflow,ESTAT:TIPSLM100(1.0),Employment rate,A,Annual,EMP_LFS,Total employment (resident population concept - LFS),T,Total,Y20-64,From 20 to 64 years,PC_POP,Percentage of total population,BE,Belgium,2013,,67.2,,,,,
dataflow,ESTAT:TIPSLM100(1.0),Employment rate,A,Annual,EMP_LFS,Total employment (resident population concept - LFS),T,Total,Y20-64,From 20 to 64 years,PC_POP,Percentage of total population,BE,Belgium,2014,,67.3,,,,,
dataflow,ESTAT:TIPSLM100(1.0),Employment rate,A,Annual,EMP_LFS,Total employment (resident population concept - LFS),T,Total,Y20-64,From 20 to 64 years,PC_POP,Percentage of total population,BE,Belgium,2015,,67.2,,,,,
dataflow,ESTAT:TIPSLM100(1.0),Employment rate,A,Annual,EMP_LFS,Total employment (resident population concept - LFS),T,Total,Y20-64,From 20 to 64 years,PC_POP,Percentage of total population,BE,Belgium,2016,,67.7,,,,,
dataflow,ESTAT:TIPSLM100(1.0),Employment rate,A,Annual,EMP_LFS,Total employment (resident population concept - LFS),T,Total,Y20-64,From 20 to 64 years,PC_POP,Percentage of total population,BE,Belgium,2017,,68.5,,b,break in time series,,
dataflow,ESTAT:TIPSLM100(1.0),Employment rate,A,Annual,EMP_LFS,Total employment (resident population concept - LFS),T,Total,Y20-64,From 20 to 64 years,PC_POP,Percentage of total population,BE,Belgium,2018,,69.7,,,,,
dataflow,ESTAT:TIPSLM100(1.0),Employment rate,A,Annual,EMP_LFS,Total employment (resident population concept - LFS),T,Total,Y20-64,From 20 to 64 years,PC_POP,Percentage of total population,BE,Belgium,2019,,70.5,,,,,
dataflow,ESTAT:TIPSLM100(1.0),Employment rate,A,Annual,EMP_LFS,Total employment (resident population concept - LFS),T,Total,Y20-64,From 20 to 64 years,PC_POP,Percentage of total population,BE,Belgium,2020,,69.7,,,,,
dataflow,ESTAT:TIPSLM100(1.0),Employment rate,A,Annual,EMP_LFS,Total employment (resident population concept - LFS),T,Total,Y20-64,From 20 to 64 years,PC_POP,Percentage of total population,BE,Belgium,2021,,70.6,,,,,
dataflow,ESTAT:TIPSLM100(1.0),Employment rate,A,Annual,EMP_LFS,Total employment (resident population concept - LFS),T,Total,Y20-64,From 20 to 64 years,PC_POP,Percentage of total population,BE,Belgium,2022,,71.9,,,,,
dataflow,ESTAT:TIPSLM100(1.0),Employment rate,A,Annual,EMP_LFS,Total employment (resident population concept - LFS),T,Total,Y20-64,From 20 to 64 years,PC_POP,Percentage of total population,BE,Belgium,2023,,72.1,,,,,
dataflow,ESTAT:TIPSLM100(1.0),Employment rate,A,Annual,EMP_LFS,Total employment (resident population concept - LFS),T,Total,Y20-64,From 20 to 64 years,PC_POP,Percentage of total population,BE,Belgium,2024,,72.3,,,,,
dataflow,ESTAT:TIPSLM100(1.0),Employment rate,A,Annual,EMP_LFS,Total employment (resident population concept - LFS),T,Total,Y20-64,From 20 to 64 years,PC_POP,Percentage of total population,BE,Belgium,2025,,72.8,,,,,
dataflow,ESTAT:TIPSLM100(1.0),Employment rate,A,Annual,EMP_LFS,Total employment (resident population concept - LFS),T,Total,Y20-64,From 20 to 64 years,PC_POP,Percentage of total population,BG,Bulgaria,2009,,68.2,,,,,
dataflow,ESTAT:TIPSLM100(1.0),Employment rate,A,Annual,EMP_LFS,Total employment (resident population concept - LFS),T,Total,Y20-64,From 20 to 64 years,PC_POP,Percentage of total population,BG,Bulgaria,2010,,64.1,,b,break in time series,,
dataflow,ESTAT:TIPSLM100(1.0),Employment rate,A,Annual,EMP_LFS,Total employment (resident population concept - LFS),T,Total,Y20-64,From 20 to 64 years,PC_POP,Percentage of total population,BG,Bulgaria,2011,,62.3,,b,break in time series,,
dataflow,ESTAT:TIPSLM100(1.0),Employment rate,A,Annual,EMP_LFS,Total employment (resident population concept - LFS),T,Total,Y20-64,From 20 to 64 years,PC_POP,Percentage of total population,BG,Bulgaria,2012,,62.4,,,,,
dataflow,ESTAT:TIPSLM100(1.0),Employment rate,A,Annual,EMP_LFS,Total employment (resident population concept - LFS),T,Total,Y20-64,From 20 to 64 years,PC_POP,Percentage of total population,BG,Bulgaria,2013,,62.9,,,,,
dataflow,ESTAT:TIPSLM100(1.0),Employment rate,A,Annual,EMP_LFS,Total employment (resident population concept - LFS),T,Total,Y20-64,From 20 to 64 years,PC_POP,Percentage of total population,BG,Bulgaria,2014,,64.4,,,,,
dataflow,ESTAT:TIPSLM100(1.0),Employment rate,A,Annual,EMP_LFS,Total employment (resident population concept - LFS),T,Total,Y20-64,From 20 to 64 years,PC_POP,Percentage of total population,BG,Bulgaria,2015,,66.5,,,,,
dataflow,ESTAT:TIPSLM100(1.0),Employment rate,A,Annual,EMP_LFS,Total employment (resident population concept - LFS),T,Total,Y20-64,From 20 to 64 years,PC_POP,Percentage of total population,BG,Bulgaria,2016,,67.0,,,,,
dataflow,ESTAT:TIPSLM100(1.0),Employment rate,A,Annual,EMP_LFS,Total employment (resident population concept - LFS),T,Total,Y20-64,From 20 to 64 years,PC_POP,Percentage of total population,BG,Bulgaria,2017,,70.6,,,,,
dataflow,ESTAT:TIPSLM100(1.0),Employment rate,A,Annual,EMP_LFS,Total employment (resident population concept - LFS),T,Total,Y20-64,From 20 to 64 years,PC_POP,Percentage of total population,BG,Bulgaria,2018,,71.7,,,,,
dataflow,ESTAT:TIPSLM100(1.0),Employment rate,A,Annual,EMP_LFS,Total employment (resident population concept - LFS),T,Total,Y20-64,From 20 to 64 years,PC_POP,Percentage of total population,BG,Bulgaria,2019,,74.3,,b,break in time series,,
dataflow,ESTAT:TIPSLM100(1.0),Employment rate,A,Annual,EMP_LFS,Total employment (resident population concept - LFS),T,Total,Y20-64,From 20 to 64 years,PC_POP,Percentage of total population,BG,Bulgaria,2020,,72.7,,,,,
dataflow,ESTAT:TIPSLM100(1.0),Employment rate,A,Annual,EMP_LFS,Total employment (resident population concept - LFS),T,Total,Y20-64,From 20 to 64 years,PC_POP,Percentage of total population,BG,Bulgaria,2021,,73.3,,,,,
dataflow,ESTAT:TIPSLM100(1.0),Employment rate,A,Annual,EMP_LFS,Total employment (resident population concept - LFS),T,Total,Y20-64,From 20 to 64 years,PC_POP,Percentage of total population,BG,Bulgaria,2022,,75.9,,,,,
dataflow,ESTAT:TIPSLM100(1.0),Employment rate,A,Annual,EMP_LFS,Total employment (resident population concept - LFS),T,Total,Y20-64,From 20 to 64 years,PC_POP,Percentage of total population,BG,Bulgaria,2023,,76.2,,,,,
dataflow,ESTAT:TIPSLM100(1.0),Employment rate,A,Annual,EMP_LFS,Total employment (resident population concept - LFS),T,Total,Y20-64,From 20 to 64 years,PC_POP,Percentage of total population,BG,Bulgaria,2024,,76.8,,b,break in time series,,
dataflow,ESTAT:TIPSLM100(1.0),Employment rate,A,Annual,EMP_LFS,Total employment (resident population concept - LFS),T,Total,Y20-64,From 20 to 64 years,PC_POP,Percentage of total population,BG,Bulgaria,2025,,77.0,,,,,
dataflow,ESTAT:TIPSLM100(1.0),Employment rate,A,Annual,EMP_LFS,Total employment (resident population concept - LFS),T,Total,Y20-64,From 20 to 64 years,PC_POP,Percentage of total population,CY,Cyprus,2009,,75.3,,,,,
dataflow,ESTAT:TIPSLM100(1.0),Employment rate,A,Annual,EMP_LFS,Total employment (resident population concept - LFS),T,Total,Y20-64,From 20 to 64 years,PC_POP,Percentage of total population,CY,Cyprus,2010,,75.0,,,,,
dataflow,ESTAT:TIPSLM100(1.0),Employment rate,A,Annual,EMP_LFS,Total employment (resident population concept - LFS),T,Total,Y20-64,From 20 to 64 years,PC_POP,Percentage of total population,CY,Cyprus,2011,,73.4,,,,,
dataflow,ESTAT:TIPSLM100(1.0),Employment rate,A,Annual,EMP_LFS,Total employment (resident population concept - LFS),T,Total,Y20-64,From 20 to 64 years,PC_POP,Percentage of total population,CY,Cyprus,2012,,70.2,,,,,
dataflow,ESTAT:TIPSLM100(1.0),Employment rate,A,Annual,EMP_LFS,Total employment (resident population concept - LFS),T,Total,Y20-64,From 20 to 64 years,PC_POP,Percentage of total population,CY,Cyprus,2013,,67.2,,,,,
dataflow,ESTAT:TIPSLM100(1.0),Employment rate,A,Annual,EMP_LFS,Total employment (resident population concept - LFS),T,Total,Y20-64,From 20 to 64 years,PC_POP,Percentage of total population,CY,Cyprus,2014,,67.6,,,,,
dataflow,ESTAT:TIPSLM100(1.0),Employment rate,A,Annual,EMP_LFS,Total employment (resident population concept - LFS),T,Total,Y20-64,From 20 to 64 years,PC_POP,Percentage of total population,CY,Cyprus,2015,,67.9,,,,,
dataflow,ESTAT:TIPSLM100(1.0),Employment rate,A,Annual,EMP_LFS,Total employment (resident population concept - LFS),T,Total,Y20-64,From 20 to 64 years,PC_POP,Percentage of total population,CY,Cyprus,2016,,68.7,,,,,
dataflow,ESTAT:TIPSLM100(1.0),Employment rate,A,Annual,EMP_LFS,Total employment (resident population concept - LFS),T,Total,Y20-64,From 20 to 64 years,PC_POP,Percentage of total population,CY,Cyprus,2017,,70.8,,,,,
dataflow,ESTAT:TIPSLM100(1.0),Employment rate,A,Annual,EMP_LFS,Total employment (resident population concept - LFS),T,Total,Y20-64,From 20 to 64 years,PC_POP,Percentage of total population,CY,Cyprus,2018,,73.9,,,,,
dataflow,ESTAT:TIPSLM100(1.0),Employment rate,A,Annual,EMP_LFS,Total employment (resident population concept - LFS),T,Total,Y20-64,From 20 to 64 years,PC_POP,Percentage of total population,CY,Cyprus,2019,,75.8,,,,,
dataflow,ESTAT:TIPSLM100(1.0),Employment rate,A,Annual,EMP_LFS,Total employment (resident population concept - LFS),T,Total,Y20-64,From 20 to 64 years,PC_POP,Percentage of total population,CY,Cyprus,2020,,75.2,,,,,
dataflow,ESTAT:TIPSLM100(1.0),Employment rate,A,Annual,EMP_LFS,Total employment (resident population concept - LFS),T,Total,Y20-64,From 20 to 64 years,PC_POP,Percentage of total population,CY,Cyprus,2021,,76.3,,,,,
dataflow,ESTAT:TIPSLM100(1.0),Employment rate,A,Annual,EMP_LFS,Total employment (resident population concept - LFS),T,Total,Y20-64,From 20 to 64 years,PC_POP,Percentage of total population,CY,Cyprus,2022,,78.6,,,,,
dataflow,ESTAT:TIPSLM100(1.0),Employment rate,A,Annual,EMP_LFS,Total employment (resident population concept - LFS),T,Total,Y20-64,From 20 to 64 years,PC_POP,Percentage of total population,CY,Cyprus,2023,,79.8,,,,,
dataflow,ESTAT:TIPSLM100(1.0),Employment rate,A,Annual,EMP_LFS,Total employment (resident population concept - LFS),T,Total,Y20-64,From 20 to 64 years,PC_POP,Percentage of total population,CY,Cyprus,2024,,80.1,,,,,
dataflow,ESTAT:TIPSLM100(1.0),Employment rate,A,Annual,EMP_LFS,Total employment (resident population concept - LFS),T,Total,Y20-64,From 20 to 64 years,PC_POP,Percentage of total population,CY,Cyprus,2025,,81.3,,,,,
dataflow,ESTAT:TIPSLM100(1.0),Employment rate,A,Annual,EMP_LFS,Total employment (resident population concept - LFS),T,Total,Y20-64,From 20 to 64 years,PC_POP,Percentage of total population,CZ,Czechia,2009,,70.9,,,,,
dataflow,ESTAT:TIPSLM100(1.0),Employment rate,A,Annual,EMP_LFS,Total employment (resident population concept - LFS),T,Total,Y20-64,From 20 to 64 years,PC_POP,Percentage of total population,CZ,Czechia,2010,,70.4,,,,,
dataflow,ESTAT:TIPSLM100(1.0),Employment rate,A,Annual,EMP_LFS,Total employment (resident population concept - LFS),T,Total,Y20-64,From 20 to 64 years,PC_POP,Percentage of total population,CZ,Czechia,2011,,70.9,,b,break in time series,,
dataflow,ESTAT:TIPSLM100(1.0),Employment rate,A,Annual,EMP_LFS,Total employment (resident population concept - LFS),T,Total,Y20-64,From 20 to 64 years,PC_POP,Percentage of total population,CZ,Czechia,2012,,71.5,,,,,
dataflow,ESTAT:TIPSLM100(1.0),Employment rate,A,Annual,EMP_LFS,Total employment (resident population concept - LFS),T,Total,Y20-64,From 20 to 64 years,PC_POP,Percentage of total population,CZ,Czechia,2013,,72.5,,,,,
dataflow,ESTAT:TIPSLM100(1.0),Employment rate,A,Annual,EMP_LFS,Total employment (resident population concept - LFS),T,Total,Y20-64,From 20 to 64 years,PC_POP,Percentage of total population,CZ,Czechia,2014,,73.5,,,,,
dataflow,ESTAT:TIPSLM100(1.0),Employment rate,A,Annual,EMP_LFS,Total employment (resident population concept - LFS),T,Total,Y20-64,From 20 to 64 years,PC_POP,Percentage of total population,CZ,Czechia,2015,,74.8,,,,,
dataflow,ESTAT:TIPSLM100(1.0),Employment rate,A,Annual,EMP_LFS,Total employment (resident population concept - LFS),T,Total,Y20-64,From 20 to 64 years,PC_POP,Percentage of total population,CZ,Czechia,2016,,76.7,,,,,
dataflow,ESTAT:TIPSLM100(1.0),Employment rate,A,Annual,EMP_LFS,Total employment (resident population concept - LFS),T,Total,Y20-64,From 20 to 64 years,PC_POP,Percentage of total population,CZ,Czechia,2017,,78.5,,,,,
dataflow,ESTAT:TIPSLM100(1.0),Employment rate,A,Annual,EMP_LFS,Total employment (resident population concept - LFS),T,Total,Y20-64,From 20 to 64 years,PC_POP,Percentage of total population,CZ,Czechia,2018,,79.9,,,,,
dataflow,ESTAT:TIPSLM100(1.0),Employment rate,A,Annual,EMP_LFS,Total employment (resident population concept - LFS),T,Total,Y20-64,From 20 to 64 years,PC_POP,Percentage of total population,CZ,Czechia,2019,,80.3,,,,,
dataflow,ESTAT:TIPSLM100(1.0),Employment rate,A,Annual,EMP_LFS,Total employment (resident population concept - LFS),T,Total,Y20-64,From 20 to 64 years,PC_POP,Percentage of total population,CZ,Czechia,2020,,79.7,,,,,
dataflow,ESTAT:TIPSLM100(1.0),Employment rate,A,Annual,EMP_LFS,Total employment (resident population concept - LFS),T,Total,Y20-64,From 20 to 64 years,PC_POP,Percentage of total population,CZ,Czechia,2021,,80.0,,,,,
dataflow,ESTAT:TIPSLM100(1.0),Employment rate,A,Annual,EMP_LFS,Total employment (resident population concept - LFS),T,Total,Y20-64,From 20 to 64 years,PC_POP,Percentage of total population,CZ,Czechia,2022,,81.3,,,,,
dataflow,ESTAT:TIPSLM100(1.0),Employment rate,A,Annual,EMP_LFS,Total employment (resident population concept - LFS),T,Total,Y20-64,From 20 to 64 years,PC_POP,Percentage of total population,CZ,Czechia,2023,,81.7,,,,,
dataflow,ESTAT:TIPSLM100(1.0),Employment rate,A,Annual,EMP_LFS,Total employment (resident population concept - LFS),T,Total,Y20-64,From 20 to 64 years,PC_POP,Percentage of total population,CZ,Czechia,2024,,82.3,,,,,
dataflow,ESTAT:TIPSLM100(1.0),Employment rate,A,Annual,EMP_LFS,Total employment (resident population concept - LFS),T,Total,Y20-64,From 20 to 64 years,PC_POP,Percentage of total population,CZ,Czechia,2025,,82.9,,,,,
dataflow,ESTAT:TIPSLM100(1.0),Employment rate,A,Annual,EMP_LFS,Total employment (resident population concept - LFS),T,Total,Y20-64,From 20 to 64 years,PC_POP,Percentage of total population,DE,Germany,2009,,73.2,,,,,
dataflow,ESTAT:TIPSLM100(1.0),Employment rate,A,Annual,EMP_LFS,Total employment (resident population concept - LFS),T,Total,Y20-64,From 20 to 64 years,PC_POP,Percentage of total population,DE,Germany,2010,,74.0,,b,break in time series,,
dataflow,ESTAT:TIPSLM100(1.0),Employment rate,A,Annual,EMP_LFS,Total employment (resident population concept - LFS),T,Total,Y20-64,From 20 to 64 years,PC_POP,Percentage of total population,DE,Germany,2011,,75.4,,b,break in time series,,
dataflow,ESTAT:TIPSLM100(1.0),Employment rate,A,Annual,EMP_LFS,Total employment (resident population concept - LFS),T,Total,Y20-64,From 20 to 64 years,PC_POP,Percentage of total population,DE,Germany,2012,,75.8,,,,,
dataflow,ESTAT:TIPSLM100(1.0),Employment rate,A,Annual,EMP_LFS,Total employment (resident population concept - LFS),T,Total,Y20-64,From 20 to 64 years,PC_POP,Percentage of total population,DE,Germany,2013,,76.3,,,,,
dataflow,ESTAT:TIPSLM100(1.0),Employment rate,A,Annual,EMP_LFS,Total employment (resident population concept - LFS),T,Total,Y20-64,From 20 to 64 years,PC_POP,Percentage of total population,DE,Germany,2014,,76.7,,,,,
dataflow,ESTAT:TIPSLM100(1.0),Employment rate,A,Annual,EMP_LFS,Total employment (resident population concept - LFS),T,Total,Y20-64,From 20 to 64 years,PC_POP,Percentage of total population,DE,Germany,2015,,77.0,,,,,
dataflow,ESTAT:TIPSLM100(1.0),Employment rate,A,Annual,EMP_LFS,Total employment (resident population concept - LFS),T,Total,Y20-64,From 20 to 64 years,PC_POP,Percentage of total population,DE,Germany,2016,,77.6,,,,,
dataflow,ESTAT:TIPSLM100(1.0),Employment rate,A,Annual,EMP_LFS,Total employment (resident population concept - LFS),T,Total,Y20-64,From 20 to 64 years,PC_POP,Percentage of total population,DE,Germany,2017,,78.3,,,,,
dataflow,ESTAT:TIPSLM100(1.0),Employment rate,A,Annual,EMP_LFS,Total employment (resident population concept - LFS),T,Total,Y20-64,From 20 to 64 years,PC_POP,Percentage of total population,DE,Germany,2018,,79.0,,,,,
dataflow,ESTAT:TIPSLM100(1.0),Employment rate,A,Annual,EMP_LFS,Total employment (resident population concept - LFS),T,Total,Y20-64,From 20 to 64 years,PC_POP,Percentage of total population,DE,Germany,2019,,79.7,,,,,
dataflow,ESTAT:TIPSLM100(1.0),Employment rate,A,Annual,EMP_LFS,Total employment (resident population concept - LFS),T,Total,Y20-64,From 20 to 64 years,PC_POP,Percentage of total population,DE,Germany,2020,,78.3,,b,break in time series,,
dataflow,ESTAT:TIPSLM100(1.0),Employment rate,A,Annual,EMP_LFS,Total employment (resident population concept - LFS),T,Total,Y20-64,From 20 to 64 years,PC_POP,Percentage of total population,DE,Germany,2021,,79.6,,,,,
dataflow,ESTAT:TIPSLM100(1.0),Employment rate,A,Annual,EMP_LFS,Total employment (resident population concept - LFS),T,Total,Y20-64,From 20 to 64 years,PC_POP,Percentage of total population,DE,Germany,2022,,80.8,,,,,
dataflow,ESTAT:TIPSLM100(1.0),Employment rate,A,Annual,EMP_LFS,Total employment (resident population concept - LFS),T,Total,Y20-64,From 20 to 64 years,PC_POP,Percentage of total population,DE,Germany,2023,,81.1,,,,,
dataflow,ESTAT:TIPSLM100(1.0),Employment rate,A,Annual,EMP_LFS,Total employment (resident population concept - LFS),T,Total,Y20-64,From 20 to 64 years,PC_POP,Percentage of total population,DE,Germany,2024,,81.1,,,,,
dataflow,ESTAT:TIPSLM100(1.0),Employment rate,A,Annual,EMP_LFS,Total employment (resident population concept - LFS),T,Total,Y20-64,From 20 to 64 years,PC_POP,Percentage of total population,DE,Germany,2025,,81.1,,,,,
dataflow,ESTAT:TIPSLM100(1.0),Employment rate,A,Annual,EMP_LFS,Total employment (resident population concept - LFS),T,Total,Y20-64,From 20 to 64 years,PC_POP,Percentage of total population,DK,Denmark,2009,,76.1,,,,,
dataflow,ESTAT:TIPSLM100(1.0),Employment rate,A,Annual,EMP_LFS,Total employment (resident population concept - LFS),T,Total,Y20-64,From 20 to 64 years,PC_POP,Percentage of total population,DK,Denmark,2010,,74.9,,,,,
dataflow,ESTAT:TIPSLM100(1.0),Employment rate,A,Annual,EMP_LFS,Total employment (resident population concept - LFS),T,Total,Y20-64,From 20 to 64 years,PC_POP,Percentage of total population,DK,Denmark,2011,,74.8,,,,,
dataflow,ESTAT:TIPSLM100(1.0),Employment rate,A,Annual,EMP_LFS,Total employment (resident population concept - LFS),T,Total,Y20-64,From 20 to 64 years,PC_POP,Percentage of total population,DK,Denmark,2012,,74.3,,,,,
dataflow,ESTAT:TIPSLM100(1.0),Employment rate,A,Annual,EMP_LFS,Total employment (resident population concept - LFS),T,Total,Y20-64,From 20 to 64 years,PC_POP,Percentage of total population,DK,Denmark,2013,,74.3,,,,,
dataflow,ESTAT:TIPSLM100(1.0),Employment rate,A,Annual,EMP_LFS,Total employment (resident population concept - LFS),T,Total,Y20-64,From 20 to 64 years,PC_POP,Percentage of total population,DK,Denmark,2014,,74.7,,,,,
dataflow,ESTAT:TIPSLM100(1.0),Employment rate,A,Annual,EMP_LFS,Total employment (resident population concept - LFS),T,Total,Y20-64,From 20 to 64 years,PC_POP,Percentage of total population,DK,Denmark,2015,,75.4,,,,,
dataflow,ESTAT:TIPSLM100(1.0),Employment rate,A,Annual,EMP_LFS,Total employment (resident population concept - LFS),T,Total,Y20-64,From 20 to 64 years,PC_POP,Percentage of total population,DK,Denmark,2016,,76.0,,b,break in time series,,
dataflow,ESTAT:TIPSLM100(1.0),Employment rate,A,Annual,EMP_LFS,Total employment (resident population concept - LFS),T,Total,Y20-64,From 20 to 64 years,PC_POP,Percentage of total population,DK,Denmark,2017,,76.6,,b,break in time series,,
dataflow,ESTAT:TIPSLM100(1.0),Employment rate,A,Annual,EMP_LFS,Total employment (resident population concept - LFS),T,Total,Y20-64,From 20 to 64 years,PC_POP,Percentage of total population,DK,Denmark,2018,,77.5,,,,,
dataflow,ESTAT:TIPSLM100(1.0),Employment rate,A,Annual,EMP_LFS,Total employment (resident population concept - LFS),T,Total,Y20-64,From 20 to 64 years,PC_POP,Percentage of total population,DK,Denmark,2019,,78.3,,,,,
dataflow,ESTAT:TIPSLM100(1.0),Employment rate,A,Annual,EMP_LFS,Total employment (resident population concept - LFS),T,Total,Y20-64,From 20 to 64 years,PC_POP,Percentage of total population,DK,Denmark,2020,,77.8,,,,,
dataflow,ESTAT:TIPSLM100(1.0),Employment rate,A,Annual,EMP_LFS,Total employment (resident population concept - LFS),T,Total,Y20-64,From 20 to 64 years,PC_POP,Percentage of total population,DK,Denmark,2021,,79.0,,,,,
dataflow,ESTAT:TIPSLM100(1.0),Employment rate,A,Annual,EMP_LFS,Total employment (resident population concept - LFS),T,Total,Y20-64,From 20 to 64 years,PC_POP,Percentage of total population,DK,Denmark,2022,,80.1,,,,,
dataflow,ESTAT:TIPSLM100(1.0),Employment rate,A,Annual,EMP_LFS,Total employment (resident population concept - LFS),T,Total,Y20-64,From 20 to 64 years,PC_POP,Percentage of total population,DK,Denmark,2023,,79.8,,b,break in time series,,
dataflow,ESTAT:TIPSLM100(1.0),Employment rate,A,Annual,EMP_LFS,Total employment (resident population concept - LFS),T,Total,Y20-64,From 20 to 64 years,PC_POP,Percentage of total population,DK,Denmark,2024,,80.2,,,,,
dataflow,ESTAT:TIPSLM100(1.0),Employment rate,A,Annual,EMP_LFS,Total employment (resident population concept - LFS),T,Total,Y20-64,From 20 to 64 years,PC_POP,Percentage of total population,DK,Denmark,2025,,79.8,,,,,
dataflow,ESTAT:TIPSLM100(1.0),Employment rate,A,Annual,EMP_LFS,Total employment (resident population concept - LFS),T,Total,Y20-64,From 20 to 64 years,PC_POP,Percentage of total population,EA20,Euro area – 20 countries (2023-2025),2009,,68.3,,,,,
dataflow,ESTAT:TIPSLM100(1.0),Employment rate,A,Annual,EMP_LFS,Total employment (resident population concept - LFS),T,Total,Y20-64,From 20 to 64 years,PC_POP,Percentage of total population,EA20,Euro area – 20 countries (2023-2025),2010,,67.9,,,,,
dataflow,ESTAT:TIPSLM100(1.0),Employment rate,A,Annual,EMP_LFS,Total employment (resident population concept - LFS),T,Total,Y20-64,From 20 to 64 years,PC_POP,Percentage of total population,EA20,Euro area – 20 countries (2023-2025),2011,,68.0,,,,,
dataflow,ESTAT:TIPSLM100(1.0),Employment rate,A,Annual,EMP_LFS,Total employment (resident population concept - LFS),T,Total,Y20-64,From 20 to 64 years,PC_POP,Percentage of total population,EA20,Euro area – 20 countries (2023-2025),2012,,67.6,,,,,
dataflow,ESTAT:TIPSLM100(1.0),Employment rate,A,Annual,EMP_LFS,Total employment (resident population concept - LFS),T,Total,Y20-64,From 20 to 64 years,PC_POP,Percentage of total population,EA20,Euro area – 20 countries (2023-2025),2013,,67.3,,,,,
dataflow,ESTAT:TIPSLM100(1.0),Employment rate,A,Annual,EMP_LFS,Total employment (resident population concept - LFS),T,Total,Y20-64,From 20 to 64 years,PC_POP,Percentage of total population,EA20,Euro area – 20 countries (2023-2025),2014,,67.8,,,,,
dataflow,ESTAT:TIPSLM100(1.0),Employment rate,A,Annual,EMP_LFS,Total employment (resident population concept - LFS),T,Total,Y20-64,From 20 to 64 years,PC_POP,Percentage of total population,EA20,Euro area – 20 countries (2023-2025),2015,,68.7,,,,,
dataflow,ESTAT:TIPSLM100(1.0),Employment rate,A,Annual,EMP_LFS,Total employment (resident population concept - LFS),T,Total,Y20-64,From 20 to 64 years,PC_POP,Percentage of total population,EA20,Euro area – 20 countries (2023-2025),2016,,69.7,,,,,
dataflow,ESTAT:TIPSLM100(1.0),Employment rate,A,Annual,EMP_LFS,Total employment (resident population concept - LFS),T,Total,Y20-64,From 20 to 64 years,PC_POP,Percentage of total population,EA20,Euro area – 20 countries (2023-2025),2017,,70.7,,,,,
dataflow,ESTAT:TIPSLM100(1.0),Employment rate,A,Annual,EMP_LFS,Total employment (resident population concept - LFS),T,Total,Y20-64,From 20 to 64 years,PC_POP,Percentage of total population,EA20,Euro area – 20 countries (2023-2025),2018,,71.7,,,,,
dataflow,ESTAT:TIPSLM100(1.0),Employment rate,A,Annual,EMP_LFS,Total employment (resident population concept - LFS),T,Total,Y20-64,From 20 to 64 years,PC_POP,Percentage of total population,EA20,Euro area – 20 countries (2023-2025),2019,,72.4,,,,,
dataflow,ESTAT:TIPSLM100(1.0),Employment rate,A,Annual,EMP_LFS,Total employment (resident population concept - LFS),T,Total,Y20-64,From 20 to 64 years,PC_POP,Percentage of total population,EA20,Euro area – 20 countries (2023-2025),2020,,71.1,,,,,
dataflow,ESTAT:TIPSLM100(1.0),Employment rate,A,Annual,EMP_LFS,Total employment (resident population concept - LFS),T,Total,Y20-64,From 20 to 64 years,PC_POP,Percentage of total population,EA20,Euro area – 20 countries (2023-2025),2021,,72.4,,,,,
dataflow,ESTAT:TIPSLM100(1.0),Employment rate,A,Annual,EMP_LFS,Total employment (resident population concept - LFS),T,Total,Y20-64,From 20 to 64 years,PC_POP,Percentage of total population,EA20,Euro area – 20 countries (2023-2025),2022,,74.0,,,,,
dataflow,ESTAT:TIPSLM100(1.0),Employment rate,A,Annual,EMP_LFS,Total employment (resident population concept - LFS),T,Total,Y20-64,From 20 to 64 years,PC_POP,Percentage of total population,EA20,Euro area – 20 countries (2023-2025),2023,,74.7,,,,,
dataflow,ESTAT:TIPSLM100(1.0),Employment rate,A,Annual,EMP_LFS,Total employment (resident population concept - LFS),T,Total,Y20-64,From 20 to 64 years,PC_POP,Percentage of total population,EA20,Euro area – 20 countries (2023-2025),2024,,75.2,,,,,
dataflow,ESTAT:TIPSLM100(1.0),Employment rate,A,Annual,EMP_LFS,Total employment (resident population concept - LFS),T,Total,Y20-64,From 20 to 64 years,PC_POP,Percentage of total population,EA20,Euro area – 20 countries (2023-2025),2025,,75.6,,,,,
dataflow,ESTAT:TIPSLM100(1.0),Employment rate,A,Annual,EMP_LFS,Total employment (resident population concept - LFS),T,Total,Y20-64,From 20 to 64 years,PC_POP,Percentage of total population,EA21,Euro area – 21 countries (from 2026),2009,,68.3,,,,,
dataflow,ESTAT:TIPSLM100(1.0),Employment rate,A,Annual,EMP_LFS,Total employment (resident population concept - LFS),T,Total,Y20-64,From 20 to 64 years,PC_POP,Percentage of total population,EA21,Euro area – 21 countries (from 2026),2010,,67.8,,,,,
dataflow,ESTAT:TIPSLM100(1.0),Employment rate,A,Annual,EMP_LFS,Total employment (resident population concept - LFS),T,Total,Y20-64,From 20 to 64 years,PC_POP,Percentage of total population,EA21,Euro area – 21 countries (from 2026),2011,,67.9,,,,,
dataflow,ESTAT:TIPSLM100(1.0),Employment rate,A,Annual,EMP_LFS,Total employment (resident population concept - LFS),T,Total,Y20-64,From 20 to 64 years,PC_POP,Percentage of total population,EA21,Euro area – 21 countries (from 2026),2012,,67.4,,,,,
dataflow,ESTAT:TIPSLM100(1.0),Employment rate,A,Annual,EMP_LFS,Total employment (resident population concept - LFS),T,Total,Y20-64,From 20 to 64 years,PC_POP,Percentage of total population,EA21,Euro area – 21 countries (from 2026),2013,,67.2,,,,,
dataflow,ESTAT:TIPSLM100(1.0),Employment rate,A,Annual,EMP_LFS,Total employment (resident population concept - LFS),T,Total,Y20-64,From 20 to 64 years,PC_POP,Percentage of total population,EA21,Euro area – 21 countries (from 2026),2014,,67.8,,,,,
dataflow,ESTAT:TIPSLM100(1.0),Employment rate,A,Annual,EMP_LFS,Total employment (resident population concept - LFS),T,Total,Y20-64,From 20 to 64 years,PC_POP,Percentage of total population,EA21,Euro area – 21 countries (from 2026),2015,,68.6,,,,,
dataflow,ESTAT:TIPSLM100(1.0),Employment rate,A,Annual,EMP_LFS,Total employment (resident population concept - LFS),T,Total,Y20-64,From 20 to 64 years,PC_POP,Percentage of total population,EA21,Euro area – 21 countries (from 2026),2016,,69.6,,,,,
dataflow,ESTAT:TIPSLM100(1.0),Employment rate,A,Annual,EMP_LFS,Total employment (resident population concept - LFS),T,Total,Y20-64,From 20 to 64 years,PC_POP,Percentage of total population,EA21,Euro area – 21 countries (from 2026),2017,,70.7,,,,,
dataflow,ESTAT:TIPSLM100(1.0),Employment rate,A,Annual,EMP_LFS,Total employment (resident population concept - LFS),T,Total,Y20-64,From 20 to 64 years,PC_POP,Percentage of total population,EA21,Euro area – 21 countries (from 2026),2018,,71.7,,,,,
dataflow,ESTAT:TIPSLM100(1.0),Employment rate,A,Annual,EMP_LFS,Total employment (resident population concept - LFS),T,Total,Y20-64,From 20 to 64 years,PC_POP,Percentage of total population,EA21,Euro area – 21 countries (from 2026),2019,,72.5,,,,,
dataflow,ESTAT:TIPSLM100(1.0),Employment rate,A,Annual,EMP_LFS,Total employment (resident population concept - LFS),T,Total,Y20-64,From 20 to 64 years,PC_POP,Percentage of total population,EA21,Euro area – 21 countries (from 2026),2020,,71.2,,,,,
dataflow,ESTAT:TIPSLM100(1.0),Employment rate,A,Annual,EMP_LFS,Total employment (resident population concept - LFS),T,Total,Y20-64,From 20 to 64 years,PC_POP,Percentage of total population,EA21,Euro area – 21 countries (from 2026),2021,,72.4,,,,,
dataflow,ESTAT:TIPSLM100(1.0),Employment rate,A,Annual,EMP_LFS,Total employment (resident population concept - LFS),T,Total,Y20-64,From 20 to 64 years,PC_POP,Percentage of total population,EA21,Euro area – 21 countries (from 2026),2022,,74.0,,,,,
dataflow,ESTAT:TIPSLM100(1.0),Employment rate,A,Annual,EMP_LFS,Total employment (resident population concept - LFS),T,Total,Y20-64,From 20 to 64 years,PC_POP,Percentage of total population,EA21,Euro area – 21 countries (from 2026),2023,,74.8,,,,,
dataflow,ESTAT:TIPSLM100(1.0),Employment rate,A,Annual,EMP_LFS,Total employment (resident population concept - LFS),T,Total,Y20-64,From 20 to 64 years,PC_POP,Percentage of total population,EA21,Euro area – 21 countries (from 2026),2024,,75.2,,,,,
dataflow,ESTAT:TIPSLM100(1.0),Employment rate,A,Annual,EMP_LFS,Total employment (resident population concept - LFS),T,Total,Y20-64,From 20 to 64 years,PC_POP,Percentage of total population,EA21,Euro area – 21 countries (from 2026),2025,,75.7,,,,,
dataflow,ESTAT:TIPSLM100(1.0),Employment rate,A,Annual,EMP_LFS,Total employment (resident population concept - LFS),T,Total,Y20-64,From 20 to 64 years,PC_POP,Percentage of total population,EE,Estonia,2009,,70.5,,,,,
dataflow,ESTAT:TIPSLM100(1.0),Employment rate,A,Annual,EMP_LFS,Total employment (resident population concept - LFS),T,Total,Y20-64,From 20 to 64 years,PC_POP,Percentage of total population,EE,Estonia,2010,,67.6,,,,,
dataflow,ESTAT:TIPSLM100(1.0),Employment rate,A,Annual,EMP_LFS,Total employment (resident population concept - LFS),T,Total,Y20-64,From 20 to 64 years,PC_POP,Percentage of total population,EE,Estonia,2011,,71.0,,,,,
dataflow,ESTAT:TIPSLM100(1.0),Employment rate,A,Annual,EMP_LFS,Total employment (resident population concept - LFS),T,Total,Y20-64,From 20 to 64 years,PC_POP,Percentage of total population,EE,Estonia,2012,,73.1,,,,,
dataflow,ESTAT:TIPSLM100(1.0),Employment rate,A,Annual,EMP_LFS,Total employment (resident population concept - LFS),T,Total,Y20-64,From 20 to 64 years,PC_POP,Percentage of total population,EE,Estonia,2013,,74.1,,,,,
dataflow,ESTAT:TIPSLM100(1.0),Employment rate,A,Annual,EMP_LFS,Total employment (resident population concept - LFS),T,Total,Y20-64,From 20 to 64 years,PC_POP,Percentage of total population,EE,Estonia,2014,,75.0,,,,,
dataflow,ESTAT:TIPSLM100(1.0),Employment rate,A,Annual,EMP_LFS,Total employment (resident population concept - LFS),T,Total,Y20-64,From 20 to 64 years,PC_POP,Percentage of total population,EE,Estonia,2015,,76.7,,,,,
dataflow,ESTAT:TIPSLM100(1.0),Employment rate,A,Annual,EMP_LFS,Total employment (resident population concept - LFS),T,Total,Y20-64,From 20 to 64 years,PC_POP,Percentage of total population,EE,Estonia,2016,,77.0,,,,,
dataflow,ESTAT:TIPSLM100(1.0),Employment rate,A,Annual,EMP_LFS,Total employment (resident population concept - LFS),T,Total,Y20-64,From 20 to 64 years,PC_POP,Percentage of total population,EE,Estonia,2017,,79.2,,,,,
dataflow,ESTAT:TIPSLM100(1.0),Employment rate,A,Annual,EMP_LFS,Total employment (resident population concept - LFS),T,Total,Y20-64,From 20 to 64 years,PC_POP,Percentage of total population,EE,Estonia,2018,,79.7,,,,,
dataflow,ESTAT:TIPSLM100(1.0),Employment rate,A,Annual,EMP_LFS,Total employment (resident population concept - LFS),T,Total,Y20-64,From 20 to 64 years,PC_POP,Percentage of total population,EE,Estonia,2019,,80.5,,,,,
dataflow,ESTAT:TIPSLM100(1.0),Employment rate,A,Annual,EMP_LFS,Total employment (resident population concept - LFS),T,Total,Y20-64,From 20 to 64 years,PC_POP,Percentage of total population,EE,Estonia,2020,,79.1,,,,,
dataflow,ESTAT:TIPSLM100(1.0),Employment rate,A,Annual,EMP_LFS,Total employment (resident population concept - LFS),T,Total,Y20-64,From 20 to 64 years,PC_POP,Percentage of total population,EE,Estonia,2021,,79.3,,,,,
dataflow,ESTAT:TIPSLM100(1.0),Employment rate,A,Annual,EMP_LFS,Total employment (resident population concept - LFS),T,Total,Y20-64,From 20 to 64 years,PC_POP,Percentage of total population,EE,Estonia,2022,,81.9,,,,,
dataflow,ESTAT:TIPSLM100(1.0),Employment rate,A,Annual,EMP_LFS,Total employment (resident population concept - LFS),T,Total,Y20-64,From 20 to 64 years,PC_POP,Percentage of total population,EE,Estonia,2023,,82.1,,,,,
dataflow,ESTAT:TIPSLM100(1.0),Employment rate,A,Annual,EMP_LFS,Total employment (resident population concept - LFS),T,Total,Y20-64,From 20 to 64 years,PC_POP,Percentage of total population,EE,Estonia,2024,,81.8,,,,,
dataflow,ESTAT:TIPSLM100(1.0),Employment rate,A,Annual,EMP_LFS,Total employment (resident population concept - LFS),T,Total,Y20-64,From 20 to 64 years,PC_POP,Percentage of total population,EE,Estonia,2025,,81.7,,,,,
dataflow,ESTAT:TIPSLM100(1.0),Employment rate,A,Annual,EMP_LFS,Total employment (resident population concept - LFS),T,Total,Y20-64,From 20 to 64 years,PC_POP,Percentage of total population,EL,Greece,2009,,65.4,,,,,
dataflow,ESTAT:TIPSLM100(1.0),Employment rate,A,Annual,EMP_LFS,Total employment (resident population concept - LFS),T,Total,Y20-64,From 20 to 64 years,PC_POP,Percentage of total population,EL,Greece,2010,,63.5,,,,,
dataflow,ESTAT:TIPSLM100(1.0),Employment rate,A,Annual,EMP_LFS,Total employment (resident population concept - LFS),T,Total,Y20-64,From 20 to 64 years,PC_POP,Percentage of total population,EL,Greece,2011,,59.3,,,,,
dataflow,ESTAT:TIPSLM100(1.0),Employment rate,A,Annual,EMP_LFS,Total employment (resident population concept - LFS),T,Total,Y20-64,From 20 to 64 years,PC_POP,Percentage of total population,EL,Greece,2012,,54.5,,,,,
dataflow,ESTAT:TIPSLM100(1.0),Employment rate,A,Annual,EMP_LFS,Total employment (resident population concept - LFS),T,Total,Y20-64,From 20 to 64 years,PC_POP,Percentage of total population,EL,Greece,2013,,52.5,,,,,
dataflow,ESTAT:TIPSLM100(1.0),Employment rate,A,Annual,EMP_LFS,Total employment (resident population concept - LFS),T,Total,Y20-64,From 20 to 64 years,PC_POP,Percentage of total population,EL,Greece,2014,,53.1,,,,,
dataflow,ESTAT:TIPSLM100(1.0),Employment rate,A,Annual,EMP_LFS,Total employment (resident population concept - LFS),T,Total,Y20-64,From 20 to 64 years,PC_POP,Percentage of total population,EL,Greece,2015,,54.8,,,,,
dataflow,ESTAT:TIPSLM100(1.0),Employment rate,A,Annual,EMP_LFS,Total employment (resident population concept - LFS),T,Total,Y20-64,From 20 to 64 years,PC_POP,Percentage of total population,EL,Greece,2016,,55.9,,,,,
dataflow,ESTAT:TIPSLM100(1.0),Employment rate,A,Annual,EMP_LFS,Total employment (resident population concept - LFS),T,Total,Y20-64,From 20 to 64 years,PC_POP,Percentage of total population,EL,Greece,2017,,57.4,,,,,
dataflow,ESTAT:TIPSLM100(1.0),Employment rate,A,Annual,EMP_LFS,Total employment (resident population concept - LFS),T,Total,Y20-64,From 20 to 64 years,PC_POP,Percentage of total population,EL,Greece,2018,,59.0,,,,,
dataflow,ESTAT:TIPSLM100(1.0),Employment rate,A,Annual,EMP_LFS,Total employment (resident population concept - LFS),T,Total,Y20-64,From 20 to 64 years,PC_POP,Percentage of total population,EL,Greece,2019,,60.8,,,,,
dataflow,ESTAT:TIPSLM100(1.0),Employment rate,A,Annual,EMP_LFS,Total employment (resident population concept - LFS),T,Total,Y20-64,From 20 to 64 years,PC_POP,Percentage of total population,EL,Greece,2020,,58.3,,,,,
dataflow,ESTAT:TIPSLM100(1.0),Employment rate,A,Annual,EMP_LFS,Total employment (resident population concept - LFS),T,Total,Y20-64,From 20 to 64 years,PC_POP,Percentage of total population,EL,Greece,2021,,62.6,,,,,
dataflow,ESTAT:TIPSLM100(1.0),Employment rate,A,Annual,EMP_LFS,Total employment (resident population concept - LFS),T,Total,Y20-64,From 20 to 64 years,PC_POP,Percentage of total population,EL,Greece,2022,,66.3,,,,,
dataflow,ESTAT:TIPSLM100(1.0),Employment rate,A,Annual,EMP_LFS,Total employment (resident population concept - LFS),T,Total,Y20-64,From 20 to 64 years,PC_POP,Percentage of total population,EL,Greece,2023,,67.4,,,,,
dataflow,ESTAT:TIPSLM100(1.0),Employment rate,A,Annual,EMP_LFS,Total employment (resident population concept - LFS),T,Total,Y20-64,From 20 to 64 years,PC_POP,Percentage of total population,EL,Greece,2024,,69.3,,,,,
dataflow,ESTAT:TIPSLM100(1.0),Employment rate,A,Annual,EMP_LFS,Total employment (resident population concept - LFS),T,Total,Y20-64,From 20 to 64 years,PC_POP,Percentage of total population,EL,Greece,2025,,71.0,,,,,
dataflow,ESTAT:TIPSLM100(1.0),Employment rate,A,Annual,EMP_LFS,Total employment (resident population concept - LFS),T,Total,Y20-64,From 20 to 64 years,PC_POP,Percentage of total population,ES,Spain,2009,,64.0,,,,,
dataflow,ESTAT:TIPSLM100(1.0),Employment rate,A,Annual,EMP_LFS,Total employment (resident population concept - LFS),T,Total,Y20-64,From 20 to 64 years,PC_POP,Percentage of total population,ES,Spain,2010,,62.8,,,,,
dataflow,ESTAT:TIPSLM100(1.0),Employment rate,A,Annual,EMP_LFS,Total employment (resident population concept - LFS),T,Total,Y20-64,From 20 to 64 years,PC_POP,Percentage of total population,ES,Spain,2011,,62.0,,,,,
dataflow,ESTAT:TIPSLM100(1.0),Employment rate,A,Annual,EMP_LFS,Total employment (resident population concept - LFS),T,Total,Y20-64,From 20 to 64 years,PC_POP,Percentage of total population,ES,Spain,2012,,59.6,,,,,
dataflow,ESTAT:TIPSLM100(1.0),Employment rate,A,Annual,EMP_LFS,Total employment (resident population concept - LFS),T,Total,Y20-64,From 20 to 64 years,PC_POP,Percentage of total population,ES,Spain,2013,,58.6,,,,,
dataflow,ESTAT:TIPSLM100(1.0),Employment rate,A,Annual,EMP_LFS,Total employment (resident population concept - LFS),T,Total,Y20-64,From 20 to 64 years,PC_POP,Percentage of total population,ES,Spain,2014,,59.9,,,,,
dataflow,ESTAT:TIPSLM100(1.0),Employment rate,A,Annual,EMP_LFS,Total employment (resident population concept - LFS),T,Total,Y20-64,From 20 to 64 years,PC_POP,Percentage of total population,ES,Spain,2015,,62.0,,,,,
dataflow,ESTAT:TIPSLM100(1.0),Employment rate,A,Annual,EMP_LFS,Total employment (resident population concept - LFS),T,Total,Y20-64,From 20 to 64 years,PC_POP,Percentage of total population,ES,Spain,2016,,63.9,,,,,
dataflow,ESTAT:TIPSLM100(1.0),Employment rate,A,Annual,EMP_LFS,Total employment (resident population concept - LFS),T,Total,Y20-64,From 20 to 64 years,PC_POP,Percentage of total population,ES,Spain,2017,,65.5,,,,,
dataflow,ESTAT:TIPSLM100(1.0),Employment rate,A,Annual,EMP_LFS,Total employment (resident population concept - LFS),T,Total,Y20-64,From 20 to 64 years,PC_POP,Percentage of total population,ES,Spain,2018,,67.0,,,,,
dataflow,ESTAT:TIPSLM100(1.0),Employment rate,A,Annual,EMP_LFS,Total employment (resident population concept - LFS),T,Total,Y20-64,From 20 to 64 years,PC_POP,Percentage of total population,ES,Spain,2019,,68.0,,,,,
dataflow,ESTAT:TIPSLM100(1.0),Employment rate,A,Annual,EMP_LFS,Total employment (resident population concept - LFS),T,Total,Y20-64,From 20 to 64 years,PC_POP,Percentage of total population,ES,Spain,2020,,65.7,,,,,
dataflow,ESTAT:TIPSLM100(1.0),Employment rate,A,Annual,EMP_LFS,Total employment (resident population concept - LFS),T,Total,Y20-64,From 20 to 64 years,PC_POP,Percentage of total population,ES,Spain,2021,,67.5,,d,definition differs (see metadata),,
dataflow,ESTAT:TIPSLM100(1.0),Employment rate,A,Annual,EMP_LFS,Total employment (resident population concept - LFS),T,Total,Y20-64,From 20 to 64 years,PC_POP,Percentage of total population,ES,Spain,2022,,69.3,,d,definition differs (see metadata),,
dataflow,ESTAT:TIPSLM100(1.0),Employment rate,A,Annual,EMP_LFS,Total employment (resident population concept - LFS),T,Total,Y20-64,From 20 to 64 years,PC_POP,Percentage of total population,ES,Spain,2023,,70.5,,d,definition differs (see metadata),,
dataflow,ESTAT:TIPSLM100(1.0),Employment rate,A,Annual,EMP_LFS,Total employment (resident population concept - LFS),T,Total,Y20-64,From 20 to 64 years,PC_POP,Percentage of total population,ES,Spain,2024,,71.4,,d,definition differs (see metadata),,
dataflow,ESTAT:TIPSLM100(1.0),Employment rate,A,Annual,EMP_LFS,Total employment (resident population concept - LFS),T,Total,Y20-64,From 20 to 64 years,PC_POP,Percentage of total population,ES,Spain,2025,,72.4,,d,definition differs (see metadata),,
dataflow,ESTAT:TIPSLM100(1.0),Employment rate,A,Annual,EMP_LFS,Total employment (resident population concept - LFS),T,Total,Y20-64,From 20 to 64 years,PC_POP,Percentage of total population,EU27_2020,European Union - 27 countries (from 2020),2009,,67.3,,,,,
dataflow,ESTAT:TIPSLM100(1.0),Employment rate,A,Annual,EMP_LFS,Total employment (resident population concept - LFS),T,Total,Y20-64,From 20 to 64 years,PC_POP,Percentage of total population,EU27_2020,European Union - 27 countries (from 2020),2010,,67.0,,,,,
dataflow,ESTAT:TIPSLM100(1.0),Employment rate,A,Annual,EMP_LFS,Total employment (resident population concept - LFS),T,Total,Y20-64,From 20 to 64 years,PC_POP,Percentage of total population,EU27_2020,European Union - 27 countries (from 2020),2011,,67.1,,,,,
dataflow,ESTAT:TIPSLM100(1.0),Employment rate,A,Annual,EMP_LFS,Total employment (resident population concept - LFS),T,Total,Y20-64,From 20 to 64 years,PC_POP,Percentage of total population,EU27_2020,European Union - 27 countries (from 2020),2012,,66.9,,,,,
dataflow,ESTAT:TIPSLM100(1.0),Employment rate,A,Annual,EMP_LFS,Total employment (resident population concept - LFS),T,Total,Y20-64,From 20 to 64 years,PC_POP,Percentage of total population,EU27_2020,European Union - 27 countries (from 2020),2013,,66.8,,,,,
dataflow,ESTAT:TIPSLM100(1.0),Employment rate,A,Annual,EMP_LFS,Total employment (resident population concept - LFS),T,Total,Y20-64,From 20 to 64 years,PC_POP,Percentage of total population,EU27_2020,European Union - 27 countries (from 2020),2014,,67.6,,,,,
dataflow,ESTAT:TIPSLM100(1.0),Employment rate,A,Annual,EMP_LFS,Total employment (resident population concept - LFS),T,Total,Y20-64,From 20 to 64 years,PC_POP,Percentage of total population,EU27_2020,European Union - 27 countries (from 2020),2015,,68.5,,,,,
dataflow,ESTAT:TIPSLM100(1.0),Employment rate,A,Annual,EMP_LFS,Total employment (resident population concept - LFS),T,Total,Y20-64,From 20 to 64 years,PC_POP,Percentage of total population,EU27_2020,European Union - 27 countries (from 2020),2016,,69.7,,,,,
dataflow,ESTAT:TIPSLM100(1.0),Employment rate,A,Annual,EMP_LFS,Total employment (resident population concept - LFS),T,Total,Y20-64,From 20 to 64 years,PC_POP,Percentage of total population,EU27_2020,European Union - 27 countries (from 2020),2017,,70.9,,,,,
dataflow,ESTAT:TIPSLM100(1.0),Employment rate,A,Annual,EMP_LFS,Total employment (resident population concept - LFS),T,Total,Y20-64,From 20 to 64 years,PC_POP,Percentage of total population,EU27_2020,European Union - 27 countries (from 2020),2018,,71.9,,,,,
dataflow,ESTAT:TIPSLM100(1.0),Employment rate,A,Annual,EMP_LFS,Total employment (resident population concept - LFS),T,Total,Y20-64,From 20 to 64 years,PC_POP,Percentage of total population,EU27_2020,European Union - 27 countries (from 2020),2019,,72.7,,,,,
dataflow,ESTAT:TIPSLM100(1.0),Employment rate,A,Annual,EMP_LFS,Total employment (resident population concept - LFS),T,Total,Y20-64,From 20 to 64 years,PC_POP,Percentage of total population,EU27_2020,European Union - 27 countries (from 2020),2020,,71.7,,,,,
dataflow,ESTAT:TIPSLM100(1.0),Employment rate,A,Annual,EMP_LFS,Total employment (resident population concept - LFS),T,Total,Y20-64,From 20 to 64 years,PC_POP,Percentage of total population,EU27_2020,European Union - 27 countries (from 2020),2021,,73.1,,,,,
dataflow,ESTAT:TIPSLM100(1.0),Employment rate,A,Annual,EMP_LFS,Total employment (resident population concept - LFS),T,Total,Y20-64,From 20 to 64 years,PC_POP,Percentage of total population,EU27_2020,European Union - 27 countries (from 2020),2022,,74.6,,,,,
dataflow,ESTAT:TIPSLM100(1.0),Employment rate,A,Annual,EMP_LFS,Total employment (resident population concept - LFS),T,Total,Y20-64,From 20 to 64 years,PC_POP,Percentage of total population,EU27_2020,European Union - 27 countries (from 2020),2023,,75.3,,,,,
dataflow,ESTAT:TIPSLM100(1.0),Employment rate,A,Annual,EMP_LFS,Total employment (resident population concept - LFS),T,Total,Y20-64,From 20 to 64 years,PC_POP,Percentage of total population,EU27_2020,European Union - 27 countries (from 2020),2024,,75.7,,,,,
dataflow,ESTAT:TIPSLM100(1.0),Employment rate,A,Annual,EMP_LFS,Total employment (resident population concept - LFS),T,Total,Y20-64,From 20 to 64 years,PC_POP,Percentage of total population,EU27_2020,European Union - 27 countries (from 2020),2025,,76.1,,,,,
dataflow,ESTAT:TIPSLM100(1.0),Employment rate,A,Annual,EMP_LFS,Total employment (resident population concept - LFS),T,Total,Y20-64,From 20 to 64 years,PC_POP,Percentage of total population,FI,Finland,2009,,72.6,,,,,
dataflow,ESTAT:TIPSLM100(1.0),Employment rate,A,Annual,EMP_LFS,Total employment (resident population concept - LFS),T,Total,Y20-64,From 20 to 64 years,PC_POP,Percentage of total population,FI,Finland,2010,,71.9,,,,,
dataflow,ESTAT:TIPSLM100(1.0),Employment rate,A,Annual,EMP_LFS,Total employment (resident population concept - LFS),T,Total,Y20-64,From 20 to 64 years,PC_POP,Percentage of total population,FI,Finland,2011,,72.7,,,,,
dataflow,ESTAT:TIPSLM100(1.0),Employment rate,A,Annual,EMP_LFS,Total employment (resident population concept - LFS),T,Total,Y20-64,From 20 to 64 years,PC_POP,Percentage of total population,FI,Finland,2012,,73.0,,,,,
dataflow,ESTAT:TIPSLM100(1.0),Employment rate,A,Annual,EMP_LFS,Total employment (resident population concept - LFS),T,Total,Y20-64,From 20 to 64 years,PC_POP,Percentage of total population,FI,Finland,2013,,72.5,,,,,
dataflow,ESTAT:TIPSLM100(1.0),Employment rate,A,Annual,EMP_LFS,Total employment (resident population concept - LFS),T,Total,Y20-64,From 20 to 64 years,PC_POP,Percentage of total population,FI,Finland,2014,,72.2,,,,,
dataflow,ESTAT:TIPSLM100(1.0),Employment rate,A,Annual,EMP_LFS,Total employment (resident population concept - LFS),T,Total,Y20-64,From 20 to 64 years,PC_POP,Percentage of total population,FI,Finland,2015,,71.8,,,,,
dataflow,ESTAT:TIPSLM100(1.0),Employment rate,A,Annual,EMP_LFS,Total employment (resident population concept - LFS),T,Total,Y20-64,From 20 to 64 years,PC_POP,Percentage of total population,FI,Finland,2016,,72.4,,,,,
dataflow,ESTAT:TIPSLM100(1.0),Employment rate,A,Annual,EMP_LFS,Total employment (resident population concept - LFS),T,Total,Y20-64,From 20 to 64 years,PC_POP,Percentage of total population,FI,Finland,2017,,73.2,,,,,
dataflow,ESTAT:TIPSLM100(1.0),Employment rate,A,Annual,EMP_LFS,Total employment (resident population concept - LFS),T,Total,Y20-64,From 20 to 64 years,PC_POP,Percentage of total population,FI,Finland,2018,,75.3,,,,,
dataflow,ESTAT:TIPSLM100(1.0),Employment rate,A,Annual,EMP_LFS,Total employment (resident population concept - LFS),T,Total,Y20-64,From 20 to 64 years,PC_POP,Percentage of total population,FI,Finland,2019,,76.2,,,,,
dataflow,ESTAT:TIPSLM100(1.0),Employment rate,A,Annual,EMP_LFS,Total employment (resident population concept - LFS),T,Total,Y20-64,From 20 to 64 years,PC_POP,Percentage of total population,FI,Finland,2020,,75.5,,,,,
dataflow,ESTAT:TIPSLM100(1.0),Employment rate,A,Annual,EMP_LFS,Total employment (resident population concept - LFS),T,Total,Y20-64,From 20 to 64 years,PC_POP,Percentage of total population,FI,Finland,2021,,76.8,,,,,
dataflow,ESTAT:TIPSLM100(1.0),Employment rate,A,Annual,EMP_LFS,Total employment (resident population concept - LFS),T,Total,Y20-64,From 20 to 64 years,PC_POP,Percentage of total population,FI,Finland,2022,,78.4,,,,,
dataflow,ESTAT:TIPSLM100(1.0),Employment rate,A,Annual,EMP_LFS,Total employment (resident population concept - LFS),T,Total,Y20-64,From 20 to 64 years,PC_POP,Percentage of total population,FI,Finland,2023,,78.2,,,,,
dataflow,ESTAT:TIPSLM100(1.0),Employment rate,A,Annual,EMP_LFS,Total employment (resident population concept - LFS),T,Total,Y20-64,From 20 to 64 years,PC_POP,Percentage of total population,FI,Finland,2024,,77.0,,,,,
dataflow,ESTAT:TIPSLM100(1.0),Employment rate,A,Annual,EMP_LFS,Total employment (resident population concept - LFS),T,Total,Y20-64,From 20 to 64 years,PC_POP,Percentage of total population,FI,Finland,2025,,76.3,,,,,
dataflow,ESTAT:TIPSLM100(1.0),Employment rate,A,Annual,EMP_LFS,Total employment (resident population concept - LFS),T,Total,Y20-64,From 20 to 64 years,PC_POP,Percentage of total population,FR,France,2003,,70.1,,,,,
dataflow,ESTAT:TIPSLM100(1.0),Employment rate,A,Annual,EMP_LFS,Total employment (resident population concept - LFS),T,Total,Y20-64,From 20 to 64 years,PC_POP,Percentage of total population,FR,France,2004,,69.9,,,,,
dataflow,ESTAT:TIPSLM100(1.0),Employment rate,A,Annual,EMP_LFS,Total employment (resident population concept - LFS),T,Total,Y20-64,From 20 to 64 years,PC_POP,Percentage of total population,FR,France,2005,,69.8,,,,,
dataflow,ESTAT:TIPSLM100(1.0),Employment rate,A,Annual,EMP_LFS,Total employment (resident population concept - LFS),T,Total,Y20-64,From 20 to 64 years,PC_POP,Percentage of total population,FR,France,2006,,69.7,,,,,
dataflow,ESTAT:TIPSLM100(1.0),Employment rate,A,Annual,EMP_LFS,Total employment (resident population concept - LFS),T,Total,Y20-64,From 20 to 64 years,PC_POP,Percentage of total population,FR,France,2007,,70.2,,,,,
dataflow,ESTAT:TIPSLM100(1.0),Employment rate,A,Annual,EMP_LFS,Total employment (resident population concept - LFS),T,Total,Y20-64,From 20 to 64 years,PC_POP,Percentage of total population,FR,France,2008,,70.8,,,,,
dataflow,ESTAT:TIPSLM100(1.0),Employment rate,A,Annual,EMP_LFS,Total employment (resident population concept - LFS),T,Total,Y20-64,From 20 to 64 years,PC_POP,Percentage of total population,FR,France,2009,,69.8,,,,,
dataflow,ESTAT:TIPSLM100(1.0),Employment rate,A,Annual,EMP_LFS,Total employment (resident population concept - LFS),T,Total,Y20-64,From 20 to 64 years,PC_POP,Percentage of total population,FR,France,2010,,69.6,,,,,
dataflow,ESTAT:TIPSLM100(1.0),Employment rate,A,Annual,EMP_LFS,Total employment (resident population concept - LFS),T,Total,Y20-64,From 20 to 64 years,PC_POP,Percentage of total population,FR,France,2011,,69.5,,,,,
dataflow,ESTAT:TIPSLM100(1.0),Employment rate,A,Annual,EMP_LFS,Total employment (resident population concept - LFS),T,Total,Y20-64,From 20 to 64 years,PC_POP,Percentage of total population,FR,France,2012,,69.7,,,,,
dataflow,ESTAT:TIPSLM100(1.0),Employment rate,A,Annual,EMP_LFS,Total employment (resident population concept - LFS),T,Total,Y20-64,From 20 to 64 years,PC_POP,Percentage of total population,FR,France,2013,,69.7,,,,,
dataflow,ESTAT:TIPSLM100(1.0),Employment rate,A,Annual,EMP_LFS,Total employment (resident population concept - LFS),T,Total,Y20-64,From 20 to 64 years,PC_POP,Percentage of total population,FR,France,2014,,70.0,,,,,
dataflow,ESTAT:TIPSLM100(1.0),Employment rate,A,Annual,EMP_LFS,Total employment (resident population concept - LFS),T,Total,Y20-64,From 20 to 64 years,PC_POP,Percentage of total population,FR,France,2015,,70.3,,,,,
dataflow,ESTAT:TIPSLM100(1.0),Employment rate,A,Annual,EMP_LFS,Total employment (resident population concept - LFS),T,Total,Y20-64,From 20 to 64 years,PC_POP,Percentage of total population,FR,France,2016,,70.7,,,,,
dataflow,ESTAT:TIPSLM100(1.0),Employment rate,A,Annual,EMP_LFS,Total employment (resident population concept - LFS),T,Total,Y20-64,From 20 to 64 years,PC_POP,Percentage of total population,FR,France,2017,,71.3,,,,,
dataflow,ESTAT:TIPSLM100(1.0),Employment rate,A,Annual,EMP_LFS,Total employment (resident population concept - LFS),T,Total,Y20-64,From 20 to 64 years,PC_POP,Percentage of total population,FR,France,2018,,72.0,,,,,
dataflow,ESTAT:TIPSLM100(1.0),Employment rate,A,Annual,EMP_LFS,Total employment (resident population concept - LFS),T,Total,Y20-64,From 20 to 64 years,PC_POP,Percentage of total population,FR,France,2019,,72.3,,,,,
dataflow,ESTAT:TIPSLM100(1.0),Employment rate,A,Annual,EMP_LFS,Total employment (resident population concept - LFS),T,Total,Y20-64,From 20 to 64 years,PC_POP,Percentage of total population,FR,France,2020,,72.1,,,,,
dataflow,ESTAT:TIPSLM100(1.0),Employment rate,A,Annual,EMP_LFS,Total employment (resident population concept - LFS),T,Total,Y20-64,From 20 to 64 years,PC_POP,Percentage of total population,FR,France,2021,,73.2,,d,definition differs (see metadata),,
dataflow,ESTAT:TIPSLM100(1.0),Employment rate,A,Annual,EMP_LFS,Total employment (resident population concept - LFS),T,Total,Y20-64,From 20 to 64 years,PC_POP,Percentage of total population,FR,France,2022,,74.0,,d,definition differs (see metadata),,
dataflow,ESTAT:TIPSLM100(1.0),Employment rate,A,Annual,EMP_LFS,Total employment (resident population concept - LFS),T,Total,Y20-64,From 20 to 64 years,PC_POP,Percentage of total population,FR,France,2023,,74.4,,d,definition differs (see metadata),,
dataflow,ESTAT:TIPSLM100(1.0),Employment rate,A,Annual,EMP_LFS,Total employment (resident population concept - LFS),T,Total,Y20-64,From 20 to 64 years,PC_POP,Percentage of total population,FR,France,2024,,75.0,,bd,"break in time series, definition differs (see metadata)",,
dataflow,ESTAT:TIPSLM100(1.0),Employment rate,A,Annual,EMP_LFS,Total employment (resident population concept - LFS),T,Total,Y20-64,From 20 to 64 years,PC_POP,Percentage of total population,FR,France,2025,,75.4,,d,definition differs (see metadata),,
dataflow,ESTAT:TIPSLM100(1.0),Employment rate,A,Annual,EMP_LFS,Total employment (resident population concept - LFS),T,Total,Y20-64,From 20 to 64 years,PC_POP,Percentage of total population,HR,Croatia,2009,,64.2,,,,,
dataflow,ESTAT:TIPSLM100(1.0),Employment rate,A,Annual,EMP_LFS,Total employment (resident population concept - LFS),T,Total,Y20-64,From 20 to 64 years,PC_POP,Percentage of total population,HR,Croatia,2010,,62.0,,,,,
dataflow,ESTAT:TIPSLM100(1.0),Employment rate,A,Annual,EMP_LFS,Total employment (resident population concept - LFS),T,Total,Y20-64,From 20 to 64 years,PC_POP,Percentage of total population,HR,Croatia,2011,,60.0,,,,,
dataflow,ESTAT:TIPSLM100(1.0),Employment rate,A,Annual,EMP_LFS,Total employment (resident population concept - LFS),T,Total,Y20-64,From 20 to 64 years,PC_POP,Percentage of total population,HR,Croatia,2012,,58.1,,,,,
dataflow,ESTAT:TIPSLM100(1.0),Employment rate,A,Annual,EMP_LFS,Total employment (resident population concept - LFS),T,Total,Y20-64,From 20 to 64 years,PC_POP,Percentage of total population,HR,Croatia,2013,,57.2,,,,,
dataflow,ESTAT:TIPSLM100(1.0),Employment rate,A,Annual,EMP_LFS,Total employment (resident population concept - LFS),T,Total,Y20-64,From 20 to 64 years,PC_POP,Percentage of total population,HR,Croatia,2014,,59.1,,,,,
dataflow,ESTAT:TIPSLM100(1.0),Employment rate,A,Annual,EMP_LFS,Total employment (resident population concept - LFS),T,Total,Y20-64,From 20 to 64 years,PC_POP,Percentage of total population,HR,Croatia,2015,,60.5,,,,,
dataflow,ESTAT:TIPSLM100(1.0),Employment rate,A,Annual,EMP_LFS,Total employment (resident population concept - LFS),T,Total,Y20-64,From 20 to 64 years,PC_POP,Percentage of total population,HR,Croatia,2016,,61.3,,,,,
dataflow,ESTAT:TIPSLM100(1.0),Employment rate,A,Annual,EMP_LFS,Total employment (resident population concept - LFS),T,Total,Y20-64,From 20 to 64 years,PC_POP,Percentage of total population,HR,Croatia,2017,,63.2,,,,,
dataflow,ESTAT:TIPSLM100(1.0),Employment rate,A,Annual,EMP_LFS,Total employment (resident population concept - LFS),T,Total,Y20-64,From 20 to 64 years,PC_POP,Percentage of total population,HR,Croatia,2018,,64.9,,,,,
dataflow,ESTAT:TIPSLM100(1.0),Employment rate,A,Annual,EMP_LFS,Total employment (resident population concept - LFS),T,Total,Y20-64,From 20 to 64 years,PC_POP,Percentage of total population,HR,Croatia,2019,,66.4,,,,,
dataflow,ESTAT:TIPSLM100(1.0),Employment rate,A,Annual,EMP_LFS,Total employment (resident population concept - LFS),T,Total,Y20-64,From 20 to 64 years,PC_POP,Percentage of total population,HR,Croatia,2020,,66.9,,,,,
dataflow,ESTAT:TIPSLM100(1.0),Employment rate,A,Annual,EMP_LFS,Total employment (resident population concept - LFS),T,Total,Y20-64,From 20 to 64 years,PC_POP,Percentage of total population,HR,Croatia,2021,,68.6,,,,,
dataflow,ESTAT:TIPSLM100(1.0),Employment rate,A,Annual,EMP_LFS,Total employment (resident population concept - LFS),T,Total,Y20-64,From 20 to 64 years,PC_POP,Percentage of total population,HR,Croatia,2022,,70.2,,,,,
dataflow,ESTAT:TIPSLM100(1.0),Employment rate,A,Annual,EMP_LFS,Total employment (resident population concept - LFS),T,Total,Y20-64,From 20 to 64 years,PC_POP,Percentage of total population,HR,Croatia,2023,,70.8,,,,,
dataflow,ESTAT:TIPSLM100(1.0),Employment rate,A,Annual,EMP_LFS,Total employment (resident population concept - LFS),T,Total,Y20-64,From 20 to 64 years,PC_POP,Percentage of total population,HR,Croatia,2024,,73.6,,,,,
dataflow,ESTAT:TIPSLM100(1.0),Employment rate,A,Annual,EMP_LFS,Total employment (resident population concept - LFS),T,Total,Y20-64,From 20 to 64 years,PC_POP,Percentage of total population,HR,Croatia,2025,,74.4,,,,,
dataflow,ESTAT:TIPSLM100(1.0),Employment rate,A,Annual,EMP_LFS,Total employment (resident population concept - LFS),T,Total,Y20-64,From 20 to 64 years,PC_POP,Percentage of total population,HU,Hungary,2009,,62.5,,,,,
dataflow,ESTAT:TIPSLM100(1.0),Employment rate,A,Annual,EMP_LFS,Total employment (resident population concept - LFS),T,Total,Y20-64,From 20 to 64 years,PC_POP,Percentage of total population,HU,Hungary,2010,,62.2,,,,,
dataflow,ESTAT:TIPSLM100(1.0),Employment rate,A,Annual,EMP_LFS,Total employment (resident population concept - LFS),T,Total,Y20-64,From 20 to 64 years,PC_POP,Percentage of total population,HU,Hungary,2011,,62.8,,,,,
dataflow,ESTAT:TIPSLM100(1.0),Employment rate,A,Annual,EMP_LFS,Total employment (resident population concept - LFS),T,Total,Y20-64,From 20 to 64 years,PC_POP,Percentage of total population,HU,Hungary,2012,,63.8,,,,,
dataflow,ESTAT:TIPSLM100(1.0),Employment rate,A,Annual,EMP_LFS,Total employment (resident population concept - LFS),T,Total,Y20-64,From 20 to 64 years,PC_POP,Percentage of total population,HU,Hungary,2013,,65.2,,,,,
dataflow,ESTAT:TIPSLM100(1.0),Employment rate,A,Annual,EMP_LFS,Total employment (resident population concept - LFS),T,Total,Y20-64,From 20 to 64 years,PC_POP,Percentage of total population,HU,Hungary,2014,,68.7,,,,,
dataflow,ESTAT:TIPSLM100(1.0),Employment rate,A,Annual,EMP_LFS,Total employment (resident population concept - LFS),T,Total,Y20-64,From 20 to 64 years,PC_POP,Percentage of total population,HU,Hungary,2015,,70.9,,,,,
dataflow,ESTAT:TIPSLM100(1.0),Employment rate,A,Annual,EMP_LFS,Total employment (resident population concept - LFS),T,Total,Y20-64,From 20 to 64 years,PC_POP,Percentage of total population,HU,Hungary,2016,,73.7,,,,,
dataflow,ESTAT:TIPSLM100(1.0),Employment rate,A,Annual,EMP_LFS,Total employment (resident population concept - LFS),T,Total,Y20-64,From 20 to 64 years,PC_POP,Percentage of total population,HU,Hungary,2017,,75.4,,,,,
dataflow,ESTAT:TIPSLM100(1.0),Employment rate,A,Annual,EMP_LFS,Total employment (resident population concept - LFS),T,Total,Y20-64,From 20 to 64 years,PC_POP,Percentage of total population,HU,Hungary,2018,,76.8,,b,break in time series,,
dataflow,ESTAT:TIPSLM100(1.0),Employment rate,A,Annual,EMP_LFS,Total employment (resident population concept - LFS),T,Total,Y20-64,From 20 to 64 years,PC_POP,Percentage of total population,HU,Hungary,2019,,77.7,,,,,
dataflow,ESTAT:TIPSLM100(1.0),Employment rate,A,Annual,EMP_LFS,Total employment (resident population concept - LFS),T,Total,Y20-64,From 20 to 64 years,PC_POP,Percentage of total population,HU,Hungary,2020,,77.6,,,,,
dataflow,ESTAT:TIPSLM100(1.0),Employment rate,A,Annual,EMP_LFS,Total employment (resident population concept - LFS),T,Total,Y20-64,From 20 to 64 years,PC_POP,Percentage of total population,HU,Hungary,2021,,78.9,,,,,
dataflow,ESTAT:TIPSLM100(1.0),Employment rate,A,Annual,EMP_LFS,Total employment (resident population concept - LFS),T,Total,Y20-64,From 20 to 64 years,PC_POP,Percentage of total population,HU,Hungary,2022,,80.3,,,,,
dataflow,ESTAT:TIPSLM100(1.0),Employment rate,A,Annual,EMP_LFS,Total employment (resident population concept - LFS),T,Total,Y20-64,From 20 to 64 years,PC_POP,Percentage of total population,HU,Hungary,2023,,80.7,,,,,
dataflow,ESTAT:TIPSLM100(1.0),Employment rate,A,Annual,EMP_LFS,Total employment (resident population concept - LFS),T,Total,Y20-64,From 20 to 64 years,PC_POP,Percentage of total population,HU,Hungary,2024,,81.1,,,,,
dataflow,ESTAT:TIPSLM100(1.0),Employment rate,A,Annual,EMP_LFS,Total employment (resident population concept - LFS),T,Total,Y20-64,From 20 to 64 years,PC_POP,Percentage of total population,HU,Hungary,2025,,81.1,,,,,
dataflow,ESTAT:TIPSLM100(1.0),Employment rate,A,Annual,EMP_LFS,Total employment (resident population concept - LFS),T,Total,Y20-64,From 20 to 64 years,PC_POP,Percentage of total population,IE,Ireland,2009,,68.0,,,,,
dataflow,ESTAT:TIPSLM100(1.0),Employment rate,A,Annual,EMP_LFS,Total employment (resident population concept - LFS),T,Total,Y20-64,From 20 to 64 years,PC_POP,Percentage of total population,IE,Ireland,2010,,65.5,,,,,
dataflow,ESTAT:TIPSLM100(1.0),Employment rate,A,Annual,EMP_LFS,Total employment (resident population concept - LFS),T,Total,Y20-64,From 20 to 64 years,PC_POP,Percentage of total population,IE,Ireland,2011,,64.5,,,,,
dataflow,ESTAT:TIPSLM100(1.0),Employment rate,A,Annual,EMP_LFS,Total employment (resident population concept - LFS),T,Total,Y20-64,From 20 to 64 years,PC_POP,Percentage of total population,IE,Ireland,2012,,64.5,,,,,
dataflow,ESTAT:TIPSLM100(1.0),Employment rate,A,Annual,EMP_LFS,Total employment (resident population concept - LFS),T,Total,Y20-64,From 20 to 64 years,PC_POP,Percentage of total population,IE,Ireland,2013,,66.5,,,,,
dataflow,ESTAT:TIPSLM100(1.0),Employment rate,A,Annual,EMP_LFS,Total employment (resident population concept - LFS),T,Total,Y20-64,From 20 to 64 years,PC_POP,Percentage of total population,IE,Ireland,2014,,68.1,,,,,
dataflow,ESTAT:TIPSLM100(1.0),Employment rate,A,Annual,EMP_LFS,Total employment (resident population concept - LFS),T,Total,Y20-64,From 20 to 64 years,PC_POP,Percentage of total population,IE,Ireland,2015,,69.8,,,,,
dataflow,ESTAT:TIPSLM100(1.0),Employment rate,A,Annual,EMP_LFS,Total employment (resident population concept - LFS),T,Total,Y20-64,From 20 to 64 years,PC_POP,Percentage of total population,IE,Ireland,2016,,71.3,,,,,
dataflow,ESTAT:TIPSLM100(1.0),Employment rate,A,Annual,EMP_LFS,Total employment (resident population concept - LFS),T,Total,Y20-64,From 20 to 64 years,PC_POP,Percentage of total population,IE,Ireland,2017,,72.9,,,,,
dataflow,ESTAT:TIPSLM100(1.0),Employment rate,A,Annual,EMP_LFS,Total employment (resident population concept - LFS),T,Total,Y20-64,From 20 to 64 years,PC_POP,Percentage of total population,IE,Ireland,2018,,74.0,,,,,
dataflow,ESTAT:TIPSLM100(1.0),Employment rate,A,Annual,EMP_LFS,Total employment (resident population concept - LFS),T,Total,Y20-64,From 20 to 64 years,PC_POP,Percentage of total population,IE,Ireland,2019,,75.0,,,,,
dataflow,ESTAT:TIPSLM100(1.0),Employment rate,A,Annual,EMP_LFS,Total employment (resident population concept - LFS),T,Total,Y20-64,From 20 to 64 years,PC_POP,Percentage of total population,IE,Ireland,2020,,72.1,,,,,
dataflow,ESTAT:TIPSLM100(1.0),Employment rate,A,Annual,EMP_LFS,Total employment (resident population concept - LFS),T,Total,Y20-64,From 20 to 64 years,PC_POP,Percentage of total population,IE,Ireland,2021,,74.9,,b,break in time series,,
dataflow,ESTAT:TIPSLM100(1.0),Employment rate,A,Annual,EMP_LFS,Total employment (resident population concept - LFS),T,Total,Y20-64,From 20 to 64 years,PC_POP,Percentage of total population,IE,Ireland,2022,,78.2,,,,,
dataflow,ESTAT:TIPSLM100(1.0),Employment rate,A,Annual,EMP_LFS,Total employment (resident population concept - LFS),T,Total,Y20-64,From 20 to 64 years,PC_POP,Percentage of total population,IE,Ireland,2023,,79.1,,,,,
dataflow,ESTAT:TIPSLM100(1.0),Employment rate,A,Annual,EMP_LFS,Total employment (resident population concept - LFS),T,Total,Y20-64,From 20 to 64 years,PC_POP,Percentage of total population,IE,Ireland,2024,,79.8,,,,,
dataflow,ESTAT:TIPSLM100(1.0),Employment rate,A,Annual,EMP_LFS,Total employment (resident population concept - LFS),T,Total,Y20-64,From 20 to 64 years,PC_POP,Percentage of total population,IE,Ireland,2025,,80.2,,,,,
dataflow,ESTAT:TIPSLM100(1.0),Employment rate,A,Annual,EMP_LFS,Total employment (resident population concept - LFS),T,Total,Y20-64,From 20 to 64 years,PC_POP,Percentage of total population,IT,Italy,2009,,61.1,,,,,
dataflow,ESTAT:TIPSLM100(1.0),Employment rate,A,Annual,EMP_LFS,Total employment (resident population concept - LFS),T,Total,Y20-64,From 20 to 64 years,PC_POP,Percentage of total population,IT,Italy,2010,,60.5,,,,,
dataflow,ESTAT:TIPSLM100(1.0),Employment rate,A,Annual,EMP_LFS,Total employment (resident population concept - LFS),T,Total,Y20-64,From 20 to 64 years,PC_POP,Percentage of total population,IT,Italy,2011,,60.5,,,,,
dataflow,ESTAT:TIPSLM100(1.0),Employment rate,A,Annual,EMP_LFS,Total employment (resident population concept - LFS),T,Total,Y20-64,From 20 to 64 years,PC_POP,Percentage of total population,IT,Italy,2012,,60.2,,,,,
dataflow,ESTAT:TIPSLM100(1.0),Employment rate,A,Annual,EMP_LFS,Total employment (resident population concept - LFS),T,Total,Y20-64,From 20 to 64 years,PC_POP,Percentage of total population,IT,Italy,2013,,59.1,,,,,
dataflow,ESTAT:TIPSLM100(1.0),Employment rate,A,Annual,EMP_LFS,Total employment (resident population concept - LFS),T,Total,Y20-64,From 20 to 64 years,PC_POP,Percentage of total population,IT,Italy,2014,,59.5,,,,,
dataflow,ESTAT:TIPSLM100(1.0),Employment rate,A,Annual,EMP_LFS,Total employment (resident population concept - LFS),T,Total,Y20-64,From 20 to 64 years,PC_POP,Percentage of total population,IT,Italy,2015,,60.2,,,,,
dataflow,ESTAT:TIPSLM100(1.0),Employment rate,A,Annual,EMP_LFS,Total employment (resident population concept - LFS),T,Total,Y20-64,From 20 to 64 years,PC_POP,Percentage of total population,IT,Italy,2016,,61.4,,,,,
dataflow,ESTAT:TIPSLM100(1.0),Employment rate,A,Annual,EMP_LFS,Total employment (resident population concept - LFS),T,Total,Y20-64,From 20 to 64 years,PC_POP,Percentage of total population,IT,Italy,2017,,62.3,,,,,
dataflow,ESTAT:TIPSLM100(1.0),Employment rate,A,Annual,EMP_LFS,Total employment (resident population concept - LFS),T,Total,Y20-64,From 20 to 64 years,PC_POP,Percentage of total population,IT,Italy,2018,,63.0,,b,break in time series,,
dataflow,ESTAT:TIPSLM100(1.0),Employment rate,A,Annual,EMP_LFS,Total employment (resident population concept - LFS),T,Total,Y20-64,From 20 to 64 years,PC_POP,Percentage of total population,IT,Italy,2019,,63.5,,,,,
dataflow,ESTAT:TIPSLM100(1.0),Employment rate,A,Annual,EMP_LFS,Total employment (resident population concept - LFS),T,Total,Y20-64,From 20 to 64 years,PC_POP,Percentage of total population,IT,Italy,2020,,61.9,,,,,
dataflow,ESTAT:TIPSLM100(1.0),Employment rate,A,Annual,EMP_LFS,Total employment (resident population concept - LFS),T,Total,Y20-64,From 20 to 64 years,PC_POP,Percentage of total population,IT,Italy,2021,,62.7,,,,,
dataflow,ESTAT:TIPSLM100(1.0),Employment rate,A,Annual,EMP_LFS,Total employment (resident population concept - LFS),T,Total,Y20-64,From 20 to 64 years,PC_POP,Percentage of total population,IT,Italy,2022,,64.8,,,,,
dataflow,ESTAT:TIPSLM100(1.0),Employment rate,A,Annual,EMP_LFS,Total employment (resident population concept - LFS),T,Total,Y20-64,From 20 to 64 years,PC_POP,Percentage of total population,IT,Italy,2023,,66.3,,,,,
dataflow,ESTAT:TIPSLM100(1.0),Employment rate,A,Annual,EMP_LFS,Total employment (resident population concept - LFS),T,Total,Y20-64,From 20 to 64 years,PC_POP,Percentage of total population,IT,Italy,2024,,67.1,,,,,
dataflow,ESTAT:TIPSLM100(1.0),Employment rate,A,Annual,EMP_LFS,Total employment (resident population concept - LFS),T,Total,Y20-64,From 20 to 64 years,PC_POP,Percentage of total population,IT,Italy,2025,,67.6,,,,,
dataflow,ESTAT:TIPSLM100(1.0),Employment rate,A,Annual,EMP_LFS,Total employment (resident population concept - LFS),T,Total,Y20-64,From 20 to 64 years,PC_POP,Percentage of total population,LT,Lithuania,2009,,67.0,,,,,
dataflow,ESTAT:TIPSLM100(1.0),Employment rate,A,Annual,EMP_LFS,Total employment (resident population concept - LFS),T,Total,Y20-64,From 20 to 64 years,PC_POP,Percentage of total population,LT,Lithuania,2010,,64.3,,,,,
dataflow,ESTAT:TIPSLM100(1.0),Employment rate,A,Annual,EMP_LFS,Total employment (resident population concept - LFS),T,Total,Y20-64,From 20 to 64 years,PC_POP,Percentage of total population,LT,Lithuania,2011,,66.9,,,,,
dataflow,ESTAT:TIPSLM100(1.0),Employment rate,A,Annual,EMP_LFS,Total employment (resident population concept - LFS),T,Total,Y20-64,From 20 to 64 years,PC_POP,Percentage of total population,LT,Lithuania,2012,,68.5,,,,,
dataflow,ESTAT:TIPSLM100(1.0),Employment rate,A,Annual,EMP_LFS,Total employment (resident population concept - LFS),T,Total,Y20-64,From 20 to 64 years,PC_POP,Percentage of total population,LT,Lithuania,2013,,69.9,,,,,
dataflow,ESTAT:TIPSLM100(1.0),Employment rate,A,Annual,EMP_LFS,Total employment (resident population concept - LFS),T,Total,Y20-64,From 20 to 64 years,PC_POP,Percentage of total population,LT,Lithuania,2014,,71.8,,,,,
dataflow,ESTAT:TIPSLM100(1.0),Employment rate,A,Annual,EMP_LFS,Total employment (resident population concept - LFS),T,Total,Y20-64,From 20 to 64 years,PC_POP,Percentage of total population,LT,Lithuania,2015,,73.3,,,,,
dataflow,ESTAT:TIPSLM100(1.0),Employment rate,A,Annual,EMP_LFS,Total employment (resident population concept - LFS),T,Total,Y20-64,From 20 to 64 years,PC_POP,Percentage of total population,LT,Lithuania,2016,,75.2,,,,,
dataflow,ESTAT:TIPSLM100(1.0),Employment rate,A,Annual,EMP_LFS,Total employment (resident population concept - LFS),T,Total,Y20-64,From 20 to 64 years,PC_POP,Percentage of total population,LT,Lithuania,2017,,76.0,,,,,
dataflow,ESTAT:TIPSLM100(1.0),Employment rate,A,Annual,EMP_LFS,Total employment (resident population concept - LFS),T,Total,Y20-64,From 20 to 64 years,PC_POP,Percentage of total population,LT,Lithuania,2018,,77.8,,,,,
dataflow,ESTAT:TIPSLM100(1.0),Employment rate,A,Annual,EMP_LFS,Total employment (resident population concept - LFS),T,Total,Y20-64,From 20 to 64 years,PC_POP,Percentage of total population,LT,Lithuania,2019,,78.2,,,,,
dataflow,ESTAT:TIPSLM100(1.0),Employment rate,A,Annual,EMP_LFS,Total employment (resident population concept - LFS),T,Total,Y20-64,From 20 to 64 years,PC_POP,Percentage of total population,LT,Lithuania,2020,,76.7,,,,,
dataflow,ESTAT:TIPSLM100(1.0),Employment rate,A,Annual,EMP_LFS,Total employment (resident population concept - LFS),T,Total,Y20-64,From 20 to 64 years,PC_POP,Percentage of total population,LT,Lithuania,2021,,77.4,,,,,
dataflow,ESTAT:TIPSLM100(1.0),Employment rate,A,Annual,EMP_LFS,Total employment (resident population concept - LFS),T,Total,Y20-64,From 20 to 64 years,PC_POP,Percentage of total population,LT,Lithuania,2022,,79.0,,,,,
dataflow,ESTAT:TIPSLM100(1.0),Employment rate,A,Annual,EMP_LFS,Total employment (resident population concept - LFS),T,Total,Y20-64,From 20 to 64 years,PC_POP,Percentage of total population,LT,Lithuania,2023,,78.5,,,,,
dataflow,ESTAT:TIPSLM100(1.0),Employment rate,A,Annual,EMP_LFS,Total employment (resident population concept - LFS),T,Total,Y20-64,From 20 to 64 years,PC_POP,Percentage of total population,LT,Lithuania,2024,,79.2,,,,,
dataflow,ESTAT:TIPSLM100(1.0),Employment rate,A,Annual,EMP_LFS,Total employment (resident population concept - LFS),T,Total,Y20-64,From 20 to 64 years,PC_POP,Percentage of total population,LT,Lithuania,2025,,80.0,,,,,
dataflow,ESTAT:TIPSLM100(1.0),Employment rate,A,Annual,EMP_LFS,Total employment (resident population concept - LFS),T,Total,Y20-64,From 20 to 64 years,PC_POP,Percentage of total population,LU,Luxembourg,2009,,70.4,,,,,
dataflow,ESTAT:TIPSLM100(1.0),Employment rate,A,Annual,EMP_LFS,Total employment (resident population concept - LFS),T,Total,Y20-64,From 20 to 64 years,PC_POP,Percentage of total population,LU,Luxembourg,2010,,70.7,,,,,
dataflow,ESTAT:TIPSLM100(1.0),Employment rate,A,Annual,EMP_LFS,Total employment (resident population concept - LFS),T,Total,Y20-64,From 20 to 64 years,PC_POP,Percentage of total population,LU,Luxembourg,2011,,70.1,,,,,
dataflow,ESTAT:TIPSLM100(1.0),Employment rate,A,Annual,EMP_LFS,Total employment (resident population concept - LFS),T,Total,Y20-64,From 20 to 64 years,PC_POP,Percentage of total population,LU,Luxembourg,2012,,71.4,,,,,
dataflow,ESTAT:TIPSLM100(1.0),Employment rate,A,Annual,EMP_LFS,Total employment (resident population concept - LFS),T,Total,Y20-64,From 20 to 64 years,PC_POP,Percentage of total population,LU,Luxembourg,2013,,71.1,,,,,
dataflow,ESTAT:TIPSLM100(1.0),Employment rate,A,Annual,EMP_LFS,Total employment (resident population concept - LFS),T,Total,Y20-64,From 20 to 64 years,PC_POP,Percentage of total population,LU,Luxembourg,2014,,72.1,,,,,
dataflow,ESTAT:TIPSLM100(1.0),Employment rate,A,Annual,EMP_LFS,Total employment (resident population concept - LFS),T,Total,Y20-64,From 20 to 64 years,PC_POP,Percentage of total population,LU,Luxembourg,2015,,70.9,,b,break in time series,,
dataflow,ESTAT:TIPSLM100(1.0),Employment rate,A,Annual,EMP_LFS,Total employment (resident population concept - LFS),T,Total,Y20-64,From 20 to 64 years,PC_POP,Percentage of total population,LU,Luxembourg,2016,,70.7,,,,,
dataflow,ESTAT:TIPSLM100(1.0),Employment rate,A,Annual,EMP_LFS,Total employment (resident population concept - LFS),T,Total,Y20-64,From 20 to 64 years,PC_POP,Percentage of total population,LU,Luxembourg,2017,,71.5,,,,,
dataflow,ESTAT:TIPSLM100(1.0),Employment rate,A,Annual,EMP_LFS,Total employment (resident population concept - LFS),T,Total,Y20-64,From 20 to 64 years,PC_POP,Percentage of total population,LU,Luxembourg,2018,,72.1,,,,,
dataflow,ESTAT:TIPSLM100(1.0),Employment rate,A,Annual,EMP_LFS,Total employment (resident population concept - LFS),T,Total,Y20-64,From 20 to 64 years,PC_POP,Percentage of total population,LU,Luxembourg,2019,,72.8,,,,,
dataflow,ESTAT:TIPSLM100(1.0),Employment rate,A,Annual,EMP_LFS,Total employment (resident population concept - LFS),T,Total,Y20-64,From 20 to 64 years,PC_POP,Percentage of total population,LU,Luxembourg,2020,,72.1,,,,,
dataflow,ESTAT:TIPSLM100(1.0),Employment rate,A,Annual,EMP_LFS,Total employment (resident population concept - LFS),T,Total,Y20-64,From 20 to 64 years,PC_POP,Percentage of total population,LU,Luxembourg,2021,,74.1,,,,,
dataflow,ESTAT:TIPSLM100(1.0),Employment rate,A,Annual,EMP_LFS,Total employment (resident population concept - LFS),T,Total,Y20-64,From 20 to 64 years,PC_POP,Percentage of total population,LU,Luxembourg,2022,,74.8,,,,,
dataflow,ESTAT:TIPSLM100(1.0),Employment rate,A,Annual,EMP_LFS,Total employment (resident population concept - LFS),T,Total,Y20-64,From 20 to 64 years,PC_POP,Percentage of total population,LU,Luxembourg,2023,,74.8,,,,,
dataflow,ESTAT:TIPSLM100(1.0),Employment rate,A,Annual,EMP_LFS,Total employment (resident population concept - LFS),T,Total,Y20-64,From 20 to 64 years,PC_POP,Percentage of total population,LU,Luxembourg,2024,,74.2,,,,,
dataflow,ESTAT:TIPSLM100(1.0),Employment rate,A,Annual,EMP_LFS,Total employment (resident population concept - LFS),T,Total,Y20-64,From 20 to 64 years,PC_POP,Percentage of total population,LU,Luxembourg,2025,,73.9,,,,,
dataflow,ESTAT:TIPSLM100(1.0),Employment rate,A,Annual,EMP_LFS,Total employment (resident population concept - LFS),T,Total,Y20-64,From 20 to 64 years,PC_POP,Percentage of total population,LV,Latvia,2009,,66.3,,,,,
dataflow,ESTAT:TIPSLM100(1.0),Employment rate,A,Annual,EMP_LFS,Total employment (resident population concept - LFS),T,Total,Y20-64,From 20 to 64 years,PC_POP,Percentage of total population,LV,Latvia,2010,,63.9,,,,,
dataflow,ESTAT:TIPSLM100(1.0),Employment rate,A,Annual,EMP_LFS,Total employment (resident population concept - LFS),T,Total,Y20-64,From 20 to 64 years,PC_POP,Percentage of total population,LV,Latvia,2011,,66.1,,,,,
dataflow,ESTAT:TIPSLM100(1.0),Employment rate,A,Annual,EMP_LFS,Total employment (resident population concept - LFS),T,Total,Y20-64,From 20 to 64 years,PC_POP,Percentage of total population,LV,Latvia,2012,,67.9,,,,,
dataflow,ESTAT:TIPSLM100(1.0),Employment rate,A,Annual,EMP_LFS,Total employment (resident population concept - LFS),T,Total,Y20-64,From 20 to 64 years,PC_POP,Percentage of total population,LV,Latvia,2013,,69.5,,,,,
dataflow,ESTAT:TIPSLM100(1.0),Employment rate,A,Annual,EMP_LFS,Total employment (resident population concept - LFS),T,Total,Y20-64,From 20 to 64 years,PC_POP,Percentage of total population,LV,Latvia,2014,,70.6,,,,,
dataflow,ESTAT:TIPSLM100(1.0),Employment rate,A,Annual,EMP_LFS,Total employment (resident population concept - LFS),T,Total,Y20-64,From 20 to 64 years,PC_POP,Percentage of total population,LV,Latvia,2015,,72.5,,,,,
dataflow,ESTAT:TIPSLM100(1.0),Employment rate,A,Annual,EMP_LFS,Total employment (resident population concept - LFS),T,Total,Y20-64,From 20 to 64 years,PC_POP,Percentage of total population,LV,Latvia,2016,,73.0,,,,,
dataflow,ESTAT:TIPSLM100(1.0),Employment rate,A,Annual,EMP_LFS,Total employment (resident population concept - LFS),T,Total,Y20-64,From 20 to 64 years,PC_POP,Percentage of total population,LV,Latvia,2017,,74.6,,,,,
dataflow,ESTAT:TIPSLM100(1.0),Employment rate,A,Annual,EMP_LFS,Total employment (resident population concept - LFS),T,Total,Y20-64,From 20 to 64 years,PC_POP,Percentage of total population,LV,Latvia,2018,,76.8,,,,,
dataflow,ESTAT:TIPSLM100(1.0),Employment rate,A,Annual,EMP_LFS,Total employment (resident population concept - LFS),T,Total,Y20-64,From 20 to 64 years,PC_POP,Percentage of total population,LV,Latvia,2019,,77.3,,,,,
dataflow,ESTAT:TIPSLM100(1.0),Employment rate,A,Annual,EMP_LFS,Total employment (resident population concept - LFS),T,Total,Y20-64,From 20 to 64 years,PC_POP,Percentage of total population,LV,Latvia,2020,,76.9,,,,,
dataflow,ESTAT:TIPSLM100(1.0),Employment rate,A,Annual,EMP_LFS,Total employment (resident population concept - LFS),T,Total,Y20-64,From 20 to 64 years,PC_POP,Percentage of total population,LV,Latvia,2021,,75.3,,,,,
dataflow,ESTAT:TIPSLM100(1.0),Employment rate,A,Annual,EMP_LFS,Total employment (resident population concept - LFS),T,Total,Y20-64,From 20 to 64 years,PC_POP,Percentage of total population,LV,Latvia,2022,,77.0,,,,,
dataflow,ESTAT:TIPSLM100(1.0),Employment rate,A,Annual,EMP_LFS,Total employment (resident population concept - LFS),T,Total,Y20-64,From 20 to 64 years,PC_POP,Percentage of total population,LV,Latvia,2023,,77.5,,,,,
dataflow,ESTAT:TIPSLM100(1.0),Employment rate,A,Annual,EMP_LFS,Total employment (resident population concept - LFS),T,Total,Y20-64,From 20 to 64 years,PC_POP,Percentage of total population,LV,Latvia,2024,,77.4,,,,,
dataflow,ESTAT:TIPSLM100(1.0),Employment rate,A,Annual,EMP_LFS,Total employment (resident population concept - LFS),T,Total,Y20-64,From 20 to 64 years,PC_POP,Percentage of total population,LV,Latvia,2025,,78.2,,,,,
dataflow,ESTAT:TIPSLM100(1.0),Employment rate,A,Annual,EMP_LFS,Total employment (resident population concept - LFS),T,Total,Y20-64,From 20 to 64 years,PC_POP,Percentage of total population,MT,Malta,2009,,59.0,,,,,
dataflow,ESTAT:TIPSLM100(1.0),Employment rate,A,Annual,EMP_LFS,Total employment (resident population concept - LFS),T,Total,Y20-64,From 20 to 64 years,PC_POP,Percentage of total population,MT,Malta,2010,,60.1,,,,,
dataflow,ESTAT:TIPSLM100(1.0),Employment rate,A,Annual,EMP_LFS,Total employment (resident population concept - LFS),T,Total,Y20-64,From 20 to 64 years,PC_POP,Percentage of total population,MT,Malta,2011,,61.6,,,,,
dataflow,ESTAT:TIPSLM100(1.0),Employment rate,A,Annual,EMP_LFS,Total employment (resident population concept - LFS),T,Total,Y20-64,From 20 to 64 years,PC_POP,Percentage of total population,MT,Malta,2012,,63.9,,,,,
dataflow,ESTAT:TIPSLM100(1.0),Employment rate,A,Annual,EMP_LFS,Total employment (resident population concept - LFS),T,Total,Y20-64,From 20 to 64 years,PC_POP,Percentage of total population,MT,Malta,2013,,66.2,,,,,
dataflow,ESTAT:TIPSLM100(1.0),Employment rate,A,Annual,EMP_LFS,Total employment (resident population concept - LFS),T,Total,Y20-64,From 20 to 64 years,PC_POP,Percentage of total population,MT,Malta,2014,,67.9,,,,,
dataflow,ESTAT:TIPSLM100(1.0),Employment rate,A,Annual,EMP_LFS,Total employment (resident population concept - LFS),T,Total,Y20-64,From 20 to 64 years,PC_POP,Percentage of total population,MT,Malta,2015,,69.0,,,,,
dataflow,ESTAT:TIPSLM100(1.0),Employment rate,A,Annual,EMP_LFS,Total employment (resident population concept - LFS),T,Total,Y20-64,From 20 to 64 years,PC_POP,Percentage of total population,MT,Malta,2016,,71.1,,,,,
dataflow,ESTAT:TIPSLM100(1.0),Employment rate,A,Annual,EMP_LFS,Total employment (resident population concept - LFS),T,Total,Y20-64,From 20 to 64 years,PC_POP,Percentage of total population,MT,Malta,2017,,73.0,,,,,
dataflow,ESTAT:TIPSLM100(1.0),Employment rate,A,Annual,EMP_LFS,Total employment (resident population concept - LFS),T,Total,Y20-64,From 20 to 64 years,PC_POP,Percentage of total population,MT,Malta,2018,,74.9,,,,,
dataflow,ESTAT:TIPSLM100(1.0),Employment rate,A,Annual,EMP_LFS,Total employment (resident population concept - LFS),T,Total,Y20-64,From 20 to 64 years,PC_POP,Percentage of total population,MT,Malta,2019,,75.6,,,,,
dataflow,ESTAT:TIPSLM100(1.0),Employment rate,A,Annual,EMP_LFS,Total employment (resident population concept - LFS),T,Total,Y20-64,From 20 to 64 years,PC_POP,Percentage of total population,MT,Malta,2020,,76.0,,,,,
dataflow,ESTAT:TIPSLM100(1.0),Employment rate,A,Annual,EMP_LFS,Total employment (resident population concept - LFS),T,Total,Y20-64,From 20 to 64 years,PC_POP,Percentage of total population,MT,Malta,2021,,77.8,,,,,
dataflow,ESTAT:TIPSLM100(1.0),Employment rate,A,Annual,EMP_LFS,Total employment (resident population concept - LFS),T,Total,Y20-64,From 20 to 64 years,PC_POP,Percentage of total population,MT,Malta,2022,,80.1,,,,,
dataflow,ESTAT:TIPSLM100(1.0),Employment rate,A,Annual,EMP_LFS,Total employment (resident population concept - LFS),T,Total,Y20-64,From 20 to 64 years,PC_POP,Percentage of total population,MT,Malta,2023,,81.3,,,,,
dataflow,ESTAT:TIPSLM100(1.0),Employment rate,A,Annual,EMP_LFS,Total employment (resident population concept - LFS),T,Total,Y20-64,From 20 to 64 years,PC_POP,Percentage of total population,MT,Malta,2024,,82.7,,,,,
dataflow,ESTAT:TIPSLM100(1.0),Employment rate,A,Annual,EMP_LFS,Total employment (resident population concept - LFS),T,Total,Y20-64,From 20 to 64 years,PC_POP,Percentage of total population,MT,Malta,2025,,83.6,,,,,
dataflow,ESTAT:TIPSLM100(1.0),Employment rate,A,Annual,EMP_LFS,Total employment (resident population concept - LFS),T,Total,Y20-64,From 20 to 64 years,PC_POP,Percentage of total population,NL,Netherlands,2009,,77.6,,,,,
dataflow,ESTAT:TIPSLM100(1.0),Employment rate,A,Annual,EMP_LFS,Total employment (resident population concept - LFS),T,Total,Y20-64,From 20 to 64 years,PC_POP,Percentage of total population,NL,Netherlands,2010,,77.0,,,,,
dataflow,ESTAT:TIPSLM100(1.0),Employment rate,A,Annual,EMP_LFS,Total employment (resident population concept - LFS),T,Total,Y20-64,From 20 to 64 years,PC_POP,Percentage of total population,NL,Netherlands,2011,,77.2,,,,,
dataflow,ESTAT:TIPSLM100(1.0),Employment rate,A,Annual,EMP_LFS,Total employment (resident population concept - LFS),T,Total,Y20-64,From 20 to 64 years,PC_POP,Percentage of total population,NL,Netherlands,2012,,77.5,,,,,
dataflow,ESTAT:TIPSLM100(1.0),Employment rate,A,Annual,EMP_LFS,Total employment (resident population concept - LFS),T,Total,Y20-64,From 20 to 64 years,PC_POP,Percentage of total population,NL,Netherlands,2013,,76.7,,,,,
dataflow,ESTAT:TIPSLM100(1.0),Employment rate,A,Annual,EMP_LFS,Total employment (resident population concept - LFS),T,Total,Y20-64,From 20 to 64 years,PC_POP,Percentage of total population,NL,Netherlands,2014,,76.3,,,,,
dataflow,ESTAT:TIPSLM100(1.0),Employment rate,A,Annual,EMP_LFS,Total employment (resident population concept - LFS),T,Total,Y20-64,From 20 to 64 years,PC_POP,Percentage of total population,NL,Netherlands,2015,,77.2,,,,,
dataflow,ESTAT:TIPSLM100(1.0),Employment rate,A,Annual,EMP_LFS,Total employment (resident population concept - LFS),T,Total,Y20-64,From 20 to 64 years,PC_POP,Percentage of total population,NL,Netherlands,2016,,77.9,,,,,
dataflow,ESTAT:TIPSLM100(1.0),Employment rate,A,Annual,EMP_LFS,Total employment (resident population concept - LFS),T,Total,Y20-64,From 20 to 64 years,PC_POP,Percentage of total population,NL,Netherlands,2017,,78.9,,,,,
dataflow,ESTAT:TIPSLM100(1.0),Employment rate,A,Annual,EMP_LFS,Total employment (resident population concept - LFS),T,Total,Y20-64,From 20 to 64 years,PC_POP,Percentage of total population,NL,Netherlands,2018,,80.0,,,,,
dataflow,ESTAT:TIPSLM100(1.0),Employment rate,A,Annual,EMP_LFS,Total employment (resident population concept - LFS),T,Total,Y20-64,From 20 to 64 years,PC_POP,Percentage of total population,NL,Netherlands,2019,,81.0,,,,,
dataflow,ESTAT:TIPSLM100(1.0),Employment rate,A,Annual,EMP_LFS,Total employment (resident population concept - LFS),T,Total,Y20-64,From 20 to 64 years,PC_POP,Percentage of total population,NL,Netherlands,2020,,80.8,,,,,
dataflow,ESTAT:TIPSLM100(1.0),Employment rate,A,Annual,EMP_LFS,Total employment (resident population concept - LFS),T,Total,Y20-64,From 20 to 64 years,PC_POP,Percentage of total population,NL,Netherlands,2021,,81.7,,,,,
dataflow,ESTAT:TIPSLM100(1.0),Employment rate,A,Annual,EMP_LFS,Total employment (resident population concept - LFS),T,Total,Y20-64,From 20 to 64 years,PC_POP,Percentage of total population,NL,Netherlands,2022,,82.9,,,,,
dataflow,ESTAT:TIPSLM100(1.0),Employment rate,A,Annual,EMP_LFS,Total employment (resident population concept - LFS),T,Total,Y20-64,From 20 to 64 years,PC_POP,Percentage of total population,NL,Netherlands,2023,,83.5,,,,,
dataflow,ESTAT:TIPSLM100(1.0),Employment rate,A,Annual,EMP_LFS,Total employment (resident population concept - LFS),T,Total,Y20-64,From 20 to 64 years,PC_POP,Percentage of total population,NL,Netherlands,2024,,83.5,,,,,
dataflow,ESTAT:TIPSLM100(1.0),Employment rate,A,Annual,EMP_LFS,Total employment (resident population concept - LFS),T,Total,Y20-64,From 20 to 64 years,PC_POP,Percentage of total population,NL,Netherlands,2025,,83.4,,,,,
dataflow,ESTAT:TIPSLM100(1.0),Employment rate,A,Annual,EMP_LFS,Total employment (resident population concept - LFS),T,Total,Y20-64,From 20 to 64 years,PC_POP,Percentage of total population,PL,Poland,2009,,62.6,,,,,
dataflow,ESTAT:TIPSLM100(1.0),Employment rate,A,Annual,EMP_LFS,Total employment (resident population concept - LFS),T,Total,Y20-64,From 20 to 64 years,PC_POP,Percentage of total population,PL,Poland,2010,,62.2,,b,break in time series,,
dataflow,ESTAT:TIPSLM100(1.0),Employment rate,A,Annual,EMP_LFS,Total employment (resident population concept - LFS),T,Total,Y20-64,From 20 to 64 years,PC_POP,Percentage of total population,PL,Poland,2011,,62.5,,,,,
dataflow,ESTAT:TIPSLM100(1.0),Employment rate,A,Annual,EMP_LFS,Total employment (resident population concept - LFS),T,Total,Y20-64,From 20 to 64 years,PC_POP,Percentage of total population,PL,Poland,2012,,62.9,,,,,
dataflow,ESTAT:TIPSLM100(1.0),Employment rate,A,Annual,EMP_LFS,Total employment (resident population concept - LFS),T,Total,Y20-64,From 20 to 64 years,PC_POP,Percentage of total population,PL,Poland,2013,,63.2,,,,,
dataflow,ESTAT:TIPSLM100(1.0),Employment rate,A,Annual,EMP_LFS,Total employment (resident population concept - LFS),T,Total,Y20-64,From 20 to 64 years,PC_POP,Percentage of total population,PL,Poland,2014,,64.9,,,,,
dataflow,ESTAT:TIPSLM100(1.0),Employment rate,A,Annual,EMP_LFS,Total employment (resident population concept - LFS),T,Total,Y20-64,From 20 to 64 years,PC_POP,Percentage of total population,PL,Poland,2015,,66.3,,,,,
dataflow,ESTAT:TIPSLM100(1.0),Employment rate,A,Annual,EMP_LFS,Total employment (resident population concept - LFS),T,Total,Y20-64,From 20 to 64 years,PC_POP,Percentage of total population,PL,Poland,2016,,68.2,,,,,
dataflow,ESTAT:TIPSLM100(1.0),Employment rate,A,Annual,EMP_LFS,Total employment (resident population concept - LFS),T,Total,Y20-64,From 20 to 64 years,PC_POP,Percentage of total population,PL,Poland,2017,,70.0,,,,,
dataflow,ESTAT:TIPSLM100(1.0),Employment rate,A,Annual,EMP_LFS,Total employment (resident population concept - LFS),T,Total,Y20-64,From 20 to 64 years,PC_POP,Percentage of total population,PL,Poland,2018,,71.4,,,,,
dataflow,ESTAT:TIPSLM100(1.0),Employment rate,A,Annual,EMP_LFS,Total employment (resident population concept - LFS),T,Total,Y20-64,From 20 to 64 years,PC_POP,Percentage of total population,PL,Poland,2019,,72.6,,b,break in time series,,
dataflow,ESTAT:TIPSLM100(1.0),Employment rate,A,Annual,EMP_LFS,Total employment (resident population concept - LFS),T,Total,Y20-64,From 20 to 64 years,PC_POP,Percentage of total population,PL,Poland,2020,,72.8,,,,,
dataflow,ESTAT:TIPSLM100(1.0),Employment rate,A,Annual,EMP_LFS,Total employment (resident population concept - LFS),T,Total,Y20-64,From 20 to 64 years,PC_POP,Percentage of total population,PL,Poland,2021,,75.5,,,,,
dataflow,ESTAT:TIPSLM100(1.0),Employment rate,A,Annual,EMP_LFS,Total employment (resident population concept - LFS),T,Total,Y20-64,From 20 to 64 years,PC_POP,Percentage of total population,PL,Poland,2022,,76.7,,,,,
dataflow,ESTAT:TIPSLM100(1.0),Employment rate,A,Annual,EMP_LFS,Total employment (resident population concept - LFS),T,Total,Y20-64,From 20 to 64 years,PC_POP,Percentage of total population,PL,Poland,2023,,77.9,,,,,
dataflow,ESTAT:TIPSLM100(1.0),Employment rate,A,Annual,EMP_LFS,Total employment (resident population concept - LFS),T,Total,Y20-64,From 20 to 64 years,PC_POP,Percentage of total population,PL,Poland,2024,,78.4,,,,,
dataflow,ESTAT:TIPSLM100(1.0),Employment rate,A,Annual,EMP_LFS,Total employment (resident population concept - LFS),T,Total,Y20-64,From 20 to 64 years,PC_POP,Percentage of total population,PL,Poland,2025,,78.8,,,,,
dataflow,ESTAT:TIPSLM100(1.0),Employment rate,A,Annual,EMP_LFS,Total employment (resident population concept - LFS),T,Total,Y20-64,From 20 to 64 years,PC_POP,Percentage of total population,PT,Portugal,2009,,67.6,,,,,
dataflow,ESTAT:TIPSLM100(1.0),Employment rate,A,Annual,EMP_LFS,Total employment (resident population concept - LFS),T,Total,Y20-64,From 20 to 64 years,PC_POP,Percentage of total population,PT,Portugal,2010,,66.9,,,,,
dataflow,ESTAT:TIPSLM100(1.0),Employment rate,A,Annual,EMP_LFS,Total employment (resident population concept - LFS),T,Total,Y20-64,From 20 to 64 years,PC_POP,Percentage of total population,PT,Portugal,2011,,66.6,,,,,
dataflow,ESTAT:TIPSLM100(1.0),Employment rate,A,Annual,EMP_LFS,Total employment (resident population concept - LFS),T,Total,Y20-64,From 20 to 64 years,PC_POP,Percentage of total population,PT,Portugal,2012,,64.0,,,,,
dataflow,ESTAT:TIPSLM100(1.0),Employment rate,A,Annual,EMP_LFS,Total employment (resident population concept - LFS),T,Total,Y20-64,From 20 to 64 years,PC_POP,Percentage of total population,PT,Portugal,2013,,63.4,,,,,
dataflow,ESTAT:TIPSLM100(1.0),Employment rate,A,Annual,EMP_LFS,Total employment (resident population concept - LFS),T,Total,Y20-64,From 20 to 64 years,PC_POP,Percentage of total population,PT,Portugal,2014,,66.1,,,,,
dataflow,ESTAT:TIPSLM100(1.0),Employment rate,A,Annual,EMP_LFS,Total employment (resident population concept - LFS),T,Total,Y20-64,From 20 to 64 years,PC_POP,Percentage of total population,PT,Portugal,2015,,67.9,,,,,
dataflow,ESTAT:TIPSLM100(1.0),Employment rate,A,Annual,EMP_LFS,Total employment (resident population concept - LFS),T,Total,Y20-64,From 20 to 64 years,PC_POP,Percentage of total population,PT,Portugal,2016,,69.5,,,,,
dataflow,ESTAT:TIPSLM100(1.0),Employment rate,A,Annual,EMP_LFS,Total employment (resident population concept - LFS),T,Total,Y20-64,From 20 to 64 years,PC_POP,Percentage of total population,PT,Portugal,2017,,72.5,,,,,
dataflow,ESTAT:TIPSLM100(1.0),Employment rate,A,Annual,EMP_LFS,Total employment (resident population concept - LFS),T,Total,Y20-64,From 20 to 64 years,PC_POP,Percentage of total population,PT,Portugal,2018,,74.6,,,,,
dataflow,ESTAT:TIPSLM100(1.0),Employment rate,A,Annual,EMP_LFS,Total employment (resident population concept - LFS),T,Total,Y20-64,From 20 to 64 years,PC_POP,Percentage of total population,PT,Portugal,2019,,75.4,,,,,
dataflow,ESTAT:TIPSLM100(1.0),Employment rate,A,Annual,EMP_LFS,Total employment (resident population concept - LFS),T,Total,Y20-64,From 20 to 64 years,PC_POP,Percentage of total population,PT,Portugal,2020,,73.9,,,,,
dataflow,ESTAT:TIPSLM100(1.0),Employment rate,A,Annual,EMP_LFS,Total employment (resident population concept - LFS),T,Total,Y20-64,From 20 to 64 years,PC_POP,Percentage of total population,PT,Portugal,2021,,75.5,,,,,
dataflow,ESTAT:TIPSLM100(1.0),Employment rate,A,Annual,EMP_LFS,Total employment (resident population concept - LFS),T,Total,Y20-64,From 20 to 64 years,PC_POP,Percentage of total population,PT,Portugal,2022,,77.1,,,,,
dataflow,ESTAT:TIPSLM100(1.0),Employment rate,A,Annual,EMP_LFS,Total employment (resident population concept - LFS),T,Total,Y20-64,From 20 to 64 years,PC_POP,Percentage of total population,PT,Portugal,2023,,78.0,,,,,
dataflow,ESTAT:TIPSLM100(1.0),Employment rate,A,Annual,EMP_LFS,Total employment (resident population concept - LFS),T,Total,Y20-64,From 20 to 64 years,PC_POP,Percentage of total population,PT,Portugal,2024,,78.5,,,,,
dataflow,ESTAT:TIPSLM100(1.0),Employment rate,A,Annual,EMP_LFS,Total employment (resident population concept - LFS),T,Total,Y20-64,From 20 to 64 years,PC_POP,Percentage of total population,PT,Portugal,2025,,79.6,,,,,
dataflow,ESTAT:TIPSLM100(1.0),Employment rate,A,Annual,EMP_LFS,Total employment (resident population concept - LFS),T,Total,Y20-64,From 20 to 64 years,PC_POP,Percentage of total population,RO,Romania,2009,,53.9,,,,,
dataflow,ESTAT:TIPSLM100(1.0),Employment rate,A,Annual,EMP_LFS,Total employment (resident population concept - LFS),T,Total,Y20-64,From 20 to 64 years,PC_POP,Percentage of total population,RO,Romania,2010,,56.3,,,,,
dataflow,ESTAT:TIPSLM100(1.0),Employment rate,A,Annual,EMP_LFS,Total employment (resident population concept - LFS),T,Total,Y20-64,From 20 to 64 years,PC_POP,Percentage of total population,RO,Romania,2011,,56.0,,,,,
dataflow,ESTAT:TIPSLM100(1.0),Employment rate,A,Annual,EMP_LFS,Total employment (resident population concept - LFS),T,Total,Y20-64,From 20 to 64 years,PC_POP,Percentage of total population,RO,Romania,2012,,56.8,,,,,
dataflow,ESTAT:TIPSLM100(1.0),Employment rate,A,Annual,EMP_LFS,Total employment (resident population concept - LFS),T,Total,Y20-64,From 20 to 64 years,PC_POP,Percentage of total population,RO,Romania,2013,,56.9,,,,,
dataflow,ESTAT:TIPSLM100(1.0),Employment rate,A,Annual,EMP_LFS,Total employment (resident population concept - LFS),T,Total,Y20-64,From 20 to 64 years,PC_POP,Percentage of total population,RO,Romania,2014,,58.0,,,,,
dataflow,ESTAT:TIPSLM100(1.0),Employment rate,A,Annual,EMP_LFS,Total employment (resident population concept - LFS),T,Total,Y20-64,From 20 to 64 years,PC_POP,Percentage of total population,RO,Romania,2015,,59.2,,,,,
dataflow,ESTAT:TIPSLM100(1.0),Employment rate,A,Annual,EMP_LFS,Total employment (resident population concept - LFS),T,Total,Y20-64,From 20 to 64 years,PC_POP,Percentage of total population,RO,Romania,2016,,60.3,,,,,
dataflow,ESTAT:TIPSLM100(1.0),Employment rate,A,Annual,EMP_LFS,Total employment (resident population concept - LFS),T,Total,Y20-64,From 20 to 64 years,PC_POP,Percentage of total population,RO,Romania,2017,,62.7,,,,,
dataflow,ESTAT:TIPSLM100(1.0),Employment rate,A,Annual,EMP_LFS,Total employment (resident population concept - LFS),T,Total,Y20-64,From 20 to 64 years,PC_POP,Percentage of total population,RO,Romania,2018,,63.9,,,,,
dataflow,ESTAT:TIPSLM100(1.0),Employment rate,A,Annual,EMP_LFS,Total employment (resident population concept - LFS),T,Total,Y20-64,From 20 to 64 years,PC_POP,Percentage of total population,RO,Romania,2019,,65.1,,,,,
dataflow,ESTAT:TIPSLM100(1.0),Employment rate,A,Annual,EMP_LFS,Total employment (resident population concept - LFS),T,Total,Y20-64,From 20 to 64 years,PC_POP,Percentage of total population,RO,Romania,2020,,65.2,,,,,
dataflow,ESTAT:TIPSLM100(1.0),Employment rate,A,Annual,EMP_LFS,Total employment (resident population concept - LFS),T,Total,Y20-64,From 20 to 64 years,PC_POP,Percentage of total population,RO,Romania,2021,,67.1,,,,,
dataflow,ESTAT:TIPSLM100(1.0),Employment rate,A,Annual,EMP_LFS,Total employment (resident population concept - LFS),T,Total,Y20-64,From 20 to 64 years,PC_POP,Percentage of total population,RO,Romania,2022,,68.5,,,,,
dataflow,ESTAT:TIPSLM100(1.0),Employment rate,A,Annual,EMP_LFS,Total employment (resident population concept - LFS),T,Total,Y20-64,From 20 to 64 years,PC_POP,Percentage of total population,RO,Romania,2023,,68.7,,,,,
dataflow,ESTAT:TIPSLM100(1.0),Employment rate,A,Annual,EMP_LFS,Total employment (resident population concept - LFS),T,Total,Y20-64,From 20 to 64 years,PC_POP,Percentage of total population,RO,Romania,2024,,69.5,,,,,
dataflow,ESTAT:TIPSLM100(1.0),Employment rate,A,Annual,EMP_LFS,Total employment (resident population concept - LFS),T,Total,Y20-64,From 20 to 64 years,PC_POP,Percentage of total population,RO,Romania,2025,,69.0,,,,,
dataflow,ESTAT:TIPSLM100(1.0),Employment rate,A,Annual,EMP_LFS,Total employment (resident population concept - LFS),T,Total,Y20-64,From 20 to 64 years,PC_POP,Percentage of total population,SE,Sweden,2005,,77.7,,,,,
dataflow,ESTAT:TIPSLM100(1.0),Employment rate,A,Annual,EMP_LFS,Total employment (resident population concept - LFS),T,Total,Y20-64,From 20 to 64 years,PC_POP,Percentage of total population,SE,Sweden,2006,,78.4,,,,,
dataflow,ESTAT:TIPSLM100(1.0),Employment rate,A,Annual,EMP_LFS,Total employment (resident population concept - LFS),T,Total,Y20-64,From 20 to 64 years,PC_POP,Percentage of total population,SE,Sweden,2007,,79.7,,,,,
dataflow,ESTAT:TIPSLM100(1.0),Employment rate,A,Annual,EMP_LFS,Total employment (resident population concept - LFS),T,Total,Y20-64,From 20 to 64 years,PC_POP,Percentage of total population,SE,Sweden,2008,,80.0,,,,,
dataflow,ESTAT:TIPSLM100(1.0),Employment rate,A,Annual,EMP_LFS,Total employment (resident population concept - LFS),T,Total,Y20-64,From 20 to 64 years,PC_POP,Percentage of total population,SE,Sweden,2009,,77.9,,,,,
dataflow,ESTAT:TIPSLM100(1.0),Employment rate,A,Annual,EMP_LFS,Total employment (resident population concept - LFS),T,Total,Y20-64,From 20 to 64 years,PC_POP,Percentage of total population,SE,Sweden,2010,,77.7,,,,,
dataflow,ESTAT:TIPSLM100(1.0),Employment rate,A,Annual,EMP_LFS,Total employment (resident population concept - LFS),T,Total,Y20-64,From 20 to 64 years,PC_POP,Percentage of total population,SE,Sweden,2011,,79.0,,,,,
dataflow,ESTAT:TIPSLM100(1.0),Employment rate,A,Annual,EMP_LFS,Total employment (resident population concept - LFS),T,Total,Y20-64,From 20 to 64 years,PC_POP,Percentage of total population,SE,Sweden,2012,,79.1,,,,,
dataflow,ESTAT:TIPSLM100(1.0),Employment rate,A,Annual,EMP_LFS,Total employment (resident population concept - LFS),T,Total,Y20-64,From 20 to 64 years,PC_POP,Percentage of total population,SE,Sweden,2013,,79.4,,,,,
dataflow,ESTAT:TIPSLM100(1.0),Employment rate,A,Annual,EMP_LFS,Total employment (resident population concept - LFS),T,Total,Y20-64,From 20 to 64 years,PC_POP,Percentage of total population,SE,Sweden,2014,,79.6,,,,,
dataflow,ESTAT:TIPSLM100(1.0),Employment rate,A,Annual,EMP_LFS,Total employment (resident population concept - LFS),T,Total,Y20-64,From 20 to 64 years,PC_POP,Percentage of total population,SE,Sweden,2015,,80.1,,,,,
dataflow,ESTAT:TIPSLM100(1.0),Employment rate,A,Annual,EMP_LFS,Total employment (resident population concept - LFS),T,Total,Y20-64,From 20 to 64 years,PC_POP,Percentage of total population,SE,Sweden,2016,,80.8,,,,,
dataflow,ESTAT:TIPSLM100(1.0),Employment rate,A,Annual,EMP_LFS,Total employment (resident population concept - LFS),T,Total,Y20-64,From 20 to 64 years,PC_POP,Percentage of total population,SE,Sweden,2017,,81.4,,,,,
dataflow,ESTAT:TIPSLM100(1.0),Employment rate,A,Annual,EMP_LFS,Total employment (resident population concept - LFS),T,Total,Y20-64,From 20 to 64 years,PC_POP,Percentage of total population,SE,Sweden,2018,,82.0,,,,,
dataflow,ESTAT:TIPSLM100(1.0),Employment rate,A,Annual,EMP_LFS,Total employment (resident population concept - LFS),T,Total,Y20-64,From 20 to 64 years,PC_POP,Percentage of total population,SE,Sweden,2019,,81.7,,,,,
dataflow,ESTAT:TIPSLM100(1.0),Employment rate,A,Annual,EMP_LFS,Total employment (resident population concept - LFS),T,Total,Y20-64,From 20 to 64 years,PC_POP,Percentage of total population,SE,Sweden,2020,,80.2,,,,,
dataflow,ESTAT:TIPSLM100(1.0),Employment rate,A,Annual,EMP_LFS,Total employment (resident population concept - LFS),T,Total,Y20-64,From 20 to 64 years,PC_POP,Percentage of total population,SE,Sweden,2021,,80.4,,,,,
dataflow,ESTAT:TIPSLM100(1.0),Employment rate,A,Annual,EMP_LFS,Total employment (resident population concept - LFS),T,Total,Y20-64,From 20 to 64 years,PC_POP,Percentage of total population,SE,Sweden,2022,,82.0,,,,,
dataflow,ESTAT:TIPSLM100(1.0),Employment rate,A,Annual,EMP_LFS,Total employment (resident population concept - LFS),T,Total,Y20-64,From 20 to 64 years,PC_POP,Percentage of total population,SE,Sweden,2023,,82.6,,,,,
dataflow,ESTAT:TIPSLM100(1.0),Employment rate,A,Annual,EMP_LFS,Total employment (resident population concept - LFS),T,Total,Y20-64,From 20 to 64 years,PC_POP,Percentage of total population,SE,Sweden,2024,,81.9,,,,,
dataflow,ESTAT:TIPSLM100(1.0),Employment rate,A,Annual,EMP_LFS,Total employment (resident population concept - LFS),T,Total,Y20-64,From 20 to 64 years,PC_POP,Percentage of total population,SE,Sweden,2025,,81.8,,,,,
dataflow,ESTAT:TIPSLM100(1.0),Employment rate,A,Annual,EMP_LFS,Total employment (resident population concept - LFS),T,Total,Y20-64,From 20 to 64 years,PC_POP,Percentage of total population,SI,Slovenia,2009,,71.4,,,,,
dataflow,ESTAT:TIPSLM100(1.0),Employment rate,A,Annual,EMP_LFS,Total employment (resident population concept - LFS),T,Total,Y20-64,From 20 to 64 years,PC_POP,Percentage of total population,SI,Slovenia,2010,,69.7,,,,,
dataflow,ESTAT:TIPSLM100(1.0),Employment rate,A,Annual,EMP_LFS,Total employment (resident population concept - LFS),T,Total,Y20-64,From 20 to 64 years,PC_POP,Percentage of total population,SI,Slovenia,2011,,67.8,,,,,
dataflow,ESTAT:TIPSLM100(1.0),Employment rate,A,Annual,EMP_LFS,Total employment (resident population concept - LFS),T,Total,Y20-64,From 20 to 64 years,PC_POP,Percentage of total population,SI,Slovenia,2012,,67.8,,,,,
dataflow,ESTAT:TIPSLM100(1.0),Employment rate,A,Annual,EMP_LFS,Total employment (resident population concept - LFS),T,Total,Y20-64,From 20 to 64 years,PC_POP,Percentage of total population,SI,Slovenia,2013,,66.7,,,,,
dataflow,ESTAT:TIPSLM100(1.0),Employment rate,A,Annual,EMP_LFS,Total employment (resident population concept - LFS),T,Total,Y20-64,From 20 to 64 years,PC_POP,Percentage of total population,SI,Slovenia,2014,,67.3,,,,,
dataflow,ESTAT:TIPSLM100(1.0),Employment rate,A,Annual,EMP_LFS,Total employment (resident population concept - LFS),T,Total,Y20-64,From 20 to 64 years,PC_POP,Percentage of total population,SI,Slovenia,2015,,68.6,,,,,
dataflow,ESTAT:TIPSLM100(1.0),Employment rate,A,Annual,EMP_LFS,Total employment (resident population concept - LFS),T,Total,Y20-64,From 20 to 64 years,PC_POP,Percentage of total population,SI,Slovenia,2016,,69.5,,,,,
dataflow,ESTAT:TIPSLM100(1.0),Employment rate,A,Annual,EMP_LFS,Total employment (resident population concept - LFS),T,Total,Y20-64,From 20 to 64 years,PC_POP,Percentage of total population,SI,Slovenia,2017,,72.9,,,,,
dataflow,ESTAT:TIPSLM100(1.0),Employment rate,A,Annual,EMP_LFS,Total employment (resident population concept - LFS),T,Total,Y20-64,From 20 to 64 years,PC_POP,Percentage of total population,SI,Slovenia,2018,,74.9,,,,,
dataflow,ESTAT:TIPSLM100(1.0),Employment rate,A,Annual,EMP_LFS,Total employment (resident population concept - LFS),T,Total,Y20-64,From 20 to 64 years,PC_POP,Percentage of total population,SI,Slovenia,2019,,75.9,,,,,
dataflow,ESTAT:TIPSLM100(1.0),Employment rate,A,Annual,EMP_LFS,Total employment (resident population concept - LFS),T,Total,Y20-64,From 20 to 64 years,PC_POP,Percentage of total population,SI,Slovenia,2020,,74.8,,,,,
dataflow,ESTAT:TIPSLM100(1.0),Employment rate,A,Annual,EMP_LFS,Total employment (resident population concept - LFS),T,Total,Y20-64,From 20 to 64 years,PC_POP,Percentage of total population,SI,Slovenia,2021,,76.1,,,,,
dataflow,ESTAT:TIPSLM100(1.0),Employment rate,A,Annual,EMP_LFS,Total employment (resident population concept - LFS),T,Total,Y20-64,From 20 to 64 years,PC_POP,Percentage of total population,SI,Slovenia,2022,,77.9,,,,,
dataflow,ESTAT:TIPSLM100(1.0),Employment rate,A,Annual,EMP_LFS,Total employment (resident population concept - LFS),T,Total,Y20-64,From 20 to 64 years,PC_POP,Percentage of total population,SI,Slovenia,2023,,77.5,,,,,
dataflow,ESTAT:TIPSLM100(1.0),Employment rate,A,Annual,EMP_LFS,Total employment (resident population concept - LFS),T,Total,Y20-64,From 20 to 64 years,PC_POP,Percentage of total population,SI,Slovenia,2024,,78.3,,,,,
dataflow,ESTAT:TIPSLM100(1.0),Employment rate,A,Annual,EMP_LFS,Total employment (resident population concept - LFS),T,Total,Y20-64,From 20 to 64 years,PC_POP,Percentage of total population,SI,Slovenia,2025,,78.3,,,,,
dataflow,ESTAT:TIPSLM100(1.0),Employment rate,A,Annual,EMP_LFS,Total employment (resident population concept - LFS),T,Total,Y20-64,From 20 to 64 years,PC_POP,Percentage of total population,SK,Slovakia,2009,,68.3,,,,,
dataflow,ESTAT:TIPSLM100(1.0),Employment rate,A,Annual,EMP_LFS,Total employment (resident population concept - LFS),T,Total,Y20-64,From 20 to 64 years,PC_POP,Percentage of total population,SK,Slovakia,2010,,66.5,,,,,
dataflow,ESTAT:TIPSLM100(1.0),Employment rate,A,Annual,EMP_LFS,Total employment (resident population concept - LFS),T,Total,Y20-64,From 20 to 64 years,PC_POP,Percentage of total population,SK,Slovakia,2011,,66.8,,b,break in time series,,
dataflow,ESTAT:TIPSLM100(1.0),Employment rate,A,Annual,EMP_LFS,Total employment (resident population concept - LFS),T,Total,Y20-64,From 20 to 64 years,PC_POP,Percentage of total population,SK,Slovakia,2012,,66.9,,,,,
dataflow,ESTAT:TIPSLM100(1.0),Employment rate,A,Annual,EMP_LFS,Total employment (resident population concept - LFS),T,Total,Y20-64,From 20 to 64 years,PC_POP,Percentage of total population,SK,Slovakia,2013,,66.9,,,,,
dataflow,ESTAT:TIPSLM100(1.0),Employment rate,A,Annual,EMP_LFS,Total employment (resident population concept - LFS),T,Total,Y20-64,From 20 to 64 years,PC_POP,Percentage of total population,SK,Slovakia,2014,,67.8,,,,,
dataflow,ESTAT:TIPSLM100(1.0),Employment rate,A,Annual,EMP_LFS,Total employment (resident population concept - LFS),T,Total,Y20-64,From 20 to 64 years,PC_POP,Percentage of total population,SK,Slovakia,2015,,69.6,,,,,
dataflow,ESTAT:TIPSLM100(1.0),Employment rate,A,Annual,EMP_LFS,Total employment (resident population concept - LFS),T,Total,Y20-64,From 20 to 64 years,PC_POP,Percentage of total population,SK,Slovakia,2016,,71.8,,,,,
dataflow,ESTAT:TIPSLM100(1.0),Employment rate,A,Annual,EMP_LFS,Total employment (resident population concept - LFS),T,Total,Y20-64,From 20 to 64 years,PC_POP,Percentage of total population,SK,Slovakia,2017,,73.2,,,,,
dataflow,ESTAT:TIPSLM100(1.0),Employment rate,A,Annual,EMP_LFS,Total employment (resident population concept - LFS),T,Total,Y20-64,From 20 to 64 years,PC_POP,Percentage of total population,SK,Slovakia,2018,,74.5,,,,,
dataflow,ESTAT:TIPSLM100(1.0),Employment rate,A,Annual,EMP_LFS,Total employment (resident population concept - LFS),T,Total,Y20-64,From 20 to 64 years,PC_POP,Percentage of total population,SK,Slovakia,2019,,75.6,,,,,
dataflow,ESTAT:TIPSLM100(1.0),Employment rate,A,Annual,EMP_LFS,Total employment (resident population concept - LFS),T,Total,Y20-64,From 20 to 64 years,PC_POP,Percentage of total population,SK,Slovakia,2020,,74.6,,,,,
dataflow,ESTAT:TIPSLM100(1.0),Employment rate,A,Annual,EMP_LFS,Total employment (resident population concept - LFS),T,Total,Y20-64,From 20 to 64 years,PC_POP,Percentage of total population,SK,Slovakia,2021,,74.6,,,,,
dataflow,ESTAT:TIPSLM100(1.0),Employment rate,A,Annual,EMP_LFS,Total employment (resident population concept - LFS),T,Total,Y20-64,From 20 to 64 years,PC_POP,Percentage of total population,SK,Slovakia,2022,,76.7,,,,,
dataflow,ESTAT:TIPSLM100(1.0),Employment rate,A,Annual,EMP_LFS,Total employment (resident population concept - LFS),T,Total,Y20-64,From 20 to 64 years,PC_POP,Percentage of total population,SK,Slovakia,2023,,77.5,,,,,
dataflow,ESTAT:TIPSLM100(1.0),Employment rate,A,Annual,EMP_LFS,Total employment (resident population concept - LFS),T,Total,Y20-64,From 20 to 64 years,PC_POP,Percentage of total population,SK,Slovakia,2024,,78.1,,,,,
dataflow,ESTAT:TIPSLM100(1.0),Employment rate,A,Annual,EMP_LFS,Total employment (resident population concept - LFS),T,Total,Y20-64,From 20 to 64 years,PC_POP,Percentage of total population,SK,Slovakia,2025,,78.1,,,,,
