STRUCTURE,STRUCTURE_ID,STRUCTURE_NAME,freq,Time frequency,hhcomp,Household composition,rskpovth,Risk of poverty threshold,unit,Unit of measure,geo,Geopolitical entity (reporting),TIME_PERIOD,Time,OBS_VALUE,Observation value,OBS_FLAG,Observation status (Flag) V2 structure,CONF_STATUS,Confidentiality status (flag)
dataflow,ESTAT:ILC_MDDW02$DEFAULTVIEW(1.0),"Pollution, grime or other environmental problems",A,Annual,A1,One adult,TOTAL,Total,PC,Percentage,AL,Albania,2017,,5.0,,,,,
dataflow,ESTAT:ILC_MDDW02$DEFAULTVIEW(1.0),"Pollution, grime or other environmental problems",A,Annual,A1,One adult,TOTAL,Total,PC,Percentage,AL,Albania,2018,,5.2,,,,,
dataflow,ESTAT:ILC_MDDW02$DEFAULTVIEW(1.0),"Pollution, grime or other environmental problems",A,Annual,A1,One adult,TOTAL,Total,PC,Percentage,AL,Albania,2019,,3.5,,,,,
dataflow,ESTAT:ILC_MDDW02$DEFAULTVIEW(1.0),"Pollution, grime or other environmental problems",A,Annual,A1,One adult,TOTAL,Total,PC,Percentage,AL,Albania,2020,,2.3,,,,,
dataflow,ESTAT:ILC_MDDW02$DEFAULTVIEW(1.0),"Pollution, grime or other environmental problems",A,Annual,A1,One adult,TOTAL,Total,PC,Percentage,AL,Albania,2023,,4.6,,,,,
dataflow,ESTAT:ILC_MDDW02$DEFAULTVIEW(1.0),"Pollution, grime or other environmental problems",A,Annual,A1,One adult,TOTAL,Total,PC,Percentage,AT,Austria,2012,,11.3,,,,,
dataflow,ESTAT:ILC_MDDW02$DEFAULTVIEW(1.0),"Pollution, grime or other environmental problems",A,Annual,A1,One adult,TOTAL,Total,PC,Percentage,AT,Austria,2013,,11.8,,,,,
dataflow,ESTAT:ILC_MDDW02$DEFAULTVIEW(1.0),"Pollution, grime or other environmental problems",A,Annual,A1,One adult,TOTAL,Total,PC,Percentage,AT,Austria,2014,,11.5,,,,,
dataflow,ESTAT:ILC_MDDW02$DEFAULTVIEW(1.0),"Pollution, grime or other environmental problems",A,Annual,A1,One adult,TOTAL,Total,PC,Percentage,AT,Austria,2015,,11.8,,,,,
dataflow,ESTAT:ILC_MDDW02$DEFAULTVIEW(1.0),"Pollution, grime or other environmental problems",A,Annual,A1,One adult,TOTAL,Total,PC,Percentage,AT,Austria,2016,,11.6,,,,,
dataflow,ESTAT:ILC_MDDW02$DEFAULTVIEW(1.0),"Pollution, grime or other environmental problems",A,Annual,A1,One adult,TOTAL,Total,PC,Percentage,AT,Austria,2017,,11.4,,,,,
dataflow,ESTAT:ILC_MDDW02$DEFAULTVIEW(1.0),"Pollution, grime or other environmental problems",A,Annual,A1,One adult,TOTAL,Total,PC,Percentage,AT,Austria,2018,,11.1,,,,,
dataflow,ESTAT:ILC_MDDW02$DEFAULTVIEW(1.0),"Pollution, grime or other environmental problems",A,Annual,A1,One adult,TOTAL,Total,PC,Percentage,AT,Austria,2019,,11.6,,,,,
dataflow,ESTAT:ILC_MDDW02$DEFAULTVIEW(1.0),"Pollution, grime or other environmental problems",A,Annual,A1,One adult,TOTAL,Total,PC,Percentage,AT,Austria,2020,,9.1,,,,,
dataflow,ESTAT:ILC_MDDW02$DEFAULTVIEW(1.0),"Pollution, grime or other environmental problems",A,Annual,A1,One adult,TOTAL,Total,PC,Percentage,AT,Austria,2023,,9.0,,,,,
dataflow,ESTAT:ILC_MDDW02$DEFAULTVIEW(1.0),"Pollution, grime or other environmental problems",A,Annual,A1,One adult,TOTAL,Total,PC,Percentage,BE,Belgium,2012,,15.5,,,,,
dataflow,ESTAT:ILC_MDDW02$DEFAULTVIEW(1.0),"Pollution, grime or other environmental problems",A,Annual,A1,One adult,TOTAL,Total,PC,Percentage,BE,Belgium,2013,,17.8,,,,,
dataflow,ESTAT:ILC_MDDW02$DEFAULTVIEW(1.0),"Pollution, grime or other environmental problems",A,Annual,A1,One adult,TOTAL,Total,PC,Percentage,BE,Belgium,2014,,16.6,,,,,
dataflow,ESTAT:ILC_MDDW02$DEFAULTVIEW(1.0),"Pollution, grime or other environmental problems",A,Annual,A1,One adult,TOTAL,Total,PC,Percentage,BE,Belgium,2015,,14.9,,,,,
dataflow,ESTAT:ILC_MDDW02$DEFAULTVIEW(1.0),"Pollution, grime or other environmental problems",A,Annual,A1,One adult,TOTAL,Total,PC,Percentage,BE,Belgium,2016,,15.4,,,,,
dataflow,ESTAT:ILC_MDDW02$DEFAULTVIEW(1.0),"Pollution, grime or other environmental problems",A,Annual,A1,One adult,TOTAL,Total,PC,Percentage,BE,Belgium,2017,,13.9,,,,,
dataflow,ESTAT:ILC_MDDW02$DEFAULTVIEW(1.0),"Pollution, grime or other environmental problems",A,Annual,A1,One adult,TOTAL,Total,PC,Percentage,BE,Belgium,2018,,16.0,,,,,
dataflow,ESTAT:ILC_MDDW02$DEFAULTVIEW(1.0),"Pollution, grime or other environmental problems",A,Annual,A1,One adult,TOTAL,Total,PC,Percentage,BE,Belgium,2019,,15.2,,b,break in time series,,
dataflow,ESTAT:ILC_MDDW02$DEFAULTVIEW(1.0),"Pollution, grime or other environmental problems",A,Annual,A1,One adult,TOTAL,Total,PC,Percentage,BE,Belgium,2020,,12.8,,,,,
dataflow,ESTAT:ILC_MDDW02$DEFAULTVIEW(1.0),"Pollution, grime or other environmental problems",A,Annual,A1,One adult,TOTAL,Total,PC,Percentage,BE,Belgium,2023,,15.3,,,,,
dataflow,ESTAT:ILC_MDDW02$DEFAULTVIEW(1.0),"Pollution, grime or other environmental problems",A,Annual,A1,One adult,TOTAL,Total,PC,Percentage,BG,Bulgaria,2012,,10.9,,,,,
dataflow,ESTAT:ILC_MDDW02$DEFAULTVIEW(1.0),"Pollution, grime or other environmental problems",A,Annual,A1,One adult,TOTAL,Total,PC,Percentage,BG,Bulgaria,2013,,11.0,,,,,
dataflow,ESTAT:ILC_MDDW02$DEFAULTVIEW(1.0),"Pollution, grime or other environmental problems",A,Annual,A1,One adult,TOTAL,Total,PC,Percentage,BG,Bulgaria,2014,,12.4,,,,,
dataflow,ESTAT:ILC_MDDW02$DEFAULTVIEW(1.0),"Pollution, grime or other environmental problems",A,Annual,A1,One adult,TOTAL,Total,PC,Percentage,BG,Bulgaria,2015,,11.7,,,,,
dataflow,ESTAT:ILC_MDDW02$DEFAULTVIEW(1.0),"Pollution, grime or other environmental problems",A,Annual,A1,One adult,TOTAL,Total,PC,Percentage,BG,Bulgaria,2016,,11.3,,b,break in time series,,
dataflow,ESTAT:ILC_MDDW02$DEFAULTVIEW(1.0),"Pollution, grime or other environmental problems",A,Annual,A1,One adult,TOTAL,Total,PC,Percentage,BG,Bulgaria,2017,,11.2,,,,,
dataflow,ESTAT:ILC_MDDW02$DEFAULTVIEW(1.0),"Pollution, grime or other environmental problems",A,Annual,A1,One adult,TOTAL,Total,PC,Percentage,BG,Bulgaria,2018,,11.1,,,,,
dataflow,ESTAT:ILC_MDDW02$DEFAULTVIEW(1.0),"Pollution, grime or other environmental problems",A,Annual,A1,One adult,TOTAL,Total,PC,Percentage,BG,Bulgaria,2019,,10.6,,,,,
dataflow,ESTAT:ILC_MDDW02$DEFAULTVIEW(1.0),"Pollution, grime or other environmental problems",A,Annual,A1,One adult,TOTAL,Total,PC,Percentage,BG,Bulgaria,2020,,9.6,,,,,
dataflow,ESTAT:ILC_MDDW02$DEFAULTVIEW(1.0),"Pollution, grime or other environmental problems",A,Annual,A1,One adult,TOTAL,Total,PC,Percentage,BG,Bulgaria,2023,,7.8,,,,,
dataflow,ESTAT:ILC_MDDW02$DEFAULTVIEW(1.0),"Pollution, grime or other environmental problems",A,Annual,A1,One adult,TOTAL,Total,PC,Percentage,CH,Switzerland,2012,,12.2,,,,,
dataflow,ESTAT:ILC_MDDW02$DEFAULTVIEW(1.0),"Pollution, grime or other environmental problems",A,Annual,A1,One adult,TOTAL,Total,PC,Percentage,CH,Switzerland,2013,,11.2,,,,,
dataflow,ESTAT:ILC_MDDW02$DEFAULTVIEW(1.0),"Pollution, grime or other environmental problems",A,Annual,A1,One adult,TOTAL,Total,PC,Percentage,CH,Switzerland,2014,,10.9,,b,break in time series,,
dataflow,ESTAT:ILC_MDDW02$DEFAULTVIEW(1.0),"Pollution, grime or other environmental problems",A,Annual,A1,One adult,TOTAL,Total,PC,Percentage,CH,Switzerland,2015,,10.2,,,,,
dataflow,ESTAT:ILC_MDDW02$DEFAULTVIEW(1.0),"Pollution, grime or other environmental problems",A,Annual,A1,One adult,TOTAL,Total,PC,Percentage,CH,Switzerland,2016,,10.7,,,,,
dataflow,ESTAT:ILC_MDDW02$DEFAULTVIEW(1.0),"Pollution, grime or other environmental problems",A,Annual,A1,One adult,TOTAL,Total,PC,Percentage,CH,Switzerland,2017,,9.9,,,,,
dataflow,ESTAT:ILC_MDDW02$DEFAULTVIEW(1.0),"Pollution, grime or other environmental problems",A,Annual,A1,One adult,TOTAL,Total,PC,Percentage,CH,Switzerland,2018,,10.4,,,,,
dataflow,ESTAT:ILC_MDDW02$DEFAULTVIEW(1.0),"Pollution, grime or other environmental problems",A,Annual,A1,One adult,TOTAL,Total,PC,Percentage,CH,Switzerland,2019,,9.7,,,,,
dataflow,ESTAT:ILC_MDDW02$DEFAULTVIEW(1.0),"Pollution, grime or other environmental problems",A,Annual,A1,One adult,TOTAL,Total,PC,Percentage,CH,Switzerland,2020,,9.4,,,,,
dataflow,ESTAT:ILC_MDDW02$DEFAULTVIEW(1.0),"Pollution, grime or other environmental problems",A,Annual,A1,One adult,TOTAL,Total,PC,Percentage,CH,Switzerland,2023,,9.0,,,,,
dataflow,ESTAT:ILC_MDDW02$DEFAULTVIEW(1.0),"Pollution, grime or other environmental problems",A,Annual,A1,One adult,TOTAL,Total,PC,Percentage,CY,Cyprus,2012,,14.1,,,,,
dataflow,ESTAT:ILC_MDDW02$DEFAULTVIEW(1.0),"Pollution, grime or other environmental problems",A,Annual,A1,One adult,TOTAL,Total,PC,Percentage,CY,Cyprus,2013,,13.3,,,,,
dataflow,ESTAT:ILC_MDDW02$DEFAULTVIEW(1.0),"Pollution, grime or other environmental problems",A,Annual,A1,One adult,TOTAL,Total,PC,Percentage,CY,Cyprus,2014,,8.8,,,,,
dataflow,ESTAT:ILC_MDDW02$DEFAULTVIEW(1.0),"Pollution, grime or other environmental problems",A,Annual,A1,One adult,TOTAL,Total,PC,Percentage,CY,Cyprus,2015,,8.3,,,,,
dataflow,ESTAT:ILC_MDDW02$DEFAULTVIEW(1.0),"Pollution, grime or other environmental problems",A,Annual,A1,One adult,TOTAL,Total,PC,Percentage,CY,Cyprus,2016,,7.4,,,,,
dataflow,ESTAT:ILC_MDDW02$DEFAULTVIEW(1.0),"Pollution, grime or other environmental problems",A,Annual,A1,One adult,TOTAL,Total,PC,Percentage,CY,Cyprus,2017,,6.1,,,,,
dataflow,ESTAT:ILC_MDDW02$DEFAULTVIEW(1.0),"Pollution, grime or other environmental problems",A,Annual,A1,One adult,TOTAL,Total,PC,Percentage,CY,Cyprus,2018,,7.0,,,,,
dataflow,ESTAT:ILC_MDDW02$DEFAULTVIEW(1.0),"Pollution, grime or other environmental problems",A,Annual,A1,One adult,TOTAL,Total,PC,Percentage,CY,Cyprus,2019,,7.6,,,,,
dataflow,ESTAT:ILC_MDDW02$DEFAULTVIEW(1.0),"Pollution, grime or other environmental problems",A,Annual,A1,One adult,TOTAL,Total,PC,Percentage,CY,Cyprus,2020,,7.9,,,,,
dataflow,ESTAT:ILC_MDDW02$DEFAULTVIEW(1.0),"Pollution, grime or other environmental problems",A,Annual,A1,One adult,TOTAL,Total,PC,Percentage,CY,Cyprus,2023,,10.9,,,,,
dataflow,ESTAT:ILC_MDDW02$DEFAULTVIEW(1.0),"Pollution, grime or other environmental problems",A,Annual,A1,One adult,TOTAL,Total,PC,Percentage,CZ,Czechia,2012,,15.3,,,,,
dataflow,ESTAT:ILC_MDDW02$DEFAULTVIEW(1.0),"Pollution, grime or other environmental problems",A,Annual,A1,One adult,TOTAL,Total,PC,Percentage,CZ,Czechia,2013,,16.6,,,,,
dataflow,ESTAT:ILC_MDDW02$DEFAULTVIEW(1.0),"Pollution, grime or other environmental problems",A,Annual,A1,One adult,TOTAL,Total,PC,Percentage,CZ,Czechia,2014,,13.4,,,,,
dataflow,ESTAT:ILC_MDDW02$DEFAULTVIEW(1.0),"Pollution, grime or other environmental problems",A,Annual,A1,One adult,TOTAL,Total,PC,Percentage,CZ,Czechia,2015,,13.9,,,,,
dataflow,ESTAT:ILC_MDDW02$DEFAULTVIEW(1.0),"Pollution, grime or other environmental problems",A,Annual,A1,One adult,TOTAL,Total,PC,Percentage,CZ,Czechia,2016,,13.7,,,,,
dataflow,ESTAT:ILC_MDDW02$DEFAULTVIEW(1.0),"Pollution, grime or other environmental problems",A,Annual,A1,One adult,TOTAL,Total,PC,Percentage,CZ,Czechia,2017,,12.1,,,,,
dataflow,ESTAT:ILC_MDDW02$DEFAULTVIEW(1.0),"Pollution, grime or other environmental problems",A,Annual,A1,One adult,TOTAL,Total,PC,Percentage,CZ,Czechia,2018,,12.3,,,,,
dataflow,ESTAT:ILC_MDDW02$DEFAULTVIEW(1.0),"Pollution, grime or other environmental problems",A,Annual,A1,One adult,TOTAL,Total,PC,Percentage,CZ,Czechia,2019,,10.9,,,,,
dataflow,ESTAT:ILC_MDDW02$DEFAULTVIEW(1.0),"Pollution, grime or other environmental problems",A,Annual,A1,One adult,TOTAL,Total,PC,Percentage,CZ,Czechia,2020,,9.1,,,,,
dataflow,ESTAT:ILC_MDDW02$DEFAULTVIEW(1.0),"Pollution, grime or other environmental problems",A,Annual,A1,One adult,TOTAL,Total,PC,Percentage,CZ,Czechia,2023,,7.9,,,,,
dataflow,ESTAT:ILC_MDDW02$DEFAULTVIEW(1.0),"Pollution, grime or other environmental problems",A,Annual,A1,One adult,TOTAL,Total,PC,Percentage,DE,Germany,2012,,26.3,,,,,
dataflow,ESTAT:ILC_MDDW02$DEFAULTVIEW(1.0),"Pollution, grime or other environmental problems",A,Annual,A1,One adult,TOTAL,Total,PC,Percentage,DE,Germany,2013,,26.8,,,,,
dataflow,ESTAT:ILC_MDDW02$DEFAULTVIEW(1.0),"Pollution, grime or other environmental problems",A,Annual,A1,One adult,TOTAL,Total,PC,Percentage,DE,Germany,2014,,25.5,,,,,
dataflow,ESTAT:ILC_MDDW02$DEFAULTVIEW(1.0),"Pollution, grime or other environmental problems",A,Annual,A1,One adult,TOTAL,Total,PC,Percentage,DE,Germany,2015,,26.3,,,,,
dataflow,ESTAT:ILC_MDDW02$DEFAULTVIEW(1.0),"Pollution, grime or other environmental problems",A,Annual,A1,One adult,TOTAL,Total,PC,Percentage,DE,Germany,2016,,26.9,,,,,
dataflow,ESTAT:ILC_MDDW02$DEFAULTVIEW(1.0),"Pollution, grime or other environmental problems",A,Annual,A1,One adult,TOTAL,Total,PC,Percentage,DE,Germany,2017,,29.2,,,,,
dataflow,ESTAT:ILC_MDDW02$DEFAULTVIEW(1.0),"Pollution, grime or other environmental problems",A,Annual,A1,One adult,TOTAL,Total,PC,Percentage,DE,Germany,2018,,30.1,,,,,
dataflow,ESTAT:ILC_MDDW02$DEFAULTVIEW(1.0),"Pollution, grime or other environmental problems",A,Annual,A1,One adult,TOTAL,Total,PC,Percentage,DE,Germany,2019,,28.6,,,,,
dataflow,ESTAT:ILC_MDDW02$DEFAULTVIEW(1.0),"Pollution, grime or other environmental problems",A,Annual,A1,One adult,TOTAL,Total,PC,Percentage,DE,Germany,2020,,14.4,,bu,"break in time series, low reliability",,
dataflow,ESTAT:ILC_MDDW02$DEFAULTVIEW(1.0),"Pollution, grime or other environmental problems",A,Annual,A1,One adult,TOTAL,Total,PC,Percentage,DE,Germany,2023,,17.7,,u,low reliability,,
dataflow,ESTAT:ILC_MDDW02$DEFAULTVIEW(1.0),"Pollution, grime or other environmental problems",A,Annual,A1,One adult,TOTAL,Total,PC,Percentage,DK,Denmark,2012,,7.3,,,,,
dataflow,ESTAT:ILC_MDDW02$DEFAULTVIEW(1.0),"Pollution, grime or other environmental problems",A,Annual,A1,One adult,TOTAL,Total,PC,Percentage,DK,Denmark,2013,,6.0,,,,,
dataflow,ESTAT:ILC_MDDW02$DEFAULTVIEW(1.0),"Pollution, grime or other environmental problems",A,Annual,A1,One adult,TOTAL,Total,PC,Percentage,DK,Denmark,2014,,9.3,,,,,
dataflow,ESTAT:ILC_MDDW02$DEFAULTVIEW(1.0),"Pollution, grime or other environmental problems",A,Annual,A1,One adult,TOTAL,Total,PC,Percentage,DK,Denmark,2015,,7.9,,,,,
dataflow,ESTAT:ILC_MDDW02$DEFAULTVIEW(1.0),"Pollution, grime or other environmental problems",A,Annual,A1,One adult,TOTAL,Total,PC,Percentage,DK,Denmark,2016,,8.5,,,,,
dataflow,ESTAT:ILC_MDDW02$DEFAULTVIEW(1.0),"Pollution, grime or other environmental problems",A,Annual,A1,One adult,TOTAL,Total,PC,Percentage,DK,Denmark,2017,,10.4,,,,,
dataflow,ESTAT:ILC_MDDW02$DEFAULTVIEW(1.0),"Pollution, grime or other environmental problems",A,Annual,A1,One adult,TOTAL,Total,PC,Percentage,DK,Denmark,2018,,10.6,,,,,
dataflow,ESTAT:ILC_MDDW02$DEFAULTVIEW(1.0),"Pollution, grime or other environmental problems",A,Annual,A1,One adult,TOTAL,Total,PC,Percentage,DK,Denmark,2019,,9.2,,,,,
dataflow,ESTAT:ILC_MDDW02$DEFAULTVIEW(1.0),"Pollution, grime or other environmental problems",A,Annual,A1,One adult,TOTAL,Total,PC,Percentage,DK,Denmark,2020,,12.2,,,,,
dataflow,ESTAT:ILC_MDDW02$DEFAULTVIEW(1.0),"Pollution, grime or other environmental problems",A,Annual,A1,One adult,TOTAL,Total,PC,Percentage,DK,Denmark,2023,,9.5,,,,,
dataflow,ESTAT:ILC_MDDW02$DEFAULTVIEW(1.0),"Pollution, grime or other environmental problems",A,Annual,A1,One adult,TOTAL,Total,PC,Percentage,EA,"Euro area (EA11-1999, EA12-2001, EA13-2007, EA15-2008, EA16-2009, EA17-2011, EA18-2014, EA19-2015, EA20-2023, EA21-2026)",2012,,17.5,,e,estimated,,
dataflow,ESTAT:ILC_MDDW02$DEFAULTVIEW(1.0),"Pollution, grime or other environmental problems",A,Annual,A1,One adult,TOTAL,Total,PC,Percentage,EA,"Euro area (EA11-1999, EA12-2001, EA13-2007, EA15-2008, EA16-2009, EA17-2011, EA18-2014, EA19-2015, EA20-2023, EA21-2026)",2013,,17.8,,e,estimated,,
dataflow,ESTAT:ILC_MDDW02$DEFAULTVIEW(1.0),"Pollution, grime or other environmental problems",A,Annual,A1,One adult,TOTAL,Total,PC,Percentage,EA,"Euro area (EA11-1999, EA12-2001, EA13-2007, EA15-2008, EA16-2009, EA17-2011, EA18-2014, EA19-2015, EA20-2023, EA21-2026)",2014,,17.7,,e,estimated,,
dataflow,ESTAT:ILC_MDDW02$DEFAULTVIEW(1.0),"Pollution, grime or other environmental problems",A,Annual,A1,One adult,TOTAL,Total,PC,Percentage,EA,"Euro area (EA11-1999, EA12-2001, EA13-2007, EA15-2008, EA16-2009, EA17-2011, EA18-2014, EA19-2015, EA20-2023, EA21-2026)",2015,,17.9,,e,estimated,,
dataflow,ESTAT:ILC_MDDW02$DEFAULTVIEW(1.0),"Pollution, grime or other environmental problems",A,Annual,A1,One adult,TOTAL,Total,PC,Percentage,EA,"Euro area (EA11-1999, EA12-2001, EA13-2007, EA15-2008, EA16-2009, EA17-2011, EA18-2014, EA19-2015, EA20-2023, EA21-2026)",2016,,17.6,,e,estimated,,
dataflow,ESTAT:ILC_MDDW02$DEFAULTVIEW(1.0),"Pollution, grime or other environmental problems",A,Annual,A1,One adult,TOTAL,Total,PC,Percentage,EA,"Euro area (EA11-1999, EA12-2001, EA13-2007, EA15-2008, EA16-2009, EA17-2011, EA18-2014, EA19-2015, EA20-2023, EA21-2026)",2017,,17.8,,e,estimated,,
dataflow,ESTAT:ILC_MDDW02$DEFAULTVIEW(1.0),"Pollution, grime or other environmental problems",A,Annual,A1,One adult,TOTAL,Total,PC,Percentage,EA,"Euro area (EA11-1999, EA12-2001, EA13-2007, EA15-2008, EA16-2009, EA17-2011, EA18-2014, EA19-2015, EA20-2023, EA21-2026)",2018,,18.4,,e,estimated,,
dataflow,ESTAT:ILC_MDDW02$DEFAULTVIEW(1.0),"Pollution, grime or other environmental problems",A,Annual,A1,One adult,TOTAL,Total,PC,Percentage,EA,"Euro area (EA11-1999, EA12-2001, EA13-2007, EA15-2008, EA16-2009, EA17-2011, EA18-2014, EA19-2015, EA20-2023, EA21-2026)",2019,,17.9,,,,,
dataflow,ESTAT:ILC_MDDW02$DEFAULTVIEW(1.0),"Pollution, grime or other environmental problems",A,Annual,A1,One adult,TOTAL,Total,PC,Percentage,EA,"Euro area (EA11-1999, EA12-2001, EA13-2007, EA15-2008, EA16-2009, EA17-2011, EA18-2014, EA19-2015, EA20-2023, EA21-2026)",2020,,15.2,,,,,
dataflow,ESTAT:ILC_MDDW02$DEFAULTVIEW(1.0),"Pollution, grime or other environmental problems",A,Annual,A1,One adult,TOTAL,Total,PC,Percentage,EA18,Euro area - 18 countries (2014),2012,,17.5,,,,,
dataflow,ESTAT:ILC_MDDW02$DEFAULTVIEW(1.0),"Pollution, grime or other environmental problems",A,Annual,A1,One adult,TOTAL,Total,PC,Percentage,EA18,Euro area - 18 countries (2014),2013,,17.8,,,,,
dataflow,ESTAT:ILC_MDDW02$DEFAULTVIEW(1.0),"Pollution, grime or other environmental problems",A,Annual,A1,One adult,TOTAL,Total,PC,Percentage,EA18,Euro area - 18 countries (2014),2014,,17.7,,,,,
dataflow,ESTAT:ILC_MDDW02$DEFAULTVIEW(1.0),"Pollution, grime or other environmental problems",A,Annual,A1,One adult,TOTAL,Total,PC,Percentage,EA18,Euro area - 18 countries (2014),2015,,17.9,,,,,
dataflow,ESTAT:ILC_MDDW02$DEFAULTVIEW(1.0),"Pollution, grime or other environmental problems",A,Annual,A1,One adult,TOTAL,Total,PC,Percentage,EA18,Euro area - 18 countries (2014),2016,,17.7,,,,,
dataflow,ESTAT:ILC_MDDW02$DEFAULTVIEW(1.0),"Pollution, grime or other environmental problems",A,Annual,A1,One adult,TOTAL,Total,PC,Percentage,EA18,Euro area - 18 countries (2014),2017,,17.9,,,,,
dataflow,ESTAT:ILC_MDDW02$DEFAULTVIEW(1.0),"Pollution, grime or other environmental problems",A,Annual,A1,One adult,TOTAL,Total,PC,Percentage,EA18,Euro area - 18 countries (2014),2018,,18.5,,,,,
dataflow,ESTAT:ILC_MDDW02$DEFAULTVIEW(1.0),"Pollution, grime or other environmental problems",A,Annual,A1,One adult,TOTAL,Total,PC,Percentage,EA18,Euro area - 18 countries (2014),2019,,18.0,,,,,
dataflow,ESTAT:ILC_MDDW02$DEFAULTVIEW(1.0),"Pollution, grime or other environmental problems",A,Annual,A1,One adult,TOTAL,Total,PC,Percentage,EA18,Euro area - 18 countries (2014),2020,,15.2,,,,,
dataflow,ESTAT:ILC_MDDW02$DEFAULTVIEW(1.0),"Pollution, grime or other environmental problems",A,Annual,A1,One adult,TOTAL,Total,PC,Percentage,EA19,Euro area - 19 countries  (2015-2022),2012,,17.5,,,,,
dataflow,ESTAT:ILC_MDDW02$DEFAULTVIEW(1.0),"Pollution, grime or other environmental problems",A,Annual,A1,One adult,TOTAL,Total,PC,Percentage,EA19,Euro area - 19 countries  (2015-2022),2013,,17.8,,,,,
dataflow,ESTAT:ILC_MDDW02$DEFAULTVIEW(1.0),"Pollution, grime or other environmental problems",A,Annual,A1,One adult,TOTAL,Total,PC,Percentage,EA19,Euro area - 19 countries  (2015-2022),2014,,17.7,,,,,
dataflow,ESTAT:ILC_MDDW02$DEFAULTVIEW(1.0),"Pollution, grime or other environmental problems",A,Annual,A1,One adult,TOTAL,Total,PC,Percentage,EA19,Euro area - 19 countries  (2015-2022),2015,,17.9,,,,,
dataflow,ESTAT:ILC_MDDW02$DEFAULTVIEW(1.0),"Pollution, grime or other environmental problems",A,Annual,A1,One adult,TOTAL,Total,PC,Percentage,EA19,Euro area - 19 countries  (2015-2022),2016,,17.6,,,,,
dataflow,ESTAT:ILC_MDDW02$DEFAULTVIEW(1.0),"Pollution, grime or other environmental problems",A,Annual,A1,One adult,TOTAL,Total,PC,Percentage,EA19,Euro area - 19 countries  (2015-2022),2017,,17.8,,,,,
dataflow,ESTAT:ILC_MDDW02$DEFAULTVIEW(1.0),"Pollution, grime or other environmental problems",A,Annual,A1,One adult,TOTAL,Total,PC,Percentage,EA19,Euro area - 19 countries  (2015-2022),2018,,18.4,,,,,
dataflow,ESTAT:ILC_MDDW02$DEFAULTVIEW(1.0),"Pollution, grime or other environmental problems",A,Annual,A1,One adult,TOTAL,Total,PC,Percentage,EA19,Euro area - 19 countries  (2015-2022),2019,,17.9,,,,,
dataflow,ESTAT:ILC_MDDW02$DEFAULTVIEW(1.0),"Pollution, grime or other environmental problems",A,Annual,A1,One adult,TOTAL,Total,PC,Percentage,EA19,Euro area - 19 countries  (2015-2022),2020,,15.2,,,,,
dataflow,ESTAT:ILC_MDDW02$DEFAULTVIEW(1.0),"Pollution, grime or other environmental problems",A,Annual,A1,One adult,TOTAL,Total,PC,Percentage,EA20,Euro area – 20 countries (2023-2025),2023,,14.3,,,,,
dataflow,ESTAT:ILC_MDDW02$DEFAULTVIEW(1.0),"Pollution, grime or other environmental problems",A,Annual,A1,One adult,TOTAL,Total,PC,Percentage,EE,Estonia,2012,,9.9,,,,,
dataflow,ESTAT:ILC_MDDW02$DEFAULTVIEW(1.0),"Pollution, grime or other environmental problems",A,Annual,A1,One adult,TOTAL,Total,PC,Percentage,EE,Estonia,2013,,8.3,,,,,
dataflow,ESTAT:ILC_MDDW02$DEFAULTVIEW(1.0),"Pollution, grime or other environmental problems",A,Annual,A1,One adult,TOTAL,Total,PC,Percentage,EE,Estonia,2014,,10.2,,b,break in time series,,
dataflow,ESTAT:ILC_MDDW02$DEFAULTVIEW(1.0),"Pollution, grime or other environmental problems",A,Annual,A1,One adult,TOTAL,Total,PC,Percentage,EE,Estonia,2015,,8.0,,,,,
dataflow,ESTAT:ILC_MDDW02$DEFAULTVIEW(1.0),"Pollution, grime or other environmental problems",A,Annual,A1,One adult,TOTAL,Total,PC,Percentage,EE,Estonia,2016,,8.3,,,,,
dataflow,ESTAT:ILC_MDDW02$DEFAULTVIEW(1.0),"Pollution, grime or other environmental problems",A,Annual,A1,One adult,TOTAL,Total,PC,Percentage,EE,Estonia,2017,,8.8,,,,,
dataflow,ESTAT:ILC_MDDW02$DEFAULTVIEW(1.0),"Pollution, grime or other environmental problems",A,Annual,A1,One adult,TOTAL,Total,PC,Percentage,EE,Estonia,2018,,8.4,,,,,
dataflow,ESTAT:ILC_MDDW02$DEFAULTVIEW(1.0),"Pollution, grime or other environmental problems",A,Annual,A1,One adult,TOTAL,Total,PC,Percentage,EE,Estonia,2019,,9.3,,,,,
dataflow,ESTAT:ILC_MDDW02$DEFAULTVIEW(1.0),"Pollution, grime or other environmental problems",A,Annual,A1,One adult,TOTAL,Total,PC,Percentage,EE,Estonia,2020,,8.5,,,,,
dataflow,ESTAT:ILC_MDDW02$DEFAULTVIEW(1.0),"Pollution, grime or other environmental problems",A,Annual,A1,One adult,TOTAL,Total,PC,Percentage,EE,Estonia,2023,,8.1,,,,,
dataflow,ESTAT:ILC_MDDW02$DEFAULTVIEW(1.0),"Pollution, grime or other environmental problems",A,Annual,A1,One adult,TOTAL,Total,PC,Percentage,EL,Greece,2012,,28.3,,,,,
dataflow,ESTAT:ILC_MDDW02$DEFAULTVIEW(1.0),"Pollution, grime or other environmental problems",A,Annual,A1,One adult,TOTAL,Total,PC,Percentage,EL,Greece,2013,,27.3,,,,,
dataflow,ESTAT:ILC_MDDW02$DEFAULTVIEW(1.0),"Pollution, grime or other environmental problems",A,Annual,A1,One adult,TOTAL,Total,PC,Percentage,EL,Greece,2014,,23.2,,,,,
dataflow,ESTAT:ILC_MDDW02$DEFAULTVIEW(1.0),"Pollution, grime or other environmental problems",A,Annual,A1,One adult,TOTAL,Total,PC,Percentage,EL,Greece,2015,,20.8,,,,,
dataflow,ESTAT:ILC_MDDW02$DEFAULTVIEW(1.0),"Pollution, grime or other environmental problems",A,Annual,A1,One adult,TOTAL,Total,PC,Percentage,EL,Greece,2016,,20.9,,,,,
dataflow,ESTAT:ILC_MDDW02$DEFAULTVIEW(1.0),"Pollution, grime or other environmental problems",A,Annual,A1,One adult,TOTAL,Total,PC,Percentage,EL,Greece,2017,,21.4,,,,,
dataflow,ESTAT:ILC_MDDW02$DEFAULTVIEW(1.0),"Pollution, grime or other environmental problems",A,Annual,A1,One adult,TOTAL,Total,PC,Percentage,EL,Greece,2018,,21.6,,,,,
dataflow,ESTAT:ILC_MDDW02$DEFAULTVIEW(1.0),"Pollution, grime or other environmental problems",A,Annual,A1,One adult,TOTAL,Total,PC,Percentage,EL,Greece,2019,,21.4,,,,,
dataflow,ESTAT:ILC_MDDW02$DEFAULTVIEW(1.0),"Pollution, grime or other environmental problems",A,Annual,A1,One adult,TOTAL,Total,PC,Percentage,EL,Greece,2020,,21.7,,,,,
dataflow,ESTAT:ILC_MDDW02$DEFAULTVIEW(1.0),"Pollution, grime or other environmental problems",A,Annual,A1,One adult,TOTAL,Total,PC,Percentage,EL,Greece,2023,,21.2,,,,,
dataflow,ESTAT:ILC_MDDW02$DEFAULTVIEW(1.0),"Pollution, grime or other environmental problems",A,Annual,A1,One adult,TOTAL,Total,PC,Percentage,ES,Spain,2012,,7.7,,,,,
dataflow,ESTAT:ILC_MDDW02$DEFAULTVIEW(1.0),"Pollution, grime or other environmental problems",A,Annual,A1,One adult,TOTAL,Total,PC,Percentage,ES,Spain,2013,,9.4,,,,,
dataflow,ESTAT:ILC_MDDW02$DEFAULTVIEW(1.0),"Pollution, grime or other environmental problems",A,Annual,A1,One adult,TOTAL,Total,PC,Percentage,ES,Spain,2014,,9.5,,,,,
dataflow,ESTAT:ILC_MDDW02$DEFAULTVIEW(1.0),"Pollution, grime or other environmental problems",A,Annual,A1,One adult,TOTAL,Total,PC,Percentage,ES,Spain,2015,,8.3,,,,,
dataflow,ESTAT:ILC_MDDW02$DEFAULTVIEW(1.0),"Pollution, grime or other environmental problems",A,Annual,A1,One adult,TOTAL,Total,PC,Percentage,ES,Spain,2016,,8.7,,,,,
dataflow,ESTAT:ILC_MDDW02$DEFAULTVIEW(1.0),"Pollution, grime or other environmental problems",A,Annual,A1,One adult,TOTAL,Total,PC,Percentage,ES,Spain,2017,,7.8,,,,,
dataflow,ESTAT:ILC_MDDW02$DEFAULTVIEW(1.0),"Pollution, grime or other environmental problems",A,Annual,A1,One adult,TOTAL,Total,PC,Percentage,ES,Spain,2018,,8.6,,,,,
dataflow,ESTAT:ILC_MDDW02$DEFAULTVIEW(1.0),"Pollution, grime or other environmental problems",A,Annual,A1,One adult,TOTAL,Total,PC,Percentage,ES,Spain,2019,,9.0,,,,,
dataflow,ESTAT:ILC_MDDW02$DEFAULTVIEW(1.0),"Pollution, grime or other environmental problems",A,Annual,A1,One adult,TOTAL,Total,PC,Percentage,ES,Spain,2020,,12.4,,,,,
dataflow,ESTAT:ILC_MDDW02$DEFAULTVIEW(1.0),"Pollution, grime or other environmental problems",A,Annual,A1,One adult,TOTAL,Total,PC,Percentage,ES,Spain,2023,,10.9,,,,,
dataflow,ESTAT:ILC_MDDW02$DEFAULTVIEW(1.0),"Pollution, grime or other environmental problems",A,Annual,A1,One adult,TOTAL,Total,PC,Percentage,EU,"European Union (EU6-1958, EU9-1973, EU10-1981, EU12-1986, EU15-1995, EU25-2004, EU27-2007, EU28-2013, EU27-2020)",2012,,15.5,,,,,
dataflow,ESTAT:ILC_MDDW02$DEFAULTVIEW(1.0),"Pollution, grime or other environmental problems",A,Annual,A1,One adult,TOTAL,Total,PC,Percentage,EU,"European Union (EU6-1958, EU9-1973, EU10-1981, EU12-1986, EU15-1995, EU25-2004, EU27-2007, EU28-2013, EU27-2020)",2013,,15.7,,,,,
dataflow,ESTAT:ILC_MDDW02$DEFAULTVIEW(1.0),"Pollution, grime or other environmental problems",A,Annual,A1,One adult,TOTAL,Total,PC,Percentage,EU,"European Union (EU6-1958, EU9-1973, EU10-1981, EU12-1986, EU15-1995, EU25-2004, EU27-2007, EU28-2013, EU27-2020)",2014,,15.6,,,,,
dataflow,ESTAT:ILC_MDDW02$DEFAULTVIEW(1.0),"Pollution, grime or other environmental problems",A,Annual,A1,One adult,TOTAL,Total,PC,Percentage,EU,"European Union (EU6-1958, EU9-1973, EU10-1981, EU12-1986, EU15-1995, EU25-2004, EU27-2007, EU28-2013, EU27-2020)",2015,,15.7,,,,,
dataflow,ESTAT:ILC_MDDW02$DEFAULTVIEW(1.0),"Pollution, grime or other environmental problems",A,Annual,A1,One adult,TOTAL,Total,PC,Percentage,EU,"European Union (EU6-1958, EU9-1973, EU10-1981, EU12-1986, EU15-1995, EU25-2004, EU27-2007, EU28-2013, EU27-2020)",2016,,15.6,,,,,
dataflow,ESTAT:ILC_MDDW02$DEFAULTVIEW(1.0),"Pollution, grime or other environmental problems",A,Annual,A1,One adult,TOTAL,Total,PC,Percentage,EU,"European Union (EU6-1958, EU9-1973, EU10-1981, EU12-1986, EU15-1995, EU25-2004, EU27-2007, EU28-2013, EU27-2020)",2017,,16.5,,e,estimated,,
dataflow,ESTAT:ILC_MDDW02$DEFAULTVIEW(1.0),"Pollution, grime or other environmental problems",A,Annual,A1,One adult,TOTAL,Total,PC,Percentage,EU,"European Union (EU6-1958, EU9-1973, EU10-1981, EU12-1986, EU15-1995, EU25-2004, EU27-2007, EU28-2013, EU27-2020)",2018,,16.9,,e,estimated,,
dataflow,ESTAT:ILC_MDDW02$DEFAULTVIEW(1.0),"Pollution, grime or other environmental problems",A,Annual,A1,One adult,TOTAL,Total,PC,Percentage,EU,"European Union (EU6-1958, EU9-1973, EU10-1981, EU12-1986, EU15-1995, EU25-2004, EU27-2007, EU28-2013, EU27-2020)",2019,,16.4,,e,estimated,,
dataflow,ESTAT:ILC_MDDW02$DEFAULTVIEW(1.0),"Pollution, grime or other environmental problems",A,Annual,A1,One adult,TOTAL,Total,PC,Percentage,EU27_2007,European Union - 27 countries (2007-2013),2012,,15.6,,,,,
dataflow,ESTAT:ILC_MDDW02$DEFAULTVIEW(1.0),"Pollution, grime or other environmental problems",A,Annual,A1,One adult,TOTAL,Total,PC,Percentage,EU27_2007,European Union - 27 countries (2007-2013),2013,,15.7,,,,,
dataflow,ESTAT:ILC_MDDW02$DEFAULTVIEW(1.0),"Pollution, grime or other environmental problems",A,Annual,A1,One adult,TOTAL,Total,PC,Percentage,EU27_2007,European Union - 27 countries (2007-2013),2014,,15.7,,,,,
dataflow,ESTAT:ILC_MDDW02$DEFAULTVIEW(1.0),"Pollution, grime or other environmental problems",A,Annual,A1,One adult,TOTAL,Total,PC,Percentage,EU27_2007,European Union - 27 countries (2007-2013),2015,,15.7,,,,,
dataflow,ESTAT:ILC_MDDW02$DEFAULTVIEW(1.0),"Pollution, grime or other environmental problems",A,Annual,A1,One adult,TOTAL,Total,PC,Percentage,EU27_2007,European Union - 27 countries (2007-2013),2016,,15.6,,,,,
dataflow,ESTAT:ILC_MDDW02$DEFAULTVIEW(1.0),"Pollution, grime or other environmental problems",A,Annual,A1,One adult,TOTAL,Total,PC,Percentage,EU27_2007,European Union - 27 countries (2007-2013),2017,,16.6,,e,estimated,,
dataflow,ESTAT:ILC_MDDW02$DEFAULTVIEW(1.0),"Pollution, grime or other environmental problems",A,Annual,A1,One adult,TOTAL,Total,PC,Percentage,EU27_2007,European Union - 27 countries (2007-2013),2018,,16.9,,e,estimated,,
dataflow,ESTAT:ILC_MDDW02$DEFAULTVIEW(1.0),"Pollution, grime or other environmental problems",A,Annual,A1,One adult,TOTAL,Total,PC,Percentage,EU27_2007,European Union - 27 countries (2007-2013),2019,,16.4,,e,estimated,,
dataflow,ESTAT:ILC_MDDW02$DEFAULTVIEW(1.0),"Pollution, grime or other environmental problems",A,Annual,A1,One adult,TOTAL,Total,PC,Percentage,EU27_2020,European Union - 27 countries (from 2020),2012,,16.5,,e,estimated,,
dataflow,ESTAT:ILC_MDDW02$DEFAULTVIEW(1.0),"Pollution, grime or other environmental problems",A,Annual,A1,One adult,TOTAL,Total,PC,Percentage,EU27_2020,European Union - 27 countries (from 2020),2013,,16.7,,e,estimated,,
dataflow,ESTAT:ILC_MDDW02$DEFAULTVIEW(1.0),"Pollution, grime or other environmental problems",A,Annual,A1,One adult,TOTAL,Total,PC,Percentage,EU27_2020,European Union - 27 countries (from 2020),2014,,16.7,,e,estimated,,
dataflow,ESTAT:ILC_MDDW02$DEFAULTVIEW(1.0),"Pollution, grime or other environmental problems",A,Annual,A1,One adult,TOTAL,Total,PC,Percentage,EU27_2020,European Union - 27 countries (from 2020),2015,,16.6,,e,estimated,,
dataflow,ESTAT:ILC_MDDW02$DEFAULTVIEW(1.0),"Pollution, grime or other environmental problems",A,Annual,A1,One adult,TOTAL,Total,PC,Percentage,EU27_2020,European Union - 27 countries (from 2020),2016,,16.2,,e,estimated,,
dataflow,ESTAT:ILC_MDDW02$DEFAULTVIEW(1.0),"Pollution, grime or other environmental problems",A,Annual,A1,One adult,TOTAL,Total,PC,Percentage,EU27_2020,European Union - 27 countries (from 2020),2017,,16.7,,e,estimated,,
dataflow,ESTAT:ILC_MDDW02$DEFAULTVIEW(1.0),"Pollution, grime or other environmental problems",A,Annual,A1,One adult,TOTAL,Total,PC,Percentage,EU27_2020,European Union - 27 countries (from 2020),2018,,17.2,,e,estimated,,
dataflow,ESTAT:ILC_MDDW02$DEFAULTVIEW(1.0),"Pollution, grime or other environmental problems",A,Annual,A1,One adult,TOTAL,Total,PC,Percentage,EU27_2020,European Union - 27 countries (from 2020),2019,,16.6,,e,estimated,,
dataflow,ESTAT:ILC_MDDW02$DEFAULTVIEW(1.0),"Pollution, grime or other environmental problems",A,Annual,A1,One adult,TOTAL,Total,PC,Percentage,EU27_2020,European Union - 27 countries (from 2020),2020,,14.2,,e,estimated,,
dataflow,ESTAT:ILC_MDDW02$DEFAULTVIEW(1.0),"Pollution, grime or other environmental problems",A,Annual,A1,One adult,TOTAL,Total,PC,Percentage,EU27_2020,European Union - 27 countries (from 2020),2023,,13.2,,,,,
dataflow,ESTAT:ILC_MDDW02$DEFAULTVIEW(1.0),"Pollution, grime or other environmental problems",A,Annual,A1,One adult,TOTAL,Total,PC,Percentage,EU28,European Union - 28 countries (2013-2020),2012,,15.5,,,,,
dataflow,ESTAT:ILC_MDDW02$DEFAULTVIEW(1.0),"Pollution, grime or other environmental problems",A,Annual,A1,One adult,TOTAL,Total,PC,Percentage,EU28,European Union - 28 countries (2013-2020),2013,,15.7,,,,,
dataflow,ESTAT:ILC_MDDW02$DEFAULTVIEW(1.0),"Pollution, grime or other environmental problems",A,Annual,A1,One adult,TOTAL,Total,PC,Percentage,EU28,European Union - 28 countries (2013-2020),2014,,15.6,,,,,
dataflow,ESTAT:ILC_MDDW02$DEFAULTVIEW(1.0),"Pollution, grime or other environmental problems",A,Annual,A1,One adult,TOTAL,Total,PC,Percentage,EU28,European Union - 28 countries (2013-2020),2015,,15.7,,,,,
dataflow,ESTAT:ILC_MDDW02$DEFAULTVIEW(1.0),"Pollution, grime or other environmental problems",A,Annual,A1,One adult,TOTAL,Total,PC,Percentage,EU28,European Union - 28 countries (2013-2020),2016,,15.6,,,,,
dataflow,ESTAT:ILC_MDDW02$DEFAULTVIEW(1.0),"Pollution, grime or other environmental problems",A,Annual,A1,One adult,TOTAL,Total,PC,Percentage,EU28,European Union - 28 countries (2013-2020),2017,,16.5,,e,estimated,,
dataflow,ESTAT:ILC_MDDW02$DEFAULTVIEW(1.0),"Pollution, grime or other environmental problems",A,Annual,A1,One adult,TOTAL,Total,PC,Percentage,EU28,European Union - 28 countries (2013-2020),2018,,16.9,,e,estimated,,
dataflow,ESTAT:ILC_MDDW02$DEFAULTVIEW(1.0),"Pollution, grime or other environmental problems",A,Annual,A1,One adult,TOTAL,Total,PC,Percentage,EU28,European Union - 28 countries (2013-2020),2019,,16.4,,e,estimated,,
dataflow,ESTAT:ILC_MDDW02$DEFAULTVIEW(1.0),"Pollution, grime or other environmental problems",A,Annual,A1,One adult,TOTAL,Total,PC,Percentage,FI,Finland,2012,,9.9,,,,,
dataflow,ESTAT:ILC_MDDW02$DEFAULTVIEW(1.0),"Pollution, grime or other environmental problems",A,Annual,A1,One adult,TOTAL,Total,PC,Percentage,FI,Finland,2013,,9.4,,,,,
dataflow,ESTAT:ILC_MDDW02$DEFAULTVIEW(1.0),"Pollution, grime or other environmental problems",A,Annual,A1,One adult,TOTAL,Total,PC,Percentage,FI,Finland,2014,,10.1,,,,,
dataflow,ESTAT:ILC_MDDW02$DEFAULTVIEW(1.0),"Pollution, grime or other environmental problems",A,Annual,A1,One adult,TOTAL,Total,PC,Percentage,FI,Finland,2015,,9.4,,,,,
dataflow,ESTAT:ILC_MDDW02$DEFAULTVIEW(1.0),"Pollution, grime or other environmental problems",A,Annual,A1,One adult,TOTAL,Total,PC,Percentage,FI,Finland,2016,,8.4,,,,,
dataflow,ESTAT:ILC_MDDW02$DEFAULTVIEW(1.0),"Pollution, grime or other environmental problems",A,Annual,A1,One adult,TOTAL,Total,PC,Percentage,FI,Finland,2017,,8.3,,,,,
dataflow,ESTAT:ILC_MDDW02$DEFAULTVIEW(1.0),"Pollution, grime or other environmental problems",A,Annual,A1,One adult,TOTAL,Total,PC,Percentage,FI,Finland,2018,,8.8,,,,,
dataflow,ESTAT:ILC_MDDW02$DEFAULTVIEW(1.0),"Pollution, grime or other environmental problems",A,Annual,A1,One adult,TOTAL,Total,PC,Percentage,FI,Finland,2019,,10.1,,,,,
dataflow,ESTAT:ILC_MDDW02$DEFAULTVIEW(1.0),"Pollution, grime or other environmental problems",A,Annual,A1,One adult,TOTAL,Total,PC,Percentage,FI,Finland,2020,,11.4,,,,,
dataflow,ESTAT:ILC_MDDW02$DEFAULTVIEW(1.0),"Pollution, grime or other environmental problems",A,Annual,A1,One adult,TOTAL,Total,PC,Percentage,FI,Finland,2023,,10.6,,,,,
dataflow,ESTAT:ILC_MDDW02$DEFAULTVIEW(1.0),"Pollution, grime or other environmental problems",A,Annual,A1,One adult,TOTAL,Total,PC,Percentage,FR,France,2012,,10.5,,,,,
dataflow,ESTAT:ILC_MDDW02$DEFAULTVIEW(1.0),"Pollution, grime or other environmental problems",A,Annual,A1,One adult,TOTAL,Total,PC,Percentage,FR,France,2013,,11.2,,,,,
dataflow,ESTAT:ILC_MDDW02$DEFAULTVIEW(1.0),"Pollution, grime or other environmental problems",A,Annual,A1,One adult,TOTAL,Total,PC,Percentage,FR,France,2014,,12.2,,,,,
dataflow,ESTAT:ILC_MDDW02$DEFAULTVIEW(1.0),"Pollution, grime or other environmental problems",A,Annual,A1,One adult,TOTAL,Total,PC,Percentage,FR,France,2015,,14.0,,,,,
dataflow,ESTAT:ILC_MDDW02$DEFAULTVIEW(1.0),"Pollution, grime or other environmental problems",A,Annual,A1,One adult,TOTAL,Total,PC,Percentage,FR,France,2016,,13.9,,,,,
dataflow,ESTAT:ILC_MDDW02$DEFAULTVIEW(1.0),"Pollution, grime or other environmental problems",A,Annual,A1,One adult,TOTAL,Total,PC,Percentage,FR,France,2017,,13.7,,,,,
dataflow,ESTAT:ILC_MDDW02$DEFAULTVIEW(1.0),"Pollution, grime or other environmental problems",A,Annual,A1,One adult,TOTAL,Total,PC,Percentage,FR,France,2018,,14.5,,,,,
dataflow,ESTAT:ILC_MDDW02$DEFAULTVIEW(1.0),"Pollution, grime or other environmental problems",A,Annual,A1,One adult,TOTAL,Total,PC,Percentage,FR,France,2019,,15.4,,,,,
dataflow,ESTAT:ILC_MDDW02$DEFAULTVIEW(1.0),"Pollution, grime or other environmental problems",A,Annual,A1,One adult,TOTAL,Total,PC,Percentage,FR,France,2020,,19.1,,b,break in time series,,
dataflow,ESTAT:ILC_MDDW02$DEFAULTVIEW(1.0),"Pollution, grime or other environmental problems",A,Annual,A1,One adult,TOTAL,Total,PC,Percentage,FR,France,2023,,16.3,,,,,
dataflow,ESTAT:ILC_MDDW02$DEFAULTVIEW(1.0),"Pollution, grime or other environmental problems",A,Annual,A1,One adult,TOTAL,Total,PC,Percentage,HR,Croatia,2012,,5.8,,,,,
dataflow,ESTAT:ILC_MDDW02$DEFAULTVIEW(1.0),"Pollution, grime or other environmental problems",A,Annual,A1,One adult,TOTAL,Total,PC,Percentage,HR,Croatia,2013,,5.8,,,,,
dataflow,ESTAT:ILC_MDDW02$DEFAULTVIEW(1.0),"Pollution, grime or other environmental problems",A,Annual,A1,One adult,TOTAL,Total,PC,Percentage,HR,Croatia,2014,,5.9,,,,,
dataflow,ESTAT:ILC_MDDW02$DEFAULTVIEW(1.0),"Pollution, grime or other environmental problems",A,Annual,A1,One adult,TOTAL,Total,PC,Percentage,HR,Croatia,2015,,5.3,,,,,
dataflow,ESTAT:ILC_MDDW02$DEFAULTVIEW(1.0),"Pollution, grime or other environmental problems",A,Annual,A1,One adult,TOTAL,Total,PC,Percentage,HR,Croatia,2016,,5.3,,,,,
dataflow,ESTAT:ILC_MDDW02$DEFAULTVIEW(1.0),"Pollution, grime or other environmental problems",A,Annual,A1,One adult,TOTAL,Total,PC,Percentage,HR,Croatia,2017,,4.7,,,,,
dataflow,ESTAT:ILC_MDDW02$DEFAULTVIEW(1.0),"Pollution, grime or other environmental problems",A,Annual,A1,One adult,TOTAL,Total,PC,Percentage,HR,Croatia,2018,,5.7,,,,,
dataflow,ESTAT:ILC_MDDW02$DEFAULTVIEW(1.0),"Pollution, grime or other environmental problems",A,Annual,A1,One adult,TOTAL,Total,PC,Percentage,HR,Croatia,2019,,5.1,,,,,
dataflow,ESTAT:ILC_MDDW02$DEFAULTVIEW(1.0),"Pollution, grime or other environmental problems",A,Annual,A1,One adult,TOTAL,Total,PC,Percentage,HR,Croatia,2020,,4.2,,,,,
dataflow,ESTAT:ILC_MDDW02$DEFAULTVIEW(1.0),"Pollution, grime or other environmental problems",A,Annual,A1,One adult,TOTAL,Total,PC,Percentage,HR,Croatia,2023,,4.3,,,,,
dataflow,ESTAT:ILC_MDDW02$DEFAULTVIEW(1.0),"Pollution, grime or other environmental problems",A,Annual,A1,One adult,TOTAL,Total,PC,Percentage,HU,Hungary,2012,,12.7,,,,,
dataflow,ESTAT:ILC_MDDW02$DEFAULTVIEW(1.0),"Pollution, grime or other environmental problems",A,Annual,A1,One adult,TOTAL,Total,PC,Percentage,HU,Hungary,2013,,15.7,,,,,
dataflow,ESTAT:ILC_MDDW02$DEFAULTVIEW(1.0),"Pollution, grime or other environmental problems",A,Annual,A1,One adult,TOTAL,Total,PC,Percentage,HU,Hungary,2014,,16.7,,,,,
dataflow,ESTAT:ILC_MDDW02$DEFAULTVIEW(1.0),"Pollution, grime or other environmental problems",A,Annual,A1,One adult,TOTAL,Total,PC,Percentage,HU,Hungary,2015,,14.0,,,,,
dataflow,ESTAT:ILC_MDDW02$DEFAULTVIEW(1.0),"Pollution, grime or other environmental problems",A,Annual,A1,One adult,TOTAL,Total,PC,Percentage,HU,Hungary,2016,,12.5,,,,,
dataflow,ESTAT:ILC_MDDW02$DEFAULTVIEW(1.0),"Pollution, grime or other environmental problems",A,Annual,A1,One adult,TOTAL,Total,PC,Percentage,HU,Hungary,2017,,13.1,,,,,
dataflow,ESTAT:ILC_MDDW02$DEFAULTVIEW(1.0),"Pollution, grime or other environmental problems",A,Annual,A1,One adult,TOTAL,Total,PC,Percentage,HU,Hungary,2018,,9.9,,,,,
dataflow,ESTAT:ILC_MDDW02$DEFAULTVIEW(1.0),"Pollution, grime or other environmental problems",A,Annual,A1,One adult,TOTAL,Total,PC,Percentage,HU,Hungary,2019,,12.1,,b,break in time series,,
dataflow,ESTAT:ILC_MDDW02$DEFAULTVIEW(1.0),"Pollution, grime or other environmental problems",A,Annual,A1,One adult,TOTAL,Total,PC,Percentage,HU,Hungary,2020,,12.6,,,,,
dataflow,ESTAT:ILC_MDDW02$DEFAULTVIEW(1.0),"Pollution, grime or other environmental problems",A,Annual,A1,One adult,TOTAL,Total,PC,Percentage,HU,Hungary,2023,,14.8,,,,,
dataflow,ESTAT:ILC_MDDW02$DEFAULTVIEW(1.0),"Pollution, grime or other environmental problems",A,Annual,A1,One adult,TOTAL,Total,PC,Percentage,IE,Ireland,2012,,4.8,,,,,
dataflow,ESTAT:ILC_MDDW02$DEFAULTVIEW(1.0),"Pollution, grime or other environmental problems",A,Annual,A1,One adult,TOTAL,Total,PC,Percentage,IE,Ireland,2013,,4.9,,,,,
dataflow,ESTAT:ILC_MDDW02$DEFAULTVIEW(1.0),"Pollution, grime or other environmental problems",A,Annual,A1,One adult,TOTAL,Total,PC,Percentage,IE,Ireland,2014,,5.6,,,,,
dataflow,ESTAT:ILC_MDDW02$DEFAULTVIEW(1.0),"Pollution, grime or other environmental problems",A,Annual,A1,One adult,TOTAL,Total,PC,Percentage,IE,Ireland,2015,,4.0,,,,,
dataflow,ESTAT:ILC_MDDW02$DEFAULTVIEW(1.0),"Pollution, grime or other environmental problems",A,Annual,A1,One adult,TOTAL,Total,PC,Percentage,IE,Ireland,2016,,3.6,,,,,
dataflow,ESTAT:ILC_MDDW02$DEFAULTVIEW(1.0),"Pollution, grime or other environmental problems",A,Annual,A1,One adult,TOTAL,Total,PC,Percentage,IE,Ireland,2017,,5.5,,,,,
dataflow,ESTAT:ILC_MDDW02$DEFAULTVIEW(1.0),"Pollution, grime or other environmental problems",A,Annual,A1,One adult,TOTAL,Total,PC,Percentage,IE,Ireland,2018,,6.3,,,,,
dataflow,ESTAT:ILC_MDDW02$DEFAULTVIEW(1.0),"Pollution, grime or other environmental problems",A,Annual,A1,One adult,TOTAL,Total,PC,Percentage,IE,Ireland,2019,,4.9,,b,break in time series,,
dataflow,ESTAT:ILC_MDDW02$DEFAULTVIEW(1.0),"Pollution, grime or other environmental problems",A,Annual,A1,One adult,TOTAL,Total,PC,Percentage,IE,Ireland,2020,,7.0,,b,break in time series,,
dataflow,ESTAT:ILC_MDDW02$DEFAULTVIEW(1.0),"Pollution, grime or other environmental problems",A,Annual,A1,One adult,TOTAL,Total,PC,Percentage,IE,Ireland,2023,,8.3,,,,,
dataflow,ESTAT:ILC_MDDW02$DEFAULTVIEW(1.0),"Pollution, grime or other environmental problems",A,Annual,A1,One adult,TOTAL,Total,PC,Percentage,IS,Iceland,2012,,10.1,,,,,
dataflow,ESTAT:ILC_MDDW02$DEFAULTVIEW(1.0),"Pollution, grime or other environmental problems",A,Annual,A1,One adult,TOTAL,Total,PC,Percentage,IS,Iceland,2013,,11.7,,,,,
dataflow,ESTAT:ILC_MDDW02$DEFAULTVIEW(1.0),"Pollution, grime or other environmental problems",A,Annual,A1,One adult,TOTAL,Total,PC,Percentage,IS,Iceland,2014,,11.9,,,,,
dataflow,ESTAT:ILC_MDDW02$DEFAULTVIEW(1.0),"Pollution, grime or other environmental problems",A,Annual,A1,One adult,TOTAL,Total,PC,Percentage,IS,Iceland,2015,,14.5,,,,,
dataflow,ESTAT:ILC_MDDW02$DEFAULTVIEW(1.0),"Pollution, grime or other environmental problems",A,Annual,A1,One adult,TOTAL,Total,PC,Percentage,IS,Iceland,2016,,11.2,,,,,
dataflow,ESTAT:ILC_MDDW02$DEFAULTVIEW(1.0),"Pollution, grime or other environmental problems",A,Annual,A1,One adult,TOTAL,Total,PC,Percentage,IS,Iceland,2017,,9.6,,,,,
dataflow,ESTAT:ILC_MDDW02$DEFAULTVIEW(1.0),"Pollution, grime or other environmental problems",A,Annual,A1,One adult,TOTAL,Total,PC,Percentage,IS,Iceland,2018,,8.9,,,,,
dataflow,ESTAT:ILC_MDDW02$DEFAULTVIEW(1.0),"Pollution, grime or other environmental problems",A,Annual,A1,One adult,TOTAL,Total,PC,Percentage,IS,Iceland,2019,,13.5,,,,,
dataflow,ESTAT:ILC_MDDW02$DEFAULTVIEW(1.0),"Pollution, grime or other environmental problems",A,Annual,A1,One adult,TOTAL,Total,PC,Percentage,IS,Iceland,2020,,10.9,,,,,
dataflow,ESTAT:ILC_MDDW02$DEFAULTVIEW(1.0),"Pollution, grime or other environmental problems",A,Annual,A1,One adult,TOTAL,Total,PC,Percentage,IT,Italy,2012,,16.2,,,,,
dataflow,ESTAT:ILC_MDDW02$DEFAULTVIEW(1.0),"Pollution, grime or other environmental problems",A,Annual,A1,One adult,TOTAL,Total,PC,Percentage,IT,Italy,2013,,15.1,,,,,
dataflow,ESTAT:ILC_MDDW02$DEFAULTVIEW(1.0),"Pollution, grime or other environmental problems",A,Annual,A1,One adult,TOTAL,Total,PC,Percentage,IT,Italy,2014,,17.0,,,,,
dataflow,ESTAT:ILC_MDDW02$DEFAULTVIEW(1.0),"Pollution, grime or other environmental problems",A,Annual,A1,One adult,TOTAL,Total,PC,Percentage,IT,Italy,2015,,16.8,,,,,
dataflow,ESTAT:ILC_MDDW02$DEFAULTVIEW(1.0),"Pollution, grime or other environmental problems",A,Annual,A1,One adult,TOTAL,Total,PC,Percentage,IT,Italy,2016,,14.3,,,,,
dataflow,ESTAT:ILC_MDDW02$DEFAULTVIEW(1.0),"Pollution, grime or other environmental problems",A,Annual,A1,One adult,TOTAL,Total,PC,Percentage,IT,Italy,2017,,11.0,,,,,
dataflow,ESTAT:ILC_MDDW02$DEFAULTVIEW(1.0),"Pollution, grime or other environmental problems",A,Annual,A1,One adult,TOTAL,Total,PC,Percentage,IT,Italy,2018,,10.7,,,,,
dataflow,ESTAT:ILC_MDDW02$DEFAULTVIEW(1.0),"Pollution, grime or other environmental problems",A,Annual,A1,One adult,TOTAL,Total,PC,Percentage,IT,Italy,2019,,9.6,,,,,
dataflow,ESTAT:ILC_MDDW02$DEFAULTVIEW(1.0),"Pollution, grime or other environmental problems",A,Annual,A1,One adult,TOTAL,Total,PC,Percentage,IT,Italy,2020,,14.6,,,,,
dataflow,ESTAT:ILC_MDDW02$DEFAULTVIEW(1.0),"Pollution, grime or other environmental problems",A,Annual,A1,One adult,TOTAL,Total,PC,Percentage,IT,Italy,2023,,9.9,,,,,
dataflow,ESTAT:ILC_MDDW02$DEFAULTVIEW(1.0),"Pollution, grime or other environmental problems",A,Annual,A1,One adult,TOTAL,Total,PC,Percentage,LT,Lithuania,2012,,13.2,,,,,
dataflow,ESTAT:ILC_MDDW02$DEFAULTVIEW(1.0),"Pollution, grime or other environmental problems",A,Annual,A1,One adult,TOTAL,Total,PC,Percentage,LT,Lithuania,2013,,16.0,,,,,
dataflow,ESTAT:ILC_MDDW02$DEFAULTVIEW(1.0),"Pollution, grime or other environmental problems",A,Annual,A1,One adult,TOTAL,Total,PC,Percentage,LT,Lithuania,2014,,13.7,,,,,
dataflow,ESTAT:ILC_MDDW02$DEFAULTVIEW(1.0),"Pollution, grime or other environmental problems",A,Annual,A1,One adult,TOTAL,Total,PC,Percentage,LT,Lithuania,2015,,12.7,,,,,
dataflow,ESTAT:ILC_MDDW02$DEFAULTVIEW(1.0),"Pollution, grime or other environmental problems",A,Annual,A1,One adult,TOTAL,Total,PC,Percentage,LT,Lithuania,2016,,12.1,,,,,
dataflow,ESTAT:ILC_MDDW02$DEFAULTVIEW(1.0),"Pollution, grime or other environmental problems",A,Annual,A1,One adult,TOTAL,Total,PC,Percentage,LT,Lithuania,2017,,11.3,,,,,
dataflow,ESTAT:ILC_MDDW02$DEFAULTVIEW(1.0),"Pollution, grime or other environmental problems",A,Annual,A1,One adult,TOTAL,Total,PC,Percentage,LT,Lithuania,2018,,11.3,,,,,
dataflow,ESTAT:ILC_MDDW02$DEFAULTVIEW(1.0),"Pollution, grime or other environmental problems",A,Annual,A1,One adult,TOTAL,Total,PC,Percentage,LT,Lithuania,2019,,10.6,,,,,
dataflow,ESTAT:ILC_MDDW02$DEFAULTVIEW(1.0),"Pollution, grime or other environmental problems",A,Annual,A1,One adult,TOTAL,Total,PC,Percentage,LT,Lithuania,2020,,12.9,,,,,
dataflow,ESTAT:ILC_MDDW02$DEFAULTVIEW(1.0),"Pollution, grime or other environmental problems",A,Annual,A1,One adult,TOTAL,Total,PC,Percentage,LT,Lithuania,2023,,9.3,,,,,
dataflow,ESTAT:ILC_MDDW02$DEFAULTVIEW(1.0),"Pollution, grime or other environmental problems",A,Annual,A1,One adult,TOTAL,Total,PC,Percentage,LU,Luxembourg,2012,,11.5,,,,,
dataflow,ESTAT:ILC_MDDW02$DEFAULTVIEW(1.0),"Pollution, grime or other environmental problems",A,Annual,A1,One adult,TOTAL,Total,PC,Percentage,LU,Luxembourg,2013,,12.1,,,,,
dataflow,ESTAT:ILC_MDDW02$DEFAULTVIEW(1.0),"Pollution, grime or other environmental problems",A,Annual,A1,One adult,TOTAL,Total,PC,Percentage,LU,Luxembourg,2014,,16.2,,,,,
dataflow,ESTAT:ILC_MDDW02$DEFAULTVIEW(1.0),"Pollution, grime or other environmental problems",A,Annual,A1,One adult,TOTAL,Total,PC,Percentage,LU,Luxembourg,2015,,16.8,,,,,
dataflow,ESTAT:ILC_MDDW02$DEFAULTVIEW(1.0),"Pollution, grime or other environmental problems",A,Annual,A1,One adult,TOTAL,Total,PC,Percentage,LU,Luxembourg,2016,,17.1,,b,break in time series,,
dataflow,ESTAT:ILC_MDDW02$DEFAULTVIEW(1.0),"Pollution, grime or other environmental problems",A,Annual,A1,One adult,TOTAL,Total,PC,Percentage,LU,Luxembourg,2017,,17.8,,,,,
dataflow,ESTAT:ILC_MDDW02$DEFAULTVIEW(1.0),"Pollution, grime or other environmental problems",A,Annual,A1,One adult,TOTAL,Total,PC,Percentage,LU,Luxembourg,2018,,15.7,,,,,
dataflow,ESTAT:ILC_MDDW02$DEFAULTVIEW(1.0),"Pollution, grime or other environmental problems",A,Annual,A1,One adult,TOTAL,Total,PC,Percentage,LU,Luxembourg,2019,,15.2,,,,,
dataflow,ESTAT:ILC_MDDW02$DEFAULTVIEW(1.0),"Pollution, grime or other environmental problems",A,Annual,A1,One adult,TOTAL,Total,PC,Percentage,LU,Luxembourg,2020,,14.4,,b,break in time series,,
dataflow,ESTAT:ILC_MDDW02$DEFAULTVIEW(1.0),"Pollution, grime or other environmental problems",A,Annual,A1,One adult,TOTAL,Total,PC,Percentage,LU,Luxembourg,2023,,10.7,,,,,
dataflow,ESTAT:ILC_MDDW02$DEFAULTVIEW(1.0),"Pollution, grime or other environmental problems",A,Annual,A1,One adult,TOTAL,Total,PC,Percentage,LV,Latvia,2012,,21.6,,,,,
dataflow,ESTAT:ILC_MDDW02$DEFAULTVIEW(1.0),"Pollution, grime or other environmental problems",A,Annual,A1,One adult,TOTAL,Total,PC,Percentage,LV,Latvia,2013,,18.3,,,,,
dataflow,ESTAT:ILC_MDDW02$DEFAULTVIEW(1.0),"Pollution, grime or other environmental problems",A,Annual,A1,One adult,TOTAL,Total,PC,Percentage,LV,Latvia,2014,,20.1,,,,,
dataflow,ESTAT:ILC_MDDW02$DEFAULTVIEW(1.0),"Pollution, grime or other environmental problems",A,Annual,A1,One adult,TOTAL,Total,PC,Percentage,LV,Latvia,2015,,17.5,,,,,
dataflow,ESTAT:ILC_MDDW02$DEFAULTVIEW(1.0),"Pollution, grime or other environmental problems",A,Annual,A1,One adult,TOTAL,Total,PC,Percentage,LV,Latvia,2016,,15.9,,,,,
dataflow,ESTAT:ILC_MDDW02$DEFAULTVIEW(1.0),"Pollution, grime or other environmental problems",A,Annual,A1,One adult,TOTAL,Total,PC,Percentage,LV,Latvia,2017,,16.8,,,,,
dataflow,ESTAT:ILC_MDDW02$DEFAULTVIEW(1.0),"Pollution, grime or other environmental problems",A,Annual,A1,One adult,TOTAL,Total,PC,Percentage,LV,Latvia,2018,,16.5,,,,,
dataflow,ESTAT:ILC_MDDW02$DEFAULTVIEW(1.0),"Pollution, grime or other environmental problems",A,Annual,A1,One adult,TOTAL,Total,PC,Percentage,LV,Latvia,2019,,14.6,,,,,
dataflow,ESTAT:ILC_MDDW02$DEFAULTVIEW(1.0),"Pollution, grime or other environmental problems",A,Annual,A1,One adult,TOTAL,Total,PC,Percentage,LV,Latvia,2020,,14.1,,,,,
dataflow,ESTAT:ILC_MDDW02$DEFAULTVIEW(1.0),"Pollution, grime or other environmental problems",A,Annual,A1,One adult,TOTAL,Total,PC,Percentage,LV,Latvia,2023,,14.1,,,,,
dataflow,ESTAT:ILC_MDDW02$DEFAULTVIEW(1.0),"Pollution, grime or other environmental problems",A,Annual,A1,One adult,TOTAL,Total,PC,Percentage,ME,Montenegro,2013,,16.8,,,,,
dataflow,ESTAT:ILC_MDDW02$DEFAULTVIEW(1.0),"Pollution, grime or other environmental problems",A,Annual,A1,One adult,TOTAL,Total,PC,Percentage,ME,Montenegro,2014,,21.5,,,,,
dataflow,ESTAT:ILC_MDDW02$DEFAULTVIEW(1.0),"Pollution, grime or other environmental problems",A,Annual,A1,One adult,TOTAL,Total,PC,Percentage,ME,Montenegro,2015,,19.1,,,,,
dataflow,ESTAT:ILC_MDDW02$DEFAULTVIEW(1.0),"Pollution, grime or other environmental problems",A,Annual,A1,One adult,TOTAL,Total,PC,Percentage,ME,Montenegro,2016,,15.3,,,,,
dataflow,ESTAT:ILC_MDDW02$DEFAULTVIEW(1.0),"Pollution, grime or other environmental problems",A,Annual,A1,One adult,TOTAL,Total,PC,Percentage,ME,Montenegro,2017,,9.7,,,,,
dataflow,ESTAT:ILC_MDDW02$DEFAULTVIEW(1.0),"Pollution, grime or other environmental problems",A,Annual,A1,One adult,TOTAL,Total,PC,Percentage,ME,Montenegro,2018,,14.3,,,,,
dataflow,ESTAT:ILC_MDDW02$DEFAULTVIEW(1.0),"Pollution, grime or other environmental problems",A,Annual,A1,One adult,TOTAL,Total,PC,Percentage,ME,Montenegro,2019,,13.3,,,,,
dataflow,ESTAT:ILC_MDDW02$DEFAULTVIEW(1.0),"Pollution, grime or other environmental problems",A,Annual,A1,One adult,TOTAL,Total,PC,Percentage,ME,Montenegro,2020,,8.9,,,,,
dataflow,ESTAT:ILC_MDDW02$DEFAULTVIEW(1.0),"Pollution, grime or other environmental problems",A,Annual,A1,One adult,TOTAL,Total,PC,Percentage,ME,Montenegro,2023,,5.6,,,,,
dataflow,ESTAT:ILC_MDDW02$DEFAULTVIEW(1.0),"Pollution, grime or other environmental problems",A,Annual,A1,One adult,TOTAL,Total,PC,Percentage,MK,North Macedonia,2012,,7.7,,,,,
dataflow,ESTAT:ILC_MDDW02$DEFAULTVIEW(1.0),"Pollution, grime or other environmental problems",A,Annual,A1,One adult,TOTAL,Total,PC,Percentage,MK,North Macedonia,2013,,10.2,,,,,
dataflow,ESTAT:ILC_MDDW02$DEFAULTVIEW(1.0),"Pollution, grime or other environmental problems",A,Annual,A1,One adult,TOTAL,Total,PC,Percentage,MK,North Macedonia,2014,,10.9,,,,,
dataflow,ESTAT:ILC_MDDW02$DEFAULTVIEW(1.0),"Pollution, grime or other environmental problems",A,Annual,A1,One adult,TOTAL,Total,PC,Percentage,MK,North Macedonia,2015,,10.5,,,,,
dataflow,ESTAT:ILC_MDDW02$DEFAULTVIEW(1.0),"Pollution, grime or other environmental problems",A,Annual,A1,One adult,TOTAL,Total,PC,Percentage,MK,North Macedonia,2016,,7.0,,,,,
dataflow,ESTAT:ILC_MDDW02$DEFAULTVIEW(1.0),"Pollution, grime or other environmental problems",A,Annual,A1,One adult,TOTAL,Total,PC,Percentage,MK,North Macedonia,2017,,7.0,,,,,
dataflow,ESTAT:ILC_MDDW02$DEFAULTVIEW(1.0),"Pollution, grime or other environmental problems",A,Annual,A1,One adult,TOTAL,Total,PC,Percentage,MK,North Macedonia,2018,,9.1,,,,,
dataflow,ESTAT:ILC_MDDW02$DEFAULTVIEW(1.0),"Pollution, grime or other environmental problems",A,Annual,A1,One adult,TOTAL,Total,PC,Percentage,MK,North Macedonia,2019,,14.6,,,,,
dataflow,ESTAT:ILC_MDDW02$DEFAULTVIEW(1.0),"Pollution, grime or other environmental problems",A,Annual,A1,One adult,TOTAL,Total,PC,Percentage,MK,North Macedonia,2020,,13.0,,,,,
dataflow,ESTAT:ILC_MDDW02$DEFAULTVIEW(1.0),"Pollution, grime or other environmental problems",A,Annual,A1,One adult,TOTAL,Total,PC,Percentage,MK,North Macedonia,2023,,15.9,,,,,
dataflow,ESTAT:ILC_MDDW02$DEFAULTVIEW(1.0),"Pollution, grime or other environmental problems",A,Annual,A1,One adult,TOTAL,Total,PC,Percentage,MT,Malta,2012,,36.4,,,,,
dataflow,ESTAT:ILC_MDDW02$DEFAULTVIEW(1.0),"Pollution, grime or other environmental problems",A,Annual,A1,One adult,TOTAL,Total,PC,Percentage,MT,Malta,2013,,38.4,,,,,
dataflow,ESTAT:ILC_MDDW02$DEFAULTVIEW(1.0),"Pollution, grime or other environmental problems",A,Annual,A1,One adult,TOTAL,Total,PC,Percentage,MT,Malta,2014,,35.8,,,,,
dataflow,ESTAT:ILC_MDDW02$DEFAULTVIEW(1.0),"Pollution, grime or other environmental problems",A,Annual,A1,One adult,TOTAL,Total,PC,Percentage,MT,Malta,2015,,30.3,,,,,
dataflow,ESTAT:ILC_MDDW02$DEFAULTVIEW(1.0),"Pollution, grime or other environmental problems",A,Annual,A1,One adult,TOTAL,Total,PC,Percentage,MT,Malta,2016,,31.2,,,,,
dataflow,ESTAT:ILC_MDDW02$DEFAULTVIEW(1.0),"Pollution, grime or other environmental problems",A,Annual,A1,One adult,TOTAL,Total,PC,Percentage,MT,Malta,2017,,27.4,,,,,
dataflow,ESTAT:ILC_MDDW02$DEFAULTVIEW(1.0),"Pollution, grime or other environmental problems",A,Annual,A1,One adult,TOTAL,Total,PC,Percentage,MT,Malta,2018,,27.9,,,,,
dataflow,ESTAT:ILC_MDDW02$DEFAULTVIEW(1.0),"Pollution, grime or other environmental problems",A,Annual,A1,One adult,TOTAL,Total,PC,Percentage,MT,Malta,2019,,35.3,,,,,
dataflow,ESTAT:ILC_MDDW02$DEFAULTVIEW(1.0),"Pollution, grime or other environmental problems",A,Annual,A1,One adult,TOTAL,Total,PC,Percentage,MT,Malta,2020,,30.8,,,,,
dataflow,ESTAT:ILC_MDDW02$DEFAULTVIEW(1.0),"Pollution, grime or other environmental problems",A,Annual,A1,One adult,TOTAL,Total,PC,Percentage,MT,Malta,2023,,33.6,,,,,
dataflow,ESTAT:ILC_MDDW02$DEFAULTVIEW(1.0),"Pollution, grime or other environmental problems",A,Annual,A1,One adult,TOTAL,Total,PC,Percentage,NL,Netherlands,2012,,16.7,,,,,
dataflow,ESTAT:ILC_MDDW02$DEFAULTVIEW(1.0),"Pollution, grime or other environmental problems",A,Annual,A1,One adult,TOTAL,Total,PC,Percentage,NL,Netherlands,2013,,17.6,,,,,
dataflow,ESTAT:ILC_MDDW02$DEFAULTVIEW(1.0),"Pollution, grime or other environmental problems",A,Annual,A1,One adult,TOTAL,Total,PC,Percentage,NL,Netherlands,2014,,17.4,,,,,
dataflow,ESTAT:ILC_MDDW02$DEFAULTVIEW(1.0),"Pollution, grime or other environmental problems",A,Annual,A1,One adult,TOTAL,Total,PC,Percentage,NL,Netherlands,2015,,14.6,,,,,
dataflow,ESTAT:ILC_MDDW02$DEFAULTVIEW(1.0),"Pollution, grime or other environmental problems",A,Annual,A1,One adult,TOTAL,Total,PC,Percentage,NL,Netherlands,2016,,15.6,,b,break in time series,,
dataflow,ESTAT:ILC_MDDW02$DEFAULTVIEW(1.0),"Pollution, grime or other environmental problems",A,Annual,A1,One adult,TOTAL,Total,PC,Percentage,NL,Netherlands,2017,,16.5,,,,,
dataflow,ESTAT:ILC_MDDW02$DEFAULTVIEW(1.0),"Pollution, grime or other environmental problems",A,Annual,A1,One adult,TOTAL,Total,PC,Percentage,NL,Netherlands,2018,,18.1,,,,,
dataflow,ESTAT:ILC_MDDW02$DEFAULTVIEW(1.0),"Pollution, grime or other environmental problems",A,Annual,A1,One adult,TOTAL,Total,PC,Percentage,NL,Netherlands,2019,,17.9,,,,,
dataflow,ESTAT:ILC_MDDW02$DEFAULTVIEW(1.0),"Pollution, grime or other environmental problems",A,Annual,A1,One adult,TOTAL,Total,PC,Percentage,NL,Netherlands,2020,,17.5,,,,,
dataflow,ESTAT:ILC_MDDW02$DEFAULTVIEW(1.0),"Pollution, grime or other environmental problems",A,Annual,A1,One adult,TOTAL,Total,PC,Percentage,NL,Netherlands,2023,,17.9,,,,,
dataflow,ESTAT:ILC_MDDW02$DEFAULTVIEW(1.0),"Pollution, grime or other environmental problems",A,Annual,A1,One adult,TOTAL,Total,PC,Percentage,NO,Norway,2012,,11.0,,,,,
dataflow,ESTAT:ILC_MDDW02$DEFAULTVIEW(1.0),"Pollution, grime or other environmental problems",A,Annual,A1,One adult,TOTAL,Total,PC,Percentage,NO,Norway,2013,,9.7,,,,,
dataflow,ESTAT:ILC_MDDW02$DEFAULTVIEW(1.0),"Pollution, grime or other environmental problems",A,Annual,A1,One adult,TOTAL,Total,PC,Percentage,NO,Norway,2014,,9.0,,,,,
dataflow,ESTAT:ILC_MDDW02$DEFAULTVIEW(1.0),"Pollution, grime or other environmental problems",A,Annual,A1,One adult,TOTAL,Total,PC,Percentage,NO,Norway,2015,,10.0,,,,,
dataflow,ESTAT:ILC_MDDW02$DEFAULTVIEW(1.0),"Pollution, grime or other environmental problems",A,Annual,A1,One adult,TOTAL,Total,PC,Percentage,NO,Norway,2016,,8.0,,,,,
dataflow,ESTAT:ILC_MDDW02$DEFAULTVIEW(1.0),"Pollution, grime or other environmental problems",A,Annual,A1,One adult,TOTAL,Total,PC,Percentage,NO,Norway,2017,,8.4,,,,,
dataflow,ESTAT:ILC_MDDW02$DEFAULTVIEW(1.0),"Pollution, grime or other environmental problems",A,Annual,A1,One adult,TOTAL,Total,PC,Percentage,NO,Norway,2018,,9.9,,,,,
dataflow,ESTAT:ILC_MDDW02$DEFAULTVIEW(1.0),"Pollution, grime or other environmental problems",A,Annual,A1,One adult,TOTAL,Total,PC,Percentage,NO,Norway,2019,,9.5,,,,,
dataflow,ESTAT:ILC_MDDW02$DEFAULTVIEW(1.0),"Pollution, grime or other environmental problems",A,Annual,A1,One adult,TOTAL,Total,PC,Percentage,NO,Norway,2020,,8.2,,,,,
dataflow,ESTAT:ILC_MDDW02$DEFAULTVIEW(1.0),"Pollution, grime or other environmental problems",A,Annual,A1,One adult,TOTAL,Total,PC,Percentage,NO,Norway,2023,,9.8,,,,,
dataflow,ESTAT:ILC_MDDW02$DEFAULTVIEW(1.0),"Pollution, grime or other environmental problems",A,Annual,A1,One adult,TOTAL,Total,PC,Percentage,PL,Poland,2012,,12.8,,,,,
dataflow,ESTAT:ILC_MDDW02$DEFAULTVIEW(1.0),"Pollution, grime or other environmental problems",A,Annual,A1,One adult,TOTAL,Total,PC,Percentage,PL,Poland,2013,,11.6,,,,,
dataflow,ESTAT:ILC_MDDW02$DEFAULTVIEW(1.0),"Pollution, grime or other environmental problems",A,Annual,A1,One adult,TOTAL,Total,PC,Percentage,PL,Poland,2014,,12.1,,,,,
dataflow,ESTAT:ILC_MDDW02$DEFAULTVIEW(1.0),"Pollution, grime or other environmental problems",A,Annual,A1,One adult,TOTAL,Total,PC,Percentage,PL,Poland,2015,,10.9,,,,,
dataflow,ESTAT:ILC_MDDW02$DEFAULTVIEW(1.0),"Pollution, grime or other environmental problems",A,Annual,A1,One adult,TOTAL,Total,PC,Percentage,PL,Poland,2016,,9.9,,,,,
dataflow,ESTAT:ILC_MDDW02$DEFAULTVIEW(1.0),"Pollution, grime or other environmental problems",A,Annual,A1,One adult,TOTAL,Total,PC,Percentage,PL,Poland,2017,,13.0,,,,,
dataflow,ESTAT:ILC_MDDW02$DEFAULTVIEW(1.0),"Pollution, grime or other environmental problems",A,Annual,A1,One adult,TOTAL,Total,PC,Percentage,PL,Poland,2018,,13.6,,,,,
dataflow,ESTAT:ILC_MDDW02$DEFAULTVIEW(1.0),"Pollution, grime or other environmental problems",A,Annual,A1,One adult,TOTAL,Total,PC,Percentage,PL,Poland,2019,,14.5,,,,,
dataflow,ESTAT:ILC_MDDW02$DEFAULTVIEW(1.0),"Pollution, grime or other environmental problems",A,Annual,A1,One adult,TOTAL,Total,PC,Percentage,PL,Poland,2023,,7.5,,,,,
dataflow,ESTAT:ILC_MDDW02$DEFAULTVIEW(1.0),"Pollution, grime or other environmental problems",A,Annual,A1,One adult,TOTAL,Total,PC,Percentage,PT,Portugal,2012,,13.3,,,,,
dataflow,ESTAT:ILC_MDDW02$DEFAULTVIEW(1.0),"Pollution, grime or other environmental problems",A,Annual,A1,One adult,TOTAL,Total,PC,Percentage,PT,Portugal,2013,,15.5,,,,,
dataflow,ESTAT:ILC_MDDW02$DEFAULTVIEW(1.0),"Pollution, grime or other environmental problems",A,Annual,A1,One adult,TOTAL,Total,PC,Percentage,PT,Portugal,2014,,12.4,,,,,
dataflow,ESTAT:ILC_MDDW02$DEFAULTVIEW(1.0),"Pollution, grime or other environmental problems",A,Annual,A1,One adult,TOTAL,Total,PC,Percentage,PT,Portugal,2015,,12.6,,,,,
dataflow,ESTAT:ILC_MDDW02$DEFAULTVIEW(1.0),"Pollution, grime or other environmental problems",A,Annual,A1,One adult,TOTAL,Total,PC,Percentage,PT,Portugal,2016,,11.4,,,,,
dataflow,ESTAT:ILC_MDDW02$DEFAULTVIEW(1.0),"Pollution, grime or other environmental problems",A,Annual,A1,One adult,TOTAL,Total,PC,Percentage,PT,Portugal,2017,,12.8,,,,,
dataflow,ESTAT:ILC_MDDW02$DEFAULTVIEW(1.0),"Pollution, grime or other environmental problems",A,Annual,A1,One adult,TOTAL,Total,PC,Percentage,PT,Portugal,2018,,12.2,,,,,
dataflow,ESTAT:ILC_MDDW02$DEFAULTVIEW(1.0),"Pollution, grime or other environmental problems",A,Annual,A1,One adult,TOTAL,Total,PC,Percentage,PT,Portugal,2019,,11.6,,,,,
dataflow,ESTAT:ILC_MDDW02$DEFAULTVIEW(1.0),"Pollution, grime or other environmental problems",A,Annual,A1,One adult,TOTAL,Total,PC,Percentage,PT,Portugal,2020,,13.6,,,,,
dataflow,ESTAT:ILC_MDDW02$DEFAULTVIEW(1.0),"Pollution, grime or other environmental problems",A,Annual,A1,One adult,TOTAL,Total,PC,Percentage,PT,Portugal,2023,,15.1,,,,,
dataflow,ESTAT:ILC_MDDW02$DEFAULTVIEW(1.0),"Pollution, grime or other environmental problems",A,Annual,A1,One adult,TOTAL,Total,PC,Percentage,RO,Romania,2012,,16.0,,,,,
dataflow,ESTAT:ILC_MDDW02$DEFAULTVIEW(1.0),"Pollution, grime or other environmental problems",A,Annual,A1,One adult,TOTAL,Total,PC,Percentage,RO,Romania,2013,,14.8,,,,,
dataflow,ESTAT:ILC_MDDW02$DEFAULTVIEW(1.0),"Pollution, grime or other environmental problems",A,Annual,A1,One adult,TOTAL,Total,PC,Percentage,RO,Romania,2014,,14.0,,,,,
dataflow,ESTAT:ILC_MDDW02$DEFAULTVIEW(1.0),"Pollution, grime or other environmental problems",A,Annual,A1,One adult,TOTAL,Total,PC,Percentage,RO,Romania,2015,,13.3,,,,,
dataflow,ESTAT:ILC_MDDW02$DEFAULTVIEW(1.0),"Pollution, grime or other environmental problems",A,Annual,A1,One adult,TOTAL,Total,PC,Percentage,RO,Romania,2016,,13.8,,,,,
dataflow,ESTAT:ILC_MDDW02$DEFAULTVIEW(1.0),"Pollution, grime or other environmental problems",A,Annual,A1,One adult,TOTAL,Total,PC,Percentage,RO,Romania,2017,,14.9,,,,,
dataflow,ESTAT:ILC_MDDW02$DEFAULTVIEW(1.0),"Pollution, grime or other environmental problems",A,Annual,A1,One adult,TOTAL,Total,PC,Percentage,RO,Romania,2018,,17.0,,,,,
dataflow,ESTAT:ILC_MDDW02$DEFAULTVIEW(1.0),"Pollution, grime or other environmental problems",A,Annual,A1,One adult,TOTAL,Total,PC,Percentage,RO,Romania,2019,,14.2,,,,,
dataflow,ESTAT:ILC_MDDW02$DEFAULTVIEW(1.0),"Pollution, grime or other environmental problems",A,Annual,A1,One adult,TOTAL,Total,PC,Percentage,RO,Romania,2020,,12.2,,,,,
dataflow,ESTAT:ILC_MDDW02$DEFAULTVIEW(1.0),"Pollution, grime or other environmental problems",A,Annual,A1,One adult,TOTAL,Total,PC,Percentage,RO,Romania,2023,,11.4,,,,,
dataflow,ESTAT:ILC_MDDW02$DEFAULTVIEW(1.0),"Pollution, grime or other environmental problems",A,Annual,A1,One adult,TOTAL,Total,PC,Percentage,RS,Serbia,2013,,15.0,,,,,
dataflow,ESTAT:ILC_MDDW02$DEFAULTVIEW(1.0),"Pollution, grime or other environmental problems",A,Annual,A1,One adult,TOTAL,Total,PC,Percentage,RS,Serbia,2014,,12.1,,,,,
dataflow,ESTAT:ILC_MDDW02$DEFAULTVIEW(1.0),"Pollution, grime or other environmental problems",A,Annual,A1,One adult,TOTAL,Total,PC,Percentage,RS,Serbia,2015,,13.2,,,,,
dataflow,ESTAT:ILC_MDDW02$DEFAULTVIEW(1.0),"Pollution, grime or other environmental problems",A,Annual,A1,One adult,TOTAL,Total,PC,Percentage,RS,Serbia,2016,,14.1,,,,,
dataflow,ESTAT:ILC_MDDW02$DEFAULTVIEW(1.0),"Pollution, grime or other environmental problems",A,Annual,A1,One adult,TOTAL,Total,PC,Percentage,RS,Serbia,2017,,14.5,,,,,
dataflow,ESTAT:ILC_MDDW02$DEFAULTVIEW(1.0),"Pollution, grime or other environmental problems",A,Annual,A1,One adult,TOTAL,Total,PC,Percentage,RS,Serbia,2018,,10.7,,,,,
dataflow,ESTAT:ILC_MDDW02$DEFAULTVIEW(1.0),"Pollution, grime or other environmental problems",A,Annual,A1,One adult,TOTAL,Total,PC,Percentage,RS,Serbia,2019,,13.7,,,,,
dataflow,ESTAT:ILC_MDDW02$DEFAULTVIEW(1.0),"Pollution, grime or other environmental problems",A,Annual,A1,One adult,TOTAL,Total,PC,Percentage,RS,Serbia,2020,,16.9,,,,,
dataflow,ESTAT:ILC_MDDW02$DEFAULTVIEW(1.0),"Pollution, grime or other environmental problems",A,Annual,A1,One adult,TOTAL,Total,PC,Percentage,RS,Serbia,2023,,16.5,,,,,
dataflow,ESTAT:ILC_MDDW02$DEFAULTVIEW(1.0),"Pollution, grime or other environmental problems",A,Annual,A1,One adult,TOTAL,Total,PC,Percentage,SE,Sweden,2012,,10.1,,,,,
dataflow,ESTAT:ILC_MDDW02$DEFAULTVIEW(1.0),"Pollution, grime or other environmental problems",A,Annual,A1,One adult,TOTAL,Total,PC,Percentage,SE,Sweden,2013,,9.7,,,,,
dataflow,ESTAT:ILC_MDDW02$DEFAULTVIEW(1.0),"Pollution, grime or other environmental problems",A,Annual,A1,One adult,TOTAL,Total,PC,Percentage,SE,Sweden,2014,,10.2,,,,,
dataflow,ESTAT:ILC_MDDW02$DEFAULTVIEW(1.0),"Pollution, grime or other environmental problems",A,Annual,A1,One adult,TOTAL,Total,PC,Percentage,SE,Sweden,2015,,9.3,,,,,
dataflow,ESTAT:ILC_MDDW02$DEFAULTVIEW(1.0),"Pollution, grime or other environmental problems",A,Annual,A1,One adult,TOTAL,Total,PC,Percentage,SE,Sweden,2016,,6.3,,,,,
dataflow,ESTAT:ILC_MDDW02$DEFAULTVIEW(1.0),"Pollution, grime or other environmental problems",A,Annual,A1,One adult,TOTAL,Total,PC,Percentage,SE,Sweden,2017,,9.0,,,,,
dataflow,ESTAT:ILC_MDDW02$DEFAULTVIEW(1.0),"Pollution, grime or other environmental problems",A,Annual,A1,One adult,TOTAL,Total,PC,Percentage,SE,Sweden,2018,,8.3,,,,,
dataflow,ESTAT:ILC_MDDW02$DEFAULTVIEW(1.0),"Pollution, grime or other environmental problems",A,Annual,A1,One adult,TOTAL,Total,PC,Percentage,SE,Sweden,2019,,7.4,,,,,
dataflow,ESTAT:ILC_MDDW02$DEFAULTVIEW(1.0),"Pollution, grime or other environmental problems",A,Annual,A1,One adult,TOTAL,Total,PC,Percentage,SE,Sweden,2020,,6.6,,,,,
dataflow,ESTAT:ILC_MDDW02$DEFAULTVIEW(1.0),"Pollution, grime or other environmental problems",A,Annual,A1,One adult,TOTAL,Total,PC,Percentage,SE,Sweden,2023,,5.8,,,,,
dataflow,ESTAT:ILC_MDDW02$DEFAULTVIEW(1.0),"Pollution, grime or other environmental problems",A,Annual,A1,One adult,TOTAL,Total,PC,Percentage,SI,Slovenia,2012,,17.8,,,,,
dataflow,ESTAT:ILC_MDDW02$DEFAULTVIEW(1.0),"Pollution, grime or other environmental problems",A,Annual,A1,One adult,TOTAL,Total,PC,Percentage,SI,Slovenia,2013,,15.3,,,,,
dataflow,ESTAT:ILC_MDDW02$DEFAULTVIEW(1.0),"Pollution, grime or other environmental problems",A,Annual,A1,One adult,TOTAL,Total,PC,Percentage,SI,Slovenia,2014,,15.6,,,,,
dataflow,ESTAT:ILC_MDDW02$DEFAULTVIEW(1.0),"Pollution, grime or other environmental problems",A,Annual,A1,One adult,TOTAL,Total,PC,Percentage,SI,Slovenia,2015,,16.4,,,,,
dataflow,ESTAT:ILC_MDDW02$DEFAULTVIEW(1.0),"Pollution, grime or other environmental problems",A,Annual,A1,One adult,TOTAL,Total,PC,Percentage,SI,Slovenia,2016,,16.1,,,,,
dataflow,ESTAT:ILC_MDDW02$DEFAULTVIEW(1.0),"Pollution, grime or other environmental problems",A,Annual,A1,One adult,TOTAL,Total,PC,Percentage,SI,Slovenia,2017,,16.8,,,,,
dataflow,ESTAT:ILC_MDDW02$DEFAULTVIEW(1.0),"Pollution, grime or other environmental problems",A,Annual,A1,One adult,TOTAL,Total,PC,Percentage,SI,Slovenia,2018,,16.0,,,,,
dataflow,ESTAT:ILC_MDDW02$DEFAULTVIEW(1.0),"Pollution, grime or other environmental problems",A,Annual,A1,One adult,TOTAL,Total,PC,Percentage,SI,Slovenia,2019,,14.8,,,,,
dataflow,ESTAT:ILC_MDDW02$DEFAULTVIEW(1.0),"Pollution, grime or other environmental problems",A,Annual,A1,One adult,TOTAL,Total,PC,Percentage,SI,Slovenia,2020,,16.3,,,,,
dataflow,ESTAT:ILC_MDDW02$DEFAULTVIEW(1.0),"Pollution, grime or other environmental problems",A,Annual,A1,One adult,TOTAL,Total,PC,Percentage,SI,Slovenia,2023,,17.2,,,,,
dataflow,ESTAT:ILC_MDDW02$DEFAULTVIEW(1.0),"Pollution, grime or other environmental problems",A,Annual,A1,One adult,TOTAL,Total,PC,Percentage,SK,Slovakia,2012,,13.6,,,,,
dataflow,ESTAT:ILC_MDDW02$DEFAULTVIEW(1.0),"Pollution, grime or other environmental problems",A,Annual,A1,One adult,TOTAL,Total,PC,Percentage,SK,Slovakia,2013,,13.9,,,,,
dataflow,ESTAT:ILC_MDDW02$DEFAULTVIEW(1.0),"Pollution, grime or other environmental problems",A,Annual,A1,One adult,TOTAL,Total,PC,Percentage,SK,Slovakia,2014,,12.1,,,,,
dataflow,ESTAT:ILC_MDDW02$DEFAULTVIEW(1.0),"Pollution, grime or other environmental problems",A,Annual,A1,One adult,TOTAL,Total,PC,Percentage,SK,Slovakia,2015,,11.0,,,,,
dataflow,ESTAT:ILC_MDDW02$DEFAULTVIEW(1.0),"Pollution, grime or other environmental problems",A,Annual,A1,One adult,TOTAL,Total,PC,Percentage,SK,Slovakia,2016,,9.6,,,,,
dataflow,ESTAT:ILC_MDDW02$DEFAULTVIEW(1.0),"Pollution, grime or other environmental problems",A,Annual,A1,One adult,TOTAL,Total,PC,Percentage,SK,Slovakia,2017,,12.1,,,,,
dataflow,ESTAT:ILC_MDDW02$DEFAULTVIEW(1.0),"Pollution, grime or other environmental problems",A,Annual,A1,One adult,TOTAL,Total,PC,Percentage,SK,Slovakia,2018,,10.8,,,,,
dataflow,ESTAT:ILC_MDDW02$DEFAULTVIEW(1.0),"Pollution, grime or other environmental problems",A,Annual,A1,One adult,TOTAL,Total,PC,Percentage,SK,Slovakia,2019,,10.2,,,,,
dataflow,ESTAT:ILC_MDDW02$DEFAULTVIEW(1.0),"Pollution, grime or other environmental problems",A,Annual,A1,One adult,TOTAL,Total,PC,Percentage,SK,Slovakia,2020,,11.1,,,,,
dataflow,ESTAT:ILC_MDDW02$DEFAULTVIEW(1.0),"Pollution, grime or other environmental problems",A,Annual,A1,One adult,TOTAL,Total,PC,Percentage,SK,Slovakia,2023,,5.5,,,,,
dataflow,ESTAT:ILC_MDDW02$DEFAULTVIEW(1.0),"Pollution, grime or other environmental problems",A,Annual,A1,One adult,TOTAL,Total,PC,Percentage,TR,Türkiye,2012,,19.8,,,,,
dataflow,ESTAT:ILC_MDDW02$DEFAULTVIEW(1.0),"Pollution, grime or other environmental problems",A,Annual,A1,One adult,TOTAL,Total,PC,Percentage,TR,Türkiye,2013,,20.8,,,,,
dataflow,ESTAT:ILC_MDDW02$DEFAULTVIEW(1.0),"Pollution, grime or other environmental problems",A,Annual,A1,One adult,TOTAL,Total,PC,Percentage,TR,Türkiye,2014,,15.9,,,,,
dataflow,ESTAT:ILC_MDDW02$DEFAULTVIEW(1.0),"Pollution, grime or other environmental problems",A,Annual,A1,One adult,TOTAL,Total,PC,Percentage,TR,Türkiye,2015,,15.3,,,,,
dataflow,ESTAT:ILC_MDDW02$DEFAULTVIEW(1.0),"Pollution, grime or other environmental problems",A,Annual,A1,One adult,TOTAL,Total,PC,Percentage,TR,Türkiye,2016,,17.0,,,,,
dataflow,ESTAT:ILC_MDDW02$DEFAULTVIEW(1.0),"Pollution, grime or other environmental problems",A,Annual,A1,One adult,TOTAL,Total,PC,Percentage,TR,Türkiye,2017,,15.4,,,,,
dataflow,ESTAT:ILC_MDDW02$DEFAULTVIEW(1.0),"Pollution, grime or other environmental problems",A,Annual,A1,One adult,TOTAL,Total,PC,Percentage,TR,Türkiye,2018,,17.6,,,,,
dataflow,ESTAT:ILC_MDDW02$DEFAULTVIEW(1.0),"Pollution, grime or other environmental problems",A,Annual,A1,One adult,TOTAL,Total,PC,Percentage,TR,Türkiye,2019,,18.8,,,,,
dataflow,ESTAT:ILC_MDDW02$DEFAULTVIEW(1.0),"Pollution, grime or other environmental problems",A,Annual,A1,One adult,TOTAL,Total,PC,Percentage,TR,Türkiye,2020,,16.5,,,,,
dataflow,ESTAT:ILC_MDDW02$DEFAULTVIEW(1.0),"Pollution, grime or other environmental problems",A,Annual,A1,One adult,TOTAL,Total,PC,Percentage,TR,Türkiye,2023,,16.1,,,,,
dataflow,ESTAT:ILC_MDDW02$DEFAULTVIEW(1.0),"Pollution, grime or other environmental problems",A,Annual,A1,One adult,TOTAL,Total,PC,Percentage,UK,United Kingdom,2012,,8.0,,b,break in time series,,
dataflow,ESTAT:ILC_MDDW02$DEFAULTVIEW(1.0),"Pollution, grime or other environmental problems",A,Annual,A1,One adult,TOTAL,Total,PC,Percentage,UK,United Kingdom,2013,,7.8,,,,,
dataflow,ESTAT:ILC_MDDW02$DEFAULTVIEW(1.0),"Pollution, grime or other environmental problems",A,Annual,A1,One adult,TOTAL,Total,PC,Percentage,UK,United Kingdom,2014,,7.3,,,,,
dataflow,ESTAT:ILC_MDDW02$DEFAULTVIEW(1.0),"Pollution, grime or other environmental problems",A,Annual,A1,One adult,TOTAL,Total,PC,Percentage,UK,United Kingdom,2015,,8.3,,,,,
dataflow,ESTAT:ILC_MDDW02$DEFAULTVIEW(1.0),"Pollution, grime or other environmental problems",A,Annual,A1,One adult,TOTAL,Total,PC,Percentage,UK,United Kingdom,2016,,10.6,,,,,
dataflow,ESTAT:ILC_MDDW02$DEFAULTVIEW(1.0),"Pollution, grime or other environmental problems",A,Annual,A1,One adult,TOTAL,Total,PC,Percentage,UK,United Kingdom,2017,,12.1,,bu,"break in time series, low reliability",,
dataflow,ESTAT:ILC_MDDW02$DEFAULTVIEW(1.0),"Pollution, grime or other environmental problems",A,Annual,A1,One adult,TOTAL,Total,PC,Percentage,UK,United Kingdom,2018,,13.4,,u,low reliability,,
dataflow,ESTAT:ILC_MDDW02$DEFAULTVIEW(1.0),"Pollution, grime or other environmental problems",A,Annual,A1,One adult,TOTAL,Total,PC,Percentage,XK,Kosovo*,2018,,13.0,,,,,
dataflow,ESTAT:ILC_MDDW02$DEFAULTVIEW(1.0),"Pollution, grime or other environmental problems",A,Annual,A1_DCH,One adult with dependent children,TOTAL,Total,PC,Percentage,AL,Albania,2017,,6.9,,,,,
dataflow,ESTAT:ILC_MDDW02$DEFAULTVIEW(1.0),"Pollution, grime or other environmental problems",A,Annual,A1_DCH,One adult with dependent children,TOTAL,Total,PC,Percentage,AL,Albania,2018,,3.6,,,,,
dataflow,ESTAT:ILC_MDDW02$DEFAULTVIEW(1.0),"Pollution, grime or other environmental problems",A,Annual,A1_DCH,One adult with dependent children,TOTAL,Total,PC,Percentage,AL,Albania,2019,,3.8,,,,,
dataflow,ESTAT:ILC_MDDW02$DEFAULTVIEW(1.0),"Pollution, grime or other environmental problems",A,Annual,A1_DCH,One adult with dependent children,TOTAL,Total,PC,Percentage,AL,Albania,2020,,5.4,,,,,
dataflow,ESTAT:ILC_MDDW02$DEFAULTVIEW(1.0),"Pollution, grime or other environmental problems",A,Annual,A1_DCH,One adult with dependent children,TOTAL,Total,PC,Percentage,AL,Albania,2023,,1.3,,,,,
dataflow,ESTAT:ILC_MDDW02$DEFAULTVIEW(1.0),"Pollution, grime or other environmental problems",A,Annual,A1_DCH,One adult with dependent children,TOTAL,Total,PC,Percentage,AT,Austria,2012,,11.3,,,,,
dataflow,ESTAT:ILC_MDDW02$DEFAULTVIEW(1.0),"Pollution, grime or other environmental problems",A,Annual,A1_DCH,One adult with dependent children,TOTAL,Total,PC,Percentage,AT,Austria,2013,,10.6,,,,,
dataflow,ESTAT:ILC_MDDW02$DEFAULTVIEW(1.0),"Pollution, grime or other environmental problems",A,Annual,A1_DCH,One adult with dependent children,TOTAL,Total,PC,Percentage,AT,Austria,2014,,8.9,,,,,
dataflow,ESTAT:ILC_MDDW02$DEFAULTVIEW(1.0),"Pollution, grime or other environmental problems",A,Annual,A1_DCH,One adult with dependent children,TOTAL,Total,PC,Percentage,AT,Austria,2015,,13.0,,,,,
dataflow,ESTAT:ILC_MDDW02$DEFAULTVIEW(1.0),"Pollution, grime or other environmental problems",A,Annual,A1_DCH,One adult with dependent children,TOTAL,Total,PC,Percentage,AT,Austria,2016,,12.5,,,,,
dataflow,ESTAT:ILC_MDDW02$DEFAULTVIEW(1.0),"Pollution, grime or other environmental problems",A,Annual,A1_DCH,One adult with dependent children,TOTAL,Total,PC,Percentage,AT,Austria,2017,,9.6,,,,,
dataflow,ESTAT:ILC_MDDW02$DEFAULTVIEW(1.0),"Pollution, grime or other environmental problems",A,Annual,A1_DCH,One adult with dependent children,TOTAL,Total,PC,Percentage,AT,Austria,2018,,8.4,,,,,
dataflow,ESTAT:ILC_MDDW02$DEFAULTVIEW(1.0),"Pollution, grime or other environmental problems",A,Annual,A1_DCH,One adult with dependent children,TOTAL,Total,PC,Percentage,AT,Austria,2019,,9.6,,,,,
dataflow,ESTAT:ILC_MDDW02$DEFAULTVIEW(1.0),"Pollution, grime or other environmental problems",A,Annual,A1_DCH,One adult with dependent children,TOTAL,Total,PC,Percentage,AT,Austria,2020,,6.7,,,,,
dataflow,ESTAT:ILC_MDDW02$DEFAULTVIEW(1.0),"Pollution, grime or other environmental problems",A,Annual,A1_DCH,One adult with dependent children,TOTAL,Total,PC,Percentage,AT,Austria,2023,,11.2,,,,,
dataflow,ESTAT:ILC_MDDW02$DEFAULTVIEW(1.0),"Pollution, grime or other environmental problems",A,Annual,A1_DCH,One adult with dependent children,TOTAL,Total,PC,Percentage,BE,Belgium,2012,,24.5,,,,,
dataflow,ESTAT:ILC_MDDW02$DEFAULTVIEW(1.0),"Pollution, grime or other environmental problems",A,Annual,A1_DCH,One adult with dependent children,TOTAL,Total,PC,Percentage,BE,Belgium,2013,,22.3,,,,,
dataflow,ESTAT:ILC_MDDW02$DEFAULTVIEW(1.0),"Pollution, grime or other environmental problems",A,Annual,A1_DCH,One adult with dependent children,TOTAL,Total,PC,Percentage,BE,Belgium,2014,,19.0,,,,,
dataflow,ESTAT:ILC_MDDW02$DEFAULTVIEW(1.0),"Pollution, grime or other environmental problems",A,Annual,A1_DCH,One adult with dependent children,TOTAL,Total,PC,Percentage,BE,Belgium,2015,,17.3,,,,,
dataflow,ESTAT:ILC_MDDW02$DEFAULTVIEW(1.0),"Pollution, grime or other environmental problems",A,Annual,A1_DCH,One adult with dependent children,TOTAL,Total,PC,Percentage,BE,Belgium,2016,,20.0,,,,,
dataflow,ESTAT:ILC_MDDW02$DEFAULTVIEW(1.0),"Pollution, grime or other environmental problems",A,Annual,A1_DCH,One adult with dependent children,TOTAL,Total,PC,Percentage,BE,Belgium,2017,,17.5,,,,,
dataflow,ESTAT:ILC_MDDW02$DEFAULTVIEW(1.0),"Pollution, grime or other environmental problems",A,Annual,A1_DCH,One adult with dependent children,TOTAL,Total,PC,Percentage,BE,Belgium,2018,,16.5,,,,,
dataflow,ESTAT:ILC_MDDW02$DEFAULTVIEW(1.0),"Pollution, grime or other environmental problems",A,Annual,A1_DCH,One adult with dependent children,TOTAL,Total,PC,Percentage,BE,Belgium,2019,,14.5,,b,break in time series,,
dataflow,ESTAT:ILC_MDDW02$DEFAULTVIEW(1.0),"Pollution, grime or other environmental problems",A,Annual,A1_DCH,One adult with dependent children,TOTAL,Total,PC,Percentage,BE,Belgium,2020,,14.8,,,,,
dataflow,ESTAT:ILC_MDDW02$DEFAULTVIEW(1.0),"Pollution, grime or other environmental problems",A,Annual,A1_DCH,One adult with dependent children,TOTAL,Total,PC,Percentage,BE,Belgium,2023,,17.7,,,,,
dataflow,ESTAT:ILC_MDDW02$DEFAULTVIEW(1.0),"Pollution, grime or other environmental problems",A,Annual,A1_DCH,One adult with dependent children,TOTAL,Total,PC,Percentage,BG,Bulgaria,2012,,15.6,,,,,
dataflow,ESTAT:ILC_MDDW02$DEFAULTVIEW(1.0),"Pollution, grime or other environmental problems",A,Annual,A1_DCH,One adult with dependent children,TOTAL,Total,PC,Percentage,BG,Bulgaria,2013,,16.6,,,,,
dataflow,ESTAT:ILC_MDDW02$DEFAULTVIEW(1.0),"Pollution, grime or other environmental problems",A,Annual,A1_DCH,One adult with dependent children,TOTAL,Total,PC,Percentage,BG,Bulgaria,2014,,19.8,,,,,
dataflow,ESTAT:ILC_MDDW02$DEFAULTVIEW(1.0),"Pollution, grime or other environmental problems",A,Annual,A1_DCH,One adult with dependent children,TOTAL,Total,PC,Percentage,BG,Bulgaria,2015,,16.0,,,,,
dataflow,ESTAT:ILC_MDDW02$DEFAULTVIEW(1.0),"Pollution, grime or other environmental problems",A,Annual,A1_DCH,One adult with dependent children,TOTAL,Total,PC,Percentage,BG,Bulgaria,2016,,13.0,,b,break in time series,,
dataflow,ESTAT:ILC_MDDW02$DEFAULTVIEW(1.0),"Pollution, grime or other environmental problems",A,Annual,A1_DCH,One adult with dependent children,TOTAL,Total,PC,Percentage,BG,Bulgaria,2017,,15.7,,,,,
dataflow,ESTAT:ILC_MDDW02$DEFAULTVIEW(1.0),"Pollution, grime or other environmental problems",A,Annual,A1_DCH,One adult with dependent children,TOTAL,Total,PC,Percentage,BG,Bulgaria,2018,,13.9,,,,,
dataflow,ESTAT:ILC_MDDW02$DEFAULTVIEW(1.0),"Pollution, grime or other environmental problems",A,Annual,A1_DCH,One adult with dependent children,TOTAL,Total,PC,Percentage,BG,Bulgaria,2019,,11.3,,,,,
dataflow,ESTAT:ILC_MDDW02$DEFAULTVIEW(1.0),"Pollution, grime or other environmental problems",A,Annual,A1_DCH,One adult with dependent children,TOTAL,Total,PC,Percentage,BG,Bulgaria,2020,,11.4,,,,,
dataflow,ESTAT:ILC_MDDW02$DEFAULTVIEW(1.0),"Pollution, grime or other environmental problems",A,Annual,A1_DCH,One adult with dependent children,TOTAL,Total,PC,Percentage,BG,Bulgaria,2023,,13.6,,,,,
dataflow,ESTAT:ILC_MDDW02$DEFAULTVIEW(1.0),"Pollution, grime or other environmental problems",A,Annual,A1_DCH,One adult with dependent children,TOTAL,Total,PC,Percentage,CH,Switzerland,2012,,13.1,,,,,
dataflow,ESTAT:ILC_MDDW02$DEFAULTVIEW(1.0),"Pollution, grime or other environmental problems",A,Annual,A1_DCH,One adult with dependent children,TOTAL,Total,PC,Percentage,CH,Switzerland,2013,,11.2,,,,,
dataflow,ESTAT:ILC_MDDW02$DEFAULTVIEW(1.0),"Pollution, grime or other environmental problems",A,Annual,A1_DCH,One adult with dependent children,TOTAL,Total,PC,Percentage,CH,Switzerland,2014,,18.1,,b,break in time series,,
dataflow,ESTAT:ILC_MDDW02$DEFAULTVIEW(1.0),"Pollution, grime or other environmental problems",A,Annual,A1_DCH,One adult with dependent children,TOTAL,Total,PC,Percentage,CH,Switzerland,2015,,13.9,,,,,
dataflow,ESTAT:ILC_MDDW02$DEFAULTVIEW(1.0),"Pollution, grime or other environmental problems",A,Annual,A1_DCH,One adult with dependent children,TOTAL,Total,PC,Percentage,CH,Switzerland,2016,,14.0,,,,,
dataflow,ESTAT:ILC_MDDW02$DEFAULTVIEW(1.0),"Pollution, grime or other environmental problems",A,Annual,A1_DCH,One adult with dependent children,TOTAL,Total,PC,Percentage,CH,Switzerland,2017,,13.1,,,,,
dataflow,ESTAT:ILC_MDDW02$DEFAULTVIEW(1.0),"Pollution, grime or other environmental problems",A,Annual,A1_DCH,One adult with dependent children,TOTAL,Total,PC,Percentage,CH,Switzerland,2018,,9.4,,,,,
dataflow,ESTAT:ILC_MDDW02$DEFAULTVIEW(1.0),"Pollution, grime or other environmental problems",A,Annual,A1_DCH,One adult with dependent children,TOTAL,Total,PC,Percentage,CH,Switzerland,2019,,12.9,,,,,
dataflow,ESTAT:ILC_MDDW02$DEFAULTVIEW(1.0),"Pollution, grime or other environmental problems",A,Annual,A1_DCH,One adult with dependent children,TOTAL,Total,PC,Percentage,CH,Switzerland,2020,,12.2,,,,,
dataflow,ESTAT:ILC_MDDW02$DEFAULTVIEW(1.0),"Pollution, grime or other environmental problems",A,Annual,A1_DCH,One adult with dependent children,TOTAL,Total,PC,Percentage,CH,Switzerland,2023,,12.6,,,,,
dataflow,ESTAT:ILC_MDDW02$DEFAULTVIEW(1.0),"Pollution, grime or other environmental problems",A,Annual,A1_DCH,One adult with dependent children,TOTAL,Total,PC,Percentage,CY,Cyprus,2012,,17.2,,,,,
dataflow,ESTAT:ILC_MDDW02$DEFAULTVIEW(1.0),"Pollution, grime or other environmental problems",A,Annual,A1_DCH,One adult with dependent children,TOTAL,Total,PC,Percentage,CY,Cyprus,2013,,13.8,,,,,
dataflow,ESTAT:ILC_MDDW02$DEFAULTVIEW(1.0),"Pollution, grime or other environmental problems",A,Annual,A1_DCH,One adult with dependent children,TOTAL,Total,PC,Percentage,CY,Cyprus,2014,,5.6,,,,,
dataflow,ESTAT:ILC_MDDW02$DEFAULTVIEW(1.0),"Pollution, grime or other environmental problems",A,Annual,A1_DCH,One adult with dependent children,TOTAL,Total,PC,Percentage,CY,Cyprus,2015,,9.7,,,,,
dataflow,ESTAT:ILC_MDDW02$DEFAULTVIEW(1.0),"Pollution, grime or other environmental problems",A,Annual,A1_DCH,One adult with dependent children,TOTAL,Total,PC,Percentage,CY,Cyprus,2016,,6.8,,,,,
dataflow,ESTAT:ILC_MDDW02$DEFAULTVIEW(1.0),"Pollution, grime or other environmental problems",A,Annual,A1_DCH,One adult with dependent children,TOTAL,Total,PC,Percentage,CY,Cyprus,2017,,10.5,,,,,
dataflow,ESTAT:ILC_MDDW02$DEFAULTVIEW(1.0),"Pollution, grime or other environmental problems",A,Annual,A1_DCH,One adult with dependent children,TOTAL,Total,PC,Percentage,CY,Cyprus,2018,,9.9,,,,,
dataflow,ESTAT:ILC_MDDW02$DEFAULTVIEW(1.0),"Pollution, grime or other environmental problems",A,Annual,A1_DCH,One adult with dependent children,TOTAL,Total,PC,Percentage,CY,Cyprus,2019,,9.3,,,,,
dataflow,ESTAT:ILC_MDDW02$DEFAULTVIEW(1.0),"Pollution, grime or other environmental problems",A,Annual,A1_DCH,One adult with dependent children,TOTAL,Total,PC,Percentage,CY,Cyprus,2020,,7.8,,,,,
dataflow,ESTAT:ILC_MDDW02$DEFAULTVIEW(1.0),"Pollution, grime or other environmental problems",A,Annual,A1_DCH,One adult with dependent children,TOTAL,Total,PC,Percentage,CY,Cyprus,2023,,18.3,,,,,
dataflow,ESTAT:ILC_MDDW02$DEFAULTVIEW(1.0),"Pollution, grime or other environmental problems",A,Annual,A1_DCH,One adult with dependent children,TOTAL,Total,PC,Percentage,CZ,Czechia,2012,,21.3,,,,,
dataflow,ESTAT:ILC_MDDW02$DEFAULTVIEW(1.0),"Pollution, grime or other environmental problems",A,Annual,A1_DCH,One adult with dependent children,TOTAL,Total,PC,Percentage,CZ,Czechia,2013,,20.3,,,,,
dataflow,ESTAT:ILC_MDDW02$DEFAULTVIEW(1.0),"Pollution, grime or other environmental problems",A,Annual,A1_DCH,One adult with dependent children,TOTAL,Total,PC,Percentage,CZ,Czechia,2014,,16.0,,,,,
dataflow,ESTAT:ILC_MDDW02$DEFAULTVIEW(1.0),"Pollution, grime or other environmental problems",A,Annual,A1_DCH,One adult with dependent children,TOTAL,Total,PC,Percentage,CZ,Czechia,2015,,15.1,,,,,
dataflow,ESTAT:ILC_MDDW02$DEFAULTVIEW(1.0),"Pollution, grime or other environmental problems",A,Annual,A1_DCH,One adult with dependent children,TOTAL,Total,PC,Percentage,CZ,Czechia,2016,,17.7,,,,,
dataflow,ESTAT:ILC_MDDW02$DEFAULTVIEW(1.0),"Pollution, grime or other environmental problems",A,Annual,A1_DCH,One adult with dependent children,TOTAL,Total,PC,Percentage,CZ,Czechia,2017,,13.8,,,,,
dataflow,ESTAT:ILC_MDDW02$DEFAULTVIEW(1.0),"Pollution, grime or other environmental problems",A,Annual,A1_DCH,One adult with dependent children,TOTAL,Total,PC,Percentage,CZ,Czechia,2018,,13.4,,,,,
dataflow,ESTAT:ILC_MDDW02$DEFAULTVIEW(1.0),"Pollution, grime or other environmental problems",A,Annual,A1_DCH,One adult with dependent children,TOTAL,Total,PC,Percentage,CZ,Czechia,2019,,13.4,,,,,
dataflow,ESTAT:ILC_MDDW02$DEFAULTVIEW(1.0),"Pollution, grime or other environmental problems",A,Annual,A1_DCH,One adult with dependent children,TOTAL,Total,PC,Percentage,CZ,Czechia,2020,,8.3,,,,,
dataflow,ESTAT:ILC_MDDW02$DEFAULTVIEW(1.0),"Pollution, grime or other environmental problems",A,Annual,A1_DCH,One adult with dependent children,TOTAL,Total,PC,Percentage,CZ,Czechia,2023,,8.9,,,,,
dataflow,ESTAT:ILC_MDDW02$DEFAULTVIEW(1.0),"Pollution, grime or other environmental problems",A,Annual,A1_DCH,One adult with dependent children,TOTAL,Total,PC,Percentage,DE,Germany,2012,,28.7,,,,,
dataflow,ESTAT:ILC_MDDW02$DEFAULTVIEW(1.0),"Pollution, grime or other environmental problems",A,Annual,A1_DCH,One adult with dependent children,TOTAL,Total,PC,Percentage,DE,Germany,2013,,28.3,,,,,
dataflow,ESTAT:ILC_MDDW02$DEFAULTVIEW(1.0),"Pollution, grime or other environmental problems",A,Annual,A1_DCH,One adult with dependent children,TOTAL,Total,PC,Percentage,DE,Germany,2014,,29.2,,,,,
dataflow,ESTAT:ILC_MDDW02$DEFAULTVIEW(1.0),"Pollution, grime or other environmental problems",A,Annual,A1_DCH,One adult with dependent children,TOTAL,Total,PC,Percentage,DE,Germany,2015,,28.2,,,,,
dataflow,ESTAT:ILC_MDDW02$DEFAULTVIEW(1.0),"Pollution, grime or other environmental problems",A,Annual,A1_DCH,One adult with dependent children,TOTAL,Total,PC,Percentage,DE,Germany,2016,,24.2,,,,,
dataflow,ESTAT:ILC_MDDW02$DEFAULTVIEW(1.0),"Pollution, grime or other environmental problems",A,Annual,A1_DCH,One adult with dependent children,TOTAL,Total,PC,Percentage,DE,Germany,2017,,27.2,,,,,
dataflow,ESTAT:ILC_MDDW02$DEFAULTVIEW(1.0),"Pollution, grime or other environmental problems",A,Annual,A1_DCH,One adult with dependent children,TOTAL,Total,PC,Percentage,DE,Germany,2018,,28.5,,,,,
dataflow,ESTAT:ILC_MDDW02$DEFAULTVIEW(1.0),"Pollution, grime or other environmental problems",A,Annual,A1_DCH,One adult with dependent children,TOTAL,Total,PC,Percentage,DE,Germany,2019,,29.9,,,,,
dataflow,ESTAT:ILC_MDDW02$DEFAULTVIEW(1.0),"Pollution, grime or other environmental problems",A,Annual,A1_DCH,One adult with dependent children,TOTAL,Total,PC,Percentage,DE,Germany,2020,,16.8,,bu,"break in time series, low reliability",,
dataflow,ESTAT:ILC_MDDW02$DEFAULTVIEW(1.0),"Pollution, grime or other environmental problems",A,Annual,A1_DCH,One adult with dependent children,TOTAL,Total,PC,Percentage,DE,Germany,2023,,20.8,,u,low reliability,,
dataflow,ESTAT:ILC_MDDW02$DEFAULTVIEW(1.0),"Pollution, grime or other environmental problems",A,Annual,A1_DCH,One adult with dependent children,TOTAL,Total,PC,Percentage,DK,Denmark,2012,,8.1,,,,,
dataflow,ESTAT:ILC_MDDW02$DEFAULTVIEW(1.0),"Pollution, grime or other environmental problems",A,Annual,A1_DCH,One adult with dependent children,TOTAL,Total,PC,Percentage,DK,Denmark,2013,,6.3,,,,,
dataflow,ESTAT:ILC_MDDW02$DEFAULTVIEW(1.0),"Pollution, grime or other environmental problems",A,Annual,A1_DCH,One adult with dependent children,TOTAL,Total,PC,Percentage,DK,Denmark,2014,,11.8,,,,,
dataflow,ESTAT:ILC_MDDW02$DEFAULTVIEW(1.0),"Pollution, grime or other environmental problems",A,Annual,A1_DCH,One adult with dependent children,TOTAL,Total,PC,Percentage,DK,Denmark,2015,,5.5,,,,,
dataflow,ESTAT:ILC_MDDW02$DEFAULTVIEW(1.0),"Pollution, grime or other environmental problems",A,Annual,A1_DCH,One adult with dependent children,TOTAL,Total,PC,Percentage,DK,Denmark,2016,,12.1,,,,,
dataflow,ESTAT:ILC_MDDW02$DEFAULTVIEW(1.0),"Pollution, grime or other environmental problems",A,Annual,A1_DCH,One adult with dependent children,TOTAL,Total,PC,Percentage,DK,Denmark,2017,,9.7,,,,,
dataflow,ESTAT:ILC_MDDW02$DEFAULTVIEW(1.0),"Pollution, grime or other environmental problems",A,Annual,A1_DCH,One adult with dependent children,TOTAL,Total,PC,Percentage,DK,Denmark,2018,,11.4,,,,,
dataflow,ESTAT:ILC_MDDW02$DEFAULTVIEW(1.0),"Pollution, grime or other environmental problems",A,Annual,A1_DCH,One adult with dependent children,TOTAL,Total,PC,Percentage,DK,Denmark,2019,,12.6,,,,,
dataflow,ESTAT:ILC_MDDW02$DEFAULTVIEW(1.0),"Pollution, grime or other environmental problems",A,Annual,A1_DCH,One adult with dependent children,TOTAL,Total,PC,Percentage,DK,Denmark,2020,,11.4,,,,,
dataflow,ESTAT:ILC_MDDW02$DEFAULTVIEW(1.0),"Pollution, grime or other environmental problems",A,Annual,A1_DCH,One adult with dependent children,TOTAL,Total,PC,Percentage,DK,Denmark,2023,,14.0,,,,,
dataflow,ESTAT:ILC_MDDW02$DEFAULTVIEW(1.0),"Pollution, grime or other environmental problems",A,Annual,A1_DCH,One adult with dependent children,TOTAL,Total,PC,Percentage,EA,"Euro area (EA11-1999, EA12-2001, EA13-2007, EA15-2008, EA16-2009, EA17-2011, EA18-2014, EA19-2015, EA20-2023, EA21-2026)",2012,,19.1,,e,estimated,,
dataflow,ESTAT:ILC_MDDW02$DEFAULTVIEW(1.0),"Pollution, grime or other environmental problems",A,Annual,A1_DCH,One adult with dependent children,TOTAL,Total,PC,Percentage,EA,"Euro area (EA11-1999, EA12-2001, EA13-2007, EA15-2008, EA16-2009, EA17-2011, EA18-2014, EA19-2015, EA20-2023, EA21-2026)",2013,,18.4,,e,estimated,,
dataflow,ESTAT:ILC_MDDW02$DEFAULTVIEW(1.0),"Pollution, grime or other environmental problems",A,Annual,A1_DCH,One adult with dependent children,TOTAL,Total,PC,Percentage,EA,"Euro area (EA11-1999, EA12-2001, EA13-2007, EA15-2008, EA16-2009, EA17-2011, EA18-2014, EA19-2015, EA20-2023, EA21-2026)",2014,,20.3,,e,estimated,,
dataflow,ESTAT:ILC_MDDW02$DEFAULTVIEW(1.0),"Pollution, grime or other environmental problems",A,Annual,A1_DCH,One adult with dependent children,TOTAL,Total,PC,Percentage,EA,"Euro area (EA11-1999, EA12-2001, EA13-2007, EA15-2008, EA16-2009, EA17-2011, EA18-2014, EA19-2015, EA20-2023, EA21-2026)",2015,,18.2,,e,estimated,,
dataflow,ESTAT:ILC_MDDW02$DEFAULTVIEW(1.0),"Pollution, grime or other environmental problems",A,Annual,A1_DCH,One adult with dependent children,TOTAL,Total,PC,Percentage,EA,"Euro area (EA11-1999, EA12-2001, EA13-2007, EA15-2008, EA16-2009, EA17-2011, EA18-2014, EA19-2015, EA20-2023, EA21-2026)",2016,,18.1,,e,estimated,,
dataflow,ESTAT:ILC_MDDW02$DEFAULTVIEW(1.0),"Pollution, grime or other environmental problems",A,Annual,A1_DCH,One adult with dependent children,TOTAL,Total,PC,Percentage,EA,"Euro area (EA11-1999, EA12-2001, EA13-2007, EA15-2008, EA16-2009, EA17-2011, EA18-2014, EA19-2015, EA20-2023, EA21-2026)",2017,,16.8,,e,estimated,,
dataflow,ESTAT:ILC_MDDW02$DEFAULTVIEW(1.0),"Pollution, grime or other environmental problems",A,Annual,A1_DCH,One adult with dependent children,TOTAL,Total,PC,Percentage,EA,"Euro area (EA11-1999, EA12-2001, EA13-2007, EA15-2008, EA16-2009, EA17-2011, EA18-2014, EA19-2015, EA20-2023, EA21-2026)",2018,,18.7,,e,estimated,,
dataflow,ESTAT:ILC_MDDW02$DEFAULTVIEW(1.0),"Pollution, grime or other environmental problems",A,Annual,A1_DCH,One adult with dependent children,TOTAL,Total,PC,Percentage,EA,"Euro area (EA11-1999, EA12-2001, EA13-2007, EA15-2008, EA16-2009, EA17-2011, EA18-2014, EA19-2015, EA20-2023, EA21-2026)",2019,,19.4,,,,,
dataflow,ESTAT:ILC_MDDW02$DEFAULTVIEW(1.0),"Pollution, grime or other environmental problems",A,Annual,A1_DCH,One adult with dependent children,TOTAL,Total,PC,Percentage,EA,"Euro area (EA11-1999, EA12-2001, EA13-2007, EA15-2008, EA16-2009, EA17-2011, EA18-2014, EA19-2015, EA20-2023, EA21-2026)",2020,,18.8,,,,,
dataflow,ESTAT:ILC_MDDW02$DEFAULTVIEW(1.0),"Pollution, grime or other environmental problems",A,Annual,A1_DCH,One adult with dependent children,TOTAL,Total,PC,Percentage,EA18,Euro area - 18 countries (2014),2012,,19.1,,,,,
dataflow,ESTAT:ILC_MDDW02$DEFAULTVIEW(1.0),"Pollution, grime or other environmental problems",A,Annual,A1_DCH,One adult with dependent children,TOTAL,Total,PC,Percentage,EA18,Euro area - 18 countries (2014),2013,,18.4,,,,,
dataflow,ESTAT:ILC_MDDW02$DEFAULTVIEW(1.0),"Pollution, grime or other environmental problems",A,Annual,A1_DCH,One adult with dependent children,TOTAL,Total,PC,Percentage,EA18,Euro area - 18 countries (2014),2014,,20.3,,,,,
dataflow,ESTAT:ILC_MDDW02$DEFAULTVIEW(1.0),"Pollution, grime or other environmental problems",A,Annual,A1_DCH,One adult with dependent children,TOTAL,Total,PC,Percentage,EA18,Euro area - 18 countries (2014),2015,,18.3,,,,,
dataflow,ESTAT:ILC_MDDW02$DEFAULTVIEW(1.0),"Pollution, grime or other environmental problems",A,Annual,A1_DCH,One adult with dependent children,TOTAL,Total,PC,Percentage,EA18,Euro area - 18 countries (2014),2016,,18.0,,,,,
dataflow,ESTAT:ILC_MDDW02$DEFAULTVIEW(1.0),"Pollution, grime or other environmental problems",A,Annual,A1_DCH,One adult with dependent children,TOTAL,Total,PC,Percentage,EA18,Euro area - 18 countries (2014),2017,,16.8,,,,,
dataflow,ESTAT:ILC_MDDW02$DEFAULTVIEW(1.0),"Pollution, grime or other environmental problems",A,Annual,A1_DCH,One adult with dependent children,TOTAL,Total,PC,Percentage,EA18,Euro area - 18 countries (2014),2018,,18.7,,,,,
dataflow,ESTAT:ILC_MDDW02$DEFAULTVIEW(1.0),"Pollution, grime or other environmental problems",A,Annual,A1_DCH,One adult with dependent children,TOTAL,Total,PC,Percentage,EA18,Euro area - 18 countries (2014),2019,,19.4,,,,,
dataflow,ESTAT:ILC_MDDW02$DEFAULTVIEW(1.0),"Pollution, grime or other environmental problems",A,Annual,A1_DCH,One adult with dependent children,TOTAL,Total,PC,Percentage,EA18,Euro area - 18 countries (2014),2020,,18.9,,,,,
dataflow,ESTAT:ILC_MDDW02$DEFAULTVIEW(1.0),"Pollution, grime or other environmental problems",A,Annual,A1_DCH,One adult with dependent children,TOTAL,Total,PC,Percentage,EA19,Euro area - 19 countries  (2015-2022),2012,,19.1,,,,,
dataflow,ESTAT:ILC_MDDW02$DEFAULTVIEW(1.0),"Pollution, grime or other environmental problems",A,Annual,A1_DCH,One adult with dependent children,TOTAL,Total,PC,Percentage,EA19,Euro area - 19 countries  (2015-2022),2013,,18.4,,,,,
dataflow,ESTAT:ILC_MDDW02$DEFAULTVIEW(1.0),"Pollution, grime or other environmental problems",A,Annual,A1_DCH,One adult with dependent children,TOTAL,Total,PC,Percentage,EA19,Euro area - 19 countries  (2015-2022),2014,,20.2,,,,,
dataflow,ESTAT:ILC_MDDW02$DEFAULTVIEW(1.0),"Pollution, grime or other environmental problems",A,Annual,A1_DCH,One adult with dependent children,TOTAL,Total,PC,Percentage,EA19,Euro area - 19 countries  (2015-2022),2015,,18.2,,,,,
dataflow,ESTAT:ILC_MDDW02$DEFAULTVIEW(1.0),"Pollution, grime or other environmental problems",A,Annual,A1_DCH,One adult with dependent children,TOTAL,Total,PC,Percentage,EA19,Euro area - 19 countries  (2015-2022),2016,,18.1,,,,,
dataflow,ESTAT:ILC_MDDW02$DEFAULTVIEW(1.0),"Pollution, grime or other environmental problems",A,Annual,A1_DCH,One adult with dependent children,TOTAL,Total,PC,Percentage,EA19,Euro area - 19 countries  (2015-2022),2017,,16.8,,,,,
dataflow,ESTAT:ILC_MDDW02$DEFAULTVIEW(1.0),"Pollution, grime or other environmental problems",A,Annual,A1_DCH,One adult with dependent children,TOTAL,Total,PC,Percentage,EA19,Euro area - 19 countries  (2015-2022),2018,,18.7,,,,,
dataflow,ESTAT:ILC_MDDW02$DEFAULTVIEW(1.0),"Pollution, grime or other environmental problems",A,Annual,A1_DCH,One adult with dependent children,TOTAL,Total,PC,Percentage,EA19,Euro area - 19 countries  (2015-2022),2019,,19.4,,,,,
dataflow,ESTAT:ILC_MDDW02$DEFAULTVIEW(1.0),"Pollution, grime or other environmental problems",A,Annual,A1_DCH,One adult with dependent children,TOTAL,Total,PC,Percentage,EA19,Euro area - 19 countries  (2015-2022),2020,,18.8,,,,,
dataflow,ESTAT:ILC_MDDW02$DEFAULTVIEW(1.0),"Pollution, grime or other environmental problems",A,Annual,A1_DCH,One adult with dependent children,TOTAL,Total,PC,Percentage,EA20,Euro area – 20 countries (2023-2025),2023,,17.2,,,,,
dataflow,ESTAT:ILC_MDDW02$DEFAULTVIEW(1.0),"Pollution, grime or other environmental problems",A,Annual,A1_DCH,One adult with dependent children,TOTAL,Total,PC,Percentage,EE,Estonia,2012,,11.7,,,,,
dataflow,ESTAT:ILC_MDDW02$DEFAULTVIEW(1.0),"Pollution, grime or other environmental problems",A,Annual,A1_DCH,One adult with dependent children,TOTAL,Total,PC,Percentage,EE,Estonia,2013,,9.3,,,,,
dataflow,ESTAT:ILC_MDDW02$DEFAULTVIEW(1.0),"Pollution, grime or other environmental problems",A,Annual,A1_DCH,One adult with dependent children,TOTAL,Total,PC,Percentage,EE,Estonia,2014,,17.1,,b,break in time series,,
dataflow,ESTAT:ILC_MDDW02$DEFAULTVIEW(1.0),"Pollution, grime or other environmental problems",A,Annual,A1_DCH,One adult with dependent children,TOTAL,Total,PC,Percentage,EE,Estonia,2015,,8.4,,,,,
dataflow,ESTAT:ILC_MDDW02$DEFAULTVIEW(1.0),"Pollution, grime or other environmental problems",A,Annual,A1_DCH,One adult with dependent children,TOTAL,Total,PC,Percentage,EE,Estonia,2016,,13.1,,,,,
dataflow,ESTAT:ILC_MDDW02$DEFAULTVIEW(1.0),"Pollution, grime or other environmental problems",A,Annual,A1_DCH,One adult with dependent children,TOTAL,Total,PC,Percentage,EE,Estonia,2017,,7.4,,,,,
dataflow,ESTAT:ILC_MDDW02$DEFAULTVIEW(1.0),"Pollution, grime or other environmental problems",A,Annual,A1_DCH,One adult with dependent children,TOTAL,Total,PC,Percentage,EE,Estonia,2018,,12.2,,,,,
dataflow,ESTAT:ILC_MDDW02$DEFAULTVIEW(1.0),"Pollution, grime or other environmental problems",A,Annual,A1_DCH,One adult with dependent children,TOTAL,Total,PC,Percentage,EE,Estonia,2019,,7.1,,,,,
dataflow,ESTAT:ILC_MDDW02$DEFAULTVIEW(1.0),"Pollution, grime or other environmental problems",A,Annual,A1_DCH,One adult with dependent children,TOTAL,Total,PC,Percentage,EE,Estonia,2020,,10.6,,,,,
dataflow,ESTAT:ILC_MDDW02$DEFAULTVIEW(1.0),"Pollution, grime or other environmental problems",A,Annual,A1_DCH,One adult with dependent children,TOTAL,Total,PC,Percentage,EE,Estonia,2023,,10.3,,,,,
dataflow,ESTAT:ILC_MDDW02$DEFAULTVIEW(1.0),"Pollution, grime or other environmental problems",A,Annual,A1_DCH,One adult with dependent children,TOTAL,Total,PC,Percentage,EL,Greece,2012,,45.7,,,,,
dataflow,ESTAT:ILC_MDDW02$DEFAULTVIEW(1.0),"Pollution, grime or other environmental problems",A,Annual,A1_DCH,One adult with dependent children,TOTAL,Total,PC,Percentage,EL,Greece,2013,,32.6,,,,,
dataflow,ESTAT:ILC_MDDW02$DEFAULTVIEW(1.0),"Pollution, grime or other environmental problems",A,Annual,A1_DCH,One adult with dependent children,TOTAL,Total,PC,Percentage,EL,Greece,2014,,29.9,,,,,
dataflow,ESTAT:ILC_MDDW02$DEFAULTVIEW(1.0),"Pollution, grime or other environmental problems",A,Annual,A1_DCH,One adult with dependent children,TOTAL,Total,PC,Percentage,EL,Greece,2015,,21.6,,,,,
dataflow,ESTAT:ILC_MDDW02$DEFAULTVIEW(1.0),"Pollution, grime or other environmental problems",A,Annual,A1_DCH,One adult with dependent children,TOTAL,Total,PC,Percentage,EL,Greece,2016,,24.7,,,,,
dataflow,ESTAT:ILC_MDDW02$DEFAULTVIEW(1.0),"Pollution, grime or other environmental problems",A,Annual,A1_DCH,One adult with dependent children,TOTAL,Total,PC,Percentage,EL,Greece,2017,,24.1,,,,,
dataflow,ESTAT:ILC_MDDW02$DEFAULTVIEW(1.0),"Pollution, grime or other environmental problems",A,Annual,A1_DCH,One adult with dependent children,TOTAL,Total,PC,Percentage,EL,Greece,2018,,24.0,,,,,
dataflow,ESTAT:ILC_MDDW02$DEFAULTVIEW(1.0),"Pollution, grime or other environmental problems",A,Annual,A1_DCH,One adult with dependent children,TOTAL,Total,PC,Percentage,EL,Greece,2019,,25.4,,,,,
dataflow,ESTAT:ILC_MDDW02$DEFAULTVIEW(1.0),"Pollution, grime or other environmental problems",A,Annual,A1_DCH,One adult with dependent children,TOTAL,Total,PC,Percentage,EL,Greece,2020,,34.1,,,,,
dataflow,ESTAT:ILC_MDDW02$DEFAULTVIEW(1.0),"Pollution, grime or other environmental problems",A,Annual,A1_DCH,One adult with dependent children,TOTAL,Total,PC,Percentage,EL,Greece,2023,,26.6,,,,,
dataflow,ESTAT:ILC_MDDW02$DEFAULTVIEW(1.0),"Pollution, grime or other environmental problems",A,Annual,A1_DCH,One adult with dependent children,TOTAL,Total,PC,Percentage,ES,Spain,2012,,10.2,,,,,
dataflow,ESTAT:ILC_MDDW02$DEFAULTVIEW(1.0),"Pollution, grime or other environmental problems",A,Annual,A1_DCH,One adult with dependent children,TOTAL,Total,PC,Percentage,ES,Spain,2013,,8.4,,,,,
dataflow,ESTAT:ILC_MDDW02$DEFAULTVIEW(1.0),"Pollution, grime or other environmental problems",A,Annual,A1_DCH,One adult with dependent children,TOTAL,Total,PC,Percentage,ES,Spain,2014,,15.8,,,,,
dataflow,ESTAT:ILC_MDDW02$DEFAULTVIEW(1.0),"Pollution, grime or other environmental problems",A,Annual,A1_DCH,One adult with dependent children,TOTAL,Total,PC,Percentage,ES,Spain,2015,,8.8,,,,,
dataflow,ESTAT:ILC_MDDW02$DEFAULTVIEW(1.0),"Pollution, grime or other environmental problems",A,Annual,A1_DCH,One adult with dependent children,TOTAL,Total,PC,Percentage,ES,Spain,2016,,9.5,,,,,
dataflow,ESTAT:ILC_MDDW02$DEFAULTVIEW(1.0),"Pollution, grime or other environmental problems",A,Annual,A1_DCH,One adult with dependent children,TOTAL,Total,PC,Percentage,ES,Spain,2017,,13.4,,,,,
dataflow,ESTAT:ILC_MDDW02$DEFAULTVIEW(1.0),"Pollution, grime or other environmental problems",A,Annual,A1_DCH,One adult with dependent children,TOTAL,Total,PC,Percentage,ES,Spain,2018,,14.2,,,,,
dataflow,ESTAT:ILC_MDDW02$DEFAULTVIEW(1.0),"Pollution, grime or other environmental problems",A,Annual,A1_DCH,One adult with dependent children,TOTAL,Total,PC,Percentage,ES,Spain,2019,,9.5,,,,,
dataflow,ESTAT:ILC_MDDW02$DEFAULTVIEW(1.0),"Pollution, grime or other environmental problems",A,Annual,A1_DCH,One adult with dependent children,TOTAL,Total,PC,Percentage,ES,Spain,2020,,15.4,,,,,
dataflow,ESTAT:ILC_MDDW02$DEFAULTVIEW(1.0),"Pollution, grime or other environmental problems",A,Annual,A1_DCH,One adult with dependent children,TOTAL,Total,PC,Percentage,ES,Spain,2023,,13.7,,,,,
dataflow,ESTAT:ILC_MDDW02$DEFAULTVIEW(1.0),"Pollution, grime or other environmental problems",A,Annual,A1_DCH,One adult with dependent children,TOTAL,Total,PC,Percentage,EU,"European Union (EU6-1958, EU9-1973, EU10-1981, EU12-1986, EU15-1995, EU25-2004, EU27-2007, EU28-2013, EU27-2020)",2012,,17.0,,,,,
dataflow,ESTAT:ILC_MDDW02$DEFAULTVIEW(1.0),"Pollution, grime or other environmental problems",A,Annual,A1_DCH,One adult with dependent children,TOTAL,Total,PC,Percentage,EU,"European Union (EU6-1958, EU9-1973, EU10-1981, EU12-1986, EU15-1995, EU25-2004, EU27-2007, EU28-2013, EU27-2020)",2013,,16.2,,,,,
dataflow,ESTAT:ILC_MDDW02$DEFAULTVIEW(1.0),"Pollution, grime or other environmental problems",A,Annual,A1_DCH,One adult with dependent children,TOTAL,Total,PC,Percentage,EU,"European Union (EU6-1958, EU9-1973, EU10-1981, EU12-1986, EU15-1995, EU25-2004, EU27-2007, EU28-2013, EU27-2020)",2014,,17.1,,,,,
dataflow,ESTAT:ILC_MDDW02$DEFAULTVIEW(1.0),"Pollution, grime or other environmental problems",A,Annual,A1_DCH,One adult with dependent children,TOTAL,Total,PC,Percentage,EU,"European Union (EU6-1958, EU9-1973, EU10-1981, EU12-1986, EU15-1995, EU25-2004, EU27-2007, EU28-2013, EU27-2020)",2015,,15.8,,,,,
dataflow,ESTAT:ILC_MDDW02$DEFAULTVIEW(1.0),"Pollution, grime or other environmental problems",A,Annual,A1_DCH,One adult with dependent children,TOTAL,Total,PC,Percentage,EU,"European Union (EU6-1958, EU9-1973, EU10-1981, EU12-1986, EU15-1995, EU25-2004, EU27-2007, EU28-2013, EU27-2020)",2016,,15.4,,,,,
dataflow,ESTAT:ILC_MDDW02$DEFAULTVIEW(1.0),"Pollution, grime or other environmental problems",A,Annual,A1_DCH,One adult with dependent children,TOTAL,Total,PC,Percentage,EU,"European Union (EU6-1958, EU9-1973, EU10-1981, EU12-1986, EU15-1995, EU25-2004, EU27-2007, EU28-2013, EU27-2020)",2017,,16.1,,e,estimated,,
dataflow,ESTAT:ILC_MDDW02$DEFAULTVIEW(1.0),"Pollution, grime or other environmental problems",A,Annual,A1_DCH,One adult with dependent children,TOTAL,Total,PC,Percentage,EU,"European Union (EU6-1958, EU9-1973, EU10-1981, EU12-1986, EU15-1995, EU25-2004, EU27-2007, EU28-2013, EU27-2020)",2018,,17.2,,e,estimated,,
dataflow,ESTAT:ILC_MDDW02$DEFAULTVIEW(1.0),"Pollution, grime or other environmental problems",A,Annual,A1_DCH,One adult with dependent children,TOTAL,Total,PC,Percentage,EU,"European Union (EU6-1958, EU9-1973, EU10-1981, EU12-1986, EU15-1995, EU25-2004, EU27-2007, EU28-2013, EU27-2020)",2019,,17.9,,e,estimated,,
dataflow,ESTAT:ILC_MDDW02$DEFAULTVIEW(1.0),"Pollution, grime or other environmental problems",A,Annual,A1_DCH,One adult with dependent children,TOTAL,Total,PC,Percentage,EU27_2007,European Union - 27 countries (2007-2013),2012,,17.0,,,,,
dataflow,ESTAT:ILC_MDDW02$DEFAULTVIEW(1.0),"Pollution, grime or other environmental problems",A,Annual,A1_DCH,One adult with dependent children,TOTAL,Total,PC,Percentage,EU27_2007,European Union - 27 countries (2007-2013),2013,,16.2,,,,,
dataflow,ESTAT:ILC_MDDW02$DEFAULTVIEW(1.0),"Pollution, grime or other environmental problems",A,Annual,A1_DCH,One adult with dependent children,TOTAL,Total,PC,Percentage,EU27_2007,European Union - 27 countries (2007-2013),2014,,17.1,,,,,
dataflow,ESTAT:ILC_MDDW02$DEFAULTVIEW(1.0),"Pollution, grime or other environmental problems",A,Annual,A1_DCH,One adult with dependent children,TOTAL,Total,PC,Percentage,EU27_2007,European Union - 27 countries (2007-2013),2015,,15.8,,,,,
dataflow,ESTAT:ILC_MDDW02$DEFAULTVIEW(1.0),"Pollution, grime or other environmental problems",A,Annual,A1_DCH,One adult with dependent children,TOTAL,Total,PC,Percentage,EU27_2007,European Union - 27 countries (2007-2013),2016,,15.4,,,,,
dataflow,ESTAT:ILC_MDDW02$DEFAULTVIEW(1.0),"Pollution, grime or other environmental problems",A,Annual,A1_DCH,One adult with dependent children,TOTAL,Total,PC,Percentage,EU27_2007,European Union - 27 countries (2007-2013),2017,,16.2,,e,estimated,,
dataflow,ESTAT:ILC_MDDW02$DEFAULTVIEW(1.0),"Pollution, grime or other environmental problems",A,Annual,A1_DCH,One adult with dependent children,TOTAL,Total,PC,Percentage,EU27_2007,European Union - 27 countries (2007-2013),2018,,17.2,,e,estimated,,
dataflow,ESTAT:ILC_MDDW02$DEFAULTVIEW(1.0),"Pollution, grime or other environmental problems",A,Annual,A1_DCH,One adult with dependent children,TOTAL,Total,PC,Percentage,EU27_2007,European Union - 27 countries (2007-2013),2019,,17.9,,e,estimated,,
dataflow,ESTAT:ILC_MDDW02$DEFAULTVIEW(1.0),"Pollution, grime or other environmental problems",A,Annual,A1_DCH,One adult with dependent children,TOTAL,Total,PC,Percentage,EU27_2020,European Union - 27 countries (from 2020),2012,,18.3,,e,estimated,,
dataflow,ESTAT:ILC_MDDW02$DEFAULTVIEW(1.0),"Pollution, grime or other environmental problems",A,Annual,A1_DCH,One adult with dependent children,TOTAL,Total,PC,Percentage,EU27_2020,European Union - 27 countries (from 2020),2013,,17.7,,e,estimated,,
dataflow,ESTAT:ILC_MDDW02$DEFAULTVIEW(1.0),"Pollution, grime or other environmental problems",A,Annual,A1_DCH,One adult with dependent children,TOTAL,Total,PC,Percentage,EU27_2020,European Union - 27 countries (from 2020),2014,,19.2,,e,estimated,,
dataflow,ESTAT:ILC_MDDW02$DEFAULTVIEW(1.0),"Pollution, grime or other environmental problems",A,Annual,A1_DCH,One adult with dependent children,TOTAL,Total,PC,Percentage,EU27_2020,European Union - 27 countries (from 2020),2015,,17.2,,e,estimated,,
dataflow,ESTAT:ILC_MDDW02$DEFAULTVIEW(1.0),"Pollution, grime or other environmental problems",A,Annual,A1_DCH,One adult with dependent children,TOTAL,Total,PC,Percentage,EU27_2020,European Union - 27 countries (from 2020),2016,,17.2,,e,estimated,,
dataflow,ESTAT:ILC_MDDW02$DEFAULTVIEW(1.0),"Pollution, grime or other environmental problems",A,Annual,A1_DCH,One adult with dependent children,TOTAL,Total,PC,Percentage,EU27_2020,European Union - 27 countries (from 2020),2017,,16.2,,e,estimated,,
dataflow,ESTAT:ILC_MDDW02$DEFAULTVIEW(1.0),"Pollution, grime or other environmental problems",A,Annual,A1_DCH,One adult with dependent children,TOTAL,Total,PC,Percentage,EU27_2020,European Union - 27 countries (from 2020),2018,,17.7,,e,estimated,,
dataflow,ESTAT:ILC_MDDW02$DEFAULTVIEW(1.0),"Pollution, grime or other environmental problems",A,Annual,A1_DCH,One adult with dependent children,TOTAL,Total,PC,Percentage,EU27_2020,European Union - 27 countries (from 2020),2019,,18.5,,e,estimated,,
dataflow,ESTAT:ILC_MDDW02$DEFAULTVIEW(1.0),"Pollution, grime or other environmental problems",A,Annual,A1_DCH,One adult with dependent children,TOTAL,Total,PC,Percentage,EU27_2020,European Union - 27 countries (from 2020),2020,,17.4,,e,estimated,,
dataflow,ESTAT:ILC_MDDW02$DEFAULTVIEW(1.0),"Pollution, grime or other environmental problems",A,Annual,A1_DCH,One adult with dependent children,TOTAL,Total,PC,Percentage,EU27_2020,European Union - 27 countries (from 2020),2023,,16.3,,,,,
dataflow,ESTAT:ILC_MDDW02$DEFAULTVIEW(1.0),"Pollution, grime or other environmental problems",A,Annual,A1_DCH,One adult with dependent children,TOTAL,Total,PC,Percentage,EU28,European Union - 28 countries (2013-2020),2012,,17.0,,,,,
dataflow,ESTAT:ILC_MDDW02$DEFAULTVIEW(1.0),"Pollution, grime or other environmental problems",A,Annual,A1_DCH,One adult with dependent children,TOTAL,Total,PC,Percentage,EU28,European Union - 28 countries (2013-2020),2013,,16.2,,,,,
dataflow,ESTAT:ILC_MDDW02$DEFAULTVIEW(1.0),"Pollution, grime or other environmental problems",A,Annual,A1_DCH,One adult with dependent children,TOTAL,Total,PC,Percentage,EU28,European Union - 28 countries (2013-2020),2014,,17.1,,,,,
dataflow,ESTAT:ILC_MDDW02$DEFAULTVIEW(1.0),"Pollution, grime or other environmental problems",A,Annual,A1_DCH,One adult with dependent children,TOTAL,Total,PC,Percentage,EU28,European Union - 28 countries (2013-2020),2015,,15.8,,,,,
dataflow,ESTAT:ILC_MDDW02$DEFAULTVIEW(1.0),"Pollution, grime or other environmental problems",A,Annual,A1_DCH,One adult with dependent children,TOTAL,Total,PC,Percentage,EU28,European Union - 28 countries (2013-2020),2016,,15.4,,,,,
dataflow,ESTAT:ILC_MDDW02$DEFAULTVIEW(1.0),"Pollution, grime or other environmental problems",A,Annual,A1_DCH,One adult with dependent children,TOTAL,Total,PC,Percentage,EU28,European Union - 28 countries (2013-2020),2017,,16.1,,e,estimated,,
dataflow,ESTAT:ILC_MDDW02$DEFAULTVIEW(1.0),"Pollution, grime or other environmental problems",A,Annual,A1_DCH,One adult with dependent children,TOTAL,Total,PC,Percentage,EU28,European Union - 28 countries (2013-2020),2018,,17.2,,e,estimated,,
dataflow,ESTAT:ILC_MDDW02$DEFAULTVIEW(1.0),"Pollution, grime or other environmental problems",A,Annual,A1_DCH,One adult with dependent children,TOTAL,Total,PC,Percentage,EU28,European Union - 28 countries (2013-2020),2019,,17.9,,e,estimated,,
dataflow,ESTAT:ILC_MDDW02$DEFAULTVIEW(1.0),"Pollution, grime or other environmental problems",A,Annual,A1_DCH,One adult with dependent children,TOTAL,Total,PC,Percentage,FI,Finland,2012,,10.2,,,,,
dataflow,ESTAT:ILC_MDDW02$DEFAULTVIEW(1.0),"Pollution, grime or other environmental problems",A,Annual,A1_DCH,One adult with dependent children,TOTAL,Total,PC,Percentage,FI,Finland,2013,,8.9,,,,,
dataflow,ESTAT:ILC_MDDW02$DEFAULTVIEW(1.0),"Pollution, grime or other environmental problems",A,Annual,A1_DCH,One adult with dependent children,TOTAL,Total,PC,Percentage,FI,Finland,2014,,8.6,,,,,
dataflow,ESTAT:ILC_MDDW02$DEFAULTVIEW(1.0),"Pollution, grime or other environmental problems",A,Annual,A1_DCH,One adult with dependent children,TOTAL,Total,PC,Percentage,FI,Finland,2015,,11.6,,,,,
dataflow,ESTAT:ILC_MDDW02$DEFAULTVIEW(1.0),"Pollution, grime or other environmental problems",A,Annual,A1_DCH,One adult with dependent children,TOTAL,Total,PC,Percentage,FI,Finland,2016,,8.8,,,,,
dataflow,ESTAT:ILC_MDDW02$DEFAULTVIEW(1.0),"Pollution, grime or other environmental problems",A,Annual,A1_DCH,One adult with dependent children,TOTAL,Total,PC,Percentage,FI,Finland,2017,,13.0,,,,,
dataflow,ESTAT:ILC_MDDW02$DEFAULTVIEW(1.0),"Pollution, grime or other environmental problems",A,Annual,A1_DCH,One adult with dependent children,TOTAL,Total,PC,Percentage,FI,Finland,2018,,11.0,,,,,
dataflow,ESTAT:ILC_MDDW02$DEFAULTVIEW(1.0),"Pollution, grime or other environmental problems",A,Annual,A1_DCH,One adult with dependent children,TOTAL,Total,PC,Percentage,FI,Finland,2019,,15.4,,,,,
dataflow,ESTAT:ILC_MDDW02$DEFAULTVIEW(1.0),"Pollution, grime or other environmental problems",A,Annual,A1_DCH,One adult with dependent children,TOTAL,Total,PC,Percentage,FI,Finland,2020,,12.3,,,,,
dataflow,ESTAT:ILC_MDDW02$DEFAULTVIEW(1.0),"Pollution, grime or other environmental problems",A,Annual,A1_DCH,One adult with dependent children,TOTAL,Total,PC,Percentage,FI,Finland,2023,,13.5,,,,,
dataflow,ESTAT:ILC_MDDW02$DEFAULTVIEW(1.0),"Pollution, grime or other environmental problems",A,Annual,A1_DCH,One adult with dependent children,TOTAL,Total,PC,Percentage,FR,France,2012,,12.7,,,,,
dataflow,ESTAT:ILC_MDDW02$DEFAULTVIEW(1.0),"Pollution, grime or other environmental problems",A,Annual,A1_DCH,One adult with dependent children,TOTAL,Total,PC,Percentage,FR,France,2013,,11.7,,,,,
dataflow,ESTAT:ILC_MDDW02$DEFAULTVIEW(1.0),"Pollution, grime or other environmental problems",A,Annual,A1_DCH,One adult with dependent children,TOTAL,Total,PC,Percentage,FR,France,2014,,16.8,,,,,
dataflow,ESTAT:ILC_MDDW02$DEFAULTVIEW(1.0),"Pollution, grime or other environmental problems",A,Annual,A1_DCH,One adult with dependent children,TOTAL,Total,PC,Percentage,FR,France,2015,,14.0,,,,,
dataflow,ESTAT:ILC_MDDW02$DEFAULTVIEW(1.0),"Pollution, grime or other environmental problems",A,Annual,A1_DCH,One adult with dependent children,TOTAL,Total,PC,Percentage,FR,France,2016,,17.4,,,,,
dataflow,ESTAT:ILC_MDDW02$DEFAULTVIEW(1.0),"Pollution, grime or other environmental problems",A,Annual,A1_DCH,One adult with dependent children,TOTAL,Total,PC,Percentage,FR,France,2017,,12.7,,,,,
dataflow,ESTAT:ILC_MDDW02$DEFAULTVIEW(1.0),"Pollution, grime or other environmental problems",A,Annual,A1_DCH,One adult with dependent children,TOTAL,Total,PC,Percentage,FR,France,2018,,18.6,,,,,
dataflow,ESTAT:ILC_MDDW02$DEFAULTVIEW(1.0),"Pollution, grime or other environmental problems",A,Annual,A1_DCH,One adult with dependent children,TOTAL,Total,PC,Percentage,FR,France,2019,,20.6,,,,,
dataflow,ESTAT:ILC_MDDW02$DEFAULTVIEW(1.0),"Pollution, grime or other environmental problems",A,Annual,A1_DCH,One adult with dependent children,TOTAL,Total,PC,Percentage,FR,France,2020,,25.0,,b,break in time series,,
dataflow,ESTAT:ILC_MDDW02$DEFAULTVIEW(1.0),"Pollution, grime or other environmental problems",A,Annual,A1_DCH,One adult with dependent children,TOTAL,Total,PC,Percentage,FR,France,2023,,22.8,,,,,
dataflow,ESTAT:ILC_MDDW02$DEFAULTVIEW(1.0),"Pollution, grime or other environmental problems",A,Annual,A1_DCH,One adult with dependent children,TOTAL,Total,PC,Percentage,HR,Croatia,2012,,8.1,,,,,
dataflow,ESTAT:ILC_MDDW02$DEFAULTVIEW(1.0),"Pollution, grime or other environmental problems",A,Annual,A1_DCH,One adult with dependent children,TOTAL,Total,PC,Percentage,HR,Croatia,2013,,9.6,,,,,
dataflow,ESTAT:ILC_MDDW02$DEFAULTVIEW(1.0),"Pollution, grime or other environmental problems",A,Annual,A1_DCH,One adult with dependent children,TOTAL,Total,PC,Percentage,HR,Croatia,2014,,3.4,,,,,
dataflow,ESTAT:ILC_MDDW02$DEFAULTVIEW(1.0),"Pollution, grime or other environmental problems",A,Annual,A1_DCH,One adult with dependent children,TOTAL,Total,PC,Percentage,HR,Croatia,2015,,9.0,,,,,
dataflow,ESTAT:ILC_MDDW02$DEFAULTVIEW(1.0),"Pollution, grime or other environmental problems",A,Annual,A1_DCH,One adult with dependent children,TOTAL,Total,PC,Percentage,HR,Croatia,2016,,8.5,,,,,
dataflow,ESTAT:ILC_MDDW02$DEFAULTVIEW(1.0),"Pollution, grime or other environmental problems",A,Annual,A1_DCH,One adult with dependent children,TOTAL,Total,PC,Percentage,HR,Croatia,2017,,7.1,,,,,
dataflow,ESTAT:ILC_MDDW02$DEFAULTVIEW(1.0),"Pollution, grime or other environmental problems",A,Annual,A1_DCH,One adult with dependent children,TOTAL,Total,PC,Percentage,HR,Croatia,2018,,9.5,,,,,
dataflow,ESTAT:ILC_MDDW02$DEFAULTVIEW(1.0),"Pollution, grime or other environmental problems",A,Annual,A1_DCH,One adult with dependent children,TOTAL,Total,PC,Percentage,HR,Croatia,2019,,8.2,,,,,
dataflow,ESTAT:ILC_MDDW02$DEFAULTVIEW(1.0),"Pollution, grime or other environmental problems",A,Annual,A1_DCH,One adult with dependent children,TOTAL,Total,PC,Percentage,HR,Croatia,2020,,4.8,,,,,
dataflow,ESTAT:ILC_MDDW02$DEFAULTVIEW(1.0),"Pollution, grime or other environmental problems",A,Annual,A1_DCH,One adult with dependent children,TOTAL,Total,PC,Percentage,HR,Croatia,2023,,2.6,,,,,
dataflow,ESTAT:ILC_MDDW02$DEFAULTVIEW(1.0),"Pollution, grime or other environmental problems",A,Annual,A1_DCH,One adult with dependent children,TOTAL,Total,PC,Percentage,HU,Hungary,2012,,11.7,,,,,
dataflow,ESTAT:ILC_MDDW02$DEFAULTVIEW(1.0),"Pollution, grime or other environmental problems",A,Annual,A1_DCH,One adult with dependent children,TOTAL,Total,PC,Percentage,HU,Hungary,2013,,18.9,,,,,
dataflow,ESTAT:ILC_MDDW02$DEFAULTVIEW(1.0),"Pollution, grime or other environmental problems",A,Annual,A1_DCH,One adult with dependent children,TOTAL,Total,PC,Percentage,HU,Hungary,2014,,14.3,,,,,
dataflow,ESTAT:ILC_MDDW02$DEFAULTVIEW(1.0),"Pollution, grime or other environmental problems",A,Annual,A1_DCH,One adult with dependent children,TOTAL,Total,PC,Percentage,HU,Hungary,2015,,18.6,,,,,
dataflow,ESTAT:ILC_MDDW02$DEFAULTVIEW(1.0),"Pollution, grime or other environmental problems",A,Annual,A1_DCH,One adult with dependent children,TOTAL,Total,PC,Percentage,HU,Hungary,2016,,14.7,,,,,
dataflow,ESTAT:ILC_MDDW02$DEFAULTVIEW(1.0),"Pollution, grime or other environmental problems",A,Annual,A1_DCH,One adult with dependent children,TOTAL,Total,PC,Percentage,HU,Hungary,2017,,18.7,,,,,
dataflow,ESTAT:ILC_MDDW02$DEFAULTVIEW(1.0),"Pollution, grime or other environmental problems",A,Annual,A1_DCH,One adult with dependent children,TOTAL,Total,PC,Percentage,HU,Hungary,2018,,16.1,,,,,
dataflow,ESTAT:ILC_MDDW02$DEFAULTVIEW(1.0),"Pollution, grime or other environmental problems",A,Annual,A1_DCH,One adult with dependent children,TOTAL,Total,PC,Percentage,HU,Hungary,2019,,22.0,,b,break in time series,,
dataflow,ESTAT:ILC_MDDW02$DEFAULTVIEW(1.0),"Pollution, grime or other environmental problems",A,Annual,A1_DCH,One adult with dependent children,TOTAL,Total,PC,Percentage,HU,Hungary,2020,,16.5,,,,,
dataflow,ESTAT:ILC_MDDW02$DEFAULTVIEW(1.0),"Pollution, grime or other environmental problems",A,Annual,A1_DCH,One adult with dependent children,TOTAL,Total,PC,Percentage,HU,Hungary,2023,,13.8,,,,,
dataflow,ESTAT:ILC_MDDW02$DEFAULTVIEW(1.0),"Pollution, grime or other environmental problems",A,Annual,A1_DCH,One adult with dependent children,TOTAL,Total,PC,Percentage,IE,Ireland,2012,,9.0,,,,,
dataflow,ESTAT:ILC_MDDW02$DEFAULTVIEW(1.0),"Pollution, grime or other environmental problems",A,Annual,A1_DCH,One adult with dependent children,TOTAL,Total,PC,Percentage,IE,Ireland,2013,,6.0,,,,,
dataflow,ESTAT:ILC_MDDW02$DEFAULTVIEW(1.0),"Pollution, grime or other environmental problems",A,Annual,A1_DCH,One adult with dependent children,TOTAL,Total,PC,Percentage,IE,Ireland,2014,,4.4,,,,,
dataflow,ESTAT:ILC_MDDW02$DEFAULTVIEW(1.0),"Pollution, grime or other environmental problems",A,Annual,A1_DCH,One adult with dependent children,TOTAL,Total,PC,Percentage,IE,Ireland,2015,,3.9,,,,,
dataflow,ESTAT:ILC_MDDW02$DEFAULTVIEW(1.0),"Pollution, grime or other environmental problems",A,Annual,A1_DCH,One adult with dependent children,TOTAL,Total,PC,Percentage,IE,Ireland,2016,,7.4,,,,,
dataflow,ESTAT:ILC_MDDW02$DEFAULTVIEW(1.0),"Pollution, grime or other environmental problems",A,Annual,A1_DCH,One adult with dependent children,TOTAL,Total,PC,Percentage,IE,Ireland,2017,,9.0,,,,,
dataflow,ESTAT:ILC_MDDW02$DEFAULTVIEW(1.0),"Pollution, grime or other environmental problems",A,Annual,A1_DCH,One adult with dependent children,TOTAL,Total,PC,Percentage,IE,Ireland,2018,,9.1,,,,,
dataflow,ESTAT:ILC_MDDW02$DEFAULTVIEW(1.0),"Pollution, grime or other environmental problems",A,Annual,A1_DCH,One adult with dependent children,TOTAL,Total,PC,Percentage,IE,Ireland,2019,,9.2,,b,break in time series,,
dataflow,ESTAT:ILC_MDDW02$DEFAULTVIEW(1.0),"Pollution, grime or other environmental problems",A,Annual,A1_DCH,One adult with dependent children,TOTAL,Total,PC,Percentage,IE,Ireland,2020,,10.9,,b,break in time series,,
dataflow,ESTAT:ILC_MDDW02$DEFAULTVIEW(1.0),"Pollution, grime or other environmental problems",A,Annual,A1_DCH,One adult with dependent children,TOTAL,Total,PC,Percentage,IE,Ireland,2023,,7.0,,,,,
dataflow,ESTAT:ILC_MDDW02$DEFAULTVIEW(1.0),"Pollution, grime or other environmental problems",A,Annual,A1_DCH,One adult with dependent children,TOTAL,Total,PC,Percentage,IS,Iceland,2012,,11.6,,,,,
dataflow,ESTAT:ILC_MDDW02$DEFAULTVIEW(1.0),"Pollution, grime or other environmental problems",A,Annual,A1_DCH,One adult with dependent children,TOTAL,Total,PC,Percentage,IS,Iceland,2013,,10.6,,,,,
dataflow,ESTAT:ILC_MDDW02$DEFAULTVIEW(1.0),"Pollution, grime or other environmental problems",A,Annual,A1_DCH,One adult with dependent children,TOTAL,Total,PC,Percentage,IS,Iceland,2014,,13.7,,,,,
dataflow,ESTAT:ILC_MDDW02$DEFAULTVIEW(1.0),"Pollution, grime or other environmental problems",A,Annual,A1_DCH,One adult with dependent children,TOTAL,Total,PC,Percentage,IS,Iceland,2015,,10.0,,,,,
dataflow,ESTAT:ILC_MDDW02$DEFAULTVIEW(1.0),"Pollution, grime or other environmental problems",A,Annual,A1_DCH,One adult with dependent children,TOTAL,Total,PC,Percentage,IS,Iceland,2016,,7.0,,,,,
dataflow,ESTAT:ILC_MDDW02$DEFAULTVIEW(1.0),"Pollution, grime or other environmental problems",A,Annual,A1_DCH,One adult with dependent children,TOTAL,Total,PC,Percentage,IS,Iceland,2017,,7.9,,,,,
dataflow,ESTAT:ILC_MDDW02$DEFAULTVIEW(1.0),"Pollution, grime or other environmental problems",A,Annual,A1_DCH,One adult with dependent children,TOTAL,Total,PC,Percentage,IS,Iceland,2018,,7.4,,,,,
dataflow,ESTAT:ILC_MDDW02$DEFAULTVIEW(1.0),"Pollution, grime or other environmental problems",A,Annual,A1_DCH,One adult with dependent children,TOTAL,Total,PC,Percentage,IS,Iceland,2019,,7.3,,,,,
dataflow,ESTAT:ILC_MDDW02$DEFAULTVIEW(1.0),"Pollution, grime or other environmental problems",A,Annual,A1_DCH,One adult with dependent children,TOTAL,Total,PC,Percentage,IS,Iceland,2020,,10.7,,,,,
dataflow,ESTAT:ILC_MDDW02$DEFAULTVIEW(1.0),"Pollution, grime or other environmental problems",A,Annual,A1_DCH,One adult with dependent children,TOTAL,Total,PC,Percentage,IT,Italy,2012,,17.5,,,,,
dataflow,ESTAT:ILC_MDDW02$DEFAULTVIEW(1.0),"Pollution, grime or other environmental problems",A,Annual,A1_DCH,One adult with dependent children,TOTAL,Total,PC,Percentage,IT,Italy,2013,,20.3,,,,,
dataflow,ESTAT:ILC_MDDW02$DEFAULTVIEW(1.0),"Pollution, grime or other environmental problems",A,Annual,A1_DCH,One adult with dependent children,TOTAL,Total,PC,Percentage,IT,Italy,2014,,19.9,,,,,
dataflow,ESTAT:ILC_MDDW02$DEFAULTVIEW(1.0),"Pollution, grime or other environmental problems",A,Annual,A1_DCH,One adult with dependent children,TOTAL,Total,PC,Percentage,IT,Italy,2015,,16.9,,,,,
dataflow,ESTAT:ILC_MDDW02$DEFAULTVIEW(1.0),"Pollution, grime or other environmental problems",A,Annual,A1_DCH,One adult with dependent children,TOTAL,Total,PC,Percentage,IT,Italy,2016,,16.7,,,,,
dataflow,ESTAT:ILC_MDDW02$DEFAULTVIEW(1.0),"Pollution, grime or other environmental problems",A,Annual,A1_DCH,One adult with dependent children,TOTAL,Total,PC,Percentage,IT,Italy,2017,,9.4,,,,,
dataflow,ESTAT:ILC_MDDW02$DEFAULTVIEW(1.0),"Pollution, grime or other environmental problems",A,Annual,A1_DCH,One adult with dependent children,TOTAL,Total,PC,Percentage,IT,Italy,2018,,9.8,,,,,
dataflow,ESTAT:ILC_MDDW02$DEFAULTVIEW(1.0),"Pollution, grime or other environmental problems",A,Annual,A1_DCH,One adult with dependent children,TOTAL,Total,PC,Percentage,IT,Italy,2019,,11.5,,,,,
dataflow,ESTAT:ILC_MDDW02$DEFAULTVIEW(1.0),"Pollution, grime or other environmental problems",A,Annual,A1_DCH,One adult with dependent children,TOTAL,Total,PC,Percentage,IT,Italy,2020,,18.6,,,,,
dataflow,ESTAT:ILC_MDDW02$DEFAULTVIEW(1.0),"Pollution, grime or other environmental problems",A,Annual,A1_DCH,One adult with dependent children,TOTAL,Total,PC,Percentage,IT,Italy,2023,,8.1,,,,,
dataflow,ESTAT:ILC_MDDW02$DEFAULTVIEW(1.0),"Pollution, grime or other environmental problems",A,Annual,A1_DCH,One adult with dependent children,TOTAL,Total,PC,Percentage,LT,Lithuania,2012,,19.2,,,,,
dataflow,ESTAT:ILC_MDDW02$DEFAULTVIEW(1.0),"Pollution, grime or other environmental problems",A,Annual,A1_DCH,One adult with dependent children,TOTAL,Total,PC,Percentage,LT,Lithuania,2013,,18.6,,,,,
dataflow,ESTAT:ILC_MDDW02$DEFAULTVIEW(1.0),"Pollution, grime or other environmental problems",A,Annual,A1_DCH,One adult with dependent children,TOTAL,Total,PC,Percentage,LT,Lithuania,2014,,13.3,,,,,
dataflow,ESTAT:ILC_MDDW02$DEFAULTVIEW(1.0),"Pollution, grime or other environmental problems",A,Annual,A1_DCH,One adult with dependent children,TOTAL,Total,PC,Percentage,LT,Lithuania,2015,,16.2,,,,,
dataflow,ESTAT:ILC_MDDW02$DEFAULTVIEW(1.0),"Pollution, grime or other environmental problems",A,Annual,A1_DCH,One adult with dependent children,TOTAL,Total,PC,Percentage,LT,Lithuania,2016,,20.4,,,,,
dataflow,ESTAT:ILC_MDDW02$DEFAULTVIEW(1.0),"Pollution, grime or other environmental problems",A,Annual,A1_DCH,One adult with dependent children,TOTAL,Total,PC,Percentage,LT,Lithuania,2017,,12.6,,,,,
dataflow,ESTAT:ILC_MDDW02$DEFAULTVIEW(1.0),"Pollution, grime or other environmental problems",A,Annual,A1_DCH,One adult with dependent children,TOTAL,Total,PC,Percentage,LT,Lithuania,2018,,17.5,,,,,
dataflow,ESTAT:ILC_MDDW02$DEFAULTVIEW(1.0),"Pollution, grime or other environmental problems",A,Annual,A1_DCH,One adult with dependent children,TOTAL,Total,PC,Percentage,LT,Lithuania,2019,,17.9,,,,,
dataflow,ESTAT:ILC_MDDW02$DEFAULTVIEW(1.0),"Pollution, grime or other environmental problems",A,Annual,A1_DCH,One adult with dependent children,TOTAL,Total,PC,Percentage,LT,Lithuania,2020,,16.7,,,,,
dataflow,ESTAT:ILC_MDDW02$DEFAULTVIEW(1.0),"Pollution, grime or other environmental problems",A,Annual,A1_DCH,One adult with dependent children,TOTAL,Total,PC,Percentage,LT,Lithuania,2023,,10.0,,,,,
dataflow,ESTAT:ILC_MDDW02$DEFAULTVIEW(1.0),"Pollution, grime or other environmental problems",A,Annual,A1_DCH,One adult with dependent children,TOTAL,Total,PC,Percentage,LU,Luxembourg,2012,,18.6,,,,,
dataflow,ESTAT:ILC_MDDW02$DEFAULTVIEW(1.0),"Pollution, grime or other environmental problems",A,Annual,A1_DCH,One adult with dependent children,TOTAL,Total,PC,Percentage,LU,Luxembourg,2013,,14.7,,,,,
dataflow,ESTAT:ILC_MDDW02$DEFAULTVIEW(1.0),"Pollution, grime or other environmental problems",A,Annual,A1_DCH,One adult with dependent children,TOTAL,Total,PC,Percentage,LU,Luxembourg,2014,,19.1,,,,,
dataflow,ESTAT:ILC_MDDW02$DEFAULTVIEW(1.0),"Pollution, grime or other environmental problems",A,Annual,A1_DCH,One adult with dependent children,TOTAL,Total,PC,Percentage,LU,Luxembourg,2015,,20.8,,,,,
dataflow,ESTAT:ILC_MDDW02$DEFAULTVIEW(1.0),"Pollution, grime or other environmental problems",A,Annual,A1_DCH,One adult with dependent children,TOTAL,Total,PC,Percentage,LU,Luxembourg,2016,,17.2,,b,break in time series,,
dataflow,ESTAT:ILC_MDDW02$DEFAULTVIEW(1.0),"Pollution, grime or other environmental problems",A,Annual,A1_DCH,One adult with dependent children,TOTAL,Total,PC,Percentage,LU,Luxembourg,2017,,16.3,,,,,
dataflow,ESTAT:ILC_MDDW02$DEFAULTVIEW(1.0),"Pollution, grime or other environmental problems",A,Annual,A1_DCH,One adult with dependent children,TOTAL,Total,PC,Percentage,LU,Luxembourg,2018,,14.7,,,,,
dataflow,ESTAT:ILC_MDDW02$DEFAULTVIEW(1.0),"Pollution, grime or other environmental problems",A,Annual,A1_DCH,One adult with dependent children,TOTAL,Total,PC,Percentage,LU,Luxembourg,2019,,16.6,,,,,
dataflow,ESTAT:ILC_MDDW02$DEFAULTVIEW(1.0),"Pollution, grime or other environmental problems",A,Annual,A1_DCH,One adult with dependent children,TOTAL,Total,PC,Percentage,LU,Luxembourg,2020,,16.1,,b,break in time series,,
dataflow,ESTAT:ILC_MDDW02$DEFAULTVIEW(1.0),"Pollution, grime or other environmental problems",A,Annual,A1_DCH,One adult with dependent children,TOTAL,Total,PC,Percentage,LU,Luxembourg,2023,,6.5,,,,,
dataflow,ESTAT:ILC_MDDW02$DEFAULTVIEW(1.0),"Pollution, grime or other environmental problems",A,Annual,A1_DCH,One adult with dependent children,TOTAL,Total,PC,Percentage,LV,Latvia,2012,,21.9,,,,,
dataflow,ESTAT:ILC_MDDW02$DEFAULTVIEW(1.0),"Pollution, grime or other environmental problems",A,Annual,A1_DCH,One adult with dependent children,TOTAL,Total,PC,Percentage,LV,Latvia,2013,,18.4,,,,,
dataflow,ESTAT:ILC_MDDW02$DEFAULTVIEW(1.0),"Pollution, grime or other environmental problems",A,Annual,A1_DCH,One adult with dependent children,TOTAL,Total,PC,Percentage,LV,Latvia,2014,,19.6,,,,,
dataflow,ESTAT:ILC_MDDW02$DEFAULTVIEW(1.0),"Pollution, grime or other environmental problems",A,Annual,A1_DCH,One adult with dependent children,TOTAL,Total,PC,Percentage,LV,Latvia,2015,,19.8,,,,,
dataflow,ESTAT:ILC_MDDW02$DEFAULTVIEW(1.0),"Pollution, grime or other environmental problems",A,Annual,A1_DCH,One adult with dependent children,TOTAL,Total,PC,Percentage,LV,Latvia,2016,,18.4,,,,,
dataflow,ESTAT:ILC_MDDW02$DEFAULTVIEW(1.0),"Pollution, grime or other environmental problems",A,Annual,A1_DCH,One adult with dependent children,TOTAL,Total,PC,Percentage,LV,Latvia,2017,,14.2,,,,,
dataflow,ESTAT:ILC_MDDW02$DEFAULTVIEW(1.0),"Pollution, grime or other environmental problems",A,Annual,A1_DCH,One adult with dependent children,TOTAL,Total,PC,Percentage,LV,Latvia,2018,,19.0,,,,,
dataflow,ESTAT:ILC_MDDW02$DEFAULTVIEW(1.0),"Pollution, grime or other environmental problems",A,Annual,A1_DCH,One adult with dependent children,TOTAL,Total,PC,Percentage,LV,Latvia,2019,,17.5,,,,,
dataflow,ESTAT:ILC_MDDW02$DEFAULTVIEW(1.0),"Pollution, grime or other environmental problems",A,Annual,A1_DCH,One adult with dependent children,TOTAL,Total,PC,Percentage,LV,Latvia,2020,,20.3,,,,,
dataflow,ESTAT:ILC_MDDW02$DEFAULTVIEW(1.0),"Pollution, grime or other environmental problems",A,Annual,A1_DCH,One adult with dependent children,TOTAL,Total,PC,Percentage,LV,Latvia,2023,,15.1,,,,,
dataflow,ESTAT:ILC_MDDW02$DEFAULTVIEW(1.0),"Pollution, grime or other environmental problems",A,Annual,A1_DCH,One adult with dependent children,TOTAL,Total,PC,Percentage,ME,Montenegro,2013,,18.7,,,,,
dataflow,ESTAT:ILC_MDDW02$DEFAULTVIEW(1.0),"Pollution, grime or other environmental problems",A,Annual,A1_DCH,One adult with dependent children,TOTAL,Total,PC,Percentage,ME,Montenegro,2014,,24.1,,,,,
dataflow,ESTAT:ILC_MDDW02$DEFAULTVIEW(1.0),"Pollution, grime or other environmental problems",A,Annual,A1_DCH,One adult with dependent children,TOTAL,Total,PC,Percentage,ME,Montenegro,2015,,23.5,,,,,
dataflow,ESTAT:ILC_MDDW02$DEFAULTVIEW(1.0),"Pollution, grime or other environmental problems",A,Annual,A1_DCH,One adult with dependent children,TOTAL,Total,PC,Percentage,ME,Montenegro,2016,,22.5,,,,,
dataflow,ESTAT:ILC_MDDW02$DEFAULTVIEW(1.0),"Pollution, grime or other environmental problems",A,Annual,A1_DCH,One adult with dependent children,TOTAL,Total,PC,Percentage,ME,Montenegro,2017,,11.7,,,,,
dataflow,ESTAT:ILC_MDDW02$DEFAULTVIEW(1.0),"Pollution, grime or other environmental problems",A,Annual,A1_DCH,One adult with dependent children,TOTAL,Total,PC,Percentage,ME,Montenegro,2018,,17.9,,,,,
dataflow,ESTAT:ILC_MDDW02$DEFAULTVIEW(1.0),"Pollution, grime or other environmental problems",A,Annual,A1_DCH,One adult with dependent children,TOTAL,Total,PC,Percentage,ME,Montenegro,2019,,18.5,,,,,
dataflow,ESTAT:ILC_MDDW02$DEFAULTVIEW(1.0),"Pollution, grime or other environmental problems",A,Annual,A1_DCH,One adult with dependent children,TOTAL,Total,PC,Percentage,ME,Montenegro,2020,,14.5,,,,,
dataflow,ESTAT:ILC_MDDW02$DEFAULTVIEW(1.0),"Pollution, grime or other environmental problems",A,Annual,A1_DCH,One adult with dependent children,TOTAL,Total,PC,Percentage,ME,Montenegro,2023,,5.0,,,,,
dataflow,ESTAT:ILC_MDDW02$DEFAULTVIEW(1.0),"Pollution, grime or other environmental problems",A,Annual,A1_DCH,One adult with dependent children,TOTAL,Total,PC,Percentage,MK,North Macedonia,2012,,8.0,,,,,
dataflow,ESTAT:ILC_MDDW02$DEFAULTVIEW(1.0),"Pollution, grime or other environmental problems",A,Annual,A1_DCH,One adult with dependent children,TOTAL,Total,PC,Percentage,MK,North Macedonia,2013,,18.5,,,,,
dataflow,ESTAT:ILC_MDDW02$DEFAULTVIEW(1.0),"Pollution, grime or other environmental problems",A,Annual,A1_DCH,One adult with dependent children,TOTAL,Total,PC,Percentage,MK,North Macedonia,2014,,15.5,,,,,
dataflow,ESTAT:ILC_MDDW02$DEFAULTVIEW(1.0),"Pollution, grime or other environmental problems",A,Annual,A1_DCH,One adult with dependent children,TOTAL,Total,PC,Percentage,MK,North Macedonia,2015,,11.0,,,,,
dataflow,ESTAT:ILC_MDDW02$DEFAULTVIEW(1.0),"Pollution, grime or other environmental problems",A,Annual,A1_DCH,One adult with dependent children,TOTAL,Total,PC,Percentage,MK,North Macedonia,2016,,6.0,,,,,
dataflow,ESTAT:ILC_MDDW02$DEFAULTVIEW(1.0),"Pollution, grime or other environmental problems",A,Annual,A1_DCH,One adult with dependent children,TOTAL,Total,PC,Percentage,MK,North Macedonia,2017,,9.7,,,,,
dataflow,ESTAT:ILC_MDDW02$DEFAULTVIEW(1.0),"Pollution, grime or other environmental problems",A,Annual,A1_DCH,One adult with dependent children,TOTAL,Total,PC,Percentage,MK,North Macedonia,2018,,5.9,,,,,
dataflow,ESTAT:ILC_MDDW02$DEFAULTVIEW(1.0),"Pollution, grime or other environmental problems",A,Annual,A1_DCH,One adult with dependent children,TOTAL,Total,PC,Percentage,MK,North Macedonia,2019,,9.2,,,,,
dataflow,ESTAT:ILC_MDDW02$DEFAULTVIEW(1.0),"Pollution, grime or other environmental problems",A,Annual,A1_DCH,One adult with dependent children,TOTAL,Total,PC,Percentage,MK,North Macedonia,2020,,4.6,,,,,
dataflow,ESTAT:ILC_MDDW02$DEFAULTVIEW(1.0),"Pollution, grime or other environmental problems",A,Annual,A1_DCH,One adult with dependent children,TOTAL,Total,PC,Percentage,MK,North Macedonia,2023,,17.9,,,,,
dataflow,ESTAT:ILC_MDDW02$DEFAULTVIEW(1.0),"Pollution, grime or other environmental problems",A,Annual,A1_DCH,One adult with dependent children,TOTAL,Total,PC,Percentage,MT,Malta,2012,,30.6,,,,,
dataflow,ESTAT:ILC_MDDW02$DEFAULTVIEW(1.0),"Pollution, grime or other environmental problems",A,Annual,A1_DCH,One adult with dependent children,TOTAL,Total,PC,Percentage,MT,Malta,2013,,37.4,,,,,
dataflow,ESTAT:ILC_MDDW02$DEFAULTVIEW(1.0),"Pollution, grime or other environmental problems",A,Annual,A1_DCH,One adult with dependent children,TOTAL,Total,PC,Percentage,MT,Malta,2014,,33.0,,,,,
dataflow,ESTAT:ILC_MDDW02$DEFAULTVIEW(1.0),"Pollution, grime or other environmental problems",A,Annual,A1_DCH,One adult with dependent children,TOTAL,Total,PC,Percentage,MT,Malta,2015,,29.8,,,,,
dataflow,ESTAT:ILC_MDDW02$DEFAULTVIEW(1.0),"Pollution, grime or other environmental problems",A,Annual,A1_DCH,One adult with dependent children,TOTAL,Total,PC,Percentage,MT,Malta,2016,,27.9,,,,,
dataflow,ESTAT:ILC_MDDW02$DEFAULTVIEW(1.0),"Pollution, grime or other environmental problems",A,Annual,A1_DCH,One adult with dependent children,TOTAL,Total,PC,Percentage,MT,Malta,2017,,22.8,,,,,
dataflow,ESTAT:ILC_MDDW02$DEFAULTVIEW(1.0),"Pollution, grime or other environmental problems",A,Annual,A1_DCH,One adult with dependent children,TOTAL,Total,PC,Percentage,MT,Malta,2018,,25.6,,,,,
dataflow,ESTAT:ILC_MDDW02$DEFAULTVIEW(1.0),"Pollution, grime or other environmental problems",A,Annual,A1_DCH,One adult with dependent children,TOTAL,Total,PC,Percentage,MT,Malta,2019,,34.5,,,,,
dataflow,ESTAT:ILC_MDDW02$DEFAULTVIEW(1.0),"Pollution, grime or other environmental problems",A,Annual,A1_DCH,One adult with dependent children,TOTAL,Total,PC,Percentage,MT,Malta,2020,,32.5,,,,,
dataflow,ESTAT:ILC_MDDW02$DEFAULTVIEW(1.0),"Pollution, grime or other environmental problems",A,Annual,A1_DCH,One adult with dependent children,TOTAL,Total,PC,Percentage,MT,Malta,2023,,30.6,,,,,
dataflow,ESTAT:ILC_MDDW02$DEFAULTVIEW(1.0),"Pollution, grime or other environmental problems",A,Annual,A1_DCH,One adult with dependent children,TOTAL,Total,PC,Percentage,NL,Netherlands,2012,,17.4,,,,,
dataflow,ESTAT:ILC_MDDW02$DEFAULTVIEW(1.0),"Pollution, grime or other environmental problems",A,Annual,A1_DCH,One adult with dependent children,TOTAL,Total,PC,Percentage,NL,Netherlands,2013,,18.3,,,,,
dataflow,ESTAT:ILC_MDDW02$DEFAULTVIEW(1.0),"Pollution, grime or other environmental problems",A,Annual,A1_DCH,One adult with dependent children,TOTAL,Total,PC,Percentage,NL,Netherlands,2014,,17.0,,,,,
dataflow,ESTAT:ILC_MDDW02$DEFAULTVIEW(1.0),"Pollution, grime or other environmental problems",A,Annual,A1_DCH,One adult with dependent children,TOTAL,Total,PC,Percentage,NL,Netherlands,2015,,17.6,,,,,
dataflow,ESTAT:ILC_MDDW02$DEFAULTVIEW(1.0),"Pollution, grime or other environmental problems",A,Annual,A1_DCH,One adult with dependent children,TOTAL,Total,PC,Percentage,NL,Netherlands,2016,,16.9,,b,break in time series,,
dataflow,ESTAT:ILC_MDDW02$DEFAULTVIEW(1.0),"Pollution, grime or other environmental problems",A,Annual,A1_DCH,One adult with dependent children,TOTAL,Total,PC,Percentage,NL,Netherlands,2017,,18.9,,,,,
dataflow,ESTAT:ILC_MDDW02$DEFAULTVIEW(1.0),"Pollution, grime or other environmental problems",A,Annual,A1_DCH,One adult with dependent children,TOTAL,Total,PC,Percentage,NL,Netherlands,2018,,17.6,,,,,
dataflow,ESTAT:ILC_MDDW02$DEFAULTVIEW(1.0),"Pollution, grime or other environmental problems",A,Annual,A1_DCH,One adult with dependent children,TOTAL,Total,PC,Percentage,NL,Netherlands,2019,,21.1,,,,,
dataflow,ESTAT:ILC_MDDW02$DEFAULTVIEW(1.0),"Pollution, grime or other environmental problems",A,Annual,A1_DCH,One adult with dependent children,TOTAL,Total,PC,Percentage,NL,Netherlands,2020,,17.7,,,,,
dataflow,ESTAT:ILC_MDDW02$DEFAULTVIEW(1.0),"Pollution, grime or other environmental problems",A,Annual,A1_DCH,One adult with dependent children,TOTAL,Total,PC,Percentage,NL,Netherlands,2023,,18.6,,,,,
dataflow,ESTAT:ILC_MDDW02$DEFAULTVIEW(1.0),"Pollution, grime or other environmental problems",A,Annual,A1_DCH,One adult with dependent children,TOTAL,Total,PC,Percentage,NO,Norway,2012,,15.5,,,,,
dataflow,ESTAT:ILC_MDDW02$DEFAULTVIEW(1.0),"Pollution, grime or other environmental problems",A,Annual,A1_DCH,One adult with dependent children,TOTAL,Total,PC,Percentage,NO,Norway,2013,,10.2,,,,,
dataflow,ESTAT:ILC_MDDW02$DEFAULTVIEW(1.0),"Pollution, grime or other environmental problems",A,Annual,A1_DCH,One adult with dependent children,TOTAL,Total,PC,Percentage,NO,Norway,2014,,8.1,,,,,
dataflow,ESTAT:ILC_MDDW02$DEFAULTVIEW(1.0),"Pollution, grime or other environmental problems",A,Annual,A1_DCH,One adult with dependent children,TOTAL,Total,PC,Percentage,NO,Norway,2015,,11.1,,,,,
dataflow,ESTAT:ILC_MDDW02$DEFAULTVIEW(1.0),"Pollution, grime or other environmental problems",A,Annual,A1_DCH,One adult with dependent children,TOTAL,Total,PC,Percentage,NO,Norway,2016,,6.2,,,,,
dataflow,ESTAT:ILC_MDDW02$DEFAULTVIEW(1.0),"Pollution, grime or other environmental problems",A,Annual,A1_DCH,One adult with dependent children,TOTAL,Total,PC,Percentage,NO,Norway,2017,,8.7,,,,,
dataflow,ESTAT:ILC_MDDW02$DEFAULTVIEW(1.0),"Pollution, grime or other environmental problems",A,Annual,A1_DCH,One adult with dependent children,TOTAL,Total,PC,Percentage,NO,Norway,2018,,8.3,,,,,
dataflow,ESTAT:ILC_MDDW02$DEFAULTVIEW(1.0),"Pollution, grime or other environmental problems",A,Annual,A1_DCH,One adult with dependent children,TOTAL,Total,PC,Percentage,NO,Norway,2019,,8.7,,,,,
dataflow,ESTAT:ILC_MDDW02$DEFAULTVIEW(1.0),"Pollution, grime or other environmental problems",A,Annual,A1_DCH,One adult with dependent children,TOTAL,Total,PC,Percentage,NO,Norway,2020,,12.3,,,,,
dataflow,ESTAT:ILC_MDDW02$DEFAULTVIEW(1.0),"Pollution, grime or other environmental problems",A,Annual,A1_DCH,One adult with dependent children,TOTAL,Total,PC,Percentage,NO,Norway,2023,,11.3,,,,,
dataflow,ESTAT:ILC_MDDW02$DEFAULTVIEW(1.0),"Pollution, grime or other environmental problems",A,Annual,A1_DCH,One adult with dependent children,TOTAL,Total,PC,Percentage,PL,Poland,2012,,14.4,,,,,
dataflow,ESTAT:ILC_MDDW02$DEFAULTVIEW(1.0),"Pollution, grime or other environmental problems",A,Annual,A1_DCH,One adult with dependent children,TOTAL,Total,PC,Percentage,PL,Poland,2013,,12.3,,,,,
dataflow,ESTAT:ILC_MDDW02$DEFAULTVIEW(1.0),"Pollution, grime or other environmental problems",A,Annual,A1_DCH,One adult with dependent children,TOTAL,Total,PC,Percentage,PL,Poland,2014,,13.8,,,,,
dataflow,ESTAT:ILC_MDDW02$DEFAULTVIEW(1.0),"Pollution, grime or other environmental problems",A,Annual,A1_DCH,One adult with dependent children,TOTAL,Total,PC,Percentage,PL,Poland,2015,,10.4,,,,,
dataflow,ESTAT:ILC_MDDW02$DEFAULTVIEW(1.0),"Pollution, grime or other environmental problems",A,Annual,A1_DCH,One adult with dependent children,TOTAL,Total,PC,Percentage,PL,Poland,2016,,15.0,,,,,
dataflow,ESTAT:ILC_MDDW02$DEFAULTVIEW(1.0),"Pollution, grime or other environmental problems",A,Annual,A1_DCH,One adult with dependent children,TOTAL,Total,PC,Percentage,PL,Poland,2017,,16.8,,,,,
dataflow,ESTAT:ILC_MDDW02$DEFAULTVIEW(1.0),"Pollution, grime or other environmental problems",A,Annual,A1_DCH,One adult with dependent children,TOTAL,Total,PC,Percentage,PL,Poland,2018,,18.8,,,,,
dataflow,ESTAT:ILC_MDDW02$DEFAULTVIEW(1.0),"Pollution, grime or other environmental problems",A,Annual,A1_DCH,One adult with dependent children,TOTAL,Total,PC,Percentage,PL,Poland,2019,,19.8,,,,,
dataflow,ESTAT:ILC_MDDW02$DEFAULTVIEW(1.0),"Pollution, grime or other environmental problems",A,Annual,A1_DCH,One adult with dependent children,TOTAL,Total,PC,Percentage,PL,Poland,2023,,12.4,,,,,
dataflow,ESTAT:ILC_MDDW02$DEFAULTVIEW(1.0),"Pollution, grime or other environmental problems",A,Annual,A1_DCH,One adult with dependent children,TOTAL,Total,PC,Percentage,PT,Portugal,2012,,16.1,,,,,
dataflow,ESTAT:ILC_MDDW02$DEFAULTVIEW(1.0),"Pollution, grime or other environmental problems",A,Annual,A1_DCH,One adult with dependent children,TOTAL,Total,PC,Percentage,PT,Portugal,2013,,11.7,,,,,
dataflow,ESTAT:ILC_MDDW02$DEFAULTVIEW(1.0),"Pollution, grime or other environmental problems",A,Annual,A1_DCH,One adult with dependent children,TOTAL,Total,PC,Percentage,PT,Portugal,2014,,13.2,,,,,
dataflow,ESTAT:ILC_MDDW02$DEFAULTVIEW(1.0),"Pollution, grime or other environmental problems",A,Annual,A1_DCH,One adult with dependent children,TOTAL,Total,PC,Percentage,PT,Portugal,2015,,12.8,,,,,
dataflow,ESTAT:ILC_MDDW02$DEFAULTVIEW(1.0),"Pollution, grime or other environmental problems",A,Annual,A1_DCH,One adult with dependent children,TOTAL,Total,PC,Percentage,PT,Portugal,2016,,15.0,,,,,
dataflow,ESTAT:ILC_MDDW02$DEFAULTVIEW(1.0),"Pollution, grime or other environmental problems",A,Annual,A1_DCH,One adult with dependent children,TOTAL,Total,PC,Percentage,PT,Portugal,2017,,13.3,,,,,
dataflow,ESTAT:ILC_MDDW02$DEFAULTVIEW(1.0),"Pollution, grime or other environmental problems",A,Annual,A1_DCH,One adult with dependent children,TOTAL,Total,PC,Percentage,PT,Portugal,2018,,14.2,,,,,
dataflow,ESTAT:ILC_MDDW02$DEFAULTVIEW(1.0),"Pollution, grime or other environmental problems",A,Annual,A1_DCH,One adult with dependent children,TOTAL,Total,PC,Percentage,PT,Portugal,2019,,13.4,,,,,
dataflow,ESTAT:ILC_MDDW02$DEFAULTVIEW(1.0),"Pollution, grime or other environmental problems",A,Annual,A1_DCH,One adult with dependent children,TOTAL,Total,PC,Percentage,PT,Portugal,2020,,9.8,,,,,
dataflow,ESTAT:ILC_MDDW02$DEFAULTVIEW(1.0),"Pollution, grime or other environmental problems",A,Annual,A1_DCH,One adult with dependent children,TOTAL,Total,PC,Percentage,PT,Portugal,2023,,21.7,,,,,
dataflow,ESTAT:ILC_MDDW02$DEFAULTVIEW(1.0),"Pollution, grime or other environmental problems",A,Annual,A1_DCH,One adult with dependent children,TOTAL,Total,PC,Percentage,RO,Romania,2012,,24.2,,,,,
dataflow,ESTAT:ILC_MDDW02$DEFAULTVIEW(1.0),"Pollution, grime or other environmental problems",A,Annual,A1_DCH,One adult with dependent children,TOTAL,Total,PC,Percentage,RO,Romania,2013,,22.1,,,,,
dataflow,ESTAT:ILC_MDDW02$DEFAULTVIEW(1.0),"Pollution, grime or other environmental problems",A,Annual,A1_DCH,One adult with dependent children,TOTAL,Total,PC,Percentage,RO,Romania,2014,,16.4,,,,,
dataflow,ESTAT:ILC_MDDW02$DEFAULTVIEW(1.0),"Pollution, grime or other environmental problems",A,Annual,A1_DCH,One adult with dependent children,TOTAL,Total,PC,Percentage,RO,Romania,2015,,11.1,,,,,
dataflow,ESTAT:ILC_MDDW02$DEFAULTVIEW(1.0),"Pollution, grime or other environmental problems",A,Annual,A1_DCH,One adult with dependent children,TOTAL,Total,PC,Percentage,RO,Romania,2016,,9.4,,,,,
dataflow,ESTAT:ILC_MDDW02$DEFAULTVIEW(1.0),"Pollution, grime or other environmental problems",A,Annual,A1_DCH,One adult with dependent children,TOTAL,Total,PC,Percentage,RO,Romania,2017,,11.9,,,,,
dataflow,ESTAT:ILC_MDDW02$DEFAULTVIEW(1.0),"Pollution, grime or other environmental problems",A,Annual,A1_DCH,One adult with dependent children,TOTAL,Total,PC,Percentage,RO,Romania,2018,,11.0,,,,,
dataflow,ESTAT:ILC_MDDW02$DEFAULTVIEW(1.0),"Pollution, grime or other environmental problems",A,Annual,A1_DCH,One adult with dependent children,TOTAL,Total,PC,Percentage,RO,Romania,2019,,14.5,,,,,
dataflow,ESTAT:ILC_MDDW02$DEFAULTVIEW(1.0),"Pollution, grime or other environmental problems",A,Annual,A1_DCH,One adult with dependent children,TOTAL,Total,PC,Percentage,RO,Romania,2020,,8.6,,,,,
dataflow,ESTAT:ILC_MDDW02$DEFAULTVIEW(1.0),"Pollution, grime or other environmental problems",A,Annual,A1_DCH,One adult with dependent children,TOTAL,Total,PC,Percentage,RO,Romania,2023,,15.8,,,,,
dataflow,ESTAT:ILC_MDDW02$DEFAULTVIEW(1.0),"Pollution, grime or other environmental problems",A,Annual,A1_DCH,One adult with dependent children,TOTAL,Total,PC,Percentage,RS,Serbia,2013,,25.1,,,,,
dataflow,ESTAT:ILC_MDDW02$DEFAULTVIEW(1.0),"Pollution, grime or other environmental problems",A,Annual,A1_DCH,One adult with dependent children,TOTAL,Total,PC,Percentage,RS,Serbia,2014,,31.3,,,,,
dataflow,ESTAT:ILC_MDDW02$DEFAULTVIEW(1.0),"Pollution, grime or other environmental problems",A,Annual,A1_DCH,One adult with dependent children,TOTAL,Total,PC,Percentage,RS,Serbia,2015,,15.6,,,,,
dataflow,ESTAT:ILC_MDDW02$DEFAULTVIEW(1.0),"Pollution, grime or other environmental problems",A,Annual,A1_DCH,One adult with dependent children,TOTAL,Total,PC,Percentage,RS,Serbia,2016,,12.6,,,,,
dataflow,ESTAT:ILC_MDDW02$DEFAULTVIEW(1.0),"Pollution, grime or other environmental problems",A,Annual,A1_DCH,One adult with dependent children,TOTAL,Total,PC,Percentage,RS,Serbia,2017,,17.5,,,,,
dataflow,ESTAT:ILC_MDDW02$DEFAULTVIEW(1.0),"Pollution, grime or other environmental problems",A,Annual,A1_DCH,One adult with dependent children,TOTAL,Total,PC,Percentage,RS,Serbia,2018,,25.9,,,,,
dataflow,ESTAT:ILC_MDDW02$DEFAULTVIEW(1.0),"Pollution, grime or other environmental problems",A,Annual,A1_DCH,One adult with dependent children,TOTAL,Total,PC,Percentage,RS,Serbia,2019,,17.7,,,,,
dataflow,ESTAT:ILC_MDDW02$DEFAULTVIEW(1.0),"Pollution, grime or other environmental problems",A,Annual,A1_DCH,One adult with dependent children,TOTAL,Total,PC,Percentage,RS,Serbia,2020,,17.2,,,,,
dataflow,ESTAT:ILC_MDDW02$DEFAULTVIEW(1.0),"Pollution, grime or other environmental problems",A,Annual,A1_DCH,One adult with dependent children,TOTAL,Total,PC,Percentage,RS,Serbia,2023,,9.9,,,,,
dataflow,ESTAT:ILC_MDDW02$DEFAULTVIEW(1.0),"Pollution, grime or other environmental problems",A,Annual,A1_DCH,One adult with dependent children,TOTAL,Total,PC,Percentage,SE,Sweden,2012,,9.9,,,,,
dataflow,ESTAT:ILC_MDDW02$DEFAULTVIEW(1.0),"Pollution, grime or other environmental problems",A,Annual,A1_DCH,One adult with dependent children,TOTAL,Total,PC,Percentage,SE,Sweden,2013,,9.3,,,,,
dataflow,ESTAT:ILC_MDDW02$DEFAULTVIEW(1.0),"Pollution, grime or other environmental problems",A,Annual,A1_DCH,One adult with dependent children,TOTAL,Total,PC,Percentage,SE,Sweden,2014,,11.6,,,,,
dataflow,ESTAT:ILC_MDDW02$DEFAULTVIEW(1.0),"Pollution, grime or other environmental problems",A,Annual,A1_DCH,One adult with dependent children,TOTAL,Total,PC,Percentage,SE,Sweden,2015,,10.1,,,,,
dataflow,ESTAT:ILC_MDDW02$DEFAULTVIEW(1.0),"Pollution, grime or other environmental problems",A,Annual,A1_DCH,One adult with dependent children,TOTAL,Total,PC,Percentage,SE,Sweden,2016,,10.3,,,,,
dataflow,ESTAT:ILC_MDDW02$DEFAULTVIEW(1.0),"Pollution, grime or other environmental problems",A,Annual,A1_DCH,One adult with dependent children,TOTAL,Total,PC,Percentage,SE,Sweden,2017,,9.1,,,,,
dataflow,ESTAT:ILC_MDDW02$DEFAULTVIEW(1.0),"Pollution, grime or other environmental problems",A,Annual,A1_DCH,One adult with dependent children,TOTAL,Total,PC,Percentage,SE,Sweden,2018,,7.2,,,,,
dataflow,ESTAT:ILC_MDDW02$DEFAULTVIEW(1.0),"Pollution, grime or other environmental problems",A,Annual,A1_DCH,One adult with dependent children,TOTAL,Total,PC,Percentage,SE,Sweden,2019,,9.8,,,,,
dataflow,ESTAT:ILC_MDDW02$DEFAULTVIEW(1.0),"Pollution, grime or other environmental problems",A,Annual,A1_DCH,One adult with dependent children,TOTAL,Total,PC,Percentage,SE,Sweden,2020,,7.8,,,,,
dataflow,ESTAT:ILC_MDDW02$DEFAULTVIEW(1.0),"Pollution, grime or other environmental problems",A,Annual,A1_DCH,One adult with dependent children,TOTAL,Total,PC,Percentage,SE,Sweden,2023,,8.8,,,,,
dataflow,ESTAT:ILC_MDDW02$DEFAULTVIEW(1.0),"Pollution, grime or other environmental problems",A,Annual,A1_DCH,One adult with dependent children,TOTAL,Total,PC,Percentage,SI,Slovenia,2012,,22.5,,,,,
dataflow,ESTAT:ILC_MDDW02$DEFAULTVIEW(1.0),"Pollution, grime or other environmental problems",A,Annual,A1_DCH,One adult with dependent children,TOTAL,Total,PC,Percentage,SI,Slovenia,2013,,17.6,,,,,
dataflow,ESTAT:ILC_MDDW02$DEFAULTVIEW(1.0),"Pollution, grime or other environmental problems",A,Annual,A1_DCH,One adult with dependent children,TOTAL,Total,PC,Percentage,SI,Slovenia,2014,,16.4,,,,,
dataflow,ESTAT:ILC_MDDW02$DEFAULTVIEW(1.0),"Pollution, grime or other environmental problems",A,Annual,A1_DCH,One adult with dependent children,TOTAL,Total,PC,Percentage,SI,Slovenia,2015,,21.5,,,,,
dataflow,ESTAT:ILC_MDDW02$DEFAULTVIEW(1.0),"Pollution, grime or other environmental problems",A,Annual,A1_DCH,One adult with dependent children,TOTAL,Total,PC,Percentage,SI,Slovenia,2016,,17.1,,,,,
dataflow,ESTAT:ILC_MDDW02$DEFAULTVIEW(1.0),"Pollution, grime or other environmental problems",A,Annual,A1_DCH,One adult with dependent children,TOTAL,Total,PC,Percentage,SI,Slovenia,2017,,19.0,,,,,
dataflow,ESTAT:ILC_MDDW02$DEFAULTVIEW(1.0),"Pollution, grime or other environmental problems",A,Annual,A1_DCH,One adult with dependent children,TOTAL,Total,PC,Percentage,SI,Slovenia,2018,,16.1,,,,,
dataflow,ESTAT:ILC_MDDW02$DEFAULTVIEW(1.0),"Pollution, grime or other environmental problems",A,Annual,A1_DCH,One adult with dependent children,TOTAL,Total,PC,Percentage,SI,Slovenia,2019,,15.2,,,,,
dataflow,ESTAT:ILC_MDDW02$DEFAULTVIEW(1.0),"Pollution, grime or other environmental problems",A,Annual,A1_DCH,One adult with dependent children,TOTAL,Total,PC,Percentage,SI,Slovenia,2020,,14.6,,,,,
dataflow,ESTAT:ILC_MDDW02$DEFAULTVIEW(1.0),"Pollution, grime or other environmental problems",A,Annual,A1_DCH,One adult with dependent children,TOTAL,Total,PC,Percentage,SI,Slovenia,2023,,14.7,,,,,
dataflow,ESTAT:ILC_MDDW02$DEFAULTVIEW(1.0),"Pollution, grime or other environmental problems",A,Annual,A1_DCH,One adult with dependent children,TOTAL,Total,PC,Percentage,SK,Slovakia,2012,,18.4,,,,,
dataflow,ESTAT:ILC_MDDW02$DEFAULTVIEW(1.0),"Pollution, grime or other environmental problems",A,Annual,A1_DCH,One adult with dependent children,TOTAL,Total,PC,Percentage,SK,Slovakia,2013,,15.0,,,,,
dataflow,ESTAT:ILC_MDDW02$DEFAULTVIEW(1.0),"Pollution, grime or other environmental problems",A,Annual,A1_DCH,One adult with dependent children,TOTAL,Total,PC,Percentage,SK,Slovakia,2014,,14.0,,,,,
dataflow,ESTAT:ILC_MDDW02$DEFAULTVIEW(1.0),"Pollution, grime or other environmental problems",A,Annual,A1_DCH,One adult with dependent children,TOTAL,Total,PC,Percentage,SK,Slovakia,2015,,16.8,,,,,
dataflow,ESTAT:ILC_MDDW02$DEFAULTVIEW(1.0),"Pollution, grime or other environmental problems",A,Annual,A1_DCH,One adult with dependent children,TOTAL,Total,PC,Percentage,SK,Slovakia,2016,,9.5,,,,,
dataflow,ESTAT:ILC_MDDW02$DEFAULTVIEW(1.0),"Pollution, grime or other environmental problems",A,Annual,A1_DCH,One adult with dependent children,TOTAL,Total,PC,Percentage,SK,Slovakia,2017,,9.0,,,,,
dataflow,ESTAT:ILC_MDDW02$DEFAULTVIEW(1.0),"Pollution, grime or other environmental problems",A,Annual,A1_DCH,One adult with dependent children,TOTAL,Total,PC,Percentage,SK,Slovakia,2018,,14.6,,,,,
dataflow,ESTAT:ILC_MDDW02$DEFAULTVIEW(1.0),"Pollution, grime or other environmental problems",A,Annual,A1_DCH,One adult with dependent children,TOTAL,Total,PC,Percentage,SK,Slovakia,2019,,12.1,,,,,
dataflow,ESTAT:ILC_MDDW02$DEFAULTVIEW(1.0),"Pollution, grime or other environmental problems",A,Annual,A1_DCH,One adult with dependent children,TOTAL,Total,PC,Percentage,SK,Slovakia,2020,,5.8,,,,,
dataflow,ESTAT:ILC_MDDW02$DEFAULTVIEW(1.0),"Pollution, grime or other environmental problems",A,Annual,A1_DCH,One adult with dependent children,TOTAL,Total,PC,Percentage,SK,Slovakia,2023,,7.0,,,,,
dataflow,ESTAT:ILC_MDDW02$DEFAULTVIEW(1.0),"Pollution, grime or other environmental problems",A,Annual,A1_DCH,One adult with dependent children,TOTAL,Total,PC,Percentage,TR,Türkiye,2012,,22.8,,,,,
dataflow,ESTAT:ILC_MDDW02$DEFAULTVIEW(1.0),"Pollution, grime or other environmental problems",A,Annual,A1_DCH,One adult with dependent children,TOTAL,Total,PC,Percentage,TR,Türkiye,2013,,24.0,,,,,
dataflow,ESTAT:ILC_MDDW02$DEFAULTVIEW(1.0),"Pollution, grime or other environmental problems",A,Annual,A1_DCH,One adult with dependent children,TOTAL,Total,PC,Percentage,TR,Türkiye,2014,,22.2,,,,,
dataflow,ESTAT:ILC_MDDW02$DEFAULTVIEW(1.0),"Pollution, grime or other environmental problems",A,Annual,A1_DCH,One adult with dependent children,TOTAL,Total,PC,Percentage,TR,Türkiye,2015,,26.7,,,,,
dataflow,ESTAT:ILC_MDDW02$DEFAULTVIEW(1.0),"Pollution, grime or other environmental problems",A,Annual,A1_DCH,One adult with dependent children,TOTAL,Total,PC,Percentage,TR,Türkiye,2016,,29.5,,,,,
dataflow,ESTAT:ILC_MDDW02$DEFAULTVIEW(1.0),"Pollution, grime or other environmental problems",A,Annual,A1_DCH,One adult with dependent children,TOTAL,Total,PC,Percentage,TR,Türkiye,2017,,26.4,,,,,
dataflow,ESTAT:ILC_MDDW02$DEFAULTVIEW(1.0),"Pollution, grime or other environmental problems",A,Annual,A1_DCH,One adult with dependent children,TOTAL,Total,PC,Percentage,TR,Türkiye,2018,,26.2,,,,,
dataflow,ESTAT:ILC_MDDW02$DEFAULTVIEW(1.0),"Pollution, grime or other environmental problems",A,Annual,A1_DCH,One adult with dependent children,TOTAL,Total,PC,Percentage,TR,Türkiye,2019,,27.7,,,,,
dataflow,ESTAT:ILC_MDDW02$DEFAULTVIEW(1.0),"Pollution, grime or other environmental problems",A,Annual,A1_DCH,One adult with dependent children,TOTAL,Total,PC,Percentage,TR,Türkiye,2020,,27.2,,,,,
dataflow,ESTAT:ILC_MDDW02$DEFAULTVIEW(1.0),"Pollution, grime or other environmental problems",A,Annual,A1_DCH,One adult with dependent children,TOTAL,Total,PC,Percentage,TR,Türkiye,2023,,21.8,,,,,
dataflow,ESTAT:ILC_MDDW02$DEFAULTVIEW(1.0),"Pollution, grime or other environmental problems",A,Annual,A1_DCH,One adult with dependent children,TOTAL,Total,PC,Percentage,UK,United Kingdom,2012,,11.8,,b,break in time series,,
dataflow,ESTAT:ILC_MDDW02$DEFAULTVIEW(1.0),"Pollution, grime or other environmental problems",A,Annual,A1_DCH,One adult with dependent children,TOTAL,Total,PC,Percentage,UK,United Kingdom,2013,,10.1,,,,,
dataflow,ESTAT:ILC_MDDW02$DEFAULTVIEW(1.0),"Pollution, grime or other environmental problems",A,Annual,A1_DCH,One adult with dependent children,TOTAL,Total,PC,Percentage,UK,United Kingdom,2014,,8.1,,,,,
dataflow,ESTAT:ILC_MDDW02$DEFAULTVIEW(1.0),"Pollution, grime or other environmental problems",A,Annual,A1_DCH,One adult with dependent children,TOTAL,Total,PC,Percentage,UK,United Kingdom,2015,,10.1,,,,,
dataflow,ESTAT:ILC_MDDW02$DEFAULTVIEW(1.0),"Pollution, grime or other environmental problems",A,Annual,A1_DCH,One adult with dependent children,TOTAL,Total,PC,Percentage,UK,United Kingdom,2016,,8.1,,,,,
dataflow,ESTAT:ILC_MDDW02$DEFAULTVIEW(1.0),"Pollution, grime or other environmental problems",A,Annual,A1_DCH,One adult with dependent children,TOTAL,Total,PC,Percentage,UK,United Kingdom,2017,,16.0,,bu,"break in time series, low reliability",,
dataflow,ESTAT:ILC_MDDW02$DEFAULTVIEW(1.0),"Pollution, grime or other environmental problems",A,Annual,A1_DCH,One adult with dependent children,TOTAL,Total,PC,Percentage,UK,United Kingdom,2018,,13.9,,u,low reliability,,
dataflow,ESTAT:ILC_MDDW02$DEFAULTVIEW(1.0),"Pollution, grime or other environmental problems",A,Annual,A1_DCH,One adult with dependent children,TOTAL,Total,PC,Percentage,XK,Kosovo*,2018,,20.8,,,,,
dataflow,ESTAT:ILC_MDDW02$DEFAULTVIEW(1.0),"Pollution, grime or other environmental problems",A,Annual,F1,One single female,TOTAL,Total,PC,Percentage,AL,Albania,2017,,4.8,,,,,
dataflow,ESTAT:ILC_MDDW02$DEFAULTVIEW(1.0),"Pollution, grime or other environmental problems",A,Annual,F1,One single female,TOTAL,Total,PC,Percentage,AL,Albania,2018,,3.8,,,,,
dataflow,ESTAT:ILC_MDDW02$DEFAULTVIEW(1.0),"Pollution, grime or other environmental problems",A,Annual,F1,One single female,TOTAL,Total,PC,Percentage,AL,Albania,2019,,3.2,,,,,
dataflow,ESTAT:ILC_MDDW02$DEFAULTVIEW(1.0),"Pollution, grime or other environmental problems",A,Annual,F1,One single female,TOTAL,Total,PC,Percentage,AL,Albania,2020,,1.8,,,,,
dataflow,ESTAT:ILC_MDDW02$DEFAULTVIEW(1.0),"Pollution, grime or other environmental problems",A,Annual,F1,One single female,TOTAL,Total,PC,Percentage,AL,Albania,2023,,4.2,,,,,
dataflow,ESTAT:ILC_MDDW02$DEFAULTVIEW(1.0),"Pollution, grime or other environmental problems",A,Annual,F1,One single female,TOTAL,Total,PC,Percentage,AT,Austria,2012,,12.0,,,,,
dataflow,ESTAT:ILC_MDDW02$DEFAULTVIEW(1.0),"Pollution, grime or other environmental problems",A,Annual,F1,One single female,TOTAL,Total,PC,Percentage,AT,Austria,2013,,12.3,,,,,
dataflow,ESTAT:ILC_MDDW02$DEFAULTVIEW(1.0),"Pollution, grime or other environmental problems",A,Annual,F1,One single female,TOTAL,Total,PC,Percentage,AT,Austria,2014,,12.0,,,,,
dataflow,ESTAT:ILC_MDDW02$DEFAULTVIEW(1.0),"Pollution, grime or other environmental problems",A,Annual,F1,One single female,TOTAL,Total,PC,Percentage,AT,Austria,2015,,12.2,,,,,
dataflow,ESTAT:ILC_MDDW02$DEFAULTVIEW(1.0),"Pollution, grime or other environmental problems",A,Annual,F1,One single female,TOTAL,Total,PC,Percentage,AT,Austria,2016,,11.0,,,,,
dataflow,ESTAT:ILC_MDDW02$DEFAULTVIEW(1.0),"Pollution, grime or other environmental problems",A,Annual,F1,One single female,TOTAL,Total,PC,Percentage,AT,Austria,2017,,11.1,,,,,
dataflow,ESTAT:ILC_MDDW02$DEFAULTVIEW(1.0),"Pollution, grime or other environmental problems",A,Annual,F1,One single female,TOTAL,Total,PC,Percentage,AT,Austria,2018,,11.2,,,,,
dataflow,ESTAT:ILC_MDDW02$DEFAULTVIEW(1.0),"Pollution, grime or other environmental problems",A,Annual,F1,One single female,TOTAL,Total,PC,Percentage,AT,Austria,2019,,12.5,,,,,
dataflow,ESTAT:ILC_MDDW02$DEFAULTVIEW(1.0),"Pollution, grime or other environmental problems",A,Annual,F1,One single female,TOTAL,Total,PC,Percentage,AT,Austria,2020,,10.0,,,,,
dataflow,ESTAT:ILC_MDDW02$DEFAULTVIEW(1.0),"Pollution, grime or other environmental problems",A,Annual,F1,One single female,TOTAL,Total,PC,Percentage,AT,Austria,2023,,9.6,,,,,
dataflow,ESTAT:ILC_MDDW02$DEFAULTVIEW(1.0),"Pollution, grime or other environmental problems",A,Annual,F1,One single female,TOTAL,Total,PC,Percentage,BE,Belgium,2012,,14.6,,,,,
dataflow,ESTAT:ILC_MDDW02$DEFAULTVIEW(1.0),"Pollution, grime or other environmental problems",A,Annual,F1,One single female,TOTAL,Total,PC,Percentage,BE,Belgium,2013,,18.4,,,,,
dataflow,ESTAT:ILC_MDDW02$DEFAULTVIEW(1.0),"Pollution, grime or other environmental problems",A,Annual,F1,One single female,TOTAL,Total,PC,Percentage,BE,Belgium,2014,,17.4,,,,,
dataflow,ESTAT:ILC_MDDW02$DEFAULTVIEW(1.0),"Pollution, grime or other environmental problems",A,Annual,F1,One single female,TOTAL,Total,PC,Percentage,BE,Belgium,2015,,15.5,,,,,
dataflow,ESTAT:ILC_MDDW02$DEFAULTVIEW(1.0),"Pollution, grime or other environmental problems",A,Annual,F1,One single female,TOTAL,Total,PC,Percentage,BE,Belgium,2016,,15.0,,,,,
dataflow,ESTAT:ILC_MDDW02$DEFAULTVIEW(1.0),"Pollution, grime or other environmental problems",A,Annual,F1,One single female,TOTAL,Total,PC,Percentage,BE,Belgium,2017,,13.9,,,,,
dataflow,ESTAT:ILC_MDDW02$DEFAULTVIEW(1.0),"Pollution, grime or other environmental problems",A,Annual,F1,One single female,TOTAL,Total,PC,Percentage,BE,Belgium,2018,,16.3,,,,,
dataflow,ESTAT:ILC_MDDW02$DEFAULTVIEW(1.0),"Pollution, grime or other environmental problems",A,Annual,F1,One single female,TOTAL,Total,PC,Percentage,BE,Belgium,2019,,15.5,,b,break in time series,,
dataflow,ESTAT:ILC_MDDW02$DEFAULTVIEW(1.0),"Pollution, grime or other environmental problems",A,Annual,F1,One single female,TOTAL,Total,PC,Percentage,BE,Belgium,2020,,12.9,,,,,
dataflow,ESTAT:ILC_MDDW02$DEFAULTVIEW(1.0),"Pollution, grime or other environmental problems",A,Annual,F1,One single female,TOTAL,Total,PC,Percentage,BE,Belgium,2023,,16.0,,,,,
dataflow,ESTAT:ILC_MDDW02$DEFAULTVIEW(1.0),"Pollution, grime or other environmental problems",A,Annual,F1,One single female,TOTAL,Total,PC,Percentage,BG,Bulgaria,2012,,11.4,,,,,
dataflow,ESTAT:ILC_MDDW02$DEFAULTVIEW(1.0),"Pollution, grime or other environmental problems",A,Annual,F1,One single female,TOTAL,Total,PC,Percentage,BG,Bulgaria,2013,,10.2,,,,,
dataflow,ESTAT:ILC_MDDW02$DEFAULTVIEW(1.0),"Pollution, grime or other environmental problems",A,Annual,F1,One single female,TOTAL,Total,PC,Percentage,BG,Bulgaria,2014,,10.4,,,,,
dataflow,ESTAT:ILC_MDDW02$DEFAULTVIEW(1.0),"Pollution, grime or other environmental problems",A,Annual,F1,One single female,TOTAL,Total,PC,Percentage,BG,Bulgaria,2015,,10.5,,,,,
dataflow,ESTAT:ILC_MDDW02$DEFAULTVIEW(1.0),"Pollution, grime or other environmental problems",A,Annual,F1,One single female,TOTAL,Total,PC,Percentage,BG,Bulgaria,2016,,10.6,,b,break in time series,,
dataflow,ESTAT:ILC_MDDW02$DEFAULTVIEW(1.0),"Pollution, grime or other environmental problems",A,Annual,F1,One single female,TOTAL,Total,PC,Percentage,BG,Bulgaria,2017,,9.8,,,,,
dataflow,ESTAT:ILC_MDDW02$DEFAULTVIEW(1.0),"Pollution, grime or other environmental problems",A,Annual,F1,One single female,TOTAL,Total,PC,Percentage,BG,Bulgaria,2018,,9.9,,,,,
dataflow,ESTAT:ILC_MDDW02$DEFAULTVIEW(1.0),"Pollution, grime or other environmental problems",A,Annual,F1,One single female,TOTAL,Total,PC,Percentage,BG,Bulgaria,2019,,9.7,,,,,
dataflow,ESTAT:ILC_MDDW02$DEFAULTVIEW(1.0),"Pollution, grime or other environmental problems",A,Annual,F1,One single female,TOTAL,Total,PC,Percentage,BG,Bulgaria,2020,,8.4,,,,,
dataflow,ESTAT:ILC_MDDW02$DEFAULTVIEW(1.0),"Pollution, grime or other environmental problems",A,Annual,F1,One single female,TOTAL,Total,PC,Percentage,BG,Bulgaria,2023,,7.6,,,,,
dataflow,ESTAT:ILC_MDDW02$DEFAULTVIEW(1.0),"Pollution, grime or other environmental problems",A,Annual,F1,One single female,TOTAL,Total,PC,Percentage,CH,Switzerland,2012,,13.6,,,,,
dataflow,ESTAT:ILC_MDDW02$DEFAULTVIEW(1.0),"Pollution, grime or other environmental problems",A,Annual,F1,One single female,TOTAL,Total,PC,Percentage,CH,Switzerland,2013,,12.8,,,,,
dataflow,ESTAT:ILC_MDDW02$DEFAULTVIEW(1.0),"Pollution, grime or other environmental problems",A,Annual,F1,One single female,TOTAL,Total,PC,Percentage,CH,Switzerland,2014,,12.5,,b,break in time series,,
dataflow,ESTAT:ILC_MDDW02$DEFAULTVIEW(1.0),"Pollution, grime or other environmental problems",A,Annual,F1,One single female,TOTAL,Total,PC,Percentage,CH,Switzerland,2015,,11.0,,,,,
dataflow,ESTAT:ILC_MDDW02$DEFAULTVIEW(1.0),"Pollution, grime or other environmental problems",A,Annual,F1,One single female,TOTAL,Total,PC,Percentage,CH,Switzerland,2016,,10.6,,,,,
dataflow,ESTAT:ILC_MDDW02$DEFAULTVIEW(1.0),"Pollution, grime or other environmental problems",A,Annual,F1,One single female,TOTAL,Total,PC,Percentage,CH,Switzerland,2017,,10.8,,,,,
dataflow,ESTAT:ILC_MDDW02$DEFAULTVIEW(1.0),"Pollution, grime or other environmental problems",A,Annual,F1,One single female,TOTAL,Total,PC,Percentage,CH,Switzerland,2018,,11.6,,,,,
dataflow,ESTAT:ILC_MDDW02$DEFAULTVIEW(1.0),"Pollution, grime or other environmental problems",A,Annual,F1,One single female,TOTAL,Total,PC,Percentage,CH,Switzerland,2019,,10.2,,,,,
dataflow,ESTAT:ILC_MDDW02$DEFAULTVIEW(1.0),"Pollution, grime or other environmental problems",A,Annual,F1,One single female,TOTAL,Total,PC,Percentage,CH,Switzerland,2020,,10.1,,,,,
dataflow,ESTAT:ILC_MDDW02$DEFAULTVIEW(1.0),"Pollution, grime or other environmental problems",A,Annual,F1,One single female,TOTAL,Total,PC,Percentage,CH,Switzerland,2023,,10.3,,,,,
dataflow,ESTAT:ILC_MDDW02$DEFAULTVIEW(1.0),"Pollution, grime or other environmental problems",A,Annual,F1,One single female,TOTAL,Total,PC,Percentage,CY,Cyprus,2012,,14.9,,,,,
dataflow,ESTAT:ILC_MDDW02$DEFAULTVIEW(1.0),"Pollution, grime or other environmental problems",A,Annual,F1,One single female,TOTAL,Total,PC,Percentage,CY,Cyprus,2013,,11.4,,,,,
dataflow,ESTAT:ILC_MDDW02$DEFAULTVIEW(1.0),"Pollution, grime or other environmental problems",A,Annual,F1,One single female,TOTAL,Total,PC,Percentage,CY,Cyprus,2014,,8.4,,,,,
dataflow,ESTAT:ILC_MDDW02$DEFAULTVIEW(1.0),"Pollution, grime or other environmental problems",A,Annual,F1,One single female,TOTAL,Total,PC,Percentage,CY,Cyprus,2015,,9.4,,,,,
dataflow,ESTAT:ILC_MDDW02$DEFAULTVIEW(1.0),"Pollution, grime or other environmental problems",A,Annual,F1,One single female,TOTAL,Total,PC,Percentage,CY,Cyprus,2016,,7.2,,,,,
dataflow,ESTAT:ILC_MDDW02$DEFAULTVIEW(1.0),"Pollution, grime or other environmental problems",A,Annual,F1,One single female,TOTAL,Total,PC,Percentage,CY,Cyprus,2017,,6.1,,,,,
dataflow,ESTAT:ILC_MDDW02$DEFAULTVIEW(1.0),"Pollution, grime or other environmental problems",A,Annual,F1,One single female,TOTAL,Total,PC,Percentage,CY,Cyprus,2018,,5.3,,,,,
dataflow,ESTAT:ILC_MDDW02$DEFAULTVIEW(1.0),"Pollution, grime or other environmental problems",A,Annual,F1,One single female,TOTAL,Total,PC,Percentage,CY,Cyprus,2019,,7.2,,,,,
dataflow,ESTAT:ILC_MDDW02$DEFAULTVIEW(1.0),"Pollution, grime or other environmental problems",A,Annual,F1,One single female,TOTAL,Total,PC,Percentage,CY,Cyprus,2020,,8.6,,,,,
dataflow,ESTAT:ILC_MDDW02$DEFAULTVIEW(1.0),"Pollution, grime or other environmental problems",A,Annual,F1,One single female,TOTAL,Total,PC,Percentage,CY,Cyprus,2023,,10.8,,,,,
dataflow,ESTAT:ILC_MDDW02$DEFAULTVIEW(1.0),"Pollution, grime or other environmental problems",A,Annual,F1,One single female,TOTAL,Total,PC,Percentage,CZ,Czechia,2012,,16.3,,,,,
dataflow,ESTAT:ILC_MDDW02$DEFAULTVIEW(1.0),"Pollution, grime or other environmental problems",A,Annual,F1,One single female,TOTAL,Total,PC,Percentage,CZ,Czechia,2013,,17.4,,,,,
dataflow,ESTAT:ILC_MDDW02$DEFAULTVIEW(1.0),"Pollution, grime or other environmental problems",A,Annual,F1,One single female,TOTAL,Total,PC,Percentage,CZ,Czechia,2014,,15.4,,,,,
dataflow,ESTAT:ILC_MDDW02$DEFAULTVIEW(1.0),"Pollution, grime or other environmental problems",A,Annual,F1,One single female,TOTAL,Total,PC,Percentage,CZ,Czechia,2015,,14.9,,,,,
dataflow,ESTAT:ILC_MDDW02$DEFAULTVIEW(1.0),"Pollution, grime or other environmental problems",A,Annual,F1,One single female,TOTAL,Total,PC,Percentage,CZ,Czechia,2016,,15.3,,,,,
dataflow,ESTAT:ILC_MDDW02$DEFAULTVIEW(1.0),"Pollution, grime or other environmental problems",A,Annual,F1,One single female,TOTAL,Total,PC,Percentage,CZ,Czechia,2017,,13.0,,,,,
dataflow,ESTAT:ILC_MDDW02$DEFAULTVIEW(1.0),"Pollution, grime or other environmental problems",A,Annual,F1,One single female,TOTAL,Total,PC,Percentage,CZ,Czechia,2018,,12.4,,,,,
dataflow,ESTAT:ILC_MDDW02$DEFAULTVIEW(1.0),"Pollution, grime or other environmental problems",A,Annual,F1,One single female,TOTAL,Total,PC,Percentage,CZ,Czechia,2019,,12.2,,,,,
dataflow,ESTAT:ILC_MDDW02$DEFAULTVIEW(1.0),"Pollution, grime or other environmental problems",A,Annual,F1,One single female,TOTAL,Total,PC,Percentage,CZ,Czechia,2020,,10.2,,,,,
dataflow,ESTAT:ILC_MDDW02$DEFAULTVIEW(1.0),"Pollution, grime or other environmental problems",A,Annual,F1,One single female,TOTAL,Total,PC,Percentage,CZ,Czechia,2023,,9.4,,,,,
dataflow,ESTAT:ILC_MDDW02$DEFAULTVIEW(1.0),"Pollution, grime or other environmental problems",A,Annual,F1,One single female,TOTAL,Total,PC,Percentage,DE,Germany,2012,,26.0,,,,,
dataflow,ESTAT:ILC_MDDW02$DEFAULTVIEW(1.0),"Pollution, grime or other environmental problems",A,Annual,F1,One single female,TOTAL,Total,PC,Percentage,DE,Germany,2013,,25.5,,,,,
dataflow,ESTAT:ILC_MDDW02$DEFAULTVIEW(1.0),"Pollution, grime or other environmental problems",A,Annual,F1,One single female,TOTAL,Total,PC,Percentage,DE,Germany,2014,,25.7,,,,,
dataflow,ESTAT:ILC_MDDW02$DEFAULTVIEW(1.0),"Pollution, grime or other environmental problems",A,Annual,F1,One single female,TOTAL,Total,PC,Percentage,DE,Germany,2015,,26.1,,,,,
dataflow,ESTAT:ILC_MDDW02$DEFAULTVIEW(1.0),"Pollution, grime or other environmental problems",A,Annual,F1,One single female,TOTAL,Total,PC,Percentage,DE,Germany,2016,,27.2,,,,,
dataflow,ESTAT:ILC_MDDW02$DEFAULTVIEW(1.0),"Pollution, grime or other environmental problems",A,Annual,F1,One single female,TOTAL,Total,PC,Percentage,DE,Germany,2017,,29.5,,,,,
dataflow,ESTAT:ILC_MDDW02$DEFAULTVIEW(1.0),"Pollution, grime or other environmental problems",A,Annual,F1,One single female,TOTAL,Total,PC,Percentage,DE,Germany,2018,,30.9,,,,,
dataflow,ESTAT:ILC_MDDW02$DEFAULTVIEW(1.0),"Pollution, grime or other environmental problems",A,Annual,F1,One single female,TOTAL,Total,PC,Percentage,DE,Germany,2019,,29.6,,,,,
dataflow,ESTAT:ILC_MDDW02$DEFAULTVIEW(1.0),"Pollution, grime or other environmental problems",A,Annual,F1,One single female,TOTAL,Total,PC,Percentage,DE,Germany,2020,,13.4,,bu,"break in time series, low reliability",,
dataflow,ESTAT:ILC_MDDW02$DEFAULTVIEW(1.0),"Pollution, grime or other environmental problems",A,Annual,F1,One single female,TOTAL,Total,PC,Percentage,DE,Germany,2023,,17.7,,u,low reliability,,
dataflow,ESTAT:ILC_MDDW02$DEFAULTVIEW(1.0),"Pollution, grime or other environmental problems",A,Annual,F1,One single female,TOTAL,Total,PC,Percentage,DK,Denmark,2012,,8.0,,,,,
dataflow,ESTAT:ILC_MDDW02$DEFAULTVIEW(1.0),"Pollution, grime or other environmental problems",A,Annual,F1,One single female,TOTAL,Total,PC,Percentage,DK,Denmark,2013,,6.3,,,,,
dataflow,ESTAT:ILC_MDDW02$DEFAULTVIEW(1.0),"Pollution, grime or other environmental problems",A,Annual,F1,One single female,TOTAL,Total,PC,Percentage,DK,Denmark,2014,,9.3,,,,,
dataflow,ESTAT:ILC_MDDW02$DEFAULTVIEW(1.0),"Pollution, grime or other environmental problems",A,Annual,F1,One single female,TOTAL,Total,PC,Percentage,DK,Denmark,2015,,8.3,,,,,
dataflow,ESTAT:ILC_MDDW02$DEFAULTVIEW(1.0),"Pollution, grime or other environmental problems",A,Annual,F1,One single female,TOTAL,Total,PC,Percentage,DK,Denmark,2016,,7.7,,,,,
dataflow,ESTAT:ILC_MDDW02$DEFAULTVIEW(1.0),"Pollution, grime or other environmental problems",A,Annual,F1,One single female,TOTAL,Total,PC,Percentage,DK,Denmark,2017,,9.9,,,,,
dataflow,ESTAT:ILC_MDDW02$DEFAULTVIEW(1.0),"Pollution, grime or other environmental problems",A,Annual,F1,One single female,TOTAL,Total,PC,Percentage,DK,Denmark,2018,,11.8,,,,,
dataflow,ESTAT:ILC_MDDW02$DEFAULTVIEW(1.0),"Pollution, grime or other environmental problems",A,Annual,F1,One single female,TOTAL,Total,PC,Percentage,DK,Denmark,2019,,9.7,,,,,
dataflow,ESTAT:ILC_MDDW02$DEFAULTVIEW(1.0),"Pollution, grime or other environmental problems",A,Annual,F1,One single female,TOTAL,Total,PC,Percentage,DK,Denmark,2020,,12.7,,,,,
dataflow,ESTAT:ILC_MDDW02$DEFAULTVIEW(1.0),"Pollution, grime or other environmental problems",A,Annual,F1,One single female,TOTAL,Total,PC,Percentage,DK,Denmark,2023,,8.3,,,,,
dataflow,ESTAT:ILC_MDDW02$DEFAULTVIEW(1.0),"Pollution, grime or other environmental problems",A,Annual,F1,One single female,TOTAL,Total,PC,Percentage,EA,"Euro area (EA11-1999, EA12-2001, EA13-2007, EA15-2008, EA16-2009, EA17-2011, EA18-2014, EA19-2015, EA20-2023, EA21-2026)",2012,,17.8,,e,estimated,,
dataflow,ESTAT:ILC_MDDW02$DEFAULTVIEW(1.0),"Pollution, grime or other environmental problems",A,Annual,F1,One single female,TOTAL,Total,PC,Percentage,EA,"Euro area (EA11-1999, EA12-2001, EA13-2007, EA15-2008, EA16-2009, EA17-2011, EA18-2014, EA19-2015, EA20-2023, EA21-2026)",2013,,17.9,,e,estimated,,
dataflow,ESTAT:ILC_MDDW02$DEFAULTVIEW(1.0),"Pollution, grime or other environmental problems",A,Annual,F1,One single female,TOTAL,Total,PC,Percentage,EA,"Euro area (EA11-1999, EA12-2001, EA13-2007, EA15-2008, EA16-2009, EA17-2011, EA18-2014, EA19-2015, EA20-2023, EA21-2026)",2014,,18.1,,e,estimated,,
dataflow,ESTAT:ILC_MDDW02$DEFAULTVIEW(1.0),"Pollution, grime or other environmental problems",A,Annual,F1,One single female,TOTAL,Total,PC,Percentage,EA,"Euro area (EA11-1999, EA12-2001, EA13-2007, EA15-2008, EA16-2009, EA17-2011, EA18-2014, EA19-2015, EA20-2023, EA21-2026)",2015,,18.3,,e,estimated,,
dataflow,ESTAT:ILC_MDDW02$DEFAULTVIEW(1.0),"Pollution, grime or other environmental problems",A,Annual,F1,One single female,TOTAL,Total,PC,Percentage,EA,"Euro area (EA11-1999, EA12-2001, EA13-2007, EA15-2008, EA16-2009, EA17-2011, EA18-2014, EA19-2015, EA20-2023, EA21-2026)",2016,,18.0,,e,estimated,,
dataflow,ESTAT:ILC_MDDW02$DEFAULTVIEW(1.0),"Pollution, grime or other environmental problems",A,Annual,F1,One single female,TOTAL,Total,PC,Percentage,EA,"Euro area (EA11-1999, EA12-2001, EA13-2007, EA15-2008, EA16-2009, EA17-2011, EA18-2014, EA19-2015, EA20-2023, EA21-2026)",2017,,18.1,,e,estimated,,
dataflow,ESTAT:ILC_MDDW02$DEFAULTVIEW(1.0),"Pollution, grime or other environmental problems",A,Annual,F1,One single female,TOTAL,Total,PC,Percentage,EA,"Euro area (EA11-1999, EA12-2001, EA13-2007, EA15-2008, EA16-2009, EA17-2011, EA18-2014, EA19-2015, EA20-2023, EA21-2026)",2018,,18.9,,e,estimated,,
dataflow,ESTAT:ILC_MDDW02$DEFAULTVIEW(1.0),"Pollution, grime or other environmental problems",A,Annual,F1,One single female,TOTAL,Total,PC,Percentage,EA,"Euro area (EA11-1999, EA12-2001, EA13-2007, EA15-2008, EA16-2009, EA17-2011, EA18-2014, EA19-2015, EA20-2023, EA21-2026)",2019,,18.3,,,,,
dataflow,ESTAT:ILC_MDDW02$DEFAULTVIEW(1.0),"Pollution, grime or other environmental problems",A,Annual,F1,One single female,TOTAL,Total,PC,Percentage,EA,"Euro area (EA11-1999, EA12-2001, EA13-2007, EA15-2008, EA16-2009, EA17-2011, EA18-2014, EA19-2015, EA20-2023, EA21-2026)",2020,,15.1,,,,,
dataflow,ESTAT:ILC_MDDW02$DEFAULTVIEW(1.0),"Pollution, grime or other environmental problems",A,Annual,F1,One single female,TOTAL,Total,PC,Percentage,EA18,Euro area - 18 countries (2014),2012,,17.9,,,,,
dataflow,ESTAT:ILC_MDDW02$DEFAULTVIEW(1.0),"Pollution, grime or other environmental problems",A,Annual,F1,One single female,TOTAL,Total,PC,Percentage,EA18,Euro area - 18 countries (2014),2013,,17.9,,,,,
dataflow,ESTAT:ILC_MDDW02$DEFAULTVIEW(1.0),"Pollution, grime or other environmental problems",A,Annual,F1,One single female,TOTAL,Total,PC,Percentage,EA18,Euro area - 18 countries (2014),2014,,18.1,,,,,
dataflow,ESTAT:ILC_MDDW02$DEFAULTVIEW(1.0),"Pollution, grime or other environmental problems",A,Annual,F1,One single female,TOTAL,Total,PC,Percentage,EA18,Euro area - 18 countries (2014),2015,,18.3,,,,,
dataflow,ESTAT:ILC_MDDW02$DEFAULTVIEW(1.0),"Pollution, grime or other environmental problems",A,Annual,F1,One single female,TOTAL,Total,PC,Percentage,EA18,Euro area - 18 countries (2014),2016,,18.1,,,,,
dataflow,ESTAT:ILC_MDDW02$DEFAULTVIEW(1.0),"Pollution, grime or other environmental problems",A,Annual,F1,One single female,TOTAL,Total,PC,Percentage,EA18,Euro area - 18 countries (2014),2017,,18.2,,,,,
dataflow,ESTAT:ILC_MDDW02$DEFAULTVIEW(1.0),"Pollution, grime or other environmental problems",A,Annual,F1,One single female,TOTAL,Total,PC,Percentage,EA18,Euro area - 18 countries (2014),2018,,18.9,,,,,
dataflow,ESTAT:ILC_MDDW02$DEFAULTVIEW(1.0),"Pollution, grime or other environmental problems",A,Annual,F1,One single female,TOTAL,Total,PC,Percentage,EA18,Euro area - 18 countries (2014),2019,,18.4,,,,,
dataflow,ESTAT:ILC_MDDW02$DEFAULTVIEW(1.0),"Pollution, grime or other environmental problems",A,Annual,F1,One single female,TOTAL,Total,PC,Percentage,EA18,Euro area - 18 countries (2014),2020,,15.1,,,,,
dataflow,ESTAT:ILC_MDDW02$DEFAULTVIEW(1.0),"Pollution, grime or other environmental problems",A,Annual,F1,One single female,TOTAL,Total,PC,Percentage,EA19,Euro area - 19 countries  (2015-2022),2012,,17.8,,,,,
dataflow,ESTAT:ILC_MDDW02$DEFAULTVIEW(1.0),"Pollution, grime or other environmental problems",A,Annual,F1,One single female,TOTAL,Total,PC,Percentage,EA19,Euro area - 19 countries  (2015-2022),2013,,17.9,,,,,
dataflow,ESTAT:ILC_MDDW02$DEFAULTVIEW(1.0),"Pollution, grime or other environmental problems",A,Annual,F1,One single female,TOTAL,Total,PC,Percentage,EA19,Euro area - 19 countries  (2015-2022),2014,,18.0,,,,,
dataflow,ESTAT:ILC_MDDW02$DEFAULTVIEW(1.0),"Pollution, grime or other environmental problems",A,Annual,F1,One single female,TOTAL,Total,PC,Percentage,EA19,Euro area - 19 countries  (2015-2022),2015,,18.3,,,,,
dataflow,ESTAT:ILC_MDDW02$DEFAULTVIEW(1.0),"Pollution, grime or other environmental problems",A,Annual,F1,One single female,TOTAL,Total,PC,Percentage,EA19,Euro area - 19 countries  (2015-2022),2016,,18.0,,,,,
dataflow,ESTAT:ILC_MDDW02$DEFAULTVIEW(1.0),"Pollution, grime or other environmental problems",A,Annual,F1,One single female,TOTAL,Total,PC,Percentage,EA19,Euro area - 19 countries  (2015-2022),2017,,18.1,,,,,
dataflow,ESTAT:ILC_MDDW02$DEFAULTVIEW(1.0),"Pollution, grime or other environmental problems",A,Annual,F1,One single female,TOTAL,Total,PC,Percentage,EA19,Euro area - 19 countries  (2015-2022),2018,,18.9,,,,,
dataflow,ESTAT:ILC_MDDW02$DEFAULTVIEW(1.0),"Pollution, grime or other environmental problems",A,Annual,F1,One single female,TOTAL,Total,PC,Percentage,EA19,Euro area - 19 countries  (2015-2022),2019,,18.3,,,,,
dataflow,ESTAT:ILC_MDDW02$DEFAULTVIEW(1.0),"Pollution, grime or other environmental problems",A,Annual,F1,One single female,TOTAL,Total,PC,Percentage,EA19,Euro area - 19 countries  (2015-2022),2020,,15.1,,,,,
dataflow,ESTAT:ILC_MDDW02$DEFAULTVIEW(1.0),"Pollution, grime or other environmental problems",A,Annual,F1,One single female,TOTAL,Total,PC,Percentage,EA20,Euro area – 20 countries (2023-2025),2023,,14.8,,,,,
dataflow,ESTAT:ILC_MDDW02$DEFAULTVIEW(1.0),"Pollution, grime or other environmental problems",A,Annual,F1,One single female,TOTAL,Total,PC,Percentage,EE,Estonia,2012,,10.8,,,,,
dataflow,ESTAT:ILC_MDDW02$DEFAULTVIEW(1.0),"Pollution, grime or other environmental problems",A,Annual,F1,One single female,TOTAL,Total,PC,Percentage,EE,Estonia,2013,,9.2,,,,,
dataflow,ESTAT:ILC_MDDW02$DEFAULTVIEW(1.0),"Pollution, grime or other environmental problems",A,Annual,F1,One single female,TOTAL,Total,PC,Percentage,EE,Estonia,2014,,10.3,,b,break in time series,,
dataflow,ESTAT:ILC_MDDW02$DEFAULTVIEW(1.0),"Pollution, grime or other environmental problems",A,Annual,F1,One single female,TOTAL,Total,PC,Percentage,EE,Estonia,2015,,9.3,,,,,
dataflow,ESTAT:ILC_MDDW02$DEFAULTVIEW(1.0),"Pollution, grime or other environmental problems",A,Annual,F1,One single female,TOTAL,Total,PC,Percentage,EE,Estonia,2016,,9.1,,,,,
dataflow,ESTAT:ILC_MDDW02$DEFAULTVIEW(1.0),"Pollution, grime or other environmental problems",A,Annual,F1,One single female,TOTAL,Total,PC,Percentage,EE,Estonia,2017,,10.7,,,,,
dataflow,ESTAT:ILC_MDDW02$DEFAULTVIEW(1.0),"Pollution, grime or other environmental problems",A,Annual,F1,One single female,TOTAL,Total,PC,Percentage,EE,Estonia,2018,,10.0,,,,,
dataflow,ESTAT:ILC_MDDW02$DEFAULTVIEW(1.0),"Pollution, grime or other environmental problems",A,Annual,F1,One single female,TOTAL,Total,PC,Percentage,EE,Estonia,2019,,10.1,,,,,
dataflow,ESTAT:ILC_MDDW02$DEFAULTVIEW(1.0),"Pollution, grime or other environmental problems",A,Annual,F1,One single female,TOTAL,Total,PC,Percentage,EE,Estonia,2020,,9.0,,,,,
dataflow,ESTAT:ILC_MDDW02$DEFAULTVIEW(1.0),"Pollution, grime or other environmental problems",A,Annual,F1,One single female,TOTAL,Total,PC,Percentage,EE,Estonia,2023,,8.7,,,,,
dataflow,ESTAT:ILC_MDDW02$DEFAULTVIEW(1.0),"Pollution, grime or other environmental problems",A,Annual,F1,One single female,TOTAL,Total,PC,Percentage,EL,Greece,2012,,28.1,,,,,
dataflow,ESTAT:ILC_MDDW02$DEFAULTVIEW(1.0),"Pollution, grime or other environmental problems",A,Annual,F1,One single female,TOTAL,Total,PC,Percentage,EL,Greece,2013,,28.3,,,,,
dataflow,ESTAT:ILC_MDDW02$DEFAULTVIEW(1.0),"Pollution, grime or other environmental problems",A,Annual,F1,One single female,TOTAL,Total,PC,Percentage,EL,Greece,2014,,23.5,,,,,
dataflow,ESTAT:ILC_MDDW02$DEFAULTVIEW(1.0),"Pollution, grime or other environmental problems",A,Annual,F1,One single female,TOTAL,Total,PC,Percentage,EL,Greece,2015,,21.1,,,,,
dataflow,ESTAT:ILC_MDDW02$DEFAULTVIEW(1.0),"Pollution, grime or other environmental problems",A,Annual,F1,One single female,TOTAL,Total,PC,Percentage,EL,Greece,2016,,21.2,,,,,
dataflow,ESTAT:ILC_MDDW02$DEFAULTVIEW(1.0),"Pollution, grime or other environmental problems",A,Annual,F1,One single female,TOTAL,Total,PC,Percentage,EL,Greece,2017,,21.9,,,,,
dataflow,ESTAT:ILC_MDDW02$DEFAULTVIEW(1.0),"Pollution, grime or other environmental problems",A,Annual,F1,One single female,TOTAL,Total,PC,Percentage,EL,Greece,2018,,21.0,,,,,
dataflow,ESTAT:ILC_MDDW02$DEFAULTVIEW(1.0),"Pollution, grime or other environmental problems",A,Annual,F1,One single female,TOTAL,Total,PC,Percentage,EL,Greece,2019,,20.7,,,,,
dataflow,ESTAT:ILC_MDDW02$DEFAULTVIEW(1.0),"Pollution, grime or other environmental problems",A,Annual,F1,One single female,TOTAL,Total,PC,Percentage,EL,Greece,2020,,20.9,,,,,
dataflow,ESTAT:ILC_MDDW02$DEFAULTVIEW(1.0),"Pollution, grime or other environmental problems",A,Annual,F1,One single female,TOTAL,Total,PC,Percentage,EL,Greece,2023,,19.5,,,,,
dataflow,ESTAT:ILC_MDDW02$DEFAULTVIEW(1.0),"Pollution, grime or other environmental problems",A,Annual,F1,One single female,TOTAL,Total,PC,Percentage,ES,Spain,2012,,9.3,,,,,
dataflow,ESTAT:ILC_MDDW02$DEFAULTVIEW(1.0),"Pollution, grime or other environmental problems",A,Annual,F1,One single female,TOTAL,Total,PC,Percentage,ES,Spain,2013,,11.2,,,,,
dataflow,ESTAT:ILC_MDDW02$DEFAULTVIEW(1.0),"Pollution, grime or other environmental problems",A,Annual,F1,One single female,TOTAL,Total,PC,Percentage,ES,Spain,2014,,10.8,,,,,
dataflow,ESTAT:ILC_MDDW02$DEFAULTVIEW(1.0),"Pollution, grime or other environmental problems",A,Annual,F1,One single female,TOTAL,Total,PC,Percentage,ES,Spain,2015,,10.0,,,,,
dataflow,ESTAT:ILC_MDDW02$DEFAULTVIEW(1.0),"Pollution, grime or other environmental problems",A,Annual,F1,One single female,TOTAL,Total,PC,Percentage,ES,Spain,2016,,9.0,,,,,
dataflow,ESTAT:ILC_MDDW02$DEFAULTVIEW(1.0),"Pollution, grime or other environmental problems",A,Annual,F1,One single female,TOTAL,Total,PC,Percentage,ES,Spain,2017,,8.2,,,,,
dataflow,ESTAT:ILC_MDDW02$DEFAULTVIEW(1.0),"Pollution, grime or other environmental problems",A,Annual,F1,One single female,TOTAL,Total,PC,Percentage,ES,Spain,2018,,8.4,,,,,
dataflow,ESTAT:ILC_MDDW02$DEFAULTVIEW(1.0),"Pollution, grime or other environmental problems",A,Annual,F1,One single female,TOTAL,Total,PC,Percentage,ES,Spain,2019,,9.8,,,,,
dataflow,ESTAT:ILC_MDDW02$DEFAULTVIEW(1.0),"Pollution, grime or other environmental problems",A,Annual,F1,One single female,TOTAL,Total,PC,Percentage,ES,Spain,2020,,13.1,,,,,
dataflow,ESTAT:ILC_MDDW02$DEFAULTVIEW(1.0),"Pollution, grime or other environmental problems",A,Annual,F1,One single female,TOTAL,Total,PC,Percentage,ES,Spain,2023,,11.9,,,,,
dataflow,ESTAT:ILC_MDDW02$DEFAULTVIEW(1.0),"Pollution, grime or other environmental problems",A,Annual,F1,One single female,TOTAL,Total,PC,Percentage,EU,"European Union (EU6-1958, EU9-1973, EU10-1981, EU12-1986, EU15-1995, EU25-2004, EU27-2007, EU28-2013, EU27-2020)",2012,,15.8,,,,,
dataflow,ESTAT:ILC_MDDW02$DEFAULTVIEW(1.0),"Pollution, grime or other environmental problems",A,Annual,F1,One single female,TOTAL,Total,PC,Percentage,EU,"European Union (EU6-1958, EU9-1973, EU10-1981, EU12-1986, EU15-1995, EU25-2004, EU27-2007, EU28-2013, EU27-2020)",2013,,15.9,,,,,
dataflow,ESTAT:ILC_MDDW02$DEFAULTVIEW(1.0),"Pollution, grime or other environmental problems",A,Annual,F1,One single female,TOTAL,Total,PC,Percentage,EU,"European Union (EU6-1958, EU9-1973, EU10-1981, EU12-1986, EU15-1995, EU25-2004, EU27-2007, EU28-2013, EU27-2020)",2014,,15.9,,,,,
dataflow,ESTAT:ILC_MDDW02$DEFAULTVIEW(1.0),"Pollution, grime or other environmental problems",A,Annual,F1,One single female,TOTAL,Total,PC,Percentage,EU,"European Union (EU6-1958, EU9-1973, EU10-1981, EU12-1986, EU15-1995, EU25-2004, EU27-2007, EU28-2013, EU27-2020)",2015,,16.0,,,,,
dataflow,ESTAT:ILC_MDDW02$DEFAULTVIEW(1.0),"Pollution, grime or other environmental problems",A,Annual,F1,One single female,TOTAL,Total,PC,Percentage,EU,"European Union (EU6-1958, EU9-1973, EU10-1981, EU12-1986, EU15-1995, EU25-2004, EU27-2007, EU28-2013, EU27-2020)",2016,,15.6,,,,,
dataflow,ESTAT:ILC_MDDW02$DEFAULTVIEW(1.0),"Pollution, grime or other environmental problems",A,Annual,F1,One single female,TOTAL,Total,PC,Percentage,EU,"European Union (EU6-1958, EU9-1973, EU10-1981, EU12-1986, EU15-1995, EU25-2004, EU27-2007, EU28-2013, EU27-2020)",2017,,16.7,,e,estimated,,
dataflow,ESTAT:ILC_MDDW02$DEFAULTVIEW(1.0),"Pollution, grime or other environmental problems",A,Annual,F1,One single female,TOTAL,Total,PC,Percentage,EU,"European Union (EU6-1958, EU9-1973, EU10-1981, EU12-1986, EU15-1995, EU25-2004, EU27-2007, EU28-2013, EU27-2020)",2018,,17.2,,e,estimated,,
dataflow,ESTAT:ILC_MDDW02$DEFAULTVIEW(1.0),"Pollution, grime or other environmental problems",A,Annual,F1,One single female,TOTAL,Total,PC,Percentage,EU,"European Union (EU6-1958, EU9-1973, EU10-1981, EU12-1986, EU15-1995, EU25-2004, EU27-2007, EU28-2013, EU27-2020)",2019,,16.7,,e,estimated,,
dataflow,ESTAT:ILC_MDDW02$DEFAULTVIEW(1.0),"Pollution, grime or other environmental problems",A,Annual,F1,One single female,TOTAL,Total,PC,Percentage,EU27_2007,European Union - 27 countries (2007-2013),2012,,15.9,,,,,
dataflow,ESTAT:ILC_MDDW02$DEFAULTVIEW(1.0),"Pollution, grime or other environmental problems",A,Annual,F1,One single female,TOTAL,Total,PC,Percentage,EU27_2007,European Union - 27 countries (2007-2013),2013,,15.9,,,,,
dataflow,ESTAT:ILC_MDDW02$DEFAULTVIEW(1.0),"Pollution, grime or other environmental problems",A,Annual,F1,One single female,TOTAL,Total,PC,Percentage,EU27_2007,European Union - 27 countries (2007-2013),2014,,16.0,,,,,
dataflow,ESTAT:ILC_MDDW02$DEFAULTVIEW(1.0),"Pollution, grime or other environmental problems",A,Annual,F1,One single female,TOTAL,Total,PC,Percentage,EU27_2007,European Union - 27 countries (2007-2013),2015,,16.1,,,,,
dataflow,ESTAT:ILC_MDDW02$DEFAULTVIEW(1.0),"Pollution, grime or other environmental problems",A,Annual,F1,One single female,TOTAL,Total,PC,Percentage,EU27_2007,European Union - 27 countries (2007-2013),2016,,15.7,,,,,
dataflow,ESTAT:ILC_MDDW02$DEFAULTVIEW(1.0),"Pollution, grime or other environmental problems",A,Annual,F1,One single female,TOTAL,Total,PC,Percentage,EU27_2007,European Union - 27 countries (2007-2013),2017,,16.8,,e,estimated,,
dataflow,ESTAT:ILC_MDDW02$DEFAULTVIEW(1.0),"Pollution, grime or other environmental problems",A,Annual,F1,One single female,TOTAL,Total,PC,Percentage,EU27_2007,European Union - 27 countries (2007-2013),2018,,17.2,,e,estimated,,
dataflow,ESTAT:ILC_MDDW02$DEFAULTVIEW(1.0),"Pollution, grime or other environmental problems",A,Annual,F1,One single female,TOTAL,Total,PC,Percentage,EU27_2007,European Union - 27 countries (2007-2013),2019,,16.8,,e,estimated,,
dataflow,ESTAT:ILC_MDDW02$DEFAULTVIEW(1.0),"Pollution, grime or other environmental problems",A,Annual,F1,One single female,TOTAL,Total,PC,Percentage,EU27_2020,European Union - 27 countries (from 2020),2012,,16.8,,e,estimated,,
dataflow,ESTAT:ILC_MDDW02$DEFAULTVIEW(1.0),"Pollution, grime or other environmental problems",A,Annual,F1,One single female,TOTAL,Total,PC,Percentage,EU27_2020,European Union - 27 countries (from 2020),2013,,16.8,,e,estimated,,
dataflow,ESTAT:ILC_MDDW02$DEFAULTVIEW(1.0),"Pollution, grime or other environmental problems",A,Annual,F1,One single female,TOTAL,Total,PC,Percentage,EU27_2020,European Union - 27 countries (from 2020),2014,,17.0,,e,estimated,,
dataflow,ESTAT:ILC_MDDW02$DEFAULTVIEW(1.0),"Pollution, grime or other environmental problems",A,Annual,F1,One single female,TOTAL,Total,PC,Percentage,EU27_2020,European Union - 27 countries (from 2020),2015,,17.0,,e,estimated,,
dataflow,ESTAT:ILC_MDDW02$DEFAULTVIEW(1.0),"Pollution, grime or other environmental problems",A,Annual,F1,One single female,TOTAL,Total,PC,Percentage,EU27_2020,European Union - 27 countries (from 2020),2016,,16.5,,e,estimated,,
dataflow,ESTAT:ILC_MDDW02$DEFAULTVIEW(1.0),"Pollution, grime or other environmental problems",A,Annual,F1,One single female,TOTAL,Total,PC,Percentage,EU27_2020,European Union - 27 countries (from 2020),2017,,16.9,,e,estimated,,
dataflow,ESTAT:ILC_MDDW02$DEFAULTVIEW(1.0),"Pollution, grime or other environmental problems",A,Annual,F1,One single female,TOTAL,Total,PC,Percentage,EU27_2020,European Union - 27 countries (from 2020),2018,,17.5,,e,estimated,,
dataflow,ESTAT:ILC_MDDW02$DEFAULTVIEW(1.0),"Pollution, grime or other environmental problems",A,Annual,F1,One single female,TOTAL,Total,PC,Percentage,EU27_2020,European Union - 27 countries (from 2020),2019,,17.0,,e,estimated,,
dataflow,ESTAT:ILC_MDDW02$DEFAULTVIEW(1.0),"Pollution, grime or other environmental problems",A,Annual,F1,One single female,TOTAL,Total,PC,Percentage,EU27_2020,European Union - 27 countries (from 2020),2020,,14.3,,e,estimated,,
dataflow,ESTAT:ILC_MDDW02$DEFAULTVIEW(1.0),"Pollution, grime or other environmental problems",A,Annual,F1,One single female,TOTAL,Total,PC,Percentage,EU27_2020,European Union - 27 countries (from 2020),2023,,13.6,,,,,
dataflow,ESTAT:ILC_MDDW02$DEFAULTVIEW(1.0),"Pollution, grime or other environmental problems",A,Annual,F1,One single female,TOTAL,Total,PC,Percentage,EU28,European Union - 28 countries (2013-2020),2012,,15.8,,,,,
dataflow,ESTAT:ILC_MDDW02$DEFAULTVIEW(1.0),"Pollution, grime or other environmental problems",A,Annual,F1,One single female,TOTAL,Total,PC,Percentage,EU28,European Union - 28 countries (2013-2020),2013,,15.9,,,,,
dataflow,ESTAT:ILC_MDDW02$DEFAULTVIEW(1.0),"Pollution, grime or other environmental problems",A,Annual,F1,One single female,TOTAL,Total,PC,Percentage,EU28,European Union - 28 countries (2013-2020),2014,,15.9,,,,,
dataflow,ESTAT:ILC_MDDW02$DEFAULTVIEW(1.0),"Pollution, grime or other environmental problems",A,Annual,F1,One single female,TOTAL,Total,PC,Percentage,EU28,European Union - 28 countries (2013-2020),2015,,16.0,,,,,
dataflow,ESTAT:ILC_MDDW02$DEFAULTVIEW(1.0),"Pollution, grime or other environmental problems",A,Annual,F1,One single female,TOTAL,Total,PC,Percentage,EU28,European Union - 28 countries (2013-2020),2016,,15.6,,,,,
dataflow,ESTAT:ILC_MDDW02$DEFAULTVIEW(1.0),"Pollution, grime or other environmental problems",A,Annual,F1,One single female,TOTAL,Total,PC,Percentage,EU28,European Union - 28 countries (2013-2020),2017,,16.7,,e,estimated,,
dataflow,ESTAT:ILC_MDDW02$DEFAULTVIEW(1.0),"Pollution, grime or other environmental problems",A,Annual,F1,One single female,TOTAL,Total,PC,Percentage,EU28,European Union - 28 countries (2013-2020),2018,,17.2,,e,estimated,,
dataflow,ESTAT:ILC_MDDW02$DEFAULTVIEW(1.0),"Pollution, grime or other environmental problems",A,Annual,F1,One single female,TOTAL,Total,PC,Percentage,EU28,European Union - 28 countries (2013-2020),2019,,16.7,,e,estimated,,
dataflow,ESTAT:ILC_MDDW02$DEFAULTVIEW(1.0),"Pollution, grime or other environmental problems",A,Annual,F1,One single female,TOTAL,Total,PC,Percentage,FI,Finland,2012,,11.9,,,,,
dataflow,ESTAT:ILC_MDDW02$DEFAULTVIEW(1.0),"Pollution, grime or other environmental problems",A,Annual,F1,One single female,TOTAL,Total,PC,Percentage,FI,Finland,2013,,10.4,,,,,
dataflow,ESTAT:ILC_MDDW02$DEFAULTVIEW(1.0),"Pollution, grime or other environmental problems",A,Annual,F1,One single female,TOTAL,Total,PC,Percentage,FI,Finland,2014,,11.2,,,,,
dataflow,ESTAT:ILC_MDDW02$DEFAULTVIEW(1.0),"Pollution, grime or other environmental problems",A,Annual,F1,One single female,TOTAL,Total,PC,Percentage,FI,Finland,2015,,10.3,,,,,
dataflow,ESTAT:ILC_MDDW02$DEFAULTVIEW(1.0),"Pollution, grime or other environmental problems",A,Annual,F1,One single female,TOTAL,Total,PC,Percentage,FI,Finland,2016,,10.1,,,,,
dataflow,ESTAT:ILC_MDDW02$DEFAULTVIEW(1.0),"Pollution, grime or other environmental problems",A,Annual,F1,One single female,TOTAL,Total,PC,Percentage,FI,Finland,2017,,10.5,,,,,
dataflow,ESTAT:ILC_MDDW02$DEFAULTVIEW(1.0),"Pollution, grime or other environmental problems",A,Annual,F1,One single female,TOTAL,Total,PC,Percentage,FI,Finland,2018,,10.9,,,,,
dataflow,ESTAT:ILC_MDDW02$DEFAULTVIEW(1.0),"Pollution, grime or other environmental problems",A,Annual,F1,One single female,TOTAL,Total,PC,Percentage,FI,Finland,2019,,11.3,,,,,
dataflow,ESTAT:ILC_MDDW02$DEFAULTVIEW(1.0),"Pollution, grime or other environmental problems",A,Annual,F1,One single female,TOTAL,Total,PC,Percentage,FI,Finland,2020,,13.3,,,,,
dataflow,ESTAT:ILC_MDDW02$DEFAULTVIEW(1.0),"Pollution, grime or other environmental problems",A,Annual,F1,One single female,TOTAL,Total,PC,Percentage,FI,Finland,2023,,12.0,,,,,
dataflow,ESTAT:ILC_MDDW02$DEFAULTVIEW(1.0),"Pollution, grime or other environmental problems",A,Annual,F1,One single female,TOTAL,Total,PC,Percentage,FR,France,2012,,11.1,,,,,
dataflow,ESTAT:ILC_MDDW02$DEFAULTVIEW(1.0),"Pollution, grime or other environmental problems",A,Annual,F1,One single female,TOTAL,Total,PC,Percentage,FR,France,2013,,11.6,,,,,
dataflow,ESTAT:ILC_MDDW02$DEFAULTVIEW(1.0),"Pollution, grime or other environmental problems",A,Annual,F1,One single female,TOTAL,Total,PC,Percentage,FR,France,2014,,12.4,,,,,
dataflow,ESTAT:ILC_MDDW02$DEFAULTVIEW(1.0),"Pollution, grime or other environmental problems",A,Annual,F1,One single female,TOTAL,Total,PC,Percentage,FR,France,2015,,14.4,,,,,
dataflow,ESTAT:ILC_MDDW02$DEFAULTVIEW(1.0),"Pollution, grime or other environmental problems",A,Annual,F1,One single female,TOTAL,Total,PC,Percentage,FR,France,2016,,14.9,,,,,
dataflow,ESTAT:ILC_MDDW02$DEFAULTVIEW(1.0),"Pollution, grime or other environmental problems",A,Annual,F1,One single female,TOTAL,Total,PC,Percentage,FR,France,2017,,14.4,,,,,
dataflow,ESTAT:ILC_MDDW02$DEFAULTVIEW(1.0),"Pollution, grime or other environmental problems",A,Annual,F1,One single female,TOTAL,Total,PC,Percentage,FR,France,2018,,15.7,,,,,
dataflow,ESTAT:ILC_MDDW02$DEFAULTVIEW(1.0),"Pollution, grime or other environmental problems",A,Annual,F1,One single female,TOTAL,Total,PC,Percentage,FR,France,2019,,15.8,,,,,
dataflow,ESTAT:ILC_MDDW02$DEFAULTVIEW(1.0),"Pollution, grime or other environmental problems",A,Annual,F1,One single female,TOTAL,Total,PC,Percentage,FR,France,2020,,18.9,,b,break in time series,,
dataflow,ESTAT:ILC_MDDW02$DEFAULTVIEW(1.0),"Pollution, grime or other environmental problems",A,Annual,F1,One single female,TOTAL,Total,PC,Percentage,FR,France,2023,,17.8,,,,,
dataflow,ESTAT:ILC_MDDW02$DEFAULTVIEW(1.0),"Pollution, grime or other environmental problems",A,Annual,F1,One single female,TOTAL,Total,PC,Percentage,HR,Croatia,2012,,6.6,,,,,
dataflow,ESTAT:ILC_MDDW02$DEFAULTVIEW(1.0),"Pollution, grime or other environmental problems",A,Annual,F1,One single female,TOTAL,Total,PC,Percentage,HR,Croatia,2013,,6.6,,,,,
dataflow,ESTAT:ILC_MDDW02$DEFAULTVIEW(1.0),"Pollution, grime or other environmental problems",A,Annual,F1,One single female,TOTAL,Total,PC,Percentage,HR,Croatia,2014,,6.3,,,,,
dataflow,ESTAT:ILC_MDDW02$DEFAULTVIEW(1.0),"Pollution, grime or other environmental problems",A,Annual,F1,One single female,TOTAL,Total,PC,Percentage,HR,Croatia,2015,,5.0,,,,,
dataflow,ESTAT:ILC_MDDW02$DEFAULTVIEW(1.0),"Pollution, grime or other environmental problems",A,Annual,F1,One single female,TOTAL,Total,PC,Percentage,HR,Croatia,2016,,5.6,,,,,
dataflow,ESTAT:ILC_MDDW02$DEFAULTVIEW(1.0),"Pollution, grime or other environmental problems",A,Annual,F1,One single female,TOTAL,Total,PC,Percentage,HR,Croatia,2017,,5.2,,,,,
dataflow,ESTAT:ILC_MDDW02$DEFAULTVIEW(1.0),"Pollution, grime or other environmental problems",A,Annual,F1,One single female,TOTAL,Total,PC,Percentage,HR,Croatia,2018,,6.3,,,,,
dataflow,ESTAT:ILC_MDDW02$DEFAULTVIEW(1.0),"Pollution, grime or other environmental problems",A,Annual,F1,One single female,TOTAL,Total,PC,Percentage,HR,Croatia,2019,,6.2,,,,,
dataflow,ESTAT:ILC_MDDW02$DEFAULTVIEW(1.0),"Pollution, grime or other environmental problems",A,Annual,F1,One single female,TOTAL,Total,PC,Percentage,HR,Croatia,2020,,4.9,,,,,
dataflow,ESTAT:ILC_MDDW02$DEFAULTVIEW(1.0),"Pollution, grime or other environmental problems",A,Annual,F1,One single female,TOTAL,Total,PC,Percentage,HR,Croatia,2023,,4.9,,,,,
dataflow,ESTAT:ILC_MDDW02$DEFAULTVIEW(1.0),"Pollution, grime or other environmental problems",A,Annual,F1,One single female,TOTAL,Total,PC,Percentage,HU,Hungary,2012,,12.6,,,,,
dataflow,ESTAT:ILC_MDDW02$DEFAULTVIEW(1.0),"Pollution, grime or other environmental problems",A,Annual,F1,One single female,TOTAL,Total,PC,Percentage,HU,Hungary,2013,,16.8,,,,,
dataflow,ESTAT:ILC_MDDW02$DEFAULTVIEW(1.0),"Pollution, grime or other environmental problems",A,Annual,F1,One single female,TOTAL,Total,PC,Percentage,HU,Hungary,2014,,17.4,,,,,
dataflow,ESTAT:ILC_MDDW02$DEFAULTVIEW(1.0),"Pollution, grime or other environmental problems",A,Annual,F1,One single female,TOTAL,Total,PC,Percentage,HU,Hungary,2015,,14.7,,,,,
dataflow,ESTAT:ILC_MDDW02$DEFAULTVIEW(1.0),"Pollution, grime or other environmental problems",A,Annual,F1,One single female,TOTAL,Total,PC,Percentage,HU,Hungary,2016,,12.1,,,,,
dataflow,ESTAT:ILC_MDDW02$DEFAULTVIEW(1.0),"Pollution, grime or other environmental problems",A,Annual,F1,One single female,TOTAL,Total,PC,Percentage,HU,Hungary,2017,,13.7,,,,,
dataflow,ESTAT:ILC_MDDW02$DEFAULTVIEW(1.0),"Pollution, grime or other environmental problems",A,Annual,F1,One single female,TOTAL,Total,PC,Percentage,HU,Hungary,2018,,9.7,,,,,
dataflow,ESTAT:ILC_MDDW02$DEFAULTVIEW(1.0),"Pollution, grime or other environmental problems",A,Annual,F1,One single female,TOTAL,Total,PC,Percentage,HU,Hungary,2019,,11.2,,b,break in time series,,
dataflow,ESTAT:ILC_MDDW02$DEFAULTVIEW(1.0),"Pollution, grime or other environmental problems",A,Annual,F1,One single female,TOTAL,Total,PC,Percentage,HU,Hungary,2020,,12.5,,,,,
dataflow,ESTAT:ILC_MDDW02$DEFAULTVIEW(1.0),"Pollution, grime or other environmental problems",A,Annual,F1,One single female,TOTAL,Total,PC,Percentage,HU,Hungary,2023,,15.2,,,,,
dataflow,ESTAT:ILC_MDDW02$DEFAULTVIEW(1.0),"Pollution, grime or other environmental problems",A,Annual,F1,One single female,TOTAL,Total,PC,Percentage,IE,Ireland,2012,,3.9,,,,,
dataflow,ESTAT:ILC_MDDW02$DEFAULTVIEW(1.0),"Pollution, grime or other environmental problems",A,Annual,F1,One single female,TOTAL,Total,PC,Percentage,IE,Ireland,2013,,4.4,,,,,
dataflow,ESTAT:ILC_MDDW02$DEFAULTVIEW(1.0),"Pollution, grime or other environmental problems",A,Annual,F1,One single female,TOTAL,Total,PC,Percentage,IE,Ireland,2014,,4.9,,,,,
dataflow,ESTAT:ILC_MDDW02$DEFAULTVIEW(1.0),"Pollution, grime or other environmental problems",A,Annual,F1,One single female,TOTAL,Total,PC,Percentage,IE,Ireland,2015,,3.8,,,,,
dataflow,ESTAT:ILC_MDDW02$DEFAULTVIEW(1.0),"Pollution, grime or other environmental problems",A,Annual,F1,One single female,TOTAL,Total,PC,Percentage,IE,Ireland,2016,,4.1,,,,,
dataflow,ESTAT:ILC_MDDW02$DEFAULTVIEW(1.0),"Pollution, grime or other environmental problems",A,Annual,F1,One single female,TOTAL,Total,PC,Percentage,IE,Ireland,2017,,6.0,,,,,
dataflow,ESTAT:ILC_MDDW02$DEFAULTVIEW(1.0),"Pollution, grime or other environmental problems",A,Annual,F1,One single female,TOTAL,Total,PC,Percentage,IE,Ireland,2018,,6.7,,,,,
dataflow,ESTAT:ILC_MDDW02$DEFAULTVIEW(1.0),"Pollution, grime or other environmental problems",A,Annual,F1,One single female,TOTAL,Total,PC,Percentage,IE,Ireland,2019,,6.5,,b,break in time series,,
dataflow,ESTAT:ILC_MDDW02$DEFAULTVIEW(1.0),"Pollution, grime or other environmental problems",A,Annual,F1,One single female,TOTAL,Total,PC,Percentage,IE,Ireland,2020,,7.7,,b,break in time series,,
dataflow,ESTAT:ILC_MDDW02$DEFAULTVIEW(1.0),"Pollution, grime or other environmental problems",A,Annual,F1,One single female,TOTAL,Total,PC,Percentage,IE,Ireland,2023,,9.2,,,,,
dataflow,ESTAT:ILC_MDDW02$DEFAULTVIEW(1.0),"Pollution, grime or other environmental problems",A,Annual,F1,One single female,TOTAL,Total,PC,Percentage,IS,Iceland,2012,,10.9,,,,,
dataflow,ESTAT:ILC_MDDW02$DEFAULTVIEW(1.0),"Pollution, grime or other environmental problems",A,Annual,F1,One single female,TOTAL,Total,PC,Percentage,IS,Iceland,2013,,13.2,,,,,
dataflow,ESTAT:ILC_MDDW02$DEFAULTVIEW(1.0),"Pollution, grime or other environmental problems",A,Annual,F1,One single female,TOTAL,Total,PC,Percentage,IS,Iceland,2014,,12.9,,,,,
dataflow,ESTAT:ILC_MDDW02$DEFAULTVIEW(1.0),"Pollution, grime or other environmental problems",A,Annual,F1,One single female,TOTAL,Total,PC,Percentage,IS,Iceland,2015,,16.2,,,,,
dataflow,ESTAT:ILC_MDDW02$DEFAULTVIEW(1.0),"Pollution, grime or other environmental problems",A,Annual,F1,One single female,TOTAL,Total,PC,Percentage,IS,Iceland,2016,,10.9,,,,,
dataflow,ESTAT:ILC_MDDW02$DEFAULTVIEW(1.0),"Pollution, grime or other environmental problems",A,Annual,F1,One single female,TOTAL,Total,PC,Percentage,IS,Iceland,2017,,12.0,,,,,
dataflow,ESTAT:ILC_MDDW02$DEFAULTVIEW(1.0),"Pollution, grime or other environmental problems",A,Annual,F1,One single female,TOTAL,Total,PC,Percentage,IS,Iceland,2018,,11.7,,,,,
dataflow,ESTAT:ILC_MDDW02$DEFAULTVIEW(1.0),"Pollution, grime or other environmental problems",A,Annual,F1,One single female,TOTAL,Total,PC,Percentage,IS,Iceland,2019,,14.9,,,,,
dataflow,ESTAT:ILC_MDDW02$DEFAULTVIEW(1.0),"Pollution, grime or other environmental problems",A,Annual,F1,One single female,TOTAL,Total,PC,Percentage,IS,Iceland,2020,,9.6,,,,,
dataflow,ESTAT:ILC_MDDW02$DEFAULTVIEW(1.0),"Pollution, grime or other environmental problems",A,Annual,F1,One single female,TOTAL,Total,PC,Percentage,IT,Italy,2012,,17.4,,,,,
dataflow,ESTAT:ILC_MDDW02$DEFAULTVIEW(1.0),"Pollution, grime or other environmental problems",A,Annual,F1,One single female,TOTAL,Total,PC,Percentage,IT,Italy,2013,,16.0,,,,,
dataflow,ESTAT:ILC_MDDW02$DEFAULTVIEW(1.0),"Pollution, grime or other environmental problems",A,Annual,F1,One single female,TOTAL,Total,PC,Percentage,IT,Italy,2014,,17.7,,,,,
dataflow,ESTAT:ILC_MDDW02$DEFAULTVIEW(1.0),"Pollution, grime or other environmental problems",A,Annual,F1,One single female,TOTAL,Total,PC,Percentage,IT,Italy,2015,,17.4,,,,,
dataflow,ESTAT:ILC_MDDW02$DEFAULTVIEW(1.0),"Pollution, grime or other environmental problems",A,Annual,F1,One single female,TOTAL,Total,PC,Percentage,IT,Italy,2016,,14.5,,,,,
dataflow,ESTAT:ILC_MDDW02$DEFAULTVIEW(1.0),"Pollution, grime or other environmental problems",A,Annual,F1,One single female,TOTAL,Total,PC,Percentage,IT,Italy,2017,,10.6,,,,,
dataflow,ESTAT:ILC_MDDW02$DEFAULTVIEW(1.0),"Pollution, grime or other environmental problems",A,Annual,F1,One single female,TOTAL,Total,PC,Percentage,IT,Italy,2018,,11.3,,,,,
dataflow,ESTAT:ILC_MDDW02$DEFAULTVIEW(1.0),"Pollution, grime or other environmental problems",A,Annual,F1,One single female,TOTAL,Total,PC,Percentage,IT,Italy,2019,,10.2,,,,,
dataflow,ESTAT:ILC_MDDW02$DEFAULTVIEW(1.0),"Pollution, grime or other environmental problems",A,Annual,F1,One single female,TOTAL,Total,PC,Percentage,IT,Italy,2020,,14.4,,,,,
dataflow,ESTAT:ILC_MDDW02$DEFAULTVIEW(1.0),"Pollution, grime or other environmental problems",A,Annual,F1,One single female,TOTAL,Total,PC,Percentage,IT,Italy,2023,,9.8,,,,,
dataflow,ESTAT:ILC_MDDW02$DEFAULTVIEW(1.0),"Pollution, grime or other environmental problems",A,Annual,F1,One single female,TOTAL,Total,PC,Percentage,LT,Lithuania,2012,,12.5,,,,,
dataflow,ESTAT:ILC_MDDW02$DEFAULTVIEW(1.0),"Pollution, grime or other environmental problems",A,Annual,F1,One single female,TOTAL,Total,PC,Percentage,LT,Lithuania,2013,,17.5,,,,,
dataflow,ESTAT:ILC_MDDW02$DEFAULTVIEW(1.0),"Pollution, grime or other environmental problems",A,Annual,F1,One single female,TOTAL,Total,PC,Percentage,LT,Lithuania,2014,,15.8,,,,,
dataflow,ESTAT:ILC_MDDW02$DEFAULTVIEW(1.0),"Pollution, grime or other environmental problems",A,Annual,F1,One single female,TOTAL,Total,PC,Percentage,LT,Lithuania,2015,,12.8,,,,,
dataflow,ESTAT:ILC_MDDW02$DEFAULTVIEW(1.0),"Pollution, grime or other environmental problems",A,Annual,F1,One single female,TOTAL,Total,PC,Percentage,LT,Lithuania,2016,,13.1,,,,,
dataflow,ESTAT:ILC_MDDW02$DEFAULTVIEW(1.0),"Pollution, grime or other environmental problems",A,Annual,F1,One single female,TOTAL,Total,PC,Percentage,LT,Lithuania,2017,,12.0,,,,,
dataflow,ESTAT:ILC_MDDW02$DEFAULTVIEW(1.0),"Pollution, grime or other environmental problems",A,Annual,F1,One single female,TOTAL,Total,PC,Percentage,LT,Lithuania,2018,,12.3,,,,,
dataflow,ESTAT:ILC_MDDW02$DEFAULTVIEW(1.0),"Pollution, grime or other environmental problems",A,Annual,F1,One single female,TOTAL,Total,PC,Percentage,LT,Lithuania,2019,,12.1,,,,,
dataflow,ESTAT:ILC_MDDW02$DEFAULTVIEW(1.0),"Pollution, grime or other environmental problems",A,Annual,F1,One single female,TOTAL,Total,PC,Percentage,LT,Lithuania,2020,,13.0,,,,,
dataflow,ESTAT:ILC_MDDW02$DEFAULTVIEW(1.0),"Pollution, grime or other environmental problems",A,Annual,F1,One single female,TOTAL,Total,PC,Percentage,LT,Lithuania,2023,,9.7,,,,,
dataflow,ESTAT:ILC_MDDW02$DEFAULTVIEW(1.0),"Pollution, grime or other environmental problems",A,Annual,F1,One single female,TOTAL,Total,PC,Percentage,LU,Luxembourg,2012,,12.7,,,,,
dataflow,ESTAT:ILC_MDDW02$DEFAULTVIEW(1.0),"Pollution, grime or other environmental problems",A,Annual,F1,One single female,TOTAL,Total,PC,Percentage,LU,Luxembourg,2013,,13.6,,,,,
dataflow,ESTAT:ILC_MDDW02$DEFAULTVIEW(1.0),"Pollution, grime or other environmental problems",A,Annual,F1,One single female,TOTAL,Total,PC,Percentage,LU,Luxembourg,2014,,18.0,,,,,
dataflow,ESTAT:ILC_MDDW02$DEFAULTVIEW(1.0),"Pollution, grime or other environmental problems",A,Annual,F1,One single female,TOTAL,Total,PC,Percentage,LU,Luxembourg,2015,,16.9,,,,,
dataflow,ESTAT:ILC_MDDW02$DEFAULTVIEW(1.0),"Pollution, grime or other environmental problems",A,Annual,F1,One single female,TOTAL,Total,PC,Percentage,LU,Luxembourg,2016,,18.4,,b,break in time series,,
dataflow,ESTAT:ILC_MDDW02$DEFAULTVIEW(1.0),"Pollution, grime or other environmental problems",A,Annual,F1,One single female,TOTAL,Total,PC,Percentage,LU,Luxembourg,2017,,21.2,,,,,
dataflow,ESTAT:ILC_MDDW02$DEFAULTVIEW(1.0),"Pollution, grime or other environmental problems",A,Annual,F1,One single female,TOTAL,Total,PC,Percentage,LU,Luxembourg,2018,,17.5,,,,,
dataflow,ESTAT:ILC_MDDW02$DEFAULTVIEW(1.0),"Pollution, grime or other environmental problems",A,Annual,F1,One single female,TOTAL,Total,PC,Percentage,LU,Luxembourg,2019,,17.5,,,,,
dataflow,ESTAT:ILC_MDDW02$DEFAULTVIEW(1.0),"Pollution, grime or other environmental problems",A,Annual,F1,One single female,TOTAL,Total,PC,Percentage,LU,Luxembourg,2020,,17.6,,b,break in time series,,
dataflow,ESTAT:ILC_MDDW02$DEFAULTVIEW(1.0),"Pollution, grime or other environmental problems",A,Annual,F1,One single female,TOTAL,Total,PC,Percentage,LU,Luxembourg,2023,,12.8,,,,,
dataflow,ESTAT:ILC_MDDW02$DEFAULTVIEW(1.0),"Pollution, grime or other environmental problems",A,Annual,F1,One single female,TOTAL,Total,PC,Percentage,LV,Latvia,2012,,22.1,,,,,
dataflow,ESTAT:ILC_MDDW02$DEFAULTVIEW(1.0),"Pollution, grime or other environmental problems",A,Annual,F1,One single female,TOTAL,Total,PC,Percentage,LV,Latvia,2013,,19.5,,,,,
dataflow,ESTAT:ILC_MDDW02$DEFAULTVIEW(1.0),"Pollution, grime or other environmental problems",A,Annual,F1,One single female,TOTAL,Total,PC,Percentage,LV,Latvia,2014,,21.3,,,,,
dataflow,ESTAT:ILC_MDDW02$DEFAULTVIEW(1.0),"Pollution, grime or other environmental problems",A,Annual,F1,One single female,TOTAL,Total,PC,Percentage,LV,Latvia,2015,,19.7,,,,,
dataflow,ESTAT:ILC_MDDW02$DEFAULTVIEW(1.0),"Pollution, grime or other environmental problems",A,Annual,F1,One single female,TOTAL,Total,PC,Percentage,LV,Latvia,2016,,16.9,,,,,
dataflow,ESTAT:ILC_MDDW02$DEFAULTVIEW(1.0),"Pollution, grime or other environmental problems",A,Annual,F1,One single female,TOTAL,Total,PC,Percentage,LV,Latvia,2017,,17.9,,,,,
dataflow,ESTAT:ILC_MDDW02$DEFAULTVIEW(1.0),"Pollution, grime or other environmental problems",A,Annual,F1,One single female,TOTAL,Total,PC,Percentage,LV,Latvia,2018,,16.9,,,,,
dataflow,ESTAT:ILC_MDDW02$DEFAULTVIEW(1.0),"Pollution, grime or other environmental problems",A,Annual,F1,One single female,TOTAL,Total,PC,Percentage,LV,Latvia,2019,,15.6,,,,,
dataflow,ESTAT:ILC_MDDW02$DEFAULTVIEW(1.0),"Pollution, grime or other environmental problems",A,Annual,F1,One single female,TOTAL,Total,PC,Percentage,LV,Latvia,2020,,14.7,,,,,
dataflow,ESTAT:ILC_MDDW02$DEFAULTVIEW(1.0),"Pollution, grime or other environmental problems",A,Annual,F1,One single female,TOTAL,Total,PC,Percentage,LV,Latvia,2023,,15.3,,,,,
dataflow,ESTAT:ILC_MDDW02$DEFAULTVIEW(1.0),"Pollution, grime or other environmental problems",A,Annual,F1,One single female,TOTAL,Total,PC,Percentage,ME,Montenegro,2013,,17.7,,,,,
dataflow,ESTAT:ILC_MDDW02$DEFAULTVIEW(1.0),"Pollution, grime or other environmental problems",A,Annual,F1,One single female,TOTAL,Total,PC,Percentage,ME,Montenegro,2014,,21.4,,,,,
dataflow,ESTAT:ILC_MDDW02$DEFAULTVIEW(1.0),"Pollution, grime or other environmental problems",A,Annual,F1,One single female,TOTAL,Total,PC,Percentage,ME,Montenegro,2015,,19.8,,,,,
dataflow,ESTAT:ILC_MDDW02$DEFAULTVIEW(1.0),"Pollution, grime or other environmental problems",A,Annual,F1,One single female,TOTAL,Total,PC,Percentage,ME,Montenegro,2016,,16.5,,,,,
dataflow,ESTAT:ILC_MDDW02$DEFAULTVIEW(1.0),"Pollution, grime or other environmental problems",A,Annual,F1,One single female,TOTAL,Total,PC,Percentage,ME,Montenegro,2017,,9.6,,,,,
dataflow,ESTAT:ILC_MDDW02$DEFAULTVIEW(1.0),"Pollution, grime or other environmental problems",A,Annual,F1,One single female,TOTAL,Total,PC,Percentage,ME,Montenegro,2018,,17.0,,,,,
dataflow,ESTAT:ILC_MDDW02$DEFAULTVIEW(1.0),"Pollution, grime or other environmental problems",A,Annual,F1,One single female,TOTAL,Total,PC,Percentage,ME,Montenegro,2019,,15.2,,,,,
dataflow,ESTAT:ILC_MDDW02$DEFAULTVIEW(1.0),"Pollution, grime or other environmental problems",A,Annual,F1,One single female,TOTAL,Total,PC,Percentage,ME,Montenegro,2020,,11.4,,,,,
dataflow,ESTAT:ILC_MDDW02$DEFAULTVIEW(1.0),"Pollution, grime or other environmental problems",A,Annual,F1,One single female,TOTAL,Total,PC,Percentage,ME,Montenegro,2023,,6.3,,,,,
dataflow,ESTAT:ILC_MDDW02$DEFAULTVIEW(1.0),"Pollution, grime or other environmental problems",A,Annual,F1,One single female,TOTAL,Total,PC,Percentage,MK,North Macedonia,2012,,7.0,,,,,
dataflow,ESTAT:ILC_MDDW02$DEFAULTVIEW(1.0),"Pollution, grime or other environmental problems",A,Annual,F1,One single female,TOTAL,Total,PC,Percentage,MK,North Macedonia,2013,,10.6,,,,,
dataflow,ESTAT:ILC_MDDW02$DEFAULTVIEW(1.0),"Pollution, grime or other environmental problems",A,Annual,F1,One single female,TOTAL,Total,PC,Percentage,MK,North Macedonia,2014,,12.7,,,,,
dataflow,ESTAT:ILC_MDDW02$DEFAULTVIEW(1.0),"Pollution, grime or other environmental problems",A,Annual,F1,One single female,TOTAL,Total,PC,Percentage,MK,North Macedonia,2015,,11.5,,,,,
dataflow,ESTAT:ILC_MDDW02$DEFAULTVIEW(1.0),"Pollution, grime or other environmental problems",A,Annual,F1,One single female,TOTAL,Total,PC,Percentage,MK,North Macedonia,2016,,5.5,,,,,
dataflow,ESTAT:ILC_MDDW02$DEFAULTVIEW(1.0),"Pollution, grime or other environmental problems",A,Annual,F1,One single female,TOTAL,Total,PC,Percentage,MK,North Macedonia,2017,,5.9,,,,,
dataflow,ESTAT:ILC_MDDW02$DEFAULTVIEW(1.0),"Pollution, grime or other environmental problems",A,Annual,F1,One single female,TOTAL,Total,PC,Percentage,MK,North Macedonia,2018,,8.1,,,,,
dataflow,ESTAT:ILC_MDDW02$DEFAULTVIEW(1.0),"Pollution, grime or other environmental problems",A,Annual,F1,One single female,TOTAL,Total,PC,Percentage,MK,North Macedonia,2019,,14.8,,,,,
dataflow,ESTAT:ILC_MDDW02$DEFAULTVIEW(1.0),"Pollution, grime or other environmental problems",A,Annual,F1,One single female,TOTAL,Total,PC,Percentage,MK,North Macedonia,2020,,15.2,,,,,
dataflow,ESTAT:ILC_MDDW02$DEFAULTVIEW(1.0),"Pollution, grime or other environmental problems",A,Annual,F1,One single female,TOTAL,Total,PC,Percentage,MK,North Macedonia,2023,,14.5,,,,,
dataflow,ESTAT:ILC_MDDW02$DEFAULTVIEW(1.0),"Pollution, grime or other environmental problems",A,Annual,F1,One single female,TOTAL,Total,PC,Percentage,MT,Malta,2012,,38.1,,,,,
dataflow,ESTAT:ILC_MDDW02$DEFAULTVIEW(1.0),"Pollution, grime or other environmental problems",A,Annual,F1,One single female,TOTAL,Total,PC,Percentage,MT,Malta,2013,,40.4,,,,,
dataflow,ESTAT:ILC_MDDW02$DEFAULTVIEW(1.0),"Pollution, grime or other environmental problems",A,Annual,F1,One single female,TOTAL,Total,PC,Percentage,MT,Malta,2014,,37.6,,,,,
dataflow,ESTAT:ILC_MDDW02$DEFAULTVIEW(1.0),"Pollution, grime or other environmental problems",A,Annual,F1,One single female,TOTAL,Total,PC,Percentage,MT,Malta,2015,,31.5,,,,,
dataflow,ESTAT:ILC_MDDW02$DEFAULTVIEW(1.0),"Pollution, grime or other environmental problems",A,Annual,F1,One single female,TOTAL,Total,PC,Percentage,MT,Malta,2016,,35.5,,,,,
dataflow,ESTAT:ILC_MDDW02$DEFAULTVIEW(1.0),"Pollution, grime or other environmental problems",A,Annual,F1,One single female,TOTAL,Total,PC,Percentage,MT,Malta,2017,,30.5,,,,,
dataflow,ESTAT:ILC_MDDW02$DEFAULTVIEW(1.0),"Pollution, grime or other environmental problems",A,Annual,F1,One single female,TOTAL,Total,PC,Percentage,MT,Malta,2018,,31.2,,,,,
dataflow,ESTAT:ILC_MDDW02$DEFAULTVIEW(1.0),"Pollution, grime or other environmental problems",A,Annual,F1,One single female,TOTAL,Total,PC,Percentage,MT,Malta,2019,,38.6,,,,,
dataflow,ESTAT:ILC_MDDW02$DEFAULTVIEW(1.0),"Pollution, grime or other environmental problems",A,Annual,F1,One single female,TOTAL,Total,PC,Percentage,MT,Malta,2020,,31.1,,,,,
dataflow,ESTAT:ILC_MDDW02$DEFAULTVIEW(1.0),"Pollution, grime or other environmental problems",A,Annual,F1,One single female,TOTAL,Total,PC,Percentage,MT,Malta,2023,,35.2,,,,,
dataflow,ESTAT:ILC_MDDW02$DEFAULTVIEW(1.0),"Pollution, grime or other environmental problems",A,Annual,F1,One single female,TOTAL,Total,PC,Percentage,NL,Netherlands,2012,,16.1,,,,,
dataflow,ESTAT:ILC_MDDW02$DEFAULTVIEW(1.0),"Pollution, grime or other environmental problems",A,Annual,F1,One single female,TOTAL,Total,PC,Percentage,NL,Netherlands,2013,,18.4,,,,,
dataflow,ESTAT:ILC_MDDW02$DEFAULTVIEW(1.0),"Pollution, grime or other environmental problems",A,Annual,F1,One single female,TOTAL,Total,PC,Percentage,NL,Netherlands,2014,,17.1,,,,,
dataflow,ESTAT:ILC_MDDW02$DEFAULTVIEW(1.0),"Pollution, grime or other environmental problems",A,Annual,F1,One single female,TOTAL,Total,PC,Percentage,NL,Netherlands,2015,,16.7,,,,,
dataflow,ESTAT:ILC_MDDW02$DEFAULTVIEW(1.0),"Pollution, grime or other environmental problems",A,Annual,F1,One single female,TOTAL,Total,PC,Percentage,NL,Netherlands,2016,,16.3,,b,break in time series,,
dataflow,ESTAT:ILC_MDDW02$DEFAULTVIEW(1.0),"Pollution, grime or other environmental problems",A,Annual,F1,One single female,TOTAL,Total,PC,Percentage,NL,Netherlands,2017,,17.1,,,,,
dataflow,ESTAT:ILC_MDDW02$DEFAULTVIEW(1.0),"Pollution, grime or other environmental problems",A,Annual,F1,One single female,TOTAL,Total,PC,Percentage,NL,Netherlands,2018,,17.7,,,,,
dataflow,ESTAT:ILC_MDDW02$DEFAULTVIEW(1.0),"Pollution, grime or other environmental problems",A,Annual,F1,One single female,TOTAL,Total,PC,Percentage,NL,Netherlands,2019,,17.8,,,,,
dataflow,ESTAT:ILC_MDDW02$DEFAULTVIEW(1.0),"Pollution, grime or other environmental problems",A,Annual,F1,One single female,TOTAL,Total,PC,Percentage,NL,Netherlands,2020,,16.5,,,,,
dataflow,ESTAT:ILC_MDDW02$DEFAULTVIEW(1.0),"Pollution, grime or other environmental problems",A,Annual,F1,One single female,TOTAL,Total,PC,Percentage,NL,Netherlands,2023,,18.8,,,,,
dataflow,ESTAT:ILC_MDDW02$DEFAULTVIEW(1.0),"Pollution, grime or other environmental problems",A,Annual,F1,One single female,TOTAL,Total,PC,Percentage,NO,Norway,2012,,12.9,,,,,
dataflow,ESTAT:ILC_MDDW02$DEFAULTVIEW(1.0),"Pollution, grime or other environmental problems",A,Annual,F1,One single female,TOTAL,Total,PC,Percentage,NO,Norway,2013,,11.1,,,,,
dataflow,ESTAT:ILC_MDDW02$DEFAULTVIEW(1.0),"Pollution, grime or other environmental problems",A,Annual,F1,One single female,TOTAL,Total,PC,Percentage,NO,Norway,2014,,8.9,,,,,
dataflow,ESTAT:ILC_MDDW02$DEFAULTVIEW(1.0),"Pollution, grime or other environmental problems",A,Annual,F1,One single female,TOTAL,Total,PC,Percentage,NO,Norway,2015,,10.5,,,,,
dataflow,ESTAT:ILC_MDDW02$DEFAULTVIEW(1.0),"Pollution, grime or other environmental problems",A,Annual,F1,One single female,TOTAL,Total,PC,Percentage,NO,Norway,2016,,7.7,,,,,
dataflow,ESTAT:ILC_MDDW02$DEFAULTVIEW(1.0),"Pollution, grime or other environmental problems",A,Annual,F1,One single female,TOTAL,Total,PC,Percentage,NO,Norway,2017,,9.5,,,,,
dataflow,ESTAT:ILC_MDDW02$DEFAULTVIEW(1.0),"Pollution, grime or other environmental problems",A,Annual,F1,One single female,TOTAL,Total,PC,Percentage,NO,Norway,2018,,10.8,,,,,
dataflow,ESTAT:ILC_MDDW02$DEFAULTVIEW(1.0),"Pollution, grime or other environmental problems",A,Annual,F1,One single female,TOTAL,Total,PC,Percentage,NO,Norway,2019,,9.6,,,,,
dataflow,ESTAT:ILC_MDDW02$DEFAULTVIEW(1.0),"Pollution, grime or other environmental problems",A,Annual,F1,One single female,TOTAL,Total,PC,Percentage,NO,Norway,2020,,8.9,,,,,
dataflow,ESTAT:ILC_MDDW02$DEFAULTVIEW(1.0),"Pollution, grime or other environmental problems",A,Annual,F1,One single female,TOTAL,Total,PC,Percentage,NO,Norway,2023,,11.7,,,,,
dataflow,ESTAT:ILC_MDDW02$DEFAULTVIEW(1.0),"Pollution, grime or other environmental problems",A,Annual,F1,One single female,TOTAL,Total,PC,Percentage,PL,Poland,2012,,13.8,,,,,
dataflow,ESTAT:ILC_MDDW02$DEFAULTVIEW(1.0),"Pollution, grime or other environmental problems",A,Annual,F1,One single female,TOTAL,Total,PC,Percentage,PL,Poland,2013,,12.6,,,,,
dataflow,ESTAT:ILC_MDDW02$DEFAULTVIEW(1.0),"Pollution, grime or other environmental problems",A,Annual,F1,One single female,TOTAL,Total,PC,Percentage,PL,Poland,2014,,12.9,,,,,
dataflow,ESTAT:ILC_MDDW02$DEFAULTVIEW(1.0),"Pollution, grime or other environmental problems",A,Annual,F1,One single female,TOTAL,Total,PC,Percentage,PL,Poland,2015,,11.2,,,,,
dataflow,ESTAT:ILC_MDDW02$DEFAULTVIEW(1.0),"Pollution, grime or other environmental problems",A,Annual,F1,One single female,TOTAL,Total,PC,Percentage,PL,Poland,2016,,9.7,,,,,
dataflow,ESTAT:ILC_MDDW02$DEFAULTVIEW(1.0),"Pollution, grime or other environmental problems",A,Annual,F1,One single female,TOTAL,Total,PC,Percentage,PL,Poland,2017,,13.5,,,,,
dataflow,ESTAT:ILC_MDDW02$DEFAULTVIEW(1.0),"Pollution, grime or other environmental problems",A,Annual,F1,One single female,TOTAL,Total,PC,Percentage,PL,Poland,2018,,14.6,,,,,
dataflow,ESTAT:ILC_MDDW02$DEFAULTVIEW(1.0),"Pollution, grime or other environmental problems",A,Annual,F1,One single female,TOTAL,Total,PC,Percentage,PL,Poland,2019,,15.2,,,,,
dataflow,ESTAT:ILC_MDDW02$DEFAULTVIEW(1.0),"Pollution, grime or other environmental problems",A,Annual,F1,One single female,TOTAL,Total,PC,Percentage,PL,Poland,2023,,8.2,,,,,
dataflow,ESTAT:ILC_MDDW02$DEFAULTVIEW(1.0),"Pollution, grime or other environmental problems",A,Annual,F1,One single female,TOTAL,Total,PC,Percentage,PT,Portugal,2012,,15.7,,,,,
dataflow,ESTAT:ILC_MDDW02$DEFAULTVIEW(1.0),"Pollution, grime or other environmental problems",A,Annual,F1,One single female,TOTAL,Total,PC,Percentage,PT,Portugal,2013,,18.1,,,,,
dataflow,ESTAT:ILC_MDDW02$DEFAULTVIEW(1.0),"Pollution, grime or other environmental problems",A,Annual,F1,One single female,TOTAL,Total,PC,Percentage,PT,Portugal,2014,,13.0,,,,,
dataflow,ESTAT:ILC_MDDW02$DEFAULTVIEW(1.0),"Pollution, grime or other environmental problems",A,Annual,F1,One single female,TOTAL,Total,PC,Percentage,PT,Portugal,2015,,11.8,,,,,
dataflow,ESTAT:ILC_MDDW02$DEFAULTVIEW(1.0),"Pollution, grime or other environmental problems",A,Annual,F1,One single female,TOTAL,Total,PC,Percentage,PT,Portugal,2016,,12.1,,,,,
dataflow,ESTAT:ILC_MDDW02$DEFAULTVIEW(1.0),"Pollution, grime or other environmental problems",A,Annual,F1,One single female,TOTAL,Total,PC,Percentage,PT,Portugal,2017,,13.8,,,,,
dataflow,ESTAT:ILC_MDDW02$DEFAULTVIEW(1.0),"Pollution, grime or other environmental problems",A,Annual,F1,One single female,TOTAL,Total,PC,Percentage,PT,Portugal,2018,,13.3,,,,,
dataflow,ESTAT:ILC_MDDW02$DEFAULTVIEW(1.0),"Pollution, grime or other environmental problems",A,Annual,F1,One single female,TOTAL,Total,PC,Percentage,PT,Portugal,2019,,11.9,,,,,
dataflow,ESTAT:ILC_MDDW02$DEFAULTVIEW(1.0),"Pollution, grime or other environmental problems",A,Annual,F1,One single female,TOTAL,Total,PC,Percentage,PT,Portugal,2020,,13.8,,,,,
dataflow,ESTAT:ILC_MDDW02$DEFAULTVIEW(1.0),"Pollution, grime or other environmental problems",A,Annual,F1,One single female,TOTAL,Total,PC,Percentage,PT,Portugal,2023,,16.4,,,,,
dataflow,ESTAT:ILC_MDDW02$DEFAULTVIEW(1.0),"Pollution, grime or other environmental problems",A,Annual,F1,One single female,TOTAL,Total,PC,Percentage,RO,Romania,2012,,15.6,,,,,
dataflow,ESTAT:ILC_MDDW02$DEFAULTVIEW(1.0),"Pollution, grime or other environmental problems",A,Annual,F1,One single female,TOTAL,Total,PC,Percentage,RO,Romania,2013,,15.0,,,,,
dataflow,ESTAT:ILC_MDDW02$DEFAULTVIEW(1.0),"Pollution, grime or other environmental problems",A,Annual,F1,One single female,TOTAL,Total,PC,Percentage,RO,Romania,2014,,14.2,,,,,
dataflow,ESTAT:ILC_MDDW02$DEFAULTVIEW(1.0),"Pollution, grime or other environmental problems",A,Annual,F1,One single female,TOTAL,Total,PC,Percentage,RO,Romania,2015,,13.5,,,,,
dataflow,ESTAT:ILC_MDDW02$DEFAULTVIEW(1.0),"Pollution, grime or other environmental problems",A,Annual,F1,One single female,TOTAL,Total,PC,Percentage,RO,Romania,2016,,13.5,,,,,
dataflow,ESTAT:ILC_MDDW02$DEFAULTVIEW(1.0),"Pollution, grime or other environmental problems",A,Annual,F1,One single female,TOTAL,Total,PC,Percentage,RO,Romania,2017,,14.6,,,,,
dataflow,ESTAT:ILC_MDDW02$DEFAULTVIEW(1.0),"Pollution, grime or other environmental problems",A,Annual,F1,One single female,TOTAL,Total,PC,Percentage,RO,Romania,2018,,16.2,,,,,
dataflow,ESTAT:ILC_MDDW02$DEFAULTVIEW(1.0),"Pollution, grime or other environmental problems",A,Annual,F1,One single female,TOTAL,Total,PC,Percentage,RO,Romania,2019,,14.3,,,,,
dataflow,ESTAT:ILC_MDDW02$DEFAULTVIEW(1.0),"Pollution, grime or other environmental problems",A,Annual,F1,One single female,TOTAL,Total,PC,Percentage,RO,Romania,2020,,12.4,,,,,
dataflow,ESTAT:ILC_MDDW02$DEFAULTVIEW(1.0),"Pollution, grime or other environmental problems",A,Annual,F1,One single female,TOTAL,Total,PC,Percentage,RO,Romania,2023,,12.0,,,,,
dataflow,ESTAT:ILC_MDDW02$DEFAULTVIEW(1.0),"Pollution, grime or other environmental problems",A,Annual,F1,One single female,TOTAL,Total,PC,Percentage,RS,Serbia,2013,,15.7,,,,,
dataflow,ESTAT:ILC_MDDW02$DEFAULTVIEW(1.0),"Pollution, grime or other environmental problems",A,Annual,F1,One single female,TOTAL,Total,PC,Percentage,RS,Serbia,2014,,13.3,,,,,
dataflow,ESTAT:ILC_MDDW02$DEFAULTVIEW(1.0),"Pollution, grime or other environmental problems",A,Annual,F1,One single female,TOTAL,Total,PC,Percentage,RS,Serbia,2015,,14.0,,,,,
dataflow,ESTAT:ILC_MDDW02$DEFAULTVIEW(1.0),"Pollution, grime or other environmental problems",A,Annual,F1,One single female,TOTAL,Total,PC,Percentage,RS,Serbia,2016,,15.7,,,,,
dataflow,ESTAT:ILC_MDDW02$DEFAULTVIEW(1.0),"Pollution, grime or other environmental problems",A,Annual,F1,One single female,TOTAL,Total,PC,Percentage,RS,Serbia,2017,,15.4,,,,,
dataflow,ESTAT:ILC_MDDW02$DEFAULTVIEW(1.0),"Pollution, grime or other environmental problems",A,Annual,F1,One single female,TOTAL,Total,PC,Percentage,RS,Serbia,2018,,11.7,,,,,
dataflow,ESTAT:ILC_MDDW02$DEFAULTVIEW(1.0),"Pollution, grime or other environmental problems",A,Annual,F1,One single female,TOTAL,Total,PC,Percentage,RS,Serbia,2019,,15.2,,,,,
dataflow,ESTAT:ILC_MDDW02$DEFAULTVIEW(1.0),"Pollution, grime or other environmental problems",A,Annual,F1,One single female,TOTAL,Total,PC,Percentage,RS,Serbia,2020,,17.9,,,,,
dataflow,ESTAT:ILC_MDDW02$DEFAULTVIEW(1.0),"Pollution, grime or other environmental problems",A,Annual,F1,One single female,TOTAL,Total,PC,Percentage,RS,Serbia,2023,,17.5,,,,,
dataflow,ESTAT:ILC_MDDW02$DEFAULTVIEW(1.0),"Pollution, grime or other environmental problems",A,Annual,F1,One single female,TOTAL,Total,PC,Percentage,SE,Sweden,2012,,10.7,,,,,
dataflow,ESTAT:ILC_MDDW02$DEFAULTVIEW(1.0),"Pollution, grime or other environmental problems",A,Annual,F1,One single female,TOTAL,Total,PC,Percentage,SE,Sweden,2013,,9.7,,,,,
dataflow,ESTAT:ILC_MDDW02$DEFAULTVIEW(1.0),"Pollution, grime or other environmental problems",A,Annual,F1,One single female,TOTAL,Total,PC,Percentage,SE,Sweden,2014,,11.5,,,,,
dataflow,ESTAT:ILC_MDDW02$DEFAULTVIEW(1.0),"Pollution, grime or other environmental problems",A,Annual,F1,One single female,TOTAL,Total,PC,Percentage,SE,Sweden,2015,,10.9,,,,,
dataflow,ESTAT:ILC_MDDW02$DEFAULTVIEW(1.0),"Pollution, grime or other environmental problems",A,Annual,F1,One single female,TOTAL,Total,PC,Percentage,SE,Sweden,2016,,7.3,,,,,
dataflow,ESTAT:ILC_MDDW02$DEFAULTVIEW(1.0),"Pollution, grime or other environmental problems",A,Annual,F1,One single female,TOTAL,Total,PC,Percentage,SE,Sweden,2017,,9.2,,,,,
dataflow,ESTAT:ILC_MDDW02$DEFAULTVIEW(1.0),"Pollution, grime or other environmental problems",A,Annual,F1,One single female,TOTAL,Total,PC,Percentage,SE,Sweden,2018,,8.8,,,,,
dataflow,ESTAT:ILC_MDDW02$DEFAULTVIEW(1.0),"Pollution, grime or other environmental problems",A,Annual,F1,One single female,TOTAL,Total,PC,Percentage,SE,Sweden,2019,,8.8,,,,,
dataflow,ESTAT:ILC_MDDW02$DEFAULTVIEW(1.0),"Pollution, grime or other environmental problems",A,Annual,F1,One single female,TOTAL,Total,PC,Percentage,SE,Sweden,2020,,7.8,,,,,
dataflow,ESTAT:ILC_MDDW02$DEFAULTVIEW(1.0),"Pollution, grime or other environmental problems",A,Annual,F1,One single female,TOTAL,Total,PC,Percentage,SE,Sweden,2023,,5.6,,,,,
dataflow,ESTAT:ILC_MDDW02$DEFAULTVIEW(1.0),"Pollution, grime or other environmental problems",A,Annual,F1,One single female,TOTAL,Total,PC,Percentage,SI,Slovenia,2012,,21.2,,,,,
dataflow,ESTAT:ILC_MDDW02$DEFAULTVIEW(1.0),"Pollution, grime or other environmental problems",A,Annual,F1,One single female,TOTAL,Total,PC,Percentage,SI,Slovenia,2013,,18.4,,,,,
dataflow,ESTAT:ILC_MDDW02$DEFAULTVIEW(1.0),"Pollution, grime or other environmental problems",A,Annual,F1,One single female,TOTAL,Total,PC,Percentage,SI,Slovenia,2014,,18.6,,,,,
dataflow,ESTAT:ILC_MDDW02$DEFAULTVIEW(1.0),"Pollution, grime or other environmental problems",A,Annual,F1,One single female,TOTAL,Total,PC,Percentage,SI,Slovenia,2015,,16.9,,,,,
dataflow,ESTAT:ILC_MDDW02$DEFAULTVIEW(1.0),"Pollution, grime or other environmental problems",A,Annual,F1,One single female,TOTAL,Total,PC,Percentage,SI,Slovenia,2016,,17.5,,,,,
dataflow,ESTAT:ILC_MDDW02$DEFAULTVIEW(1.0),"Pollution, grime or other environmental problems",A,Annual,F1,One single female,TOTAL,Total,PC,Percentage,SI,Slovenia,2017,,21.9,,,,,
dataflow,ESTAT:ILC_MDDW02$DEFAULTVIEW(1.0),"Pollution, grime or other environmental problems",A,Annual,F1,One single female,TOTAL,Total,PC,Percentage,SI,Slovenia,2018,,17.6,,,,,
dataflow,ESTAT:ILC_MDDW02$DEFAULTVIEW(1.0),"Pollution, grime or other environmental problems",A,Annual,F1,One single female,TOTAL,Total,PC,Percentage,SI,Slovenia,2019,,18.6,,,,,
dataflow,ESTAT:ILC_MDDW02$DEFAULTVIEW(1.0),"Pollution, grime or other environmental problems",A,Annual,F1,One single female,TOTAL,Total,PC,Percentage,SI,Slovenia,2020,,21.9,,,,,
dataflow,ESTAT:ILC_MDDW02$DEFAULTVIEW(1.0),"Pollution, grime or other environmental problems",A,Annual,F1,One single female,TOTAL,Total,PC,Percentage,SI,Slovenia,2023,,20.0,,,,,
dataflow,ESTAT:ILC_MDDW02$DEFAULTVIEW(1.0),"Pollution, grime or other environmental problems",A,Annual,F1,One single female,TOTAL,Total,PC,Percentage,SK,Slovakia,2012,,14.5,,,,,
dataflow,ESTAT:ILC_MDDW02$DEFAULTVIEW(1.0),"Pollution, grime or other environmental problems",A,Annual,F1,One single female,TOTAL,Total,PC,Percentage,SK,Slovakia,2013,,14.4,,,,,
dataflow,ESTAT:ILC_MDDW02$DEFAULTVIEW(1.0),"Pollution, grime or other environmental problems",A,Annual,F1,One single female,TOTAL,Total,PC,Percentage,SK,Slovakia,2014,,12.2,,,,,
dataflow,ESTAT:ILC_MDDW02$DEFAULTVIEW(1.0),"Pollution, grime or other environmental problems",A,Annual,F1,One single female,TOTAL,Total,PC,Percentage,SK,Slovakia,2015,,11.3,,,,,
dataflow,ESTAT:ILC_MDDW02$DEFAULTVIEW(1.0),"Pollution, grime or other environmental problems",A,Annual,F1,One single female,TOTAL,Total,PC,Percentage,SK,Slovakia,2016,,9.9,,,,,
dataflow,ESTAT:ILC_MDDW02$DEFAULTVIEW(1.0),"Pollution, grime or other environmental problems",A,Annual,F1,One single female,TOTAL,Total,PC,Percentage,SK,Slovakia,2017,,11.7,,,,,
dataflow,ESTAT:ILC_MDDW02$DEFAULTVIEW(1.0),"Pollution, grime or other environmental problems",A,Annual,F1,One single female,TOTAL,Total,PC,Percentage,SK,Slovakia,2018,,11.2,,,,,
dataflow,ESTAT:ILC_MDDW02$DEFAULTVIEW(1.0),"Pollution, grime or other environmental problems",A,Annual,F1,One single female,TOTAL,Total,PC,Percentage,SK,Slovakia,2019,,10.1,,,,,
dataflow,ESTAT:ILC_MDDW02$DEFAULTVIEW(1.0),"Pollution, grime or other environmental problems",A,Annual,F1,One single female,TOTAL,Total,PC,Percentage,SK,Slovakia,2020,,9.5,,,,,
dataflow,ESTAT:ILC_MDDW02$DEFAULTVIEW(1.0),"Pollution, grime or other environmental problems",A,Annual,F1,One single female,TOTAL,Total,PC,Percentage,SK,Slovakia,2023,,5.8,,,,,
dataflow,ESTAT:ILC_MDDW02$DEFAULTVIEW(1.0),"Pollution, grime or other environmental problems",A,Annual,F1,One single female,TOTAL,Total,PC,Percentage,TR,Türkiye,2012,,18.6,,,,,
dataflow,ESTAT:ILC_MDDW02$DEFAULTVIEW(1.0),"Pollution, grime or other environmental problems",A,Annual,F1,One single female,TOTAL,Total,PC,Percentage,TR,Türkiye,2013,,20.0,,,,,
dataflow,ESTAT:ILC_MDDW02$DEFAULTVIEW(1.0),"Pollution, grime or other environmental problems",A,Annual,F1,One single female,TOTAL,Total,PC,Percentage,TR,Türkiye,2014,,15.5,,,,,
dataflow,ESTAT:ILC_MDDW02$DEFAULTVIEW(1.0),"Pollution, grime or other environmental problems",A,Annual,F1,One single female,TOTAL,Total,PC,Percentage,TR,Türkiye,2015,,14.6,,,,,
dataflow,ESTAT:ILC_MDDW02$DEFAULTVIEW(1.0),"Pollution, grime or other environmental problems",A,Annual,F1,One single female,TOTAL,Total,PC,Percentage,TR,Türkiye,2016,,17.0,,,,,
dataflow,ESTAT:ILC_MDDW02$DEFAULTVIEW(1.0),"Pollution, grime or other environmental problems",A,Annual,F1,One single female,TOTAL,Total,PC,Percentage,TR,Türkiye,2017,,15.9,,,,,
dataflow,ESTAT:ILC_MDDW02$DEFAULTVIEW(1.0),"Pollution, grime or other environmental problems",A,Annual,F1,One single female,TOTAL,Total,PC,Percentage,TR,Türkiye,2018,,17.4,,,,,
dataflow,ESTAT:ILC_MDDW02$DEFAULTVIEW(1.0),"Pollution, grime or other environmental problems",A,Annual,F1,One single female,TOTAL,Total,PC,Percentage,TR,Türkiye,2019,,19.0,,,,,
dataflow,ESTAT:ILC_MDDW02$DEFAULTVIEW(1.0),"Pollution, grime or other environmental problems",A,Annual,F1,One single female,TOTAL,Total,PC,Percentage,TR,Türkiye,2020,,17.2,,,,,
dataflow,ESTAT:ILC_MDDW02$DEFAULTVIEW(1.0),"Pollution, grime or other environmental problems",A,Annual,F1,One single female,TOTAL,Total,PC,Percentage,TR,Türkiye,2023,,15.6,,,,,
dataflow,ESTAT:ILC_MDDW02$DEFAULTVIEW(1.0),"Pollution, grime or other environmental problems",A,Annual,F1,One single female,TOTAL,Total,PC,Percentage,UK,United Kingdom,2012,,7.3,,b,break in time series,,
dataflow,ESTAT:ILC_MDDW02$DEFAULTVIEW(1.0),"Pollution, grime or other environmental problems",A,Annual,F1,One single female,TOTAL,Total,PC,Percentage,UK,United Kingdom,2013,,7.7,,,,,
dataflow,ESTAT:ILC_MDDW02$DEFAULTVIEW(1.0),"Pollution, grime or other environmental problems",A,Annual,F1,One single female,TOTAL,Total,PC,Percentage,UK,United Kingdom,2014,,6.9,,,,,
dataflow,ESTAT:ILC_MDDW02$DEFAULTVIEW(1.0),"Pollution, grime or other environmental problems",A,Annual,F1,One single female,TOTAL,Total,PC,Percentage,UK,United Kingdom,2015,,7.8,,,,,
dataflow,ESTAT:ILC_MDDW02$DEFAULTVIEW(1.0),"Pollution, grime or other environmental problems",A,Annual,F1,One single female,TOTAL,Total,PC,Percentage,UK,United Kingdom,2016,,8.0,,,,,
dataflow,ESTAT:ILC_MDDW02$DEFAULTVIEW(1.0),"Pollution, grime or other environmental problems",A,Annual,F1,One single female,TOTAL,Total,PC,Percentage,UK,United Kingdom,2017,,12.4,,bu,"break in time series, low reliability",,
dataflow,ESTAT:ILC_MDDW02$DEFAULTVIEW(1.0),"Pollution, grime or other environmental problems",A,Annual,F1,One single female,TOTAL,Total,PC,Percentage,UK,United Kingdom,2018,,13.0,,u,low reliability,,
dataflow,ESTAT:ILC_MDDW02$DEFAULTVIEW(1.0),"Pollution, grime or other environmental problems",A,Annual,F1,One single female,TOTAL,Total,PC,Percentage,XK,Kosovo*,2018,,14.1,,,,,
dataflow,ESTAT:ILC_MDDW02$DEFAULTVIEW(1.0),"Pollution, grime or other environmental problems",A,Annual,M1,One single male,TOTAL,Total,PC,Percentage,AL,Albania,2017,,5.4,,,,,
dataflow,ESTAT:ILC_MDDW02$DEFAULTVIEW(1.0),"Pollution, grime or other environmental problems",A,Annual,M1,One single male,TOTAL,Total,PC,Percentage,AL,Albania,2018,,8.2,,,,,
dataflow,ESTAT:ILC_MDDW02$DEFAULTVIEW(1.0),"Pollution, grime or other environmental problems",A,Annual,M1,One single male,TOTAL,Total,PC,Percentage,AL,Albania,2019,,4.4,,,,,
dataflow,ESTAT:ILC_MDDW02$DEFAULTVIEW(1.0),"Pollution, grime or other environmental problems",A,Annual,M1,One single male,TOTAL,Total,PC,Percentage,AL,Albania,2020,,3.8,,,,,
dataflow,ESTAT:ILC_MDDW02$DEFAULTVIEW(1.0),"Pollution, grime or other environmental problems",A,Annual,M1,One single male,TOTAL,Total,PC,Percentage,AL,Albania,2023,,6.0,,,,,
dataflow,ESTAT:ILC_MDDW02$DEFAULTVIEW(1.0),"Pollution, grime or other environmental problems",A,Annual,M1,One single male,TOTAL,Total,PC,Percentage,AT,Austria,2012,,10.5,,,,,
dataflow,ESTAT:ILC_MDDW02$DEFAULTVIEW(1.0),"Pollution, grime or other environmental problems",A,Annual,M1,One single male,TOTAL,Total,PC,Percentage,AT,Austria,2013,,11.1,,,,,
dataflow,ESTAT:ILC_MDDW02$DEFAULTVIEW(1.0),"Pollution, grime or other environmental problems",A,Annual,M1,One single male,TOTAL,Total,PC,Percentage,AT,Austria,2014,,11.0,,,,,
dataflow,ESTAT:ILC_MDDW02$DEFAULTVIEW(1.0),"Pollution, grime or other environmental problems",A,Annual,M1,One single male,TOTAL,Total,PC,Percentage,AT,Austria,2015,,11.4,,,,,
dataflow,ESTAT:ILC_MDDW02$DEFAULTVIEW(1.0),"Pollution, grime or other environmental problems",A,Annual,M1,One single male,TOTAL,Total,PC,Percentage,AT,Austria,2016,,12.3,,,,,
dataflow,ESTAT:ILC_MDDW02$DEFAULTVIEW(1.0),"Pollution, grime or other environmental problems",A,Annual,M1,One single male,TOTAL,Total,PC,Percentage,AT,Austria,2017,,11.8,,,,,
dataflow,ESTAT:ILC_MDDW02$DEFAULTVIEW(1.0),"Pollution, grime or other environmental problems",A,Annual,M1,One single male,TOTAL,Total,PC,Percentage,AT,Austria,2018,,11.0,,,,,
dataflow,ESTAT:ILC_MDDW02$DEFAULTVIEW(1.0),"Pollution, grime or other environmental problems",A,Annual,M1,One single male,TOTAL,Total,PC,Percentage,AT,Austria,2019,,10.5,,,,,
dataflow,ESTAT:ILC_MDDW02$DEFAULTVIEW(1.0),"Pollution, grime or other environmental problems",A,Annual,M1,One single male,TOTAL,Total,PC,Percentage,AT,Austria,2020,,7.9,,,,,
dataflow,ESTAT:ILC_MDDW02$DEFAULTVIEW(1.0),"Pollution, grime or other environmental problems",A,Annual,M1,One single male,TOTAL,Total,PC,Percentage,AT,Austria,2023,,8.4,,,,,
dataflow,ESTAT:ILC_MDDW02$DEFAULTVIEW(1.0),"Pollution, grime or other environmental problems",A,Annual,M1,One single male,TOTAL,Total,PC,Percentage,BE,Belgium,2012,,16.5,,,,,
dataflow,ESTAT:ILC_MDDW02$DEFAULTVIEW(1.0),"Pollution, grime or other environmental problems",A,Annual,M1,One single male,TOTAL,Total,PC,Percentage,BE,Belgium,2013,,17.1,,,,,
dataflow,ESTAT:ILC_MDDW02$DEFAULTVIEW(1.0),"Pollution, grime or other environmental problems",A,Annual,M1,One single male,TOTAL,Total,PC,Percentage,BE,Belgium,2014,,15.8,,,,,
dataflow,ESTAT:ILC_MDDW02$DEFAULTVIEW(1.0),"Pollution, grime or other environmental problems",A,Annual,M1,One single male,TOTAL,Total,PC,Percentage,BE,Belgium,2015,,14.3,,,,,
dataflow,ESTAT:ILC_MDDW02$DEFAULTVIEW(1.0),"Pollution, grime or other environmental problems",A,Annual,M1,One single male,TOTAL,Total,PC,Percentage,BE,Belgium,2016,,15.9,,,,,
dataflow,ESTAT:ILC_MDDW02$DEFAULTVIEW(1.0),"Pollution, grime or other environmental problems",A,Annual,M1,One single male,TOTAL,Total,PC,Percentage,BE,Belgium,2017,,13.8,,,,,
dataflow,ESTAT:ILC_MDDW02$DEFAULTVIEW(1.0),"Pollution, grime or other environmental problems",A,Annual,M1,One single male,TOTAL,Total,PC,Percentage,BE,Belgium,2018,,15.6,,,,,
dataflow,ESTAT:ILC_MDDW02$DEFAULTVIEW(1.0),"Pollution, grime or other environmental problems",A,Annual,M1,One single male,TOTAL,Total,PC,Percentage,BE,Belgium,2019,,14.9,,b,break in time series,,
dataflow,ESTAT:ILC_MDDW02$DEFAULTVIEW(1.0),"Pollution, grime or other environmental problems",A,Annual,M1,One single male,TOTAL,Total,PC,Percentage,BE,Belgium,2020,,12.6,,,,,
dataflow,ESTAT:ILC_MDDW02$DEFAULTVIEW(1.0),"Pollution, grime or other environmental problems",A,Annual,M1,One single male,TOTAL,Total,PC,Percentage,BE,Belgium,2023,,14.5,,,,,
dataflow,ESTAT:ILC_MDDW02$DEFAULTVIEW(1.0),"Pollution, grime or other environmental problems",A,Annual,M1,One single male,TOTAL,Total,PC,Percentage,BG,Bulgaria,2012,,9.9,,,,,
dataflow,ESTAT:ILC_MDDW02$DEFAULTVIEW(1.0),"Pollution, grime or other environmental problems",A,Annual,M1,One single male,TOTAL,Total,PC,Percentage,BG,Bulgaria,2013,,12.3,,,,,
dataflow,ESTAT:ILC_MDDW02$DEFAULTVIEW(1.0),"Pollution, grime or other environmental problems",A,Annual,M1,One single male,TOTAL,Total,PC,Percentage,BG,Bulgaria,2014,,15.3,,,,,
dataflow,ESTAT:ILC_MDDW02$DEFAULTVIEW(1.0),"Pollution, grime or other environmental problems",A,Annual,M1,One single male,TOTAL,Total,PC,Percentage,BG,Bulgaria,2015,,13.6,,,,,
dataflow,ESTAT:ILC_MDDW02$DEFAULTVIEW(1.0),"Pollution, grime or other environmental problems",A,Annual,M1,One single male,TOTAL,Total,PC,Percentage,BG,Bulgaria,2016,,12.4,,b,break in time series,,
dataflow,ESTAT:ILC_MDDW02$DEFAULTVIEW(1.0),"Pollution, grime or other environmental problems",A,Annual,M1,One single male,TOTAL,Total,PC,Percentage,BG,Bulgaria,2017,,13.2,,,,,
dataflow,ESTAT:ILC_MDDW02$DEFAULTVIEW(1.0),"Pollution, grime or other environmental problems",A,Annual,M1,One single male,TOTAL,Total,PC,Percentage,BG,Bulgaria,2018,,13.1,,,,,
dataflow,ESTAT:ILC_MDDW02$DEFAULTVIEW(1.0),"Pollution, grime or other environmental problems",A,Annual,M1,One single male,TOTAL,Total,PC,Percentage,BG,Bulgaria,2019,,12.0,,,,,
dataflow,ESTAT:ILC_MDDW02$DEFAULTVIEW(1.0),"Pollution, grime or other environmental problems",A,Annual,M1,One single male,TOTAL,Total,PC,Percentage,BG,Bulgaria,2020,,11.3,,,,,
dataflow,ESTAT:ILC_MDDW02$DEFAULTVIEW(1.0),"Pollution, grime or other environmental problems",A,Annual,M1,One single male,TOTAL,Total,PC,Percentage,BG,Bulgaria,2023,,8.0,,,,,
dataflow,ESTAT:ILC_MDDW02$DEFAULTVIEW(1.0),"Pollution, grime or other environmental problems",A,Annual,M1,One single male,TOTAL,Total,PC,Percentage,CH,Switzerland,2012,,10.3,,,,,
dataflow,ESTAT:ILC_MDDW02$DEFAULTVIEW(1.0),"Pollution, grime or other environmental problems",A,Annual,M1,One single male,TOTAL,Total,PC,Percentage,CH,Switzerland,2013,,9.1,,,,,
dataflow,ESTAT:ILC_MDDW02$DEFAULTVIEW(1.0),"Pollution, grime or other environmental problems",A,Annual,M1,One single male,TOTAL,Total,PC,Percentage,CH,Switzerland,2014,,9.0,,b,break in time series,,
dataflow,ESTAT:ILC_MDDW02$DEFAULTVIEW(1.0),"Pollution, grime or other environmental problems",A,Annual,M1,One single male,TOTAL,Total,PC,Percentage,CH,Switzerland,2015,,9.4,,,,,
dataflow,ESTAT:ILC_MDDW02$DEFAULTVIEW(1.0),"Pollution, grime or other environmental problems",A,Annual,M1,One single male,TOTAL,Total,PC,Percentage,CH,Switzerland,2016,,10.8,,,,,
dataflow,ESTAT:ILC_MDDW02$DEFAULTVIEW(1.0),"Pollution, grime or other environmental problems",A,Annual,M1,One single male,TOTAL,Total,PC,Percentage,CH,Switzerland,2017,,8.9,,,,,
dataflow,ESTAT:ILC_MDDW02$DEFAULTVIEW(1.0),"Pollution, grime or other environmental problems",A,Annual,M1,One single male,TOTAL,Total,PC,Percentage,CH,Switzerland,2018,,8.9,,,,,
dataflow,ESTAT:ILC_MDDW02$DEFAULTVIEW(1.0),"Pollution, grime or other environmental problems",A,Annual,M1,One single male,TOTAL,Total,PC,Percentage,CH,Switzerland,2019,,9.0,,,,,
dataflow,ESTAT:ILC_MDDW02$DEFAULTVIEW(1.0),"Pollution, grime or other environmental problems",A,Annual,M1,One single male,TOTAL,Total,PC,Percentage,CH,Switzerland,2020,,8.5,,,,,
dataflow,ESTAT:ILC_MDDW02$DEFAULTVIEW(1.0),"Pollution, grime or other environmental problems",A,Annual,M1,One single male,TOTAL,Total,PC,Percentage,CH,Switzerland,2023,,7.4,,,,,
dataflow,ESTAT:ILC_MDDW02$DEFAULTVIEW(1.0),"Pollution, grime or other environmental problems",A,Annual,M1,One single male,TOTAL,Total,PC,Percentage,CY,Cyprus,2012,,13.0,,,,,
dataflow,ESTAT:ILC_MDDW02$DEFAULTVIEW(1.0),"Pollution, grime or other environmental problems",A,Annual,M1,One single male,TOTAL,Total,PC,Percentage,CY,Cyprus,2013,,15.8,,,,,
dataflow,ESTAT:ILC_MDDW02$DEFAULTVIEW(1.0),"Pollution, grime or other environmental problems",A,Annual,M1,One single male,TOTAL,Total,PC,Percentage,CY,Cyprus,2014,,9.4,,,,,
dataflow,ESTAT:ILC_MDDW02$DEFAULTVIEW(1.0),"Pollution, grime or other environmental problems",A,Annual,M1,One single male,TOTAL,Total,PC,Percentage,CY,Cyprus,2015,,6.9,,,,,
dataflow,ESTAT:ILC_MDDW02$DEFAULTVIEW(1.0),"Pollution, grime or other environmental problems",A,Annual,M1,One single male,TOTAL,Total,PC,Percentage,CY,Cyprus,2016,,7.7,,,,,
dataflow,ESTAT:ILC_MDDW02$DEFAULTVIEW(1.0),"Pollution, grime or other environmental problems",A,Annual,M1,One single male,TOTAL,Total,PC,Percentage,CY,Cyprus,2017,,6.1,,,,,
dataflow,ESTAT:ILC_MDDW02$DEFAULTVIEW(1.0),"Pollution, grime or other environmental problems",A,Annual,M1,One single male,TOTAL,Total,PC,Percentage,CY,Cyprus,2018,,8.7,,,,,
dataflow,ESTAT:ILC_MDDW02$DEFAULTVIEW(1.0),"Pollution, grime or other environmental problems",A,Annual,M1,One single male,TOTAL,Total,PC,Percentage,CY,Cyprus,2019,,8.1,,,,,
dataflow,ESTAT:ILC_MDDW02$DEFAULTVIEW(1.0),"Pollution, grime or other environmental problems",A,Annual,M1,One single male,TOTAL,Total,PC,Percentage,CY,Cyprus,2020,,7.2,,,,,
dataflow,ESTAT:ILC_MDDW02$DEFAULTVIEW(1.0),"Pollution, grime or other environmental problems",A,Annual,M1,One single male,TOTAL,Total,PC,Percentage,CY,Cyprus,2023,,11.1,,,,,
dataflow,ESTAT:ILC_MDDW02$DEFAULTVIEW(1.0),"Pollution, grime or other environmental problems",A,Annual,M1,One single male,TOTAL,Total,PC,Percentage,CZ,Czechia,2012,,13.7,,,,,
dataflow,ESTAT:ILC_MDDW02$DEFAULTVIEW(1.0),"Pollution, grime or other environmental problems",A,Annual,M1,One single male,TOTAL,Total,PC,Percentage,CZ,Czechia,2013,,15.4,,,,,
dataflow,ESTAT:ILC_MDDW02$DEFAULTVIEW(1.0),"Pollution, grime or other environmental problems",A,Annual,M1,One single male,TOTAL,Total,PC,Percentage,CZ,Czechia,2014,,10.4,,,,,
dataflow,ESTAT:ILC_MDDW02$DEFAULTVIEW(1.0),"Pollution, grime or other environmental problems",A,Annual,M1,One single male,TOTAL,Total,PC,Percentage,CZ,Czechia,2015,,12.3,,,,,
dataflow,ESTAT:ILC_MDDW02$DEFAULTVIEW(1.0),"Pollution, grime or other environmental problems",A,Annual,M1,One single male,TOTAL,Total,PC,Percentage,CZ,Czechia,2016,,11.4,,,,,
dataflow,ESTAT:ILC_MDDW02$DEFAULTVIEW(1.0),"Pollution, grime or other environmental problems",A,Annual,M1,One single male,TOTAL,Total,PC,Percentage,CZ,Czechia,2017,,10.7,,,,,
dataflow,ESTAT:ILC_MDDW02$DEFAULTVIEW(1.0),"Pollution, grime or other environmental problems",A,Annual,M1,One single male,TOTAL,Total,PC,Percentage,CZ,Czechia,2018,,12.0,,,,,
dataflow,ESTAT:ILC_MDDW02$DEFAULTVIEW(1.0),"Pollution, grime or other environmental problems",A,Annual,M1,One single male,TOTAL,Total,PC,Percentage,CZ,Czechia,2019,,9.0,,,,,
dataflow,ESTAT:ILC_MDDW02$DEFAULTVIEW(1.0),"Pollution, grime or other environmental problems",A,Annual,M1,One single male,TOTAL,Total,PC,Percentage,CZ,Czechia,2020,,7.5,,,,,
dataflow,ESTAT:ILC_MDDW02$DEFAULTVIEW(1.0),"Pollution, grime or other environmental problems",A,Annual,M1,One single male,TOTAL,Total,PC,Percentage,CZ,Czechia,2023,,5.7,,,,,
dataflow,ESTAT:ILC_MDDW02$DEFAULTVIEW(1.0),"Pollution, grime or other environmental problems",A,Annual,M1,One single male,TOTAL,Total,PC,Percentage,DE,Germany,2012,,26.7,,,,,
dataflow,ESTAT:ILC_MDDW02$DEFAULTVIEW(1.0),"Pollution, grime or other environmental problems",A,Annual,M1,One single male,TOTAL,Total,PC,Percentage,DE,Germany,2013,,28.5,,,,,
dataflow,ESTAT:ILC_MDDW02$DEFAULTVIEW(1.0),"Pollution, grime or other environmental problems",A,Annual,M1,One single male,TOTAL,Total,PC,Percentage,DE,Germany,2014,,25.3,,,,,
dataflow,ESTAT:ILC_MDDW02$DEFAULTVIEW(1.0),"Pollution, grime or other environmental problems",A,Annual,M1,One single male,TOTAL,Total,PC,Percentage,DE,Germany,2015,,26.4,,,,,
dataflow,ESTAT:ILC_MDDW02$DEFAULTVIEW(1.0),"Pollution, grime or other environmental problems",A,Annual,M1,One single male,TOTAL,Total,PC,Percentage,DE,Germany,2016,,26.6,,,,,
dataflow,ESTAT:ILC_MDDW02$DEFAULTVIEW(1.0),"Pollution, grime or other environmental problems",A,Annual,M1,One single male,TOTAL,Total,PC,Percentage,DE,Germany,2017,,28.9,,,,,
dataflow,ESTAT:ILC_MDDW02$DEFAULTVIEW(1.0),"Pollution, grime or other environmental problems",A,Annual,M1,One single male,TOTAL,Total,PC,Percentage,DE,Germany,2018,,29.3,,,,,
dataflow,ESTAT:ILC_MDDW02$DEFAULTVIEW(1.0),"Pollution, grime or other environmental problems",A,Annual,M1,One single male,TOTAL,Total,PC,Percentage,DE,Germany,2019,,27.6,,,,,
dataflow,ESTAT:ILC_MDDW02$DEFAULTVIEW(1.0),"Pollution, grime or other environmental problems",A,Annual,M1,One single male,TOTAL,Total,PC,Percentage,DE,Germany,2020,,15.5,,bu,"break in time series, low reliability",,
dataflow,ESTAT:ILC_MDDW02$DEFAULTVIEW(1.0),"Pollution, grime or other environmental problems",A,Annual,M1,One single male,TOTAL,Total,PC,Percentage,DE,Germany,2023,,17.8,,u,low reliability,,
dataflow,ESTAT:ILC_MDDW02$DEFAULTVIEW(1.0),"Pollution, grime or other environmental problems",A,Annual,M1,One single male,TOTAL,Total,PC,Percentage,DK,Denmark,2012,,6.6,,,,,
dataflow,ESTAT:ILC_MDDW02$DEFAULTVIEW(1.0),"Pollution, grime or other environmental problems",A,Annual,M1,One single male,TOTAL,Total,PC,Percentage,DK,Denmark,2013,,5.6,,,,,
dataflow,ESTAT:ILC_MDDW02$DEFAULTVIEW(1.0),"Pollution, grime or other environmental problems",A,Annual,M1,One single male,TOTAL,Total,PC,Percentage,DK,Denmark,2014,,9.2,,,,,
dataflow,ESTAT:ILC_MDDW02$DEFAULTVIEW(1.0),"Pollution, grime or other environmental problems",A,Annual,M1,One single male,TOTAL,Total,PC,Percentage,DK,Denmark,2015,,7.5,,,,,
dataflow,ESTAT:ILC_MDDW02$DEFAULTVIEW(1.0),"Pollution, grime or other environmental problems",A,Annual,M1,One single male,TOTAL,Total,PC,Percentage,DK,Denmark,2016,,9.3,,,,,
dataflow,ESTAT:ILC_MDDW02$DEFAULTVIEW(1.0),"Pollution, grime or other environmental problems",A,Annual,M1,One single male,TOTAL,Total,PC,Percentage,DK,Denmark,2017,,11.0,,,,,
dataflow,ESTAT:ILC_MDDW02$DEFAULTVIEW(1.0),"Pollution, grime or other environmental problems",A,Annual,M1,One single male,TOTAL,Total,PC,Percentage,DK,Denmark,2018,,9.3,,,,,
dataflow,ESTAT:ILC_MDDW02$DEFAULTVIEW(1.0),"Pollution, grime or other environmental problems",A,Annual,M1,One single male,TOTAL,Total,PC,Percentage,DK,Denmark,2019,,8.6,,,,,
dataflow,ESTAT:ILC_MDDW02$DEFAULTVIEW(1.0),"Pollution, grime or other environmental problems",A,Annual,M1,One single male,TOTAL,Total,PC,Percentage,DK,Denmark,2020,,11.6,,,,,
dataflow,ESTAT:ILC_MDDW02$DEFAULTVIEW(1.0),"Pollution, grime or other environmental problems",A,Annual,M1,One single male,TOTAL,Total,PC,Percentage,DK,Denmark,2023,,10.8,,,,,
dataflow,ESTAT:ILC_MDDW02$DEFAULTVIEW(1.0),"Pollution, grime or other environmental problems",A,Annual,M1,One single male,TOTAL,Total,PC,Percentage,EA,"Euro area (EA11-1999, EA12-2001, EA13-2007, EA15-2008, EA16-2009, EA17-2011, EA18-2014, EA19-2015, EA20-2023, EA21-2026)",2012,,17.1,,e,estimated,,
dataflow,ESTAT:ILC_MDDW02$DEFAULTVIEW(1.0),"Pollution, grime or other environmental problems",A,Annual,M1,One single male,TOTAL,Total,PC,Percentage,EA,"Euro area (EA11-1999, EA12-2001, EA13-2007, EA15-2008, EA16-2009, EA17-2011, EA18-2014, EA19-2015, EA20-2023, EA21-2026)",2013,,17.7,,e,estimated,,
dataflow,ESTAT:ILC_MDDW02$DEFAULTVIEW(1.0),"Pollution, grime or other environmental problems",A,Annual,M1,One single male,TOTAL,Total,PC,Percentage,EA,"Euro area (EA11-1999, EA12-2001, EA13-2007, EA15-2008, EA16-2009, EA17-2011, EA18-2014, EA19-2015, EA20-2023, EA21-2026)",2014,,17.3,,e,estimated,,
dataflow,ESTAT:ILC_MDDW02$DEFAULTVIEW(1.0),"Pollution, grime or other environmental problems",A,Annual,M1,One single male,TOTAL,Total,PC,Percentage,EA,"Euro area (EA11-1999, EA12-2001, EA13-2007, EA15-2008, EA16-2009, EA17-2011, EA18-2014, EA19-2015, EA20-2023, EA21-2026)",2015,,17.4,,e,estimated,,
dataflow,ESTAT:ILC_MDDW02$DEFAULTVIEW(1.0),"Pollution, grime or other environmental problems",A,Annual,M1,One single male,TOTAL,Total,PC,Percentage,EA,"Euro area (EA11-1999, EA12-2001, EA13-2007, EA15-2008, EA16-2009, EA17-2011, EA18-2014, EA19-2015, EA20-2023, EA21-2026)",2016,,17.1,,e,estimated,,
dataflow,ESTAT:ILC_MDDW02$DEFAULTVIEW(1.0),"Pollution, grime or other environmental problems",A,Annual,M1,One single male,TOTAL,Total,PC,Percentage,EA,"Euro area (EA11-1999, EA12-2001, EA13-2007, EA15-2008, EA16-2009, EA17-2011, EA18-2014, EA19-2015, EA20-2023, EA21-2026)",2017,,17.5,,e,estimated,,
dataflow,ESTAT:ILC_MDDW02$DEFAULTVIEW(1.0),"Pollution, grime or other environmental problems",A,Annual,M1,One single male,TOTAL,Total,PC,Percentage,EA,"Euro area (EA11-1999, EA12-2001, EA13-2007, EA15-2008, EA16-2009, EA17-2011, EA18-2014, EA19-2015, EA20-2023, EA21-2026)",2018,,17.9,,e,estimated,,
dataflow,ESTAT:ILC_MDDW02$DEFAULTVIEW(1.0),"Pollution, grime or other environmental problems",A,Annual,M1,One single male,TOTAL,Total,PC,Percentage,EA,"Euro area (EA11-1999, EA12-2001, EA13-2007, EA15-2008, EA16-2009, EA17-2011, EA18-2014, EA19-2015, EA20-2023, EA21-2026)",2019,,17.4,,,,,
dataflow,ESTAT:ILC_MDDW02$DEFAULTVIEW(1.0),"Pollution, grime or other environmental problems",A,Annual,M1,One single male,TOTAL,Total,PC,Percentage,EA,"Euro area (EA11-1999, EA12-2001, EA13-2007, EA15-2008, EA16-2009, EA17-2011, EA18-2014, EA19-2015, EA20-2023, EA21-2026)",2020,,15.3,,,,,
dataflow,ESTAT:ILC_MDDW02$DEFAULTVIEW(1.0),"Pollution, grime or other environmental problems",A,Annual,M1,One single male,TOTAL,Total,PC,Percentage,EA18,Euro area - 18 countries (2014),2012,,17.1,,,,,
dataflow,ESTAT:ILC_MDDW02$DEFAULTVIEW(1.0),"Pollution, grime or other environmental problems",A,Annual,M1,One single male,TOTAL,Total,PC,Percentage,EA18,Euro area - 18 countries (2014),2013,,17.7,,,,,
dataflow,ESTAT:ILC_MDDW02$DEFAULTVIEW(1.0),"Pollution, grime or other environmental problems",A,Annual,M1,One single male,TOTAL,Total,PC,Percentage,EA18,Euro area - 18 countries (2014),2014,,17.3,,,,,
dataflow,ESTAT:ILC_MDDW02$DEFAULTVIEW(1.0),"Pollution, grime or other environmental problems",A,Annual,M1,One single male,TOTAL,Total,PC,Percentage,EA18,Euro area - 18 countries (2014),2015,,17.4,,,,,
dataflow,ESTAT:ILC_MDDW02$DEFAULTVIEW(1.0),"Pollution, grime or other environmental problems",A,Annual,M1,One single male,TOTAL,Total,PC,Percentage,EA18,Euro area - 18 countries (2014),2016,,17.2,,,,,
dataflow,ESTAT:ILC_MDDW02$DEFAULTVIEW(1.0),"Pollution, grime or other environmental problems",A,Annual,M1,One single male,TOTAL,Total,PC,Percentage,EA18,Euro area - 18 countries (2014),2017,,17.5,,,,,
dataflow,ESTAT:ILC_MDDW02$DEFAULTVIEW(1.0),"Pollution, grime or other environmental problems",A,Annual,M1,One single male,TOTAL,Total,PC,Percentage,EA18,Euro area - 18 countries (2014),2018,,17.9,,,,,
dataflow,ESTAT:ILC_MDDW02$DEFAULTVIEW(1.0),"Pollution, grime or other environmental problems",A,Annual,M1,One single male,TOTAL,Total,PC,Percentage,EA18,Euro area - 18 countries (2014),2019,,17.5,,,,,
dataflow,ESTAT:ILC_MDDW02$DEFAULTVIEW(1.0),"Pollution, grime or other environmental problems",A,Annual,M1,One single male,TOTAL,Total,PC,Percentage,EA18,Euro area - 18 countries (2014),2020,,15.3,,,,,
dataflow,ESTAT:ILC_MDDW02$DEFAULTVIEW(1.0),"Pollution, grime or other environmental problems",A,Annual,M1,One single male,TOTAL,Total,PC,Percentage,EA19,Euro area - 19 countries  (2015-2022),2012,,17.1,,,,,
dataflow,ESTAT:ILC_MDDW02$DEFAULTVIEW(1.0),"Pollution, grime or other environmental problems",A,Annual,M1,One single male,TOTAL,Total,PC,Percentage,EA19,Euro area - 19 countries  (2015-2022),2013,,17.7,,,,,
dataflow,ESTAT:ILC_MDDW02$DEFAULTVIEW(1.0),"Pollution, grime or other environmental problems",A,Annual,M1,One single male,TOTAL,Total,PC,Percentage,EA19,Euro area - 19 countries  (2015-2022),2014,,17.3,,,,,
dataflow,ESTAT:ILC_MDDW02$DEFAULTVIEW(1.0),"Pollution, grime or other environmental problems",A,Annual,M1,One single male,TOTAL,Total,PC,Percentage,EA19,Euro area - 19 countries  (2015-2022),2015,,17.4,,,,,
dataflow,ESTAT:ILC_MDDW02$DEFAULTVIEW(1.0),"Pollution, grime or other environmental problems",A,Annual,M1,One single male,TOTAL,Total,PC,Percentage,EA19,Euro area - 19 countries  (2015-2022),2016,,17.1,,,,,
dataflow,ESTAT:ILC_MDDW02$DEFAULTVIEW(1.0),"Pollution, grime or other environmental problems",A,Annual,M1,One single male,TOTAL,Total,PC,Percentage,EA19,Euro area - 19 countries  (2015-2022),2017,,17.5,,,,,
dataflow,ESTAT:ILC_MDDW02$DEFAULTVIEW(1.0),"Pollution, grime or other environmental problems",A,Annual,M1,One single male,TOTAL,Total,PC,Percentage,EA19,Euro area - 19 countries  (2015-2022),2018,,17.9,,,,,
dataflow,ESTAT:ILC_MDDW02$DEFAULTVIEW(1.0),"Pollution, grime or other environmental problems",A,Annual,M1,One single male,TOTAL,Total,PC,Percentage,EA19,Euro area - 19 countries  (2015-2022),2019,,17.4,,,,,
dataflow,ESTAT:ILC_MDDW02$DEFAULTVIEW(1.0),"Pollution, grime or other environmental problems",A,Annual,M1,One single male,TOTAL,Total,PC,Percentage,EA19,Euro area - 19 countries  (2015-2022),2020,,15.3,,,,,
dataflow,ESTAT:ILC_MDDW02$DEFAULTVIEW(1.0),"Pollution, grime or other environmental problems",A,Annual,M1,One single male,TOTAL,Total,PC,Percentage,EA20,Euro area – 20 countries (2023-2025),2023,,13.6,,,,,
dataflow,ESTAT:ILC_MDDW02$DEFAULTVIEW(1.0),"Pollution, grime or other environmental problems",A,Annual,M1,One single male,TOTAL,Total,PC,Percentage,EE,Estonia,2012,,8.4,,,,,
dataflow,ESTAT:ILC_MDDW02$DEFAULTVIEW(1.0),"Pollution, grime or other environmental problems",A,Annual,M1,One single male,TOTAL,Total,PC,Percentage,EE,Estonia,2013,,6.9,,,,,
dataflow,ESTAT:ILC_MDDW02$DEFAULTVIEW(1.0),"Pollution, grime or other environmental problems",A,Annual,M1,One single male,TOTAL,Total,PC,Percentage,EE,Estonia,2014,,10.1,,b,break in time series,,
dataflow,ESTAT:ILC_MDDW02$DEFAULTVIEW(1.0),"Pollution, grime or other environmental problems",A,Annual,M1,One single male,TOTAL,Total,PC,Percentage,EE,Estonia,2015,,5.6,,,,,
dataflow,ESTAT:ILC_MDDW02$DEFAULTVIEW(1.0),"Pollution, grime or other environmental problems",A,Annual,M1,One single male,TOTAL,Total,PC,Percentage,EE,Estonia,2016,,6.9,,,,,
dataflow,ESTAT:ILC_MDDW02$DEFAULTVIEW(1.0),"Pollution, grime or other environmental problems",A,Annual,M1,One single male,TOTAL,Total,PC,Percentage,EE,Estonia,2017,,5.6,,,,,
dataflow,ESTAT:ILC_MDDW02$DEFAULTVIEW(1.0),"Pollution, grime or other environmental problems",A,Annual,M1,One single male,TOTAL,Total,PC,Percentage,EE,Estonia,2018,,5.6,,,,,
dataflow,ESTAT:ILC_MDDW02$DEFAULTVIEW(1.0),"Pollution, grime or other environmental problems",A,Annual,M1,One single male,TOTAL,Total,PC,Percentage,EE,Estonia,2019,,8.2,,,,,
dataflow,ESTAT:ILC_MDDW02$DEFAULTVIEW(1.0),"Pollution, grime or other environmental problems",A,Annual,M1,One single male,TOTAL,Total,PC,Percentage,EE,Estonia,2020,,7.9,,,,,
dataflow,ESTAT:ILC_MDDW02$DEFAULTVIEW(1.0),"Pollution, grime or other environmental problems",A,Annual,M1,One single male,TOTAL,Total,PC,Percentage,EE,Estonia,2023,,7.2,,,,,
dataflow,ESTAT:ILC_MDDW02$DEFAULTVIEW(1.0),"Pollution, grime or other environmental problems",A,Annual,M1,One single male,TOTAL,Total,PC,Percentage,EL,Greece,2012,,28.6,,,,,
dataflow,ESTAT:ILC_MDDW02$DEFAULTVIEW(1.0),"Pollution, grime or other environmental problems",A,Annual,M1,One single male,TOTAL,Total,PC,Percentage,EL,Greece,2013,,25.7,,,,,
dataflow,ESTAT:ILC_MDDW02$DEFAULTVIEW(1.0),"Pollution, grime or other environmental problems",A,Annual,M1,One single male,TOTAL,Total,PC,Percentage,EL,Greece,2014,,22.7,,,,,
dataflow,ESTAT:ILC_MDDW02$DEFAULTVIEW(1.0),"Pollution, grime or other environmental problems",A,Annual,M1,One single male,TOTAL,Total,PC,Percentage,EL,Greece,2015,,20.4,,,,,
dataflow,ESTAT:ILC_MDDW02$DEFAULTVIEW(1.0),"Pollution, grime or other environmental problems",A,Annual,M1,One single male,TOTAL,Total,PC,Percentage,EL,Greece,2016,,20.3,,,,,
dataflow,ESTAT:ILC_MDDW02$DEFAULTVIEW(1.0),"Pollution, grime or other environmental problems",A,Annual,M1,One single male,TOTAL,Total,PC,Percentage,EL,Greece,2017,,20.5,,,,,
dataflow,ESTAT:ILC_MDDW02$DEFAULTVIEW(1.0),"Pollution, grime or other environmental problems",A,Annual,M1,One single male,TOTAL,Total,PC,Percentage,EL,Greece,2018,,22.7,,,,,
dataflow,ESTAT:ILC_MDDW02$DEFAULTVIEW(1.0),"Pollution, grime or other environmental problems",A,Annual,M1,One single male,TOTAL,Total,PC,Percentage,EL,Greece,2019,,22.6,,,,,
dataflow,ESTAT:ILC_MDDW02$DEFAULTVIEW(1.0),"Pollution, grime or other environmental problems",A,Annual,M1,One single male,TOTAL,Total,PC,Percentage,EL,Greece,2020,,23.3,,,,,
dataflow,ESTAT:ILC_MDDW02$DEFAULTVIEW(1.0),"Pollution, grime or other environmental problems",A,Annual,M1,One single male,TOTAL,Total,PC,Percentage,EL,Greece,2023,,23.8,,,,,
dataflow,ESTAT:ILC_MDDW02$DEFAULTVIEW(1.0),"Pollution, grime or other environmental problems",A,Annual,M1,One single male,TOTAL,Total,PC,Percentage,ES,Spain,2012,,5.9,,,,,
dataflow,ESTAT:ILC_MDDW02$DEFAULTVIEW(1.0),"Pollution, grime or other environmental problems",A,Annual,M1,One single male,TOTAL,Total,PC,Percentage,ES,Spain,2013,,7.4,,,,,
dataflow,ESTAT:ILC_MDDW02$DEFAULTVIEW(1.0),"Pollution, grime or other environmental problems",A,Annual,M1,One single male,TOTAL,Total,PC,Percentage,ES,Spain,2014,,8.0,,,,,
dataflow,ESTAT:ILC_MDDW02$DEFAULTVIEW(1.0),"Pollution, grime or other environmental problems",A,Annual,M1,One single male,TOTAL,Total,PC,Percentage,ES,Spain,2015,,6.4,,,,,
dataflow,ESTAT:ILC_MDDW02$DEFAULTVIEW(1.0),"Pollution, grime or other environmental problems",A,Annual,M1,One single male,TOTAL,Total,PC,Percentage,ES,Spain,2016,,8.4,,,,,
dataflow,ESTAT:ILC_MDDW02$DEFAULTVIEW(1.0),"Pollution, grime or other environmental problems",A,Annual,M1,One single male,TOTAL,Total,PC,Percentage,ES,Spain,2017,,7.2,,,,,
dataflow,ESTAT:ILC_MDDW02$DEFAULTVIEW(1.0),"Pollution, grime or other environmental problems",A,Annual,M1,One single male,TOTAL,Total,PC,Percentage,ES,Spain,2018,,8.7,,,,,
dataflow,ESTAT:ILC_MDDW02$DEFAULTVIEW(1.0),"Pollution, grime or other environmental problems",A,Annual,M1,One single male,TOTAL,Total,PC,Percentage,ES,Spain,2019,,8.0,,,,,
dataflow,ESTAT:ILC_MDDW02$DEFAULTVIEW(1.0),"Pollution, grime or other environmental problems",A,Annual,M1,One single male,TOTAL,Total,PC,Percentage,ES,Spain,2020,,11.6,,,,,
dataflow,ESTAT:ILC_MDDW02$DEFAULTVIEW(1.0),"Pollution, grime or other environmental problems",A,Annual,M1,One single male,TOTAL,Total,PC,Percentage,ES,Spain,2023,,9.7,,,,,
dataflow,ESTAT:ILC_MDDW02$DEFAULTVIEW(1.0),"Pollution, grime or other environmental problems",A,Annual,M1,One single male,TOTAL,Total,PC,Percentage,EU,"European Union (EU6-1958, EU9-1973, EU10-1981, EU12-1986, EU15-1995, EU25-2004, EU27-2007, EU28-2013, EU27-2020)",2012,,15.1,,,,,
dataflow,ESTAT:ILC_MDDW02$DEFAULTVIEW(1.0),"Pollution, grime or other environmental problems",A,Annual,M1,One single male,TOTAL,Total,PC,Percentage,EU,"European Union (EU6-1958, EU9-1973, EU10-1981, EU12-1986, EU15-1995, EU25-2004, EU27-2007, EU28-2013, EU27-2020)",2013,,15.4,,,,,
dataflow,ESTAT:ILC_MDDW02$DEFAULTVIEW(1.0),"Pollution, grime or other environmental problems",A,Annual,M1,One single male,TOTAL,Total,PC,Percentage,EU,"European Union (EU6-1958, EU9-1973, EU10-1981, EU12-1986, EU15-1995, EU25-2004, EU27-2007, EU28-2013, EU27-2020)",2014,,15.2,,,,,
dataflow,ESTAT:ILC_MDDW02$DEFAULTVIEW(1.0),"Pollution, grime or other environmental problems",A,Annual,M1,One single male,TOTAL,Total,PC,Percentage,EU,"European Union (EU6-1958, EU9-1973, EU10-1981, EU12-1986, EU15-1995, EU25-2004, EU27-2007, EU28-2013, EU27-2020)",2015,,15.2,,,,,
dataflow,ESTAT:ILC_MDDW02$DEFAULTVIEW(1.0),"Pollution, grime or other environmental problems",A,Annual,M1,One single male,TOTAL,Total,PC,Percentage,EU,"European Union (EU6-1958, EU9-1973, EU10-1981, EU12-1986, EU15-1995, EU25-2004, EU27-2007, EU28-2013, EU27-2020)",2016,,15.5,,,,,
dataflow,ESTAT:ILC_MDDW02$DEFAULTVIEW(1.0),"Pollution, grime or other environmental problems",A,Annual,M1,One single male,TOTAL,Total,PC,Percentage,EU,"European Union (EU6-1958, EU9-1973, EU10-1981, EU12-1986, EU15-1995, EU25-2004, EU27-2007, EU28-2013, EU27-2020)",2017,,16.2,,e,estimated,,
dataflow,ESTAT:ILC_MDDW02$DEFAULTVIEW(1.0),"Pollution, grime or other environmental problems",A,Annual,M1,One single male,TOTAL,Total,PC,Percentage,EU,"European Union (EU6-1958, EU9-1973, EU10-1981, EU12-1986, EU15-1995, EU25-2004, EU27-2007, EU28-2013, EU27-2020)",2018,,16.5,,e,estimated,,
dataflow,ESTAT:ILC_MDDW02$DEFAULTVIEW(1.0),"Pollution, grime or other environmental problems",A,Annual,M1,One single male,TOTAL,Total,PC,Percentage,EU,"European Union (EU6-1958, EU9-1973, EU10-1981, EU12-1986, EU15-1995, EU25-2004, EU27-2007, EU28-2013, EU27-2020)",2019,,15.9,,e,estimated,,
dataflow,ESTAT:ILC_MDDW02$DEFAULTVIEW(1.0),"Pollution, grime or other environmental problems",A,Annual,M1,One single male,TOTAL,Total,PC,Percentage,EU27_2007,European Union - 27 countries (2007-2013),2012,,15.1,,,,,
dataflow,ESTAT:ILC_MDDW02$DEFAULTVIEW(1.0),"Pollution, grime or other environmental problems",A,Annual,M1,One single male,TOTAL,Total,PC,Percentage,EU27_2007,European Union - 27 countries (2007-2013),2013,,15.5,,,,,
dataflow,ESTAT:ILC_MDDW02$DEFAULTVIEW(1.0),"Pollution, grime or other environmental problems",A,Annual,M1,One single male,TOTAL,Total,PC,Percentage,EU27_2007,European Union - 27 countries (2007-2013),2014,,15.2,,,,,
dataflow,ESTAT:ILC_MDDW02$DEFAULTVIEW(1.0),"Pollution, grime or other environmental problems",A,Annual,M1,One single male,TOTAL,Total,PC,Percentage,EU27_2007,European Union - 27 countries (2007-2013),2015,,15.2,,,,,
dataflow,ESTAT:ILC_MDDW02$DEFAULTVIEW(1.0),"Pollution, grime or other environmental problems",A,Annual,M1,One single male,TOTAL,Total,PC,Percentage,EU27_2007,European Union - 27 countries (2007-2013),2016,,15.6,,,,,
dataflow,ESTAT:ILC_MDDW02$DEFAULTVIEW(1.0),"Pollution, grime or other environmental problems",A,Annual,M1,One single male,TOTAL,Total,PC,Percentage,EU27_2007,European Union - 27 countries (2007-2013),2017,,16.2,,e,estimated,,
dataflow,ESTAT:ILC_MDDW02$DEFAULTVIEW(1.0),"Pollution, grime or other environmental problems",A,Annual,M1,One single male,TOTAL,Total,PC,Percentage,EU27_2007,European Union - 27 countries (2007-2013),2018,,16.5,,e,estimated,,
dataflow,ESTAT:ILC_MDDW02$DEFAULTVIEW(1.0),"Pollution, grime or other environmental problems",A,Annual,M1,One single male,TOTAL,Total,PC,Percentage,EU27_2007,European Union - 27 countries (2007-2013),2019,,16.0,,e,estimated,,
dataflow,ESTAT:ILC_MDDW02$DEFAULTVIEW(1.0),"Pollution, grime or other environmental problems",A,Annual,M1,One single male,TOTAL,Total,PC,Percentage,EU27_2020,European Union - 27 countries (from 2020),2012,,16.0,,e,estimated,,
dataflow,ESTAT:ILC_MDDW02$DEFAULTVIEW(1.0),"Pollution, grime or other environmental problems",A,Annual,M1,One single male,TOTAL,Total,PC,Percentage,EU27_2020,European Union - 27 countries (from 2020),2013,,16.5,,e,estimated,,
dataflow,ESTAT:ILC_MDDW02$DEFAULTVIEW(1.0),"Pollution, grime or other environmental problems",A,Annual,M1,One single male,TOTAL,Total,PC,Percentage,EU27_2020,European Union - 27 countries (from 2020),2014,,16.2,,e,estimated,,
dataflow,ESTAT:ILC_MDDW02$DEFAULTVIEW(1.0),"Pollution, grime or other environmental problems",A,Annual,M1,One single male,TOTAL,Total,PC,Percentage,EU27_2020,European Union - 27 countries (from 2020),2015,,16.1,,e,estimated,,
dataflow,ESTAT:ILC_MDDW02$DEFAULTVIEW(1.0),"Pollution, grime or other environmental problems",A,Annual,M1,One single male,TOTAL,Total,PC,Percentage,EU27_2020,European Union - 27 countries (from 2020),2016,,15.8,,e,estimated,,
dataflow,ESTAT:ILC_MDDW02$DEFAULTVIEW(1.0),"Pollution, grime or other environmental problems",A,Annual,M1,One single male,TOTAL,Total,PC,Percentage,EU27_2020,European Union - 27 countries (from 2020),2017,,16.4,,e,estimated,,
dataflow,ESTAT:ILC_MDDW02$DEFAULTVIEW(1.0),"Pollution, grime or other environmental problems",A,Annual,M1,One single male,TOTAL,Total,PC,Percentage,EU27_2020,European Union - 27 countries (from 2020),2018,,16.7,,e,estimated,,
dataflow,ESTAT:ILC_MDDW02$DEFAULTVIEW(1.0),"Pollution, grime or other environmental problems",A,Annual,M1,One single male,TOTAL,Total,PC,Percentage,EU27_2020,European Union - 27 countries (from 2020),2019,,16.1,,e,estimated,,
dataflow,ESTAT:ILC_MDDW02$DEFAULTVIEW(1.0),"Pollution, grime or other environmental problems",A,Annual,M1,One single male,TOTAL,Total,PC,Percentage,EU27_2020,European Union - 27 countries (from 2020),2020,,14.1,,e,estimated,,
dataflow,ESTAT:ILC_MDDW02$DEFAULTVIEW(1.0),"Pollution, grime or other environmental problems",A,Annual,M1,One single male,TOTAL,Total,PC,Percentage,EU27_2020,European Union - 27 countries (from 2020),2023,,12.5,,,,,
dataflow,ESTAT:ILC_MDDW02$DEFAULTVIEW(1.0),"Pollution, grime or other environmental problems",A,Annual,M1,One single male,TOTAL,Total,PC,Percentage,EU28,European Union - 28 countries (2013-2020),2012,,15.1,,,,,
dataflow,ESTAT:ILC_MDDW02$DEFAULTVIEW(1.0),"Pollution, grime or other environmental problems",A,Annual,M1,One single male,TOTAL,Total,PC,Percentage,EU28,European Union - 28 countries (2013-2020),2013,,15.4,,,,,
dataflow,ESTAT:ILC_MDDW02$DEFAULTVIEW(1.0),"Pollution, grime or other environmental problems",A,Annual,M1,One single male,TOTAL,Total,PC,Percentage,EU28,European Union - 28 countries (2013-2020),2014,,15.2,,,,,
dataflow,ESTAT:ILC_MDDW02$DEFAULTVIEW(1.0),"Pollution, grime or other environmental problems",A,Annual,M1,One single male,TOTAL,Total,PC,Percentage,EU28,European Union - 28 countries (2013-2020),2015,,15.2,,,,,
dataflow,ESTAT:ILC_MDDW02$DEFAULTVIEW(1.0),"Pollution, grime or other environmental problems",A,Annual,M1,One single male,TOTAL,Total,PC,Percentage,EU28,European Union - 28 countries (2013-2020),2016,,15.5,,,,,
dataflow,ESTAT:ILC_MDDW02$DEFAULTVIEW(1.0),"Pollution, grime or other environmental problems",A,Annual,M1,One single male,TOTAL,Total,PC,Percentage,EU28,European Union - 28 countries (2013-2020),2017,,16.2,,e,estimated,,
dataflow,ESTAT:ILC_MDDW02$DEFAULTVIEW(1.0),"Pollution, grime or other environmental problems",A,Annual,M1,One single male,TOTAL,Total,PC,Percentage,EU28,European Union - 28 countries (2013-2020),2018,,16.5,,e,estimated,,
dataflow,ESTAT:ILC_MDDW02$DEFAULTVIEW(1.0),"Pollution, grime or other environmental problems",A,Annual,M1,One single male,TOTAL,Total,PC,Percentage,EU28,European Union - 28 countries (2013-2020),2019,,15.9,,e,estimated,,
dataflow,ESTAT:ILC_MDDW02$DEFAULTVIEW(1.0),"Pollution, grime or other environmental problems",A,Annual,M1,One single male,TOTAL,Total,PC,Percentage,FI,Finland,2012,,7.3,,,,,
dataflow,ESTAT:ILC_MDDW02$DEFAULTVIEW(1.0),"Pollution, grime or other environmental problems",A,Annual,M1,One single male,TOTAL,Total,PC,Percentage,FI,Finland,2013,,8.1,,,,,
dataflow,ESTAT:ILC_MDDW02$DEFAULTVIEW(1.0),"Pollution, grime or other environmental problems",A,Annual,M1,One single male,TOTAL,Total,PC,Percentage,FI,Finland,2014,,8.7,,,,,
dataflow,ESTAT:ILC_MDDW02$DEFAULTVIEW(1.0),"Pollution, grime or other environmental problems",A,Annual,M1,One single male,TOTAL,Total,PC,Percentage,FI,Finland,2015,,8.4,,,,,
dataflow,ESTAT:ILC_MDDW02$DEFAULTVIEW(1.0),"Pollution, grime or other environmental problems",A,Annual,M1,One single male,TOTAL,Total,PC,Percentage,FI,Finland,2016,,6.4,,,,,
dataflow,ESTAT:ILC_MDDW02$DEFAULTVIEW(1.0),"Pollution, grime or other environmental problems",A,Annual,M1,One single male,TOTAL,Total,PC,Percentage,FI,Finland,2017,,5.7,,,,,
dataflow,ESTAT:ILC_MDDW02$DEFAULTVIEW(1.0),"Pollution, grime or other environmental problems",A,Annual,M1,One single male,TOTAL,Total,PC,Percentage,FI,Finland,2018,,6.2,,,,,
dataflow,ESTAT:ILC_MDDW02$DEFAULTVIEW(1.0),"Pollution, grime or other environmental problems",A,Annual,M1,One single male,TOTAL,Total,PC,Percentage,FI,Finland,2019,,8.7,,,,,
dataflow,ESTAT:ILC_MDDW02$DEFAULTVIEW(1.0),"Pollution, grime or other environmental problems",A,Annual,M1,One single male,TOTAL,Total,PC,Percentage,FI,Finland,2020,,9.1,,,,,
dataflow,ESTAT:ILC_MDDW02$DEFAULTVIEW(1.0),"Pollution, grime or other environmental problems",A,Annual,M1,One single male,TOTAL,Total,PC,Percentage,FI,Finland,2023,,9.2,,,,,
dataflow,ESTAT:ILC_MDDW02$DEFAULTVIEW(1.0),"Pollution, grime or other environmental problems",A,Annual,M1,One single male,TOTAL,Total,PC,Percentage,FR,France,2012,,9.7,,,,,
dataflow,ESTAT:ILC_MDDW02$DEFAULTVIEW(1.0),"Pollution, grime or other environmental problems",A,Annual,M1,One single male,TOTAL,Total,PC,Percentage,FR,France,2013,,10.6,,,,,
dataflow,ESTAT:ILC_MDDW02$DEFAULTVIEW(1.0),"Pollution, grime or other environmental problems",A,Annual,M1,One single male,TOTAL,Total,PC,Percentage,FR,France,2014,,12.0,,,,,
dataflow,ESTAT:ILC_MDDW02$DEFAULTVIEW(1.0),"Pollution, grime or other environmental problems",A,Annual,M1,One single male,TOTAL,Total,PC,Percentage,FR,France,2015,,13.5,,,,,
dataflow,ESTAT:ILC_MDDW02$DEFAULTVIEW(1.0),"Pollution, grime or other environmental problems",A,Annual,M1,One single male,TOTAL,Total,PC,Percentage,FR,France,2016,,12.5,,,,,
dataflow,ESTAT:ILC_MDDW02$DEFAULTVIEW(1.0),"Pollution, grime or other environmental problems",A,Annual,M1,One single male,TOTAL,Total,PC,Percentage,FR,France,2017,,12.8,,,,,
dataflow,ESTAT:ILC_MDDW02$DEFAULTVIEW(1.0),"Pollution, grime or other environmental problems",A,Annual,M1,One single male,TOTAL,Total,PC,Percentage,FR,France,2018,,12.7,,,,,
dataflow,ESTAT:ILC_MDDW02$DEFAULTVIEW(1.0),"Pollution, grime or other environmental problems",A,Annual,M1,One single male,TOTAL,Total,PC,Percentage,FR,France,2019,,14.9,,,,,
dataflow,ESTAT:ILC_MDDW02$DEFAULTVIEW(1.0),"Pollution, grime or other environmental problems",A,Annual,M1,One single male,TOTAL,Total,PC,Percentage,FR,France,2020,,19.3,,b,break in time series,,
dataflow,ESTAT:ILC_MDDW02$DEFAULTVIEW(1.0),"Pollution, grime or other environmental problems",A,Annual,M1,One single male,TOTAL,Total,PC,Percentage,FR,France,2023,,14.4,,,,,
dataflow,ESTAT:ILC_MDDW02$DEFAULTVIEW(1.0),"Pollution, grime or other environmental problems",A,Annual,M1,One single male,TOTAL,Total,PC,Percentage,HR,Croatia,2012,,4.2,,,,,
dataflow,ESTAT:ILC_MDDW02$DEFAULTVIEW(1.0),"Pollution, grime or other environmental problems",A,Annual,M1,One single male,TOTAL,Total,PC,Percentage,HR,Croatia,2013,,4.3,,,,,
dataflow,ESTAT:ILC_MDDW02$DEFAULTVIEW(1.0),"Pollution, grime or other environmental problems",A,Annual,M1,One single male,TOTAL,Total,PC,Percentage,HR,Croatia,2014,,5.2,,,,,
dataflow,ESTAT:ILC_MDDW02$DEFAULTVIEW(1.0),"Pollution, grime or other environmental problems",A,Annual,M1,One single male,TOTAL,Total,PC,Percentage,HR,Croatia,2015,,5.8,,,,,
dataflow,ESTAT:ILC_MDDW02$DEFAULTVIEW(1.0),"Pollution, grime or other environmental problems",A,Annual,M1,One single male,TOTAL,Total,PC,Percentage,HR,Croatia,2016,,4.7,,,,,
dataflow,ESTAT:ILC_MDDW02$DEFAULTVIEW(1.0),"Pollution, grime or other environmental problems",A,Annual,M1,One single male,TOTAL,Total,PC,Percentage,HR,Croatia,2017,,3.8,,,,,
dataflow,ESTAT:ILC_MDDW02$DEFAULTVIEW(1.0),"Pollution, grime or other environmental problems",A,Annual,M1,One single male,TOTAL,Total,PC,Percentage,HR,Croatia,2018,,4.8,,,,,
dataflow,ESTAT:ILC_MDDW02$DEFAULTVIEW(1.0),"Pollution, grime or other environmental problems",A,Annual,M1,One single male,TOTAL,Total,PC,Percentage,HR,Croatia,2019,,3.1,,,,,
dataflow,ESTAT:ILC_MDDW02$DEFAULTVIEW(1.0),"Pollution, grime or other environmental problems",A,Annual,M1,One single male,TOTAL,Total,PC,Percentage,HR,Croatia,2020,,2.9,,,,,
dataflow,ESTAT:ILC_MDDW02$DEFAULTVIEW(1.0),"Pollution, grime or other environmental problems",A,Annual,M1,One single male,TOTAL,Total,PC,Percentage,HR,Croatia,2023,,3.2,,,,,
dataflow,ESTAT:ILC_MDDW02$DEFAULTVIEW(1.0),"Pollution, grime or other environmental problems",A,Annual,M1,One single male,TOTAL,Total,PC,Percentage,HU,Hungary,2012,,12.8,,,,,
dataflow,ESTAT:ILC_MDDW02$DEFAULTVIEW(1.0),"Pollution, grime or other environmental problems",A,Annual,M1,One single male,TOTAL,Total,PC,Percentage,HU,Hungary,2013,,13.9,,,,,
dataflow,ESTAT:ILC_MDDW02$DEFAULTVIEW(1.0),"Pollution, grime or other environmental problems",A,Annual,M1,One single male,TOTAL,Total,PC,Percentage,HU,Hungary,2014,,15.4,,,,,
dataflow,ESTAT:ILC_MDDW02$DEFAULTVIEW(1.0),"Pollution, grime or other environmental problems",A,Annual,M1,One single male,TOTAL,Total,PC,Percentage,HU,Hungary,2015,,13.0,,,,,
dataflow,ESTAT:ILC_MDDW02$DEFAULTVIEW(1.0),"Pollution, grime or other environmental problems",A,Annual,M1,One single male,TOTAL,Total,PC,Percentage,HU,Hungary,2016,,13.0,,,,,
dataflow,ESTAT:ILC_MDDW02$DEFAULTVIEW(1.0),"Pollution, grime or other environmental problems",A,Annual,M1,One single male,TOTAL,Total,PC,Percentage,HU,Hungary,2017,,12.2,,,,,
dataflow,ESTAT:ILC_MDDW02$DEFAULTVIEW(1.0),"Pollution, grime or other environmental problems",A,Annual,M1,One single male,TOTAL,Total,PC,Percentage,HU,Hungary,2018,,10.2,,,,,
dataflow,ESTAT:ILC_MDDW02$DEFAULTVIEW(1.0),"Pollution, grime or other environmental problems",A,Annual,M1,One single male,TOTAL,Total,PC,Percentage,HU,Hungary,2019,,13.3,,b,break in time series,,
dataflow,ESTAT:ILC_MDDW02$DEFAULTVIEW(1.0),"Pollution, grime or other environmental problems",A,Annual,M1,One single male,TOTAL,Total,PC,Percentage,HU,Hungary,2020,,12.7,,,,,
dataflow,ESTAT:ILC_MDDW02$DEFAULTVIEW(1.0),"Pollution, grime or other environmental problems",A,Annual,M1,One single male,TOTAL,Total,PC,Percentage,HU,Hungary,2023,,14.1,,,,,
dataflow,ESTAT:ILC_MDDW02$DEFAULTVIEW(1.0),"Pollution, grime or other environmental problems",A,Annual,M1,One single male,TOTAL,Total,PC,Percentage,IE,Ireland,2012,,5.9,,,,,
dataflow,ESTAT:ILC_MDDW02$DEFAULTVIEW(1.0),"Pollution, grime or other environmental problems",A,Annual,M1,One single male,TOTAL,Total,PC,Percentage,IE,Ireland,2013,,5.4,,,,,
dataflow,ESTAT:ILC_MDDW02$DEFAULTVIEW(1.0),"Pollution, grime or other environmental problems",A,Annual,M1,One single male,TOTAL,Total,PC,Percentage,IE,Ireland,2014,,6.4,,,,,
dataflow,ESTAT:ILC_MDDW02$DEFAULTVIEW(1.0),"Pollution, grime or other environmental problems",A,Annual,M1,One single male,TOTAL,Total,PC,Percentage,IE,Ireland,2015,,4.3,,,,,
dataflow,ESTAT:ILC_MDDW02$DEFAULTVIEW(1.0),"Pollution, grime or other environmental problems",A,Annual,M1,One single male,TOTAL,Total,PC,Percentage,IE,Ireland,2016,,3.0,,,,,
dataflow,ESTAT:ILC_MDDW02$DEFAULTVIEW(1.0),"Pollution, grime or other environmental problems",A,Annual,M1,One single male,TOTAL,Total,PC,Percentage,IE,Ireland,2017,,4.9,,,,,
dataflow,ESTAT:ILC_MDDW02$DEFAULTVIEW(1.0),"Pollution, grime or other environmental problems",A,Annual,M1,One single male,TOTAL,Total,PC,Percentage,IE,Ireland,2018,,6.0,,,,,
dataflow,ESTAT:ILC_MDDW02$DEFAULTVIEW(1.0),"Pollution, grime or other environmental problems",A,Annual,M1,One single male,TOTAL,Total,PC,Percentage,IE,Ireland,2019,,3.0,,b,break in time series,,
dataflow,ESTAT:ILC_MDDW02$DEFAULTVIEW(1.0),"Pollution, grime or other environmental problems",A,Annual,M1,One single male,TOTAL,Total,PC,Percentage,IE,Ireland,2020,,6.2,,b,break in time series,,
dataflow,ESTAT:ILC_MDDW02$DEFAULTVIEW(1.0),"Pollution, grime or other environmental problems",A,Annual,M1,One single male,TOTAL,Total,PC,Percentage,IE,Ireland,2023,,7.5,,,,,
dataflow,ESTAT:ILC_MDDW02$DEFAULTVIEW(1.0),"Pollution, grime or other environmental problems",A,Annual,M1,One single male,TOTAL,Total,PC,Percentage,IS,Iceland,2012,,9.2,,,,,
dataflow,ESTAT:ILC_MDDW02$DEFAULTVIEW(1.0),"Pollution, grime or other environmental problems",A,Annual,M1,One single male,TOTAL,Total,PC,Percentage,IS,Iceland,2013,,10.2,,,,,
dataflow,ESTAT:ILC_MDDW02$DEFAULTVIEW(1.0),"Pollution, grime or other environmental problems",A,Annual,M1,One single male,TOTAL,Total,PC,Percentage,IS,Iceland,2014,,11.0,,,,,
dataflow,ESTAT:ILC_MDDW02$DEFAULTVIEW(1.0),"Pollution, grime or other environmental problems",A,Annual,M1,One single male,TOTAL,Total,PC,Percentage,IS,Iceland,2015,,12.9,,,,,
dataflow,ESTAT:ILC_MDDW02$DEFAULTVIEW(1.0),"Pollution, grime or other environmental problems",A,Annual,M1,One single male,TOTAL,Total,PC,Percentage,IS,Iceland,2016,,11.5,,,,,
dataflow,ESTAT:ILC_MDDW02$DEFAULTVIEW(1.0),"Pollution, grime or other environmental problems",A,Annual,M1,One single male,TOTAL,Total,PC,Percentage,IS,Iceland,2017,,7.0,,,,,
dataflow,ESTAT:ILC_MDDW02$DEFAULTVIEW(1.0),"Pollution, grime or other environmental problems",A,Annual,M1,One single male,TOTAL,Total,PC,Percentage,IS,Iceland,2018,,6.2,,,,,
dataflow,ESTAT:ILC_MDDW02$DEFAULTVIEW(1.0),"Pollution, grime or other environmental problems",A,Annual,M1,One single male,TOTAL,Total,PC,Percentage,IS,Iceland,2019,,11.5,,,,,
dataflow,ESTAT:ILC_MDDW02$DEFAULTVIEW(1.0),"Pollution, grime or other environmental problems",A,Annual,M1,One single male,TOTAL,Total,PC,Percentage,IS,Iceland,2020,,12.2,,,,,
dataflow,ESTAT:ILC_MDDW02$DEFAULTVIEW(1.0),"Pollution, grime or other environmental problems",A,Annual,M1,One single male,TOTAL,Total,PC,Percentage,IT,Italy,2012,,14.3,,,,,
dataflow,ESTAT:ILC_MDDW02$DEFAULTVIEW(1.0),"Pollution, grime or other environmental problems",A,Annual,M1,One single male,TOTAL,Total,PC,Percentage,IT,Italy,2013,,13.7,,,,,
dataflow,ESTAT:ILC_MDDW02$DEFAULTVIEW(1.0),"Pollution, grime or other environmental problems",A,Annual,M1,One single male,TOTAL,Total,PC,Percentage,IT,Italy,2014,,16.1,,,,,
dataflow,ESTAT:ILC_MDDW02$DEFAULTVIEW(1.0),"Pollution, grime or other environmental problems",A,Annual,M1,One single male,TOTAL,Total,PC,Percentage,IT,Italy,2015,,16.0,,,,,
dataflow,ESTAT:ILC_MDDW02$DEFAULTVIEW(1.0),"Pollution, grime or other environmental problems",A,Annual,M1,One single male,TOTAL,Total,PC,Percentage,IT,Italy,2016,,13.9,,,,,
dataflow,ESTAT:ILC_MDDW02$DEFAULTVIEW(1.0),"Pollution, grime or other environmental problems",A,Annual,M1,One single male,TOTAL,Total,PC,Percentage,IT,Italy,2017,,11.7,,,,,
dataflow,ESTAT:ILC_MDDW02$DEFAULTVIEW(1.0),"Pollution, grime or other environmental problems",A,Annual,M1,One single male,TOTAL,Total,PC,Percentage,IT,Italy,2018,,9.9,,,,,
dataflow,ESTAT:ILC_MDDW02$DEFAULTVIEW(1.0),"Pollution, grime or other environmental problems",A,Annual,M1,One single male,TOTAL,Total,PC,Percentage,IT,Italy,2019,,9.0,,,,,
dataflow,ESTAT:ILC_MDDW02$DEFAULTVIEW(1.0),"Pollution, grime or other environmental problems",A,Annual,M1,One single male,TOTAL,Total,PC,Percentage,IT,Italy,2020,,15.0,,,,,
dataflow,ESTAT:ILC_MDDW02$DEFAULTVIEW(1.0),"Pollution, grime or other environmental problems",A,Annual,M1,One single male,TOTAL,Total,PC,Percentage,IT,Italy,2023,,10.1,,,,,
dataflow,ESTAT:ILC_MDDW02$DEFAULTVIEW(1.0),"Pollution, grime or other environmental problems",A,Annual,M1,One single male,TOTAL,Total,PC,Percentage,LT,Lithuania,2012,,14.7,,,,,
dataflow,ESTAT:ILC_MDDW02$DEFAULTVIEW(1.0),"Pollution, grime or other environmental problems",A,Annual,M1,One single male,TOTAL,Total,PC,Percentage,LT,Lithuania,2013,,13.1,,,,,
dataflow,ESTAT:ILC_MDDW02$DEFAULTVIEW(1.0),"Pollution, grime or other environmental problems",A,Annual,M1,One single male,TOTAL,Total,PC,Percentage,LT,Lithuania,2014,,9.6,,,,,
dataflow,ESTAT:ILC_MDDW02$DEFAULTVIEW(1.0),"Pollution, grime or other environmental problems",A,Annual,M1,One single male,TOTAL,Total,PC,Percentage,LT,Lithuania,2015,,12.5,,,,,
dataflow,ESTAT:ILC_MDDW02$DEFAULTVIEW(1.0),"Pollution, grime or other environmental problems",A,Annual,M1,One single male,TOTAL,Total,PC,Percentage,LT,Lithuania,2016,,10.3,,,,,
dataflow,ESTAT:ILC_MDDW02$DEFAULTVIEW(1.0),"Pollution, grime or other environmental problems",A,Annual,M1,One single male,TOTAL,Total,PC,Percentage,LT,Lithuania,2017,,10.1,,,,,
dataflow,ESTAT:ILC_MDDW02$DEFAULTVIEW(1.0),"Pollution, grime or other environmental problems",A,Annual,M1,One single male,TOTAL,Total,PC,Percentage,LT,Lithuania,2018,,9.5,,,,,
dataflow,ESTAT:ILC_MDDW02$DEFAULTVIEW(1.0),"Pollution, grime or other environmental problems",A,Annual,M1,One single male,TOTAL,Total,PC,Percentage,LT,Lithuania,2019,,8.3,,,,,
dataflow,ESTAT:ILC_MDDW02$DEFAULTVIEW(1.0),"Pollution, grime or other environmental problems",A,Annual,M1,One single male,TOTAL,Total,PC,Percentage,LT,Lithuania,2020,,12.8,,,,,
dataflow,ESTAT:ILC_MDDW02$DEFAULTVIEW(1.0),"Pollution, grime or other environmental problems",A,Annual,M1,One single male,TOTAL,Total,PC,Percentage,LT,Lithuania,2023,,8.7,,,,,
dataflow,ESTAT:ILC_MDDW02$DEFAULTVIEW(1.0),"Pollution, grime or other environmental problems",A,Annual,M1,One single male,TOTAL,Total,PC,Percentage,LU,Luxembourg,2012,,10.3,,,,,
dataflow,ESTAT:ILC_MDDW02$DEFAULTVIEW(1.0),"Pollution, grime or other environmental problems",A,Annual,M1,One single male,TOTAL,Total,PC,Percentage,LU,Luxembourg,2013,,10.7,,,,,
dataflow,ESTAT:ILC_MDDW02$DEFAULTVIEW(1.0),"Pollution, grime or other environmental problems",A,Annual,M1,One single male,TOTAL,Total,PC,Percentage,LU,Luxembourg,2014,,14.2,,,,,
dataflow,ESTAT:ILC_MDDW02$DEFAULTVIEW(1.0),"Pollution, grime or other environmental problems",A,Annual,M1,One single male,TOTAL,Total,PC,Percentage,LU,Luxembourg,2015,,16.6,,,,,
dataflow,ESTAT:ILC_MDDW02$DEFAULTVIEW(1.0),"Pollution, grime or other environmental problems",A,Annual,M1,One single male,TOTAL,Total,PC,Percentage,LU,Luxembourg,2016,,15.8,,b,break in time series,,
dataflow,ESTAT:ILC_MDDW02$DEFAULTVIEW(1.0),"Pollution, grime or other environmental problems",A,Annual,M1,One single male,TOTAL,Total,PC,Percentage,LU,Luxembourg,2017,,14.5,,,,,
dataflow,ESTAT:ILC_MDDW02$DEFAULTVIEW(1.0),"Pollution, grime or other environmental problems",A,Annual,M1,One single male,TOTAL,Total,PC,Percentage,LU,Luxembourg,2018,,14.0,,,,,
dataflow,ESTAT:ILC_MDDW02$DEFAULTVIEW(1.0),"Pollution, grime or other environmental problems",A,Annual,M1,One single male,TOTAL,Total,PC,Percentage,LU,Luxembourg,2019,,13.1,,,,,
dataflow,ESTAT:ILC_MDDW02$DEFAULTVIEW(1.0),"Pollution, grime or other environmental problems",A,Annual,M1,One single male,TOTAL,Total,PC,Percentage,LU,Luxembourg,2020,,11.5,,b,break in time series,,
dataflow,ESTAT:ILC_MDDW02$DEFAULTVIEW(1.0),"Pollution, grime or other environmental problems",A,Annual,M1,One single male,TOTAL,Total,PC,Percentage,LU,Luxembourg,2023,,9.0,,,,,
dataflow,ESTAT:ILC_MDDW02$DEFAULTVIEW(1.0),"Pollution, grime or other environmental problems",A,Annual,M1,One single male,TOTAL,Total,PC,Percentage,LV,Latvia,2012,,20.4,,,,,
dataflow,ESTAT:ILC_MDDW02$DEFAULTVIEW(1.0),"Pollution, grime or other environmental problems",A,Annual,M1,One single male,TOTAL,Total,PC,Percentage,LV,Latvia,2013,,15.7,,,,,
dataflow,ESTAT:ILC_MDDW02$DEFAULTVIEW(1.0),"Pollution, grime or other environmental problems",A,Annual,M1,One single male,TOTAL,Total,PC,Percentage,LV,Latvia,2014,,17.3,,,,,
dataflow,ESTAT:ILC_MDDW02$DEFAULTVIEW(1.0),"Pollution, grime or other environmental problems",A,Annual,M1,One single male,TOTAL,Total,PC,Percentage,LV,Latvia,2015,,12.5,,,,,
dataflow,ESTAT:ILC_MDDW02$DEFAULTVIEW(1.0),"Pollution, grime or other environmental problems",A,Annual,M1,One single male,TOTAL,Total,PC,Percentage,LV,Latvia,2016,,13.8,,,,,
dataflow,ESTAT:ILC_MDDW02$DEFAULTVIEW(1.0),"Pollution, grime or other environmental problems",A,Annual,M1,One single male,TOTAL,Total,PC,Percentage,LV,Latvia,2017,,14.3,,,,,
dataflow,ESTAT:ILC_MDDW02$DEFAULTVIEW(1.0),"Pollution, grime or other environmental problems",A,Annual,M1,One single male,TOTAL,Total,PC,Percentage,LV,Latvia,2018,,15.5,,,,,
dataflow,ESTAT:ILC_MDDW02$DEFAULTVIEW(1.0),"Pollution, grime or other environmental problems",A,Annual,M1,One single male,TOTAL,Total,PC,Percentage,LV,Latvia,2019,,12.7,,,,,
dataflow,ESTAT:ILC_MDDW02$DEFAULTVIEW(1.0),"Pollution, grime or other environmental problems",A,Annual,M1,One single male,TOTAL,Total,PC,Percentage,LV,Latvia,2020,,12.9,,,,,
dataflow,ESTAT:ILC_MDDW02$DEFAULTVIEW(1.0),"Pollution, grime or other environmental problems",A,Annual,M1,One single male,TOTAL,Total,PC,Percentage,LV,Latvia,2023,,11.8,,,,,
dataflow,ESTAT:ILC_MDDW02$DEFAULTVIEW(1.0),"Pollution, grime or other environmental problems",A,Annual,M1,One single male,TOTAL,Total,PC,Percentage,ME,Montenegro,2013,,15.5,,,,,
dataflow,ESTAT:ILC_MDDW02$DEFAULTVIEW(1.0),"Pollution, grime or other environmental problems",A,Annual,M1,One single male,TOTAL,Total,PC,Percentage,ME,Montenegro,2014,,21.5,,,,,
dataflow,ESTAT:ILC_MDDW02$DEFAULTVIEW(1.0),"Pollution, grime or other environmental problems",A,Annual,M1,One single male,TOTAL,Total,PC,Percentage,ME,Montenegro,2015,,18.0,,,,,
dataflow,ESTAT:ILC_MDDW02$DEFAULTVIEW(1.0),"Pollution, grime or other environmental problems",A,Annual,M1,One single male,TOTAL,Total,PC,Percentage,ME,Montenegro,2016,,13.5,,,,,
dataflow,ESTAT:ILC_MDDW02$DEFAULTVIEW(1.0),"Pollution, grime or other environmental problems",A,Annual,M1,One single male,TOTAL,Total,PC,Percentage,ME,Montenegro,2017,,9.7,,,,,
dataflow,ESTAT:ILC_MDDW02$DEFAULTVIEW(1.0),"Pollution, grime or other environmental problems",A,Annual,M1,One single male,TOTAL,Total,PC,Percentage,ME,Montenegro,2018,,10.1,,,,,
dataflow,ESTAT:ILC_MDDW02$DEFAULTVIEW(1.0),"Pollution, grime or other environmental problems",A,Annual,M1,One single male,TOTAL,Total,PC,Percentage,ME,Montenegro,2019,,10.4,,,,,
dataflow,ESTAT:ILC_MDDW02$DEFAULTVIEW(1.0),"Pollution, grime or other environmental problems",A,Annual,M1,One single male,TOTAL,Total,PC,Percentage,ME,Montenegro,2020,,5.0,,,,,
dataflow,ESTAT:ILC_MDDW02$DEFAULTVIEW(1.0),"Pollution, grime or other environmental problems",A,Annual,M1,One single male,TOTAL,Total,PC,Percentage,ME,Montenegro,2023,,4.2,,,,,
dataflow,ESTAT:ILC_MDDW02$DEFAULTVIEW(1.0),"Pollution, grime or other environmental problems",A,Annual,M1,One single male,TOTAL,Total,PC,Percentage,MK,North Macedonia,2012,,9.5,,,,,
dataflow,ESTAT:ILC_MDDW02$DEFAULTVIEW(1.0),"Pollution, grime or other environmental problems",A,Annual,M1,One single male,TOTAL,Total,PC,Percentage,MK,North Macedonia,2013,,9.4,,,,,
dataflow,ESTAT:ILC_MDDW02$DEFAULTVIEW(1.0),"Pollution, grime or other environmental problems",A,Annual,M1,One single male,TOTAL,Total,PC,Percentage,MK,North Macedonia,2014,,6.6,,,,,
dataflow,ESTAT:ILC_MDDW02$DEFAULTVIEW(1.0),"Pollution, grime or other environmental problems",A,Annual,M1,One single male,TOTAL,Total,PC,Percentage,MK,North Macedonia,2015,,8.2,,,,,
dataflow,ESTAT:ILC_MDDW02$DEFAULTVIEW(1.0),"Pollution, grime or other environmental problems",A,Annual,M1,One single male,TOTAL,Total,PC,Percentage,MK,North Macedonia,2016,,10.7,,,,,
dataflow,ESTAT:ILC_MDDW02$DEFAULTVIEW(1.0),"Pollution, grime or other environmental problems",A,Annual,M1,One single male,TOTAL,Total,PC,Percentage,MK,North Macedonia,2017,,9.3,,,,,
dataflow,ESTAT:ILC_MDDW02$DEFAULTVIEW(1.0),"Pollution, grime or other environmental problems",A,Annual,M1,One single male,TOTAL,Total,PC,Percentage,MK,North Macedonia,2018,,10.9,,,,,
dataflow,ESTAT:ILC_MDDW02$DEFAULTVIEW(1.0),"Pollution, grime or other environmental problems",A,Annual,M1,One single male,TOTAL,Total,PC,Percentage,MK,North Macedonia,2019,,14.3,,,,,
dataflow,ESTAT:ILC_MDDW02$DEFAULTVIEW(1.0),"Pollution, grime or other environmental problems",A,Annual,M1,One single male,TOTAL,Total,PC,Percentage,MK,North Macedonia,2020,,9.1,,,,,
dataflow,ESTAT:ILC_MDDW02$DEFAULTVIEW(1.0),"Pollution, grime or other environmental problems",A,Annual,M1,One single male,TOTAL,Total,PC,Percentage,MK,North Macedonia,2023,,17.9,,,,,
dataflow,ESTAT:ILC_MDDW02$DEFAULTVIEW(1.0),"Pollution, grime or other environmental problems",A,Annual,M1,One single male,TOTAL,Total,PC,Percentage,MT,Malta,2012,,34.4,,,,,
dataflow,ESTAT:ILC_MDDW02$DEFAULTVIEW(1.0),"Pollution, grime or other environmental problems",A,Annual,M1,One single male,TOTAL,Total,PC,Percentage,MT,Malta,2013,,36.2,,,,,
dataflow,ESTAT:ILC_MDDW02$DEFAULTVIEW(1.0),"Pollution, grime or other environmental problems",A,Annual,M1,One single male,TOTAL,Total,PC,Percentage,MT,Malta,2014,,33.9,,,,,
dataflow,ESTAT:ILC_MDDW02$DEFAULTVIEW(1.0),"Pollution, grime or other environmental problems",A,Annual,M1,One single male,TOTAL,Total,PC,Percentage,MT,Malta,2015,,29.0,,,,,
dataflow,ESTAT:ILC_MDDW02$DEFAULTVIEW(1.0),"Pollution, grime or other environmental problems",A,Annual,M1,One single male,TOTAL,Total,PC,Percentage,MT,Malta,2016,,27.4,,,,,
dataflow,ESTAT:ILC_MDDW02$DEFAULTVIEW(1.0),"Pollution, grime or other environmental problems",A,Annual,M1,One single male,TOTAL,Total,PC,Percentage,MT,Malta,2017,,24.6,,,,,
dataflow,ESTAT:ILC_MDDW02$DEFAULTVIEW(1.0),"Pollution, grime or other environmental problems",A,Annual,M1,One single male,TOTAL,Total,PC,Percentage,MT,Malta,2018,,24.8,,,,,
dataflow,ESTAT:ILC_MDDW02$DEFAULTVIEW(1.0),"Pollution, grime or other environmental problems",A,Annual,M1,One single male,TOTAL,Total,PC,Percentage,MT,Malta,2019,,32.6,,,,,
dataflow,ESTAT:ILC_MDDW02$DEFAULTVIEW(1.0),"Pollution, grime or other environmental problems",A,Annual,M1,One single male,TOTAL,Total,PC,Percentage,MT,Malta,2020,,30.5,,,,,
dataflow,ESTAT:ILC_MDDW02$DEFAULTVIEW(1.0),"Pollution, grime or other environmental problems",A,Annual,M1,One single male,TOTAL,Total,PC,Percentage,MT,Malta,2023,,32.6,,,,,
dataflow,ESTAT:ILC_MDDW02$DEFAULTVIEW(1.0),"Pollution, grime or other environmental problems",A,Annual,M1,One single male,TOTAL,Total,PC,Percentage,NL,Netherlands,2012,,17.4,,,,,
dataflow,ESTAT:ILC_MDDW02$DEFAULTVIEW(1.0),"Pollution, grime or other environmental problems",A,Annual,M1,One single male,TOTAL,Total,PC,Percentage,NL,Netherlands,2013,,16.7,,,,,
dataflow,ESTAT:ILC_MDDW02$DEFAULTVIEW(1.0),"Pollution, grime or other environmental problems",A,Annual,M1,One single male,TOTAL,Total,PC,Percentage,NL,Netherlands,2014,,17.8,,,,,
dataflow,ESTAT:ILC_MDDW02$DEFAULTVIEW(1.0),"Pollution, grime or other environmental problems",A,Annual,M1,One single male,TOTAL,Total,PC,Percentage,NL,Netherlands,2015,,12.2,,,,,
dataflow,ESTAT:ILC_MDDW02$DEFAULTVIEW(1.0),"Pollution, grime or other environmental problems",A,Annual,M1,One single male,TOTAL,Total,PC,Percentage,NL,Netherlands,2016,,14.9,,b,break in time series,,
dataflow,ESTAT:ILC_MDDW02$DEFAULTVIEW(1.0),"Pollution, grime or other environmental problems",A,Annual,M1,One single male,TOTAL,Total,PC,Percentage,NL,Netherlands,2017,,15.8,,,,,
dataflow,ESTAT:ILC_MDDW02$DEFAULTVIEW(1.0),"Pollution, grime or other environmental problems",A,Annual,M1,One single male,TOTAL,Total,PC,Percentage,NL,Netherlands,2018,,18.6,,,,,
dataflow,ESTAT:ILC_MDDW02$DEFAULTVIEW(1.0),"Pollution, grime or other environmental problems",A,Annual,M1,One single male,TOTAL,Total,PC,Percentage,NL,Netherlands,2019,,18.0,,,,,
dataflow,ESTAT:ILC_MDDW02$DEFAULTVIEW(1.0),"Pollution, grime or other environmental problems",A,Annual,M1,One single male,TOTAL,Total,PC,Percentage,NL,Netherlands,2020,,18.7,,,,,
dataflow,ESTAT:ILC_MDDW02$DEFAULTVIEW(1.0),"Pollution, grime or other environmental problems",A,Annual,M1,One single male,TOTAL,Total,PC,Percentage,NL,Netherlands,2023,,16.9,,,,,
dataflow,ESTAT:ILC_MDDW02$DEFAULTVIEW(1.0),"Pollution, grime or other environmental problems",A,Annual,M1,One single male,TOTAL,Total,PC,Percentage,NO,Norway,2012,,9.1,,,,,
dataflow,ESTAT:ILC_MDDW02$DEFAULTVIEW(1.0),"Pollution, grime or other environmental problems",A,Annual,M1,One single male,TOTAL,Total,PC,Percentage,NO,Norway,2013,,8.5,,,,,
dataflow,ESTAT:ILC_MDDW02$DEFAULTVIEW(1.0),"Pollution, grime or other environmental problems",A,Annual,M1,One single male,TOTAL,Total,PC,Percentage,NO,Norway,2014,,9.1,,,,,
dataflow,ESTAT:ILC_MDDW02$DEFAULTVIEW(1.0),"Pollution, grime or other environmental problems",A,Annual,M1,One single male,TOTAL,Total,PC,Percentage,NO,Norway,2015,,9.5,,,,,
dataflow,ESTAT:ILC_MDDW02$DEFAULTVIEW(1.0),"Pollution, grime or other environmental problems",A,Annual,M1,One single male,TOTAL,Total,PC,Percentage,NO,Norway,2016,,8.3,,,,,
dataflow,ESTAT:ILC_MDDW02$DEFAULTVIEW(1.0),"Pollution, grime or other environmental problems",A,Annual,M1,One single male,TOTAL,Total,PC,Percentage,NO,Norway,2017,,7.3,,,,,
dataflow,ESTAT:ILC_MDDW02$DEFAULTVIEW(1.0),"Pollution, grime or other environmental problems",A,Annual,M1,One single male,TOTAL,Total,PC,Percentage,NO,Norway,2018,,9.1,,,,,
dataflow,ESTAT:ILC_MDDW02$DEFAULTVIEW(1.0),"Pollution, grime or other environmental problems",A,Annual,M1,One single male,TOTAL,Total,PC,Percentage,NO,Norway,2019,,9.4,,,,,
dataflow,ESTAT:ILC_MDDW02$DEFAULTVIEW(1.0),"Pollution, grime or other environmental problems",A,Annual,M1,One single male,TOTAL,Total,PC,Percentage,NO,Norway,2020,,7.4,,,,,
dataflow,ESTAT:ILC_MDDW02$DEFAULTVIEW(1.0),"Pollution, grime or other environmental problems",A,Annual,M1,One single male,TOTAL,Total,PC,Percentage,NO,Norway,2023,,8.0,,,,,
dataflow,ESTAT:ILC_MDDW02$DEFAULTVIEW(1.0),"Pollution, grime or other environmental problems",A,Annual,M1,One single male,TOTAL,Total,PC,Percentage,PL,Poland,2012,,10.7,,,,,
dataflow,ESTAT:ILC_MDDW02$DEFAULTVIEW(1.0),"Pollution, grime or other environmental problems",A,Annual,M1,One single male,TOTAL,Total,PC,Percentage,PL,Poland,2013,,9.7,,,,,
dataflow,ESTAT:ILC_MDDW02$DEFAULTVIEW(1.0),"Pollution, grime or other environmental problems",A,Annual,M1,One single male,TOTAL,Total,PC,Percentage,PL,Poland,2014,,10.6,,,,,
dataflow,ESTAT:ILC_MDDW02$DEFAULTVIEW(1.0),"Pollution, grime or other environmental problems",A,Annual,M1,One single male,TOTAL,Total,PC,Percentage,PL,Poland,2015,,10.2,,,,,
dataflow,ESTAT:ILC_MDDW02$DEFAULTVIEW(1.0),"Pollution, grime or other environmental problems",A,Annual,M1,One single male,TOTAL,Total,PC,Percentage,PL,Poland,2016,,10.3,,,,,
dataflow,ESTAT:ILC_MDDW02$DEFAULTVIEW(1.0),"Pollution, grime or other environmental problems",A,Annual,M1,One single male,TOTAL,Total,PC,Percentage,PL,Poland,2017,,11.8,,,,,
dataflow,ESTAT:ILC_MDDW02$DEFAULTVIEW(1.0),"Pollution, grime or other environmental problems",A,Annual,M1,One single male,TOTAL,Total,PC,Percentage,PL,Poland,2018,,11.7,,,,,
dataflow,ESTAT:ILC_MDDW02$DEFAULTVIEW(1.0),"Pollution, grime or other environmental problems",A,Annual,M1,One single male,TOTAL,Total,PC,Percentage,PL,Poland,2019,,13.1,,,,,
dataflow,ESTAT:ILC_MDDW02$DEFAULTVIEW(1.0),"Pollution, grime or other environmental problems",A,Annual,M1,One single male,TOTAL,Total,PC,Percentage,PL,Poland,2023,,6.3,,,,,
dataflow,ESTAT:ILC_MDDW02$DEFAULTVIEW(1.0),"Pollution, grime or other environmental problems",A,Annual,M1,One single male,TOTAL,Total,PC,Percentage,PT,Portugal,2012,,8.0,,,,,
dataflow,ESTAT:ILC_MDDW02$DEFAULTVIEW(1.0),"Pollution, grime or other environmental problems",A,Annual,M1,One single male,TOTAL,Total,PC,Percentage,PT,Portugal,2013,,10.4,,,,,
dataflow,ESTAT:ILC_MDDW02$DEFAULTVIEW(1.0),"Pollution, grime or other environmental problems",A,Annual,M1,One single male,TOTAL,Total,PC,Percentage,PT,Portugal,2014,,11.2,,,,,
dataflow,ESTAT:ILC_MDDW02$DEFAULTVIEW(1.0),"Pollution, grime or other environmental problems",A,Annual,M1,One single male,TOTAL,Total,PC,Percentage,PT,Portugal,2015,,14.1,,,,,
dataflow,ESTAT:ILC_MDDW02$DEFAULTVIEW(1.0),"Pollution, grime or other environmental problems",A,Annual,M1,One single male,TOTAL,Total,PC,Percentage,PT,Portugal,2016,,9.9,,,,,
dataflow,ESTAT:ILC_MDDW02$DEFAULTVIEW(1.0),"Pollution, grime or other environmental problems",A,Annual,M1,One single male,TOTAL,Total,PC,Percentage,PT,Portugal,2017,,10.8,,,,,
dataflow,ESTAT:ILC_MDDW02$DEFAULTVIEW(1.0),"Pollution, grime or other environmental problems",A,Annual,M1,One single male,TOTAL,Total,PC,Percentage,PT,Portugal,2018,,10.2,,,,,
dataflow,ESTAT:ILC_MDDW02$DEFAULTVIEW(1.0),"Pollution, grime or other environmental problems",A,Annual,M1,One single male,TOTAL,Total,PC,Percentage,PT,Portugal,2019,,10.9,,,,,
dataflow,ESTAT:ILC_MDDW02$DEFAULTVIEW(1.0),"Pollution, grime or other environmental problems",A,Annual,M1,One single male,TOTAL,Total,PC,Percentage,PT,Portugal,2020,,13.3,,,,,
dataflow,ESTAT:ILC_MDDW02$DEFAULTVIEW(1.0),"Pollution, grime or other environmental problems",A,Annual,M1,One single male,TOTAL,Total,PC,Percentage,PT,Portugal,2023,,12.8,,,,,
dataflow,ESTAT:ILC_MDDW02$DEFAULTVIEW(1.0),"Pollution, grime or other environmental problems",A,Annual,M1,One single male,TOTAL,Total,PC,Percentage,RO,Romania,2012,,16.6,,,,,
dataflow,ESTAT:ILC_MDDW02$DEFAULTVIEW(1.0),"Pollution, grime or other environmental problems",A,Annual,M1,One single male,TOTAL,Total,PC,Percentage,RO,Romania,2013,,14.4,,,,,
dataflow,ESTAT:ILC_MDDW02$DEFAULTVIEW(1.0),"Pollution, grime or other environmental problems",A,Annual,M1,One single male,TOTAL,Total,PC,Percentage,RO,Romania,2014,,13.6,,,,,
dataflow,ESTAT:ILC_MDDW02$DEFAULTVIEW(1.0),"Pollution, grime or other environmental problems",A,Annual,M1,One single male,TOTAL,Total,PC,Percentage,RO,Romania,2015,,13.1,,,,,
dataflow,ESTAT:ILC_MDDW02$DEFAULTVIEW(1.0),"Pollution, grime or other environmental problems",A,Annual,M1,One single male,TOTAL,Total,PC,Percentage,RO,Romania,2016,,14.2,,,,,
dataflow,ESTAT:ILC_MDDW02$DEFAULTVIEW(1.0),"Pollution, grime or other environmental problems",A,Annual,M1,One single male,TOTAL,Total,PC,Percentage,RO,Romania,2017,,15.4,,,,,
dataflow,ESTAT:ILC_MDDW02$DEFAULTVIEW(1.0),"Pollution, grime or other environmental problems",A,Annual,M1,One single male,TOTAL,Total,PC,Percentage,RO,Romania,2018,,18.2,,,,,
dataflow,ESTAT:ILC_MDDW02$DEFAULTVIEW(1.0),"Pollution, grime or other environmental problems",A,Annual,M1,One single male,TOTAL,Total,PC,Percentage,RO,Romania,2019,,14.0,,,,,
dataflow,ESTAT:ILC_MDDW02$DEFAULTVIEW(1.0),"Pollution, grime or other environmental problems",A,Annual,M1,One single male,TOTAL,Total,PC,Percentage,RO,Romania,2020,,11.8,,,,,
dataflow,ESTAT:ILC_MDDW02$DEFAULTVIEW(1.0),"Pollution, grime or other environmental problems",A,Annual,M1,One single male,TOTAL,Total,PC,Percentage,RO,Romania,2023,,10.6,,,,,
dataflow,ESTAT:ILC_MDDW02$DEFAULTVIEW(1.0),"Pollution, grime or other environmental problems",A,Annual,M1,One single male,TOTAL,Total,PC,Percentage,RS,Serbia,2013,,13.7,,,,,
dataflow,ESTAT:ILC_MDDW02$DEFAULTVIEW(1.0),"Pollution, grime or other environmental problems",A,Annual,M1,One single male,TOTAL,Total,PC,Percentage,RS,Serbia,2014,,10.2,,,,,
dataflow,ESTAT:ILC_MDDW02$DEFAULTVIEW(1.0),"Pollution, grime or other environmental problems",A,Annual,M1,One single male,TOTAL,Total,PC,Percentage,RS,Serbia,2015,,11.9,,,,,
dataflow,ESTAT:ILC_MDDW02$DEFAULTVIEW(1.0),"Pollution, grime or other environmental problems",A,Annual,M1,One single male,TOTAL,Total,PC,Percentage,RS,Serbia,2016,,11.9,,,,,
dataflow,ESTAT:ILC_MDDW02$DEFAULTVIEW(1.0),"Pollution, grime or other environmental problems",A,Annual,M1,One single male,TOTAL,Total,PC,Percentage,RS,Serbia,2017,,13.1,,,,,
dataflow,ESTAT:ILC_MDDW02$DEFAULTVIEW(1.0),"Pollution, grime or other environmental problems",A,Annual,M1,One single male,TOTAL,Total,PC,Percentage,RS,Serbia,2018,,9.2,,,,,
dataflow,ESTAT:ILC_MDDW02$DEFAULTVIEW(1.0),"Pollution, grime or other environmental problems",A,Annual,M1,One single male,TOTAL,Total,PC,Percentage,RS,Serbia,2019,,11.7,,,,,
dataflow,ESTAT:ILC_MDDW02$DEFAULTVIEW(1.0),"Pollution, grime or other environmental problems",A,Annual,M1,One single male,TOTAL,Total,PC,Percentage,RS,Serbia,2020,,15.6,,,,,
dataflow,ESTAT:ILC_MDDW02$DEFAULTVIEW(1.0),"Pollution, grime or other environmental problems",A,Annual,M1,One single male,TOTAL,Total,PC,Percentage,RS,Serbia,2023,,15.1,,,,,
dataflow,ESTAT:ILC_MDDW02$DEFAULTVIEW(1.0),"Pollution, grime or other environmental problems",A,Annual,M1,One single male,TOTAL,Total,PC,Percentage,SE,Sweden,2012,,9.5,,,,,
dataflow,ESTAT:ILC_MDDW02$DEFAULTVIEW(1.0),"Pollution, grime or other environmental problems",A,Annual,M1,One single male,TOTAL,Total,PC,Percentage,SE,Sweden,2013,,9.7,,,,,
dataflow,ESTAT:ILC_MDDW02$DEFAULTVIEW(1.0),"Pollution, grime or other environmental problems",A,Annual,M1,One single male,TOTAL,Total,PC,Percentage,SE,Sweden,2014,,9.0,,,,,
dataflow,ESTAT:ILC_MDDW02$DEFAULTVIEW(1.0),"Pollution, grime or other environmental problems",A,Annual,M1,One single male,TOTAL,Total,PC,Percentage,SE,Sweden,2015,,7.5,,,,,
dataflow,ESTAT:ILC_MDDW02$DEFAULTVIEW(1.0),"Pollution, grime or other environmental problems",A,Annual,M1,One single male,TOTAL,Total,PC,Percentage,SE,Sweden,2016,,5.3,,,,,
dataflow,ESTAT:ILC_MDDW02$DEFAULTVIEW(1.0),"Pollution, grime or other environmental problems",A,Annual,M1,One single male,TOTAL,Total,PC,Percentage,SE,Sweden,2017,,8.9,,,,,
dataflow,ESTAT:ILC_MDDW02$DEFAULTVIEW(1.0),"Pollution, grime or other environmental problems",A,Annual,M1,One single male,TOTAL,Total,PC,Percentage,SE,Sweden,2018,,7.7,,,,,
dataflow,ESTAT:ILC_MDDW02$DEFAULTVIEW(1.0),"Pollution, grime or other environmental problems",A,Annual,M1,One single male,TOTAL,Total,PC,Percentage,SE,Sweden,2019,,6.0,,,,,
dataflow,ESTAT:ILC_MDDW02$DEFAULTVIEW(1.0),"Pollution, grime or other environmental problems",A,Annual,M1,One single male,TOTAL,Total,PC,Percentage,SE,Sweden,2020,,5.4,,,,,
dataflow,ESTAT:ILC_MDDW02$DEFAULTVIEW(1.0),"Pollution, grime or other environmental problems",A,Annual,M1,One single male,TOTAL,Total,PC,Percentage,SE,Sweden,2023,,5.9,,,,,
dataflow,ESTAT:ILC_MDDW02$DEFAULTVIEW(1.0),"Pollution, grime or other environmental problems",A,Annual,M1,One single male,TOTAL,Total,PC,Percentage,SI,Slovenia,2012,,13.5,,,,,
dataflow,ESTAT:ILC_MDDW02$DEFAULTVIEW(1.0),"Pollution, grime or other environmental problems",A,Annual,M1,One single male,TOTAL,Total,PC,Percentage,SI,Slovenia,2013,,11.2,,,,,
dataflow,ESTAT:ILC_MDDW02$DEFAULTVIEW(1.0),"Pollution, grime or other environmental problems",A,Annual,M1,One single male,TOTAL,Total,PC,Percentage,SI,Slovenia,2014,,11.8,,,,,
dataflow,ESTAT:ILC_MDDW02$DEFAULTVIEW(1.0),"Pollution, grime or other environmental problems",A,Annual,M1,One single male,TOTAL,Total,PC,Percentage,SI,Slovenia,2015,,16.0,,,,,
dataflow,ESTAT:ILC_MDDW02$DEFAULTVIEW(1.0),"Pollution, grime or other environmental problems",A,Annual,M1,One single male,TOTAL,Total,PC,Percentage,SI,Slovenia,2016,,14.3,,,,,
dataflow,ESTAT:ILC_MDDW02$DEFAULTVIEW(1.0),"Pollution, grime or other environmental problems",A,Annual,M1,One single male,TOTAL,Total,PC,Percentage,SI,Slovenia,2017,,10.5,,,,,
dataflow,ESTAT:ILC_MDDW02$DEFAULTVIEW(1.0),"Pollution, grime or other environmental problems",A,Annual,M1,One single male,TOTAL,Total,PC,Percentage,SI,Slovenia,2018,,13.9,,,,,
dataflow,ESTAT:ILC_MDDW02$DEFAULTVIEW(1.0),"Pollution, grime or other environmental problems",A,Annual,M1,One single male,TOTAL,Total,PC,Percentage,SI,Slovenia,2019,,10.0,,,,,
dataflow,ESTAT:ILC_MDDW02$DEFAULTVIEW(1.0),"Pollution, grime or other environmental problems",A,Annual,M1,One single male,TOTAL,Total,PC,Percentage,SI,Slovenia,2020,,9.1,,,,,
dataflow,ESTAT:ILC_MDDW02$DEFAULTVIEW(1.0),"Pollution, grime or other environmental problems",A,Annual,M1,One single male,TOTAL,Total,PC,Percentage,SI,Slovenia,2023,,13.7,,,,,
dataflow,ESTAT:ILC_MDDW02$DEFAULTVIEW(1.0),"Pollution, grime or other environmental problems",A,Annual,M1,One single male,TOTAL,Total,PC,Percentage,SK,Slovakia,2012,,11.5,,,,,
dataflow,ESTAT:ILC_MDDW02$DEFAULTVIEW(1.0),"Pollution, grime or other environmental problems",A,Annual,M1,One single male,TOTAL,Total,PC,Percentage,SK,Slovakia,2013,,12.3,,,,,
dataflow,ESTAT:ILC_MDDW02$DEFAULTVIEW(1.0),"Pollution, grime or other environmental problems",A,Annual,M1,One single male,TOTAL,Total,PC,Percentage,SK,Slovakia,2014,,12.1,,,,,
dataflow,ESTAT:ILC_MDDW02$DEFAULTVIEW(1.0),"Pollution, grime or other environmental problems",A,Annual,M1,One single male,TOTAL,Total,PC,Percentage,SK,Slovakia,2015,,10.4,,,,,
dataflow,ESTAT:ILC_MDDW02$DEFAULTVIEW(1.0),"Pollution, grime or other environmental problems",A,Annual,M1,One single male,TOTAL,Total,PC,Percentage,SK,Slovakia,2016,,9.1,,,,,
dataflow,ESTAT:ILC_MDDW02$DEFAULTVIEW(1.0),"Pollution, grime or other environmental problems",A,Annual,M1,One single male,TOTAL,Total,PC,Percentage,SK,Slovakia,2017,,13.0,,,,,
dataflow,ESTAT:ILC_MDDW02$DEFAULTVIEW(1.0),"Pollution, grime or other environmental problems",A,Annual,M1,One single male,TOTAL,Total,PC,Percentage,SK,Slovakia,2018,,10.1,,,,,
dataflow,ESTAT:ILC_MDDW02$DEFAULTVIEW(1.0),"Pollution, grime or other environmental problems",A,Annual,M1,One single male,TOTAL,Total,PC,Percentage,SK,Slovakia,2019,,10.4,,,,,
dataflow,ESTAT:ILC_MDDW02$DEFAULTVIEW(1.0),"Pollution, grime or other environmental problems",A,Annual,M1,One single male,TOTAL,Total,PC,Percentage,SK,Slovakia,2020,,14.3,,,,,
dataflow,ESTAT:ILC_MDDW02$DEFAULTVIEW(1.0),"Pollution, grime or other environmental problems",A,Annual,M1,One single male,TOTAL,Total,PC,Percentage,SK,Slovakia,2023,,4.6,,,,,
dataflow,ESTAT:ILC_MDDW02$DEFAULTVIEW(1.0),"Pollution, grime or other environmental problems",A,Annual,M1,One single male,TOTAL,Total,PC,Percentage,TR,Türkiye,2012,,22.0,,,,,
dataflow,ESTAT:ILC_MDDW02$DEFAULTVIEW(1.0),"Pollution, grime or other environmental problems",A,Annual,M1,One single male,TOTAL,Total,PC,Percentage,TR,Türkiye,2013,,22.2,,,,,
dataflow,ESTAT:ILC_MDDW02$DEFAULTVIEW(1.0),"Pollution, grime or other environmental problems",A,Annual,M1,One single male,TOTAL,Total,PC,Percentage,TR,Türkiye,2014,,16.4,,,,,
dataflow,ESTAT:ILC_MDDW02$DEFAULTVIEW(1.0),"Pollution, grime or other environmental problems",A,Annual,M1,One single male,TOTAL,Total,PC,Percentage,TR,Türkiye,2015,,16.3,,,,,
dataflow,ESTAT:ILC_MDDW02$DEFAULTVIEW(1.0),"Pollution, grime or other environmental problems",A,Annual,M1,One single male,TOTAL,Total,PC,Percentage,TR,Türkiye,2016,,17.0,,,,,
dataflow,ESTAT:ILC_MDDW02$DEFAULTVIEW(1.0),"Pollution, grime or other environmental problems",A,Annual,M1,One single male,TOTAL,Total,PC,Percentage,TR,Türkiye,2017,,14.7,,,,,
dataflow,ESTAT:ILC_MDDW02$DEFAULTVIEW(1.0),"Pollution, grime or other environmental problems",A,Annual,M1,One single male,TOTAL,Total,PC,Percentage,TR,Türkiye,2018,,17.9,,,,,
dataflow,ESTAT:ILC_MDDW02$DEFAULTVIEW(1.0),"Pollution, grime or other environmental problems",A,Annual,M1,One single male,TOTAL,Total,PC,Percentage,TR,Türkiye,2019,,18.5,,,,,
dataflow,ESTAT:ILC_MDDW02$DEFAULTVIEW(1.0),"Pollution, grime or other environmental problems",A,Annual,M1,One single male,TOTAL,Total,PC,Percentage,TR,Türkiye,2020,,15.6,,,,,
dataflow,ESTAT:ILC_MDDW02$DEFAULTVIEW(1.0),"Pollution, grime or other environmental problems",A,Annual,M1,One single male,TOTAL,Total,PC,Percentage,TR,Türkiye,2023,,16.7,,,,,
dataflow,ESTAT:ILC_MDDW02$DEFAULTVIEW(1.0),"Pollution, grime or other environmental problems",A,Annual,M1,One single male,TOTAL,Total,PC,Percentage,UK,United Kingdom,2012,,8.7,,b,break in time series,,
dataflow,ESTAT:ILC_MDDW02$DEFAULTVIEW(1.0),"Pollution, grime or other environmental problems",A,Annual,M1,One single male,TOTAL,Total,PC,Percentage,UK,United Kingdom,2013,,7.8,,,,,
dataflow,ESTAT:ILC_MDDW02$DEFAULTVIEW(1.0),"Pollution, grime or other environmental problems",A,Annual,M1,One single male,TOTAL,Total,PC,Percentage,UK,United Kingdom,2014,,7.7,,,,,
dataflow,ESTAT:ILC_MDDW02$DEFAULTVIEW(1.0),"Pollution, grime or other environmental problems",A,Annual,M1,One single male,TOTAL,Total,PC,Percentage,UK,United Kingdom,2015,,8.7,,,,,
dataflow,ESTAT:ILC_MDDW02$DEFAULTVIEW(1.0),"Pollution, grime or other environmental problems",A,Annual,M1,One single male,TOTAL,Total,PC,Percentage,UK,United Kingdom,2016,,13.4,,,,,
dataflow,ESTAT:ILC_MDDW02$DEFAULTVIEW(1.0),"Pollution, grime or other environmental problems",A,Annual,M1,One single male,TOTAL,Total,PC,Percentage,UK,United Kingdom,2017,,11.9,,bu,"break in time series, low reliability",,
dataflow,ESTAT:ILC_MDDW02$DEFAULTVIEW(1.0),"Pollution, grime or other environmental problems",A,Annual,M1,One single male,TOTAL,Total,PC,Percentage,UK,United Kingdom,2018,,13.9,,u,low reliability,,
dataflow,ESTAT:ILC_MDDW02$DEFAULTVIEW(1.0),"Pollution, grime or other environmental problems",A,Annual,M1,One single male,TOTAL,Total,PC,Percentage,XK,Kosovo*,2018,,11.7,,,,,
dataflow,ESTAT:ILC_MDDW02$DEFAULTVIEW(1.0),"Pollution, grime or other environmental problems",A,Annual,TOTAL,Total,TOTAL,Total,PC,Percentage,AL,Albania,2017,,5.1,,,,,
dataflow,ESTAT:ILC_MDDW02$DEFAULTVIEW(1.0),"Pollution, grime or other environmental problems",A,Annual,TOTAL,Total,TOTAL,Total,PC,Percentage,AL,Albania,2018,,5.1,,,,,
dataflow,ESTAT:ILC_MDDW02$DEFAULTVIEW(1.0),"Pollution, grime or other environmental problems",A,Annual,TOTAL,Total,TOTAL,Total,PC,Percentage,AL,Albania,2019,,4.8,,,,,
dataflow,ESTAT:ILC_MDDW02$DEFAULTVIEW(1.0),"Pollution, grime or other environmental problems",A,Annual,TOTAL,Total,TOTAL,Total,PC,Percentage,AL,Albania,2020,,4.9,,,,,
dataflow,ESTAT:ILC_MDDW02$DEFAULTVIEW(1.0),"Pollution, grime or other environmental problems",A,Annual,TOTAL,Total,TOTAL,Total,PC,Percentage,AL,Albania,2023,,3.9,,,,,
dataflow,ESTAT:ILC_MDDW02$DEFAULTVIEW(1.0),"Pollution, grime or other environmental problems",A,Annual,TOTAL,Total,TOTAL,Total,PC,Percentage,AT,Austria,2012,,10.8,,,,,
dataflow,ESTAT:ILC_MDDW02$DEFAULTVIEW(1.0),"Pollution, grime or other environmental problems",A,Annual,TOTAL,Total,TOTAL,Total,PC,Percentage,AT,Austria,2013,,11.0,,,,,
dataflow,ESTAT:ILC_MDDW02$DEFAULTVIEW(1.0),"Pollution, grime or other environmental problems",A,Annual,TOTAL,Total,TOTAL,Total,PC,Percentage,AT,Austria,2014,,9.8,,,,,
dataflow,ESTAT:ILC_MDDW02$DEFAULTVIEW(1.0),"Pollution, grime or other environmental problems",A,Annual,TOTAL,Total,TOTAL,Total,PC,Percentage,AT,Austria,2015,,10.8,,,,,
dataflow,ESTAT:ILC_MDDW02$DEFAULTVIEW(1.0),"Pollution, grime or other environmental problems",A,Annual,TOTAL,Total,TOTAL,Total,PC,Percentage,AT,Austria,2016,,10.7,,,,,
dataflow,ESTAT:ILC_MDDW02$DEFAULTVIEW(1.0),"Pollution, grime or other environmental problems",A,Annual,TOTAL,Total,TOTAL,Total,PC,Percentage,AT,Austria,2017,,9.9,,,,,
dataflow,ESTAT:ILC_MDDW02$DEFAULTVIEW(1.0),"Pollution, grime or other environmental problems",A,Annual,TOTAL,Total,TOTAL,Total,PC,Percentage,AT,Austria,2018,,9.3,,,,,
dataflow,ESTAT:ILC_MDDW02$DEFAULTVIEW(1.0),"Pollution, grime or other environmental problems",A,Annual,TOTAL,Total,TOTAL,Total,PC,Percentage,AT,Austria,2019,,10.5,,,,,
dataflow,ESTAT:ILC_MDDW02$DEFAULTVIEW(1.0),"Pollution, grime or other environmental problems",A,Annual,TOTAL,Total,TOTAL,Total,PC,Percentage,AT,Austria,2020,,7.9,,,,,
dataflow,ESTAT:ILC_MDDW02$DEFAULTVIEW(1.0),"Pollution, grime or other environmental problems",A,Annual,TOTAL,Total,TOTAL,Total,PC,Percentage,AT,Austria,2023,,8.0,,,,,
dataflow,ESTAT:ILC_MDDW02$DEFAULTVIEW(1.0),"Pollution, grime or other environmental problems",A,Annual,TOTAL,Total,TOTAL,Total,PC,Percentage,BE,Belgium,2012,,15.4,,,,,
dataflow,ESTAT:ILC_MDDW02$DEFAULTVIEW(1.0),"Pollution, grime or other environmental problems",A,Annual,TOTAL,Total,TOTAL,Total,PC,Percentage,BE,Belgium,2013,,17.5,,,,,
dataflow,ESTAT:ILC_MDDW02$DEFAULTVIEW(1.0),"Pollution, grime or other environmental problems",A,Annual,TOTAL,Total,TOTAL,Total,PC,Percentage,BE,Belgium,2014,,15.9,,,,,
dataflow,ESTAT:ILC_MDDW02$DEFAULTVIEW(1.0),"Pollution, grime or other environmental problems",A,Annual,TOTAL,Total,TOTAL,Total,PC,Percentage,BE,Belgium,2015,,14.9,,,,,
dataflow,ESTAT:ILC_MDDW02$DEFAULTVIEW(1.0),"Pollution, grime or other environmental problems",A,Annual,TOTAL,Total,TOTAL,Total,PC,Percentage,BE,Belgium,2016,,13.2,,,,,
dataflow,ESTAT:ILC_MDDW02$DEFAULTVIEW(1.0),"Pollution, grime or other environmental problems",A,Annual,TOTAL,Total,TOTAL,Total,PC,Percentage,BE,Belgium,2017,,12.7,,,,,
dataflow,ESTAT:ILC_MDDW02$DEFAULTVIEW(1.0),"Pollution, grime or other environmental problems",A,Annual,TOTAL,Total,TOTAL,Total,PC,Percentage,BE,Belgium,2018,,14.6,,,,,
dataflow,ESTAT:ILC_MDDW02$DEFAULTVIEW(1.0),"Pollution, grime or other environmental problems",A,Annual,TOTAL,Total,TOTAL,Total,PC,Percentage,BE,Belgium,2019,,15.0,,b,break in time series,,
dataflow,ESTAT:ILC_MDDW02$DEFAULTVIEW(1.0),"Pollution, grime or other environmental problems",A,Annual,TOTAL,Total,TOTAL,Total,PC,Percentage,BE,Belgium,2020,,11.8,,,,,
dataflow,ESTAT:ILC_MDDW02$DEFAULTVIEW(1.0),"Pollution, grime or other environmental problems",A,Annual,TOTAL,Total,TOTAL,Total,PC,Percentage,BE,Belgium,2023,,13.5,,,,,
dataflow,ESTAT:ILC_MDDW02$DEFAULTVIEW(1.0),"Pollution, grime or other environmental problems",A,Annual,TOTAL,Total,TOTAL,Total,PC,Percentage,BG,Bulgaria,2012,,15.0,,,,,
dataflow,ESTAT:ILC_MDDW02$DEFAULTVIEW(1.0),"Pollution, grime or other environmental problems",A,Annual,TOTAL,Total,TOTAL,Total,PC,Percentage,BG,Bulgaria,2013,,14.5,,,,,
dataflow,ESTAT:ILC_MDDW02$DEFAULTVIEW(1.0),"Pollution, grime or other environmental problems",A,Annual,TOTAL,Total,TOTAL,Total,PC,Percentage,BG,Bulgaria,2014,,15.7,,,,,
dataflow,ESTAT:ILC_MDDW02$DEFAULTVIEW(1.0),"Pollution, grime or other environmental problems",A,Annual,TOTAL,Total,TOTAL,Total,PC,Percentage,BG,Bulgaria,2015,,15.3,,,,,
dataflow,ESTAT:ILC_MDDW02$DEFAULTVIEW(1.0),"Pollution, grime or other environmental problems",A,Annual,TOTAL,Total,TOTAL,Total,PC,Percentage,BG,Bulgaria,2016,,15.1,,b,break in time series,,
dataflow,ESTAT:ILC_MDDW02$DEFAULTVIEW(1.0),"Pollution, grime or other environmental problems",A,Annual,TOTAL,Total,TOTAL,Total,PC,Percentage,BG,Bulgaria,2017,,14.8,,,,,
dataflow,ESTAT:ILC_MDDW02$DEFAULTVIEW(1.0),"Pollution, grime or other environmental problems",A,Annual,TOTAL,Total,TOTAL,Total,PC,Percentage,BG,Bulgaria,2018,,14.1,,,,,
dataflow,ESTAT:ILC_MDDW02$DEFAULTVIEW(1.0),"Pollution, grime or other environmental problems",A,Annual,TOTAL,Total,TOTAL,Total,PC,Percentage,BG,Bulgaria,2019,,13.1,,,,,
dataflow,ESTAT:ILC_MDDW02$DEFAULTVIEW(1.0),"Pollution, grime or other environmental problems",A,Annual,TOTAL,Total,TOTAL,Total,PC,Percentage,BG,Bulgaria,2020,,11.6,,,,,
dataflow,ESTAT:ILC_MDDW02$DEFAULTVIEW(1.0),"Pollution, grime or other environmental problems",A,Annual,TOTAL,Total,TOTAL,Total,PC,Percentage,BG,Bulgaria,2023,,10.4,,,,,
dataflow,ESTAT:ILC_MDDW02$DEFAULTVIEW(1.0),"Pollution, grime or other environmental problems",A,Annual,TOTAL,Total,TOTAL,Total,PC,Percentage,CH,Switzerland,2012,,10.0,,,,,
dataflow,ESTAT:ILC_MDDW02$DEFAULTVIEW(1.0),"Pollution, grime or other environmental problems",A,Annual,TOTAL,Total,TOTAL,Total,PC,Percentage,CH,Switzerland,2013,,9.0,,,,,
dataflow,ESTAT:ILC_MDDW02$DEFAULTVIEW(1.0),"Pollution, grime or other environmental problems",A,Annual,TOTAL,Total,TOTAL,Total,PC,Percentage,CH,Switzerland,2014,,9.1,,b,break in time series,,
dataflow,ESTAT:ILC_MDDW02$DEFAULTVIEW(1.0),"Pollution, grime or other environmental problems",A,Annual,TOTAL,Total,TOTAL,Total,PC,Percentage,CH,Switzerland,2015,,8.1,,,,,
dataflow,ESTAT:ILC_MDDW02$DEFAULTVIEW(1.0),"Pollution, grime or other environmental problems",A,Annual,TOTAL,Total,TOTAL,Total,PC,Percentage,CH,Switzerland,2016,,8.9,,,,,
dataflow,ESTAT:ILC_MDDW02$DEFAULTVIEW(1.0),"Pollution, grime or other environmental problems",A,Annual,TOTAL,Total,TOTAL,Total,PC,Percentage,CH,Switzerland,2017,,8.3,,,,,
dataflow,ESTAT:ILC_MDDW02$DEFAULTVIEW(1.0),"Pollution, grime or other environmental problems",A,Annual,TOTAL,Total,TOTAL,Total,PC,Percentage,CH,Switzerland,2018,,8.7,,,,,
dataflow,ESTAT:ILC_MDDW02$DEFAULTVIEW(1.0),"Pollution, grime or other environmental problems",A,Annual,TOTAL,Total,TOTAL,Total,PC,Percentage,CH,Switzerland,2019,,8.6,,,,,
dataflow,ESTAT:ILC_MDDW02$DEFAULTVIEW(1.0),"Pollution, grime or other environmental problems",A,Annual,TOTAL,Total,TOTAL,Total,PC,Percentage,CH,Switzerland,2020,,7.7,,,,,
dataflow,ESTAT:ILC_MDDW02$DEFAULTVIEW(1.0),"Pollution, grime or other environmental problems",A,Annual,TOTAL,Total,TOTAL,Total,PC,Percentage,CH,Switzerland,2023,,7.7,,,,,
dataflow,ESTAT:ILC_MDDW02$DEFAULTVIEW(1.0),"Pollution, grime or other environmental problems",A,Annual,TOTAL,Total,TOTAL,Total,PC,Percentage,CY,Cyprus,2012,,15.5,,,,,
dataflow,ESTAT:ILC_MDDW02$DEFAULTVIEW(1.0),"Pollution, grime or other environmental problems",A,Annual,TOTAL,Total,TOTAL,Total,PC,Percentage,CY,Cyprus,2013,,15.7,,,,,
dataflow,ESTAT:ILC_MDDW02$DEFAULTVIEW(1.0),"Pollution, grime or other environmental problems",A,Annual,TOTAL,Total,TOTAL,Total,PC,Percentage,CY,Cyprus,2014,,11.2,,,,,
dataflow,ESTAT:ILC_MDDW02$DEFAULTVIEW(1.0),"Pollution, grime or other environmental problems",A,Annual,TOTAL,Total,TOTAL,Total,PC,Percentage,CY,Cyprus,2015,,10.1,,,,,
dataflow,ESTAT:ILC_MDDW02$DEFAULTVIEW(1.0),"Pollution, grime or other environmental problems",A,Annual,TOTAL,Total,TOTAL,Total,PC,Percentage,CY,Cyprus,2016,,9.2,,,,,
dataflow,ESTAT:ILC_MDDW02$DEFAULTVIEW(1.0),"Pollution, grime or other environmental problems",A,Annual,TOTAL,Total,TOTAL,Total,PC,Percentage,CY,Cyprus,2017,,9.8,,,,,
dataflow,ESTAT:ILC_MDDW02$DEFAULTVIEW(1.0),"Pollution, grime or other environmental problems",A,Annual,TOTAL,Total,TOTAL,Total,PC,Percentage,CY,Cyprus,2018,,9.8,,,,,
dataflow,ESTAT:ILC_MDDW02$DEFAULTVIEW(1.0),"Pollution, grime or other environmental problems",A,Annual,TOTAL,Total,TOTAL,Total,PC,Percentage,CY,Cyprus,2019,,8.4,,,,,
dataflow,ESTAT:ILC_MDDW02$DEFAULTVIEW(1.0),"Pollution, grime or other environmental problems",A,Annual,TOTAL,Total,TOTAL,Total,PC,Percentage,CY,Cyprus,2020,,8.7,,,,,
dataflow,ESTAT:ILC_MDDW02$DEFAULTVIEW(1.0),"Pollution, grime or other environmental problems",A,Annual,TOTAL,Total,TOTAL,Total,PC,Percentage,CY,Cyprus,2023,,10.7,,,,,
dataflow,ESTAT:ILC_MDDW02$DEFAULTVIEW(1.0),"Pollution, grime or other environmental problems",A,Annual,TOTAL,Total,TOTAL,Total,PC,Percentage,CZ,Czechia,2012,,15.5,,,,,
dataflow,ESTAT:ILC_MDDW02$DEFAULTVIEW(1.0),"Pollution, grime or other environmental problems",A,Annual,TOTAL,Total,TOTAL,Total,PC,Percentage,CZ,Czechia,2013,,15.8,,,,,
dataflow,ESTAT:ILC_MDDW02$DEFAULTVIEW(1.0),"Pollution, grime or other environmental problems",A,Annual,TOTAL,Total,TOTAL,Total,PC,Percentage,CZ,Czechia,2014,,13.7,,,,,
dataflow,ESTAT:ILC_MDDW02$DEFAULTVIEW(1.0),"Pollution, grime or other environmental problems",A,Annual,TOTAL,Total,TOTAL,Total,PC,Percentage,CZ,Czechia,2015,,13.8,,,,,
dataflow,ESTAT:ILC_MDDW02$DEFAULTVIEW(1.0),"Pollution, grime or other environmental problems",A,Annual,TOTAL,Total,TOTAL,Total,PC,Percentage,CZ,Czechia,2016,,13.5,,,,,
dataflow,ESTAT:ILC_MDDW02$DEFAULTVIEW(1.0),"Pollution, grime or other environmental problems",A,Annual,TOTAL,Total,TOTAL,Total,PC,Percentage,CZ,Czechia,2017,,11.6,,,,,
dataflow,ESTAT:ILC_MDDW02$DEFAULTVIEW(1.0),"Pollution, grime or other environmental problems",A,Annual,TOTAL,Total,TOTAL,Total,PC,Percentage,CZ,Czechia,2018,,11.8,,,,,
dataflow,ESTAT:ILC_MDDW02$DEFAULTVIEW(1.0),"Pollution, grime or other environmental problems",A,Annual,TOTAL,Total,TOTAL,Total,PC,Percentage,CZ,Czechia,2019,,11.1,,,,,
dataflow,ESTAT:ILC_MDDW02$DEFAULTVIEW(1.0),"Pollution, grime or other environmental problems",A,Annual,TOTAL,Total,TOTAL,Total,PC,Percentage,CZ,Czechia,2020,,8.8,,,,,
dataflow,ESTAT:ILC_MDDW02$DEFAULTVIEW(1.0),"Pollution, grime or other environmental problems",A,Annual,TOTAL,Total,TOTAL,Total,PC,Percentage,CZ,Czechia,2023,,7.9,,,,,
dataflow,ESTAT:ILC_MDDW02$DEFAULTVIEW(1.0),"Pollution, grime or other environmental problems",A,Annual,TOTAL,Total,TOTAL,Total,PC,Percentage,DE,Germany,2012,,22.4,,,,,
dataflow,ESTAT:ILC_MDDW02$DEFAULTVIEW(1.0),"Pollution, grime or other environmental problems",A,Annual,TOTAL,Total,TOTAL,Total,PC,Percentage,DE,Germany,2013,,22.4,,,,,
dataflow,ESTAT:ILC_MDDW02$DEFAULTVIEW(1.0),"Pollution, grime or other environmental problems",A,Annual,TOTAL,Total,TOTAL,Total,PC,Percentage,DE,Germany,2014,,22.8,,,,,
dataflow,ESTAT:ILC_MDDW02$DEFAULTVIEW(1.0),"Pollution, grime or other environmental problems",A,Annual,TOTAL,Total,TOTAL,Total,PC,Percentage,DE,Germany,2015,,23.4,,,,,
dataflow,ESTAT:ILC_MDDW02$DEFAULTVIEW(1.0),"Pollution, grime or other environmental problems",A,Annual,TOTAL,Total,TOTAL,Total,PC,Percentage,DE,Germany,2016,,23.2,,,,,
dataflow,ESTAT:ILC_MDDW02$DEFAULTVIEW(1.0),"Pollution, grime or other environmental problems",A,Annual,TOTAL,Total,TOTAL,Total,PC,Percentage,DE,Germany,2017,,24.5,,,,,
dataflow,ESTAT:ILC_MDDW02$DEFAULTVIEW(1.0),"Pollution, grime or other environmental problems",A,Annual,TOTAL,Total,TOTAL,Total,PC,Percentage,DE,Germany,2018,,24.8,,,,,
dataflow,ESTAT:ILC_MDDW02$DEFAULTVIEW(1.0),"Pollution, grime or other environmental problems",A,Annual,TOTAL,Total,TOTAL,Total,PC,Percentage,DE,Germany,2019,,25.2,,,,,
dataflow,ESTAT:ILC_MDDW02$DEFAULTVIEW(1.0),"Pollution, grime or other environmental problems",A,Annual,TOTAL,Total,TOTAL,Total,PC,Percentage,DE,Germany,2020,,13.5,,bu,"break in time series, low reliability",,
dataflow,ESTAT:ILC_MDDW02$DEFAULTVIEW(1.0),"Pollution, grime or other environmental problems",A,Annual,TOTAL,Total,TOTAL,Total,PC,Percentage,DE,Germany,2023,,16.8,,u,low reliability,,
dataflow,ESTAT:ILC_MDDW02$DEFAULTVIEW(1.0),"Pollution, grime or other environmental problems",A,Annual,TOTAL,Total,TOTAL,Total,PC,Percentage,DK,Denmark,2012,,5.3,,,,,
dataflow,ESTAT:ILC_MDDW02$DEFAULTVIEW(1.0),"Pollution, grime or other environmental problems",A,Annual,TOTAL,Total,TOTAL,Total,PC,Percentage,DK,Denmark,2013,,5.9,,,,,
dataflow,ESTAT:ILC_MDDW02$DEFAULTVIEW(1.0),"Pollution, grime or other environmental problems",A,Annual,TOTAL,Total,TOTAL,Total,PC,Percentage,DK,Denmark,2014,,6.8,,,,,
dataflow,ESTAT:ILC_MDDW02$DEFAULTVIEW(1.0),"Pollution, grime or other environmental problems",A,Annual,TOTAL,Total,TOTAL,Total,PC,Percentage,DK,Denmark,2015,,6.6,,,,,
dataflow,ESTAT:ILC_MDDW02$DEFAULTVIEW(1.0),"Pollution, grime or other environmental problems",A,Annual,TOTAL,Total,TOTAL,Total,PC,Percentage,DK,Denmark,2016,,6.8,,,,,
dataflow,ESTAT:ILC_MDDW02$DEFAULTVIEW(1.0),"Pollution, grime or other environmental problems",A,Annual,TOTAL,Total,TOTAL,Total,PC,Percentage,DK,Denmark,2017,,7.9,,,,,
dataflow,ESTAT:ILC_MDDW02$DEFAULTVIEW(1.0),"Pollution, grime or other environmental problems",A,Annual,TOTAL,Total,TOTAL,Total,PC,Percentage,DK,Denmark,2018,,8.1,,,,,
dataflow,ESTAT:ILC_MDDW02$DEFAULTVIEW(1.0),"Pollution, grime or other environmental problems",A,Annual,TOTAL,Total,TOTAL,Total,PC,Percentage,DK,Denmark,2019,,8.4,,,,,
dataflow,ESTAT:ILC_MDDW02$DEFAULTVIEW(1.0),"Pollution, grime or other environmental problems",A,Annual,TOTAL,Total,TOTAL,Total,PC,Percentage,DK,Denmark,2020,,9.4,,,,,
dataflow,ESTAT:ILC_MDDW02$DEFAULTVIEW(1.0),"Pollution, grime or other environmental problems",A,Annual,TOTAL,Total,TOTAL,Total,PC,Percentage,DK,Denmark,2023,,7.3,,,,,
dataflow,ESTAT:ILC_MDDW02$DEFAULTVIEW(1.0),"Pollution, grime or other environmental problems",A,Annual,TOTAL,Total,TOTAL,Total,PC,Percentage,EA,"Euro area (EA11-1999, EA12-2001, EA13-2007, EA15-2008, EA16-2009, EA17-2011, EA18-2014, EA19-2015, EA20-2023, EA21-2026)",2012,,15.6,,e,estimated,,
dataflow,ESTAT:ILC_MDDW02$DEFAULTVIEW(1.0),"Pollution, grime or other environmental problems",A,Annual,TOTAL,Total,TOTAL,Total,PC,Percentage,EA,"Euro area (EA11-1999, EA12-2001, EA13-2007, EA15-2008, EA16-2009, EA17-2011, EA18-2014, EA19-2015, EA20-2023, EA21-2026)",2013,,15.9,,e,estimated,,
dataflow,ESTAT:ILC_MDDW02$DEFAULTVIEW(1.0),"Pollution, grime or other environmental problems",A,Annual,TOTAL,Total,TOTAL,Total,PC,Percentage,EA,"Euro area (EA11-1999, EA12-2001, EA13-2007, EA15-2008, EA16-2009, EA17-2011, EA18-2014, EA19-2015, EA20-2023, EA21-2026)",2014,,16.1,,e,estimated,,
dataflow,ESTAT:ILC_MDDW02$DEFAULTVIEW(1.0),"Pollution, grime or other environmental problems",A,Annual,TOTAL,Total,TOTAL,Total,PC,Percentage,EA,"Euro area (EA11-1999, EA12-2001, EA13-2007, EA15-2008, EA16-2009, EA17-2011, EA18-2014, EA19-2015, EA20-2023, EA21-2026)",2015,,16.0,,e,estimated,,
dataflow,ESTAT:ILC_MDDW02$DEFAULTVIEW(1.0),"Pollution, grime or other environmental problems",A,Annual,TOTAL,Total,TOTAL,Total,PC,Percentage,EA,"Euro area (EA11-1999, EA12-2001, EA13-2007, EA15-2008, EA16-2009, EA17-2011, EA18-2014, EA19-2015, EA20-2023, EA21-2026)",2016,,15.7,,e,estimated,,
dataflow,ESTAT:ILC_MDDW02$DEFAULTVIEW(1.0),"Pollution, grime or other environmental problems",A,Annual,TOTAL,Total,TOTAL,Total,PC,Percentage,EA,"Euro area (EA11-1999, EA12-2001, EA13-2007, EA15-2008, EA16-2009, EA17-2011, EA18-2014, EA19-2015, EA20-2023, EA21-2026)",2017,,14.9,,e,estimated,,
dataflow,ESTAT:ILC_MDDW02$DEFAULTVIEW(1.0),"Pollution, grime or other environmental problems",A,Annual,TOTAL,Total,TOTAL,Total,PC,Percentage,EA,"Euro area (EA11-1999, EA12-2001, EA13-2007, EA15-2008, EA16-2009, EA17-2011, EA18-2014, EA19-2015, EA20-2023, EA21-2026)",2018,,15.8,,e,estimated,,
dataflow,ESTAT:ILC_MDDW02$DEFAULTVIEW(1.0),"Pollution, grime or other environmental problems",A,Annual,TOTAL,Total,TOTAL,Total,PC,Percentage,EA,"Euro area (EA11-1999, EA12-2001, EA13-2007, EA15-2008, EA16-2009, EA17-2011, EA18-2014, EA19-2015, EA20-2023, EA21-2026)",2019,,16.0,,,,,
dataflow,ESTAT:ILC_MDDW02$DEFAULTVIEW(1.0),"Pollution, grime or other environmental problems",A,Annual,TOTAL,Total,TOTAL,Total,PC,Percentage,EA,"Euro area (EA11-1999, EA12-2001, EA13-2007, EA15-2008, EA16-2009, EA17-2011, EA18-2014, EA19-2015, EA20-2023, EA21-2026)",2020,,14.5,,,,,
dataflow,ESTAT:ILC_MDDW02$DEFAULTVIEW(1.0),"Pollution, grime or other environmental problems",A,Annual,TOTAL,Total,TOTAL,Total,PC,Percentage,EA18,Euro area - 18 countries (2014),2012,,15.6,,,,,
dataflow,ESTAT:ILC_MDDW02$DEFAULTVIEW(1.0),"Pollution, grime or other environmental problems",A,Annual,TOTAL,Total,TOTAL,Total,PC,Percentage,EA18,Euro area - 18 countries (2014),2013,,16.0,,,,,
dataflow,ESTAT:ILC_MDDW02$DEFAULTVIEW(1.0),"Pollution, grime or other environmental problems",A,Annual,TOTAL,Total,TOTAL,Total,PC,Percentage,EA18,Euro area - 18 countries (2014),2014,,16.1,,,,,
dataflow,ESTAT:ILC_MDDW02$DEFAULTVIEW(1.0),"Pollution, grime or other environmental problems",A,Annual,TOTAL,Total,TOTAL,Total,PC,Percentage,EA18,Euro area - 18 countries (2014),2015,,16.0,,,,,
dataflow,ESTAT:ILC_MDDW02$DEFAULTVIEW(1.0),"Pollution, grime or other environmental problems",A,Annual,TOTAL,Total,TOTAL,Total,PC,Percentage,EA18,Euro area - 18 countries (2014),2016,,15.7,,,,,
dataflow,ESTAT:ILC_MDDW02$DEFAULTVIEW(1.0),"Pollution, grime or other environmental problems",A,Annual,TOTAL,Total,TOTAL,Total,PC,Percentage,EA18,Euro area - 18 countries (2014),2017,,14.9,,,,,
dataflow,ESTAT:ILC_MDDW02$DEFAULTVIEW(1.0),"Pollution, grime or other environmental problems",A,Annual,TOTAL,Total,TOTAL,Total,PC,Percentage,EA18,Euro area - 18 countries (2014),2018,,15.8,,,,,
dataflow,ESTAT:ILC_MDDW02$DEFAULTVIEW(1.0),"Pollution, grime or other environmental problems",A,Annual,TOTAL,Total,TOTAL,Total,PC,Percentage,EA18,Euro area - 18 countries (2014),2019,,16.0,,,,,
dataflow,ESTAT:ILC_MDDW02$DEFAULTVIEW(1.0),"Pollution, grime or other environmental problems",A,Annual,TOTAL,Total,TOTAL,Total,PC,Percentage,EA18,Euro area - 18 countries (2014),2020,,14.5,,,,,
dataflow,ESTAT:ILC_MDDW02$DEFAULTVIEW(1.0),"Pollution, grime or other environmental problems",A,Annual,TOTAL,Total,TOTAL,Total,PC,Percentage,EA19,Euro area - 19 countries  (2015-2022),2012,,15.6,,,,,
dataflow,ESTAT:ILC_MDDW02$DEFAULTVIEW(1.0),"Pollution, grime or other environmental problems",A,Annual,TOTAL,Total,TOTAL,Total,PC,Percentage,EA19,Euro area - 19 countries  (2015-2022),2013,,16.0,,,,,
dataflow,ESTAT:ILC_MDDW02$DEFAULTVIEW(1.0),"Pollution, grime or other environmental problems",A,Annual,TOTAL,Total,TOTAL,Total,PC,Percentage,EA19,Euro area - 19 countries  (2015-2022),2014,,16.1,,,,,
dataflow,ESTAT:ILC_MDDW02$DEFAULTVIEW(1.0),"Pollution, grime or other environmental problems",A,Annual,TOTAL,Total,TOTAL,Total,PC,Percentage,EA19,Euro area - 19 countries  (2015-2022),2015,,16.0,,,,,
dataflow,ESTAT:ILC_MDDW02$DEFAULTVIEW(1.0),"Pollution, grime or other environmental problems",A,Annual,TOTAL,Total,TOTAL,Total,PC,Percentage,EA19,Euro area - 19 countries  (2015-2022),2016,,15.7,,,,,
dataflow,ESTAT:ILC_MDDW02$DEFAULTVIEW(1.0),"Pollution, grime or other environmental problems",A,Annual,TOTAL,Total,TOTAL,Total,PC,Percentage,EA19,Euro area - 19 countries  (2015-2022),2017,,14.9,,,,,
dataflow,ESTAT:ILC_MDDW02$DEFAULTVIEW(1.0),"Pollution, grime or other environmental problems",A,Annual,TOTAL,Total,TOTAL,Total,PC,Percentage,EA19,Euro area - 19 countries  (2015-2022),2018,,15.8,,,,,
dataflow,ESTAT:ILC_MDDW02$DEFAULTVIEW(1.0),"Pollution, grime or other environmental problems",A,Annual,TOTAL,Total,TOTAL,Total,PC,Percentage,EA19,Euro area - 19 countries  (2015-2022),2019,,16.0,,,,,
dataflow,ESTAT:ILC_MDDW02$DEFAULTVIEW(1.0),"Pollution, grime or other environmental problems",A,Annual,TOTAL,Total,TOTAL,Total,PC,Percentage,EA19,Euro area - 19 countries  (2015-2022),2020,,14.5,,,,,
dataflow,ESTAT:ILC_MDDW02$DEFAULTVIEW(1.0),"Pollution, grime or other environmental problems",A,Annual,TOTAL,Total,TOTAL,Total,PC,Percentage,EA20,Euro area – 20 countries (2023-2025),2023,,13.2,,,,,
dataflow,ESTAT:ILC_MDDW02$DEFAULTVIEW(1.0),"Pollution, grime or other environmental problems",A,Annual,TOTAL,Total,TOTAL,Total,PC,Percentage,EE,Estonia,2012,,11.9,,,,,
dataflow,ESTAT:ILC_MDDW02$DEFAULTVIEW(1.0),"Pollution, grime or other environmental problems",A,Annual,TOTAL,Total,TOTAL,Total,PC,Percentage,EE,Estonia,2013,,9.7,,,,,
dataflow,ESTAT:ILC_MDDW02$DEFAULTVIEW(1.0),"Pollution, grime or other environmental problems",A,Annual,TOTAL,Total,TOTAL,Total,PC,Percentage,EE,Estonia,2014,,12.1,,b,break in time series,,
dataflow,ESTAT:ILC_MDDW02$DEFAULTVIEW(1.0),"Pollution, grime or other environmental problems",A,Annual,TOTAL,Total,TOTAL,Total,PC,Percentage,EE,Estonia,2015,,9.3,,,,,
dataflow,ESTAT:ILC_MDDW02$DEFAULTVIEW(1.0),"Pollution, grime or other environmental problems",A,Annual,TOTAL,Total,TOTAL,Total,PC,Percentage,EE,Estonia,2016,,9.9,,,,,
dataflow,ESTAT:ILC_MDDW02$DEFAULTVIEW(1.0),"Pollution, grime or other environmental problems",A,Annual,TOTAL,Total,TOTAL,Total,PC,Percentage,EE,Estonia,2017,,8.7,,,,,
dataflow,ESTAT:ILC_MDDW02$DEFAULTVIEW(1.0),"Pollution, grime or other environmental problems",A,Annual,TOTAL,Total,TOTAL,Total,PC,Percentage,EE,Estonia,2018,,8.8,,,,,
dataflow,ESTAT:ILC_MDDW02$DEFAULTVIEW(1.0),"Pollution, grime or other environmental problems",A,Annual,TOTAL,Total,TOTAL,Total,PC,Percentage,EE,Estonia,2019,,10.2,,,,,
dataflow,ESTAT:ILC_MDDW02$DEFAULTVIEW(1.0),"Pollution, grime or other environmental problems",A,Annual,TOTAL,Total,TOTAL,Total,PC,Percentage,EE,Estonia,2020,,8.1,,,,,
dataflow,ESTAT:ILC_MDDW02$DEFAULTVIEW(1.0),"Pollution, grime or other environmental problems",A,Annual,TOTAL,Total,TOTAL,Total,PC,Percentage,EE,Estonia,2023,,8.6,,,,,
dataflow,ESTAT:ILC_MDDW02$DEFAULTVIEW(1.0),"Pollution, grime or other environmental problems",A,Annual,TOTAL,Total,TOTAL,Total,PC,Percentage,EL,Greece,2012,,25.9,,,,,
dataflow,ESTAT:ILC_MDDW02$DEFAULTVIEW(1.0),"Pollution, grime or other environmental problems",A,Annual,TOTAL,Total,TOTAL,Total,PC,Percentage,EL,Greece,2013,,26.5,,,,,
dataflow,ESTAT:ILC_MDDW02$DEFAULTVIEW(1.0),"Pollution, grime or other environmental problems",A,Annual,TOTAL,Total,TOTAL,Total,PC,Percentage,EL,Greece,2014,,23.2,,,,,
dataflow,ESTAT:ILC_MDDW02$DEFAULTVIEW(1.0),"Pollution, grime or other environmental problems",A,Annual,TOTAL,Total,TOTAL,Total,PC,Percentage,EL,Greece,2015,,19.2,,,,,
dataflow,ESTAT:ILC_MDDW02$DEFAULTVIEW(1.0),"Pollution, grime or other environmental problems",A,Annual,TOTAL,Total,TOTAL,Total,PC,Percentage,EL,Greece,2016,,19.6,,,,,
dataflow,ESTAT:ILC_MDDW02$DEFAULTVIEW(1.0),"Pollution, grime or other environmental problems",A,Annual,TOTAL,Total,TOTAL,Total,PC,Percentage,EL,Greece,2017,,20.3,,,,,
dataflow,ESTAT:ILC_MDDW02$DEFAULTVIEW(1.0),"Pollution, grime or other environmental problems",A,Annual,TOTAL,Total,TOTAL,Total,PC,Percentage,EL,Greece,2018,,20.5,,,,,
dataflow,ESTAT:ILC_MDDW02$DEFAULTVIEW(1.0),"Pollution, grime or other environmental problems",A,Annual,TOTAL,Total,TOTAL,Total,PC,Percentage,EL,Greece,2019,,20.2,,,,,
dataflow,ESTAT:ILC_MDDW02$DEFAULTVIEW(1.0),"Pollution, grime or other environmental problems",A,Annual,TOTAL,Total,TOTAL,Total,PC,Percentage,EL,Greece,2020,,20.2,,,,,
dataflow,ESTAT:ILC_MDDW02$DEFAULTVIEW(1.0),"Pollution, grime or other environmental problems",A,Annual,TOTAL,Total,TOTAL,Total,PC,Percentage,EL,Greece,2023,,20.5,,,,,
dataflow,ESTAT:ILC_MDDW02$DEFAULTVIEW(1.0),"Pollution, grime or other environmental problems",A,Annual,TOTAL,Total,TOTAL,Total,PC,Percentage,ES,Spain,2012,,8.0,,,,,
dataflow,ESTAT:ILC_MDDW02$DEFAULTVIEW(1.0),"Pollution, grime or other environmental problems",A,Annual,TOTAL,Total,TOTAL,Total,PC,Percentage,ES,Spain,2013,,9.8,,,,,
dataflow,ESTAT:ILC_MDDW02$DEFAULTVIEW(1.0),"Pollution, grime or other environmental problems",A,Annual,TOTAL,Total,TOTAL,Total,PC,Percentage,ES,Spain,2014,,10.2,,,,,
dataflow,ESTAT:ILC_MDDW02$DEFAULTVIEW(1.0),"Pollution, grime or other environmental problems",A,Annual,TOTAL,Total,TOTAL,Total,PC,Percentage,ES,Spain,2015,,10.3,,,,,
dataflow,ESTAT:ILC_MDDW02$DEFAULTVIEW(1.0),"Pollution, grime or other environmental problems",A,Annual,TOTAL,Total,TOTAL,Total,PC,Percentage,ES,Spain,2016,,10.1,,,,,
dataflow,ESTAT:ILC_MDDW02$DEFAULTVIEW(1.0),"Pollution, grime or other environmental problems",A,Annual,TOTAL,Total,TOTAL,Total,PC,Percentage,ES,Spain,2017,,8.2,,,,,
dataflow,ESTAT:ILC_MDDW02$DEFAULTVIEW(1.0),"Pollution, grime or other environmental problems",A,Annual,TOTAL,Total,TOTAL,Total,PC,Percentage,ES,Spain,2018,,10.1,,,,,
dataflow,ESTAT:ILC_MDDW02$DEFAULTVIEW(1.0),"Pollution, grime or other environmental problems",A,Annual,TOTAL,Total,TOTAL,Total,PC,Percentage,ES,Spain,2019,,9.9,,,,,
dataflow,ESTAT:ILC_MDDW02$DEFAULTVIEW(1.0),"Pollution, grime or other environmental problems",A,Annual,TOTAL,Total,TOTAL,Total,PC,Percentage,ES,Spain,2020,,11.8,,,,,
dataflow,ESTAT:ILC_MDDW02$DEFAULTVIEW(1.0),"Pollution, grime or other environmental problems",A,Annual,TOTAL,Total,TOTAL,Total,PC,Percentage,ES,Spain,2023,,10.7,,,,,
dataflow,ESTAT:ILC_MDDW02$DEFAULTVIEW(1.0),"Pollution, grime or other environmental problems",A,Annual,TOTAL,Total,TOTAL,Total,PC,Percentage,EU,"European Union (EU6-1958, EU9-1973, EU10-1981, EU12-1986, EU15-1995, EU25-2004, EU27-2007, EU28-2013, EU27-2020)",2012,,14.0,,,,,
dataflow,ESTAT:ILC_MDDW02$DEFAULTVIEW(1.0),"Pollution, grime or other environmental problems",A,Annual,TOTAL,Total,TOTAL,Total,PC,Percentage,EU,"European Union (EU6-1958, EU9-1973, EU10-1981, EU12-1986, EU15-1995, EU25-2004, EU27-2007, EU28-2013, EU27-2020)",2013,,14.3,,,,,
dataflow,ESTAT:ILC_MDDW02$DEFAULTVIEW(1.0),"Pollution, grime or other environmental problems",A,Annual,TOTAL,Total,TOTAL,Total,PC,Percentage,EU,"European Union (EU6-1958, EU9-1973, EU10-1981, EU12-1986, EU15-1995, EU25-2004, EU27-2007, EU28-2013, EU27-2020)",2014,,14.2,,,,,
dataflow,ESTAT:ILC_MDDW02$DEFAULTVIEW(1.0),"Pollution, grime or other environmental problems",A,Annual,TOTAL,Total,TOTAL,Total,PC,Percentage,EU,"European Union (EU6-1958, EU9-1973, EU10-1981, EU12-1986, EU15-1995, EU25-2004, EU27-2007, EU28-2013, EU27-2020)",2015,,14.2,,,,,
dataflow,ESTAT:ILC_MDDW02$DEFAULTVIEW(1.0),"Pollution, grime or other environmental problems",A,Annual,TOTAL,Total,TOTAL,Total,PC,Percentage,EU,"European Union (EU6-1958, EU9-1973, EU10-1981, EU12-1986, EU15-1995, EU25-2004, EU27-2007, EU28-2013, EU27-2020)",2016,,14.0,,,,,
dataflow,ESTAT:ILC_MDDW02$DEFAULTVIEW(1.0),"Pollution, grime or other environmental problems",A,Annual,TOTAL,Total,TOTAL,Total,PC,Percentage,EU,"European Union (EU6-1958, EU9-1973, EU10-1981, EU12-1986, EU15-1995, EU25-2004, EU27-2007, EU28-2013, EU27-2020)",2017,,14.1,,e,estimated,,
dataflow,ESTAT:ILC_MDDW02$DEFAULTVIEW(1.0),"Pollution, grime or other environmental problems",A,Annual,TOTAL,Total,TOTAL,Total,PC,Percentage,EU,"European Union (EU6-1958, EU9-1973, EU10-1981, EU12-1986, EU15-1995, EU25-2004, EU27-2007, EU28-2013, EU27-2020)",2018,,14.9,,e,estimated,,
dataflow,ESTAT:ILC_MDDW02$DEFAULTVIEW(1.0),"Pollution, grime or other environmental problems",A,Annual,TOTAL,Total,TOTAL,Total,PC,Percentage,EU,"European Union (EU6-1958, EU9-1973, EU10-1981, EU12-1986, EU15-1995, EU25-2004, EU27-2007, EU28-2013, EU27-2020)",2019,,15.0,,e,estimated,,
dataflow,ESTAT:ILC_MDDW02$DEFAULTVIEW(1.0),"Pollution, grime or other environmental problems",A,Annual,TOTAL,Total,TOTAL,Total,PC,Percentage,EU27_2007,European Union - 27 countries (2007-2013),2012,,14.0,,,,,
dataflow,ESTAT:ILC_MDDW02$DEFAULTVIEW(1.0),"Pollution, grime or other environmental problems",A,Annual,TOTAL,Total,TOTAL,Total,PC,Percentage,EU27_2007,European Union - 27 countries (2007-2013),2013,,14.3,,,,,
dataflow,ESTAT:ILC_MDDW02$DEFAULTVIEW(1.0),"Pollution, grime or other environmental problems",A,Annual,TOTAL,Total,TOTAL,Total,PC,Percentage,EU27_2007,European Union - 27 countries (2007-2013),2014,,14.3,,,,,
dataflow,ESTAT:ILC_MDDW02$DEFAULTVIEW(1.0),"Pollution, grime or other environmental problems",A,Annual,TOTAL,Total,TOTAL,Total,PC,Percentage,EU27_2007,European Union - 27 countries (2007-2013),2015,,14.3,,,,,
dataflow,ESTAT:ILC_MDDW02$DEFAULTVIEW(1.0),"Pollution, grime or other environmental problems",A,Annual,TOTAL,Total,TOTAL,Total,PC,Percentage,EU27_2007,European Union - 27 countries (2007-2013),2016,,14.0,,,,,
dataflow,ESTAT:ILC_MDDW02$DEFAULTVIEW(1.0),"Pollution, grime or other environmental problems",A,Annual,TOTAL,Total,TOTAL,Total,PC,Percentage,EU27_2007,European Union - 27 countries (2007-2013),2017,,14.2,,e,estimated,,
dataflow,ESTAT:ILC_MDDW02$DEFAULTVIEW(1.0),"Pollution, grime or other environmental problems",A,Annual,TOTAL,Total,TOTAL,Total,PC,Percentage,EU27_2007,European Union - 27 countries (2007-2013),2018,,14.9,,e,estimated,,
dataflow,ESTAT:ILC_MDDW02$DEFAULTVIEW(1.0),"Pollution, grime or other environmental problems",A,Annual,TOTAL,Total,TOTAL,Total,PC,Percentage,EU27_2007,European Union - 27 countries (2007-2013),2019,,15.1,,e,estimated,,
dataflow,ESTAT:ILC_MDDW02$DEFAULTVIEW(1.0),"Pollution, grime or other environmental problems",A,Annual,TOTAL,Total,TOTAL,Total,PC,Percentage,EU27_2020,European Union - 27 countries (from 2020),2012,,14.8,,e,estimated,,
dataflow,ESTAT:ILC_MDDW02$DEFAULTVIEW(1.0),"Pollution, grime or other environmental problems",A,Annual,TOTAL,Total,TOTAL,Total,PC,Percentage,EU27_2020,European Union - 27 countries (from 2020),2013,,15.1,,e,estimated,,
dataflow,ESTAT:ILC_MDDW02$DEFAULTVIEW(1.0),"Pollution, grime or other environmental problems",A,Annual,TOTAL,Total,TOTAL,Total,PC,Percentage,EU27_2020,European Union - 27 countries (from 2020),2014,,15.2,,e,estimated,,
dataflow,ESTAT:ILC_MDDW02$DEFAULTVIEW(1.0),"Pollution, grime or other environmental problems",A,Annual,TOTAL,Total,TOTAL,Total,PC,Percentage,EU27_2020,European Union - 27 countries (from 2020),2015,,15.0,,e,estimated,,
dataflow,ESTAT:ILC_MDDW02$DEFAULTVIEW(1.0),"Pollution, grime or other environmental problems",A,Annual,TOTAL,Total,TOTAL,Total,PC,Percentage,EU27_2020,European Union - 27 countries (from 2020),2016,,14.7,,e,estimated,,
dataflow,ESTAT:ILC_MDDW02$DEFAULTVIEW(1.0),"Pollution, grime or other environmental problems",A,Annual,TOTAL,Total,TOTAL,Total,PC,Percentage,EU27_2020,European Union - 27 countries (from 2020),2017,,14.2,,e,estimated,,
dataflow,ESTAT:ILC_MDDW02$DEFAULTVIEW(1.0),"Pollution, grime or other environmental problems",A,Annual,TOTAL,Total,TOTAL,Total,PC,Percentage,EU27_2020,European Union - 27 countries (from 2020),2018,,15.0,,e,estimated,,
dataflow,ESTAT:ILC_MDDW02$DEFAULTVIEW(1.0),"Pollution, grime or other environmental problems",A,Annual,TOTAL,Total,TOTAL,Total,PC,Percentage,EU27_2020,European Union - 27 countries (from 2020),2019,,15.1,,e,estimated,,
dataflow,ESTAT:ILC_MDDW02$DEFAULTVIEW(1.0),"Pollution, grime or other environmental problems",A,Annual,TOTAL,Total,TOTAL,Total,PC,Percentage,EU27_2020,European Union - 27 countries (from 2020),2020,,13.7,,e,estimated,,
dataflow,ESTAT:ILC_MDDW02$DEFAULTVIEW(1.0),"Pollution, grime or other environmental problems",A,Annual,TOTAL,Total,TOTAL,Total,PC,Percentage,EU27_2020,European Union - 27 countries (from 2020),2023,,12.2,,,,,
dataflow,ESTAT:ILC_MDDW02$DEFAULTVIEW(1.0),"Pollution, grime or other environmental problems",A,Annual,TOTAL,Total,TOTAL,Total,PC,Percentage,EU28,European Union - 28 countries (2013-2020),2012,,14.0,,,,,
dataflow,ESTAT:ILC_MDDW02$DEFAULTVIEW(1.0),"Pollution, grime or other environmental problems",A,Annual,TOTAL,Total,TOTAL,Total,PC,Percentage,EU28,European Union - 28 countries (2013-2020),2013,,14.3,,,,,
dataflow,ESTAT:ILC_MDDW02$DEFAULTVIEW(1.0),"Pollution, grime or other environmental problems",A,Annual,TOTAL,Total,TOTAL,Total,PC,Percentage,EU28,European Union - 28 countries (2013-2020),2014,,14.2,,,,,
dataflow,ESTAT:ILC_MDDW02$DEFAULTVIEW(1.0),"Pollution, grime or other environmental problems",A,Annual,TOTAL,Total,TOTAL,Total,PC,Percentage,EU28,European Union - 28 countries (2013-2020),2015,,14.2,,,,,
dataflow,ESTAT:ILC_MDDW02$DEFAULTVIEW(1.0),"Pollution, grime or other environmental problems",A,Annual,TOTAL,Total,TOTAL,Total,PC,Percentage,EU28,European Union - 28 countries (2013-2020),2016,,14.0,,,,,
dataflow,ESTAT:ILC_MDDW02$DEFAULTVIEW(1.0),"Pollution, grime or other environmental problems",A,Annual,TOTAL,Total,TOTAL,Total,PC,Percentage,EU28,European Union - 28 countries (2013-2020),2017,,14.1,,e,estimated,,
dataflow,ESTAT:ILC_MDDW02$DEFAULTVIEW(1.0),"Pollution, grime or other environmental problems",A,Annual,TOTAL,Total,TOTAL,Total,PC,Percentage,EU28,European Union - 28 countries (2013-2020),2018,,14.9,,e,estimated,,
dataflow,ESTAT:ILC_MDDW02$DEFAULTVIEW(1.0),"Pollution, grime or other environmental problems",A,Annual,TOTAL,Total,TOTAL,Total,PC,Percentage,EU28,European Union - 28 countries (2013-2020),2019,,15.0,,e,estimated,,
dataflow,ESTAT:ILC_MDDW02$DEFAULTVIEW(1.0),"Pollution, grime or other environmental problems",A,Annual,TOTAL,Total,TOTAL,Total,PC,Percentage,FI,Finland,2012,,8.8,,,,,
dataflow,ESTAT:ILC_MDDW02$DEFAULTVIEW(1.0),"Pollution, grime or other environmental problems",A,Annual,TOTAL,Total,TOTAL,Total,PC,Percentage,FI,Finland,2013,,8.4,,,,,
dataflow,ESTAT:ILC_MDDW02$DEFAULTVIEW(1.0),"Pollution, grime or other environmental problems",A,Annual,TOTAL,Total,TOTAL,Total,PC,Percentage,FI,Finland,2014,,8.6,,,,,
dataflow,ESTAT:ILC_MDDW02$DEFAULTVIEW(1.0),"Pollution, grime or other environmental problems",A,Annual,TOTAL,Total,TOTAL,Total,PC,Percentage,FI,Finland,2015,,8.4,,,,,
dataflow,ESTAT:ILC_MDDW02$DEFAULTVIEW(1.0),"Pollution, grime or other environmental problems",A,Annual,TOTAL,Total,TOTAL,Total,PC,Percentage,FI,Finland,2016,,7.2,,,,,
dataflow,ESTAT:ILC_MDDW02$DEFAULTVIEW(1.0),"Pollution, grime or other environmental problems",A,Annual,TOTAL,Total,TOTAL,Total,PC,Percentage,FI,Finland,2017,,7.9,,,,,
dataflow,ESTAT:ILC_MDDW02$DEFAULTVIEW(1.0),"Pollution, grime or other environmental problems",A,Annual,TOTAL,Total,TOTAL,Total,PC,Percentage,FI,Finland,2018,,8.7,,,,,
dataflow,ESTAT:ILC_MDDW02$DEFAULTVIEW(1.0),"Pollution, grime or other environmental problems",A,Annual,TOTAL,Total,TOTAL,Total,PC,Percentage,FI,Finland,2019,,9.4,,,,,
dataflow,ESTAT:ILC_MDDW02$DEFAULTVIEW(1.0),"Pollution, grime or other environmental problems",A,Annual,TOTAL,Total,TOTAL,Total,PC,Percentage,FI,Finland,2020,,9.2,,,,,
dataflow,ESTAT:ILC_MDDW02$DEFAULTVIEW(1.0),"Pollution, grime or other environmental problems",A,Annual,TOTAL,Total,TOTAL,Total,PC,Percentage,FI,Finland,2023,,9.7,,,,,
dataflow,ESTAT:ILC_MDDW02$DEFAULTVIEW(1.0),"Pollution, grime or other environmental problems",A,Annual,TOTAL,Total,TOTAL,Total,PC,Percentage,FR,France,2012,,11.3,,,,,
dataflow,ESTAT:ILC_MDDW02$DEFAULTVIEW(1.0),"Pollution, grime or other environmental problems",A,Annual,TOTAL,Total,TOTAL,Total,PC,Percentage,FR,France,2013,,11.7,,,,,
dataflow,ESTAT:ILC_MDDW02$DEFAULTVIEW(1.0),"Pollution, grime or other environmental problems",A,Annual,TOTAL,Total,TOTAL,Total,PC,Percentage,FR,France,2014,,11.8,,,,,
dataflow,ESTAT:ILC_MDDW02$DEFAULTVIEW(1.0),"Pollution, grime or other environmental problems",A,Annual,TOTAL,Total,TOTAL,Total,PC,Percentage,FR,France,2015,,12.7,,,,,
dataflow,ESTAT:ILC_MDDW02$DEFAULTVIEW(1.0),"Pollution, grime or other environmental problems",A,Annual,TOTAL,Total,TOTAL,Total,PC,Percentage,FR,France,2016,,14.1,,,,,
dataflow,ESTAT:ILC_MDDW02$DEFAULTVIEW(1.0),"Pollution, grime or other environmental problems",A,Annual,TOTAL,Total,TOTAL,Total,PC,Percentage,FR,France,2017,,13.1,,,,,
dataflow,ESTAT:ILC_MDDW02$DEFAULTVIEW(1.0),"Pollution, grime or other environmental problems",A,Annual,TOTAL,Total,TOTAL,Total,PC,Percentage,FR,France,2018,,14.7,,,,,
dataflow,ESTAT:ILC_MDDW02$DEFAULTVIEW(1.0),"Pollution, grime or other environmental problems",A,Annual,TOTAL,Total,TOTAL,Total,PC,Percentage,FR,France,2019,,14.9,,,,,
dataflow,ESTAT:ILC_MDDW02$DEFAULTVIEW(1.0),"Pollution, grime or other environmental problems",A,Annual,TOTAL,Total,TOTAL,Total,PC,Percentage,FR,France,2020,,18.6,,b,break in time series,,
dataflow,ESTAT:ILC_MDDW02$DEFAULTVIEW(1.0),"Pollution, grime or other environmental problems",A,Annual,TOTAL,Total,TOTAL,Total,PC,Percentage,FR,France,2023,,16.0,,,,,
dataflow,ESTAT:ILC_MDDW02$DEFAULTVIEW(1.0),"Pollution, grime or other environmental problems",A,Annual,TOTAL,Total,TOTAL,Total,PC,Percentage,HR,Croatia,2012,,7.1,,,,,
dataflow,ESTAT:ILC_MDDW02$DEFAULTVIEW(1.0),"Pollution, grime or other environmental problems",A,Annual,TOTAL,Total,TOTAL,Total,PC,Percentage,HR,Croatia,2013,,6.8,,,,,
dataflow,ESTAT:ILC_MDDW02$DEFAULTVIEW(1.0),"Pollution, grime or other environmental problems",A,Annual,TOTAL,Total,TOTAL,Total,PC,Percentage,HR,Croatia,2014,,5.7,,,,,
dataflow,ESTAT:ILC_MDDW02$DEFAULTVIEW(1.0),"Pollution, grime or other environmental problems",A,Annual,TOTAL,Total,TOTAL,Total,PC,Percentage,HR,Croatia,2015,,6.0,,,,,
dataflow,ESTAT:ILC_MDDW02$DEFAULTVIEW(1.0),"Pollution, grime or other environmental problems",A,Annual,TOTAL,Total,TOTAL,Total,PC,Percentage,HR,Croatia,2016,,7.0,,,,,
dataflow,ESTAT:ILC_MDDW02$DEFAULTVIEW(1.0),"Pollution, grime or other environmental problems",A,Annual,TOTAL,Total,TOTAL,Total,PC,Percentage,HR,Croatia,2017,,6.3,,,,,
dataflow,ESTAT:ILC_MDDW02$DEFAULTVIEW(1.0),"Pollution, grime or other environmental problems",A,Annual,TOTAL,Total,TOTAL,Total,PC,Percentage,HR,Croatia,2018,,6.3,,,,,
dataflow,ESTAT:ILC_MDDW02$DEFAULTVIEW(1.0),"Pollution, grime or other environmental problems",A,Annual,TOTAL,Total,TOTAL,Total,PC,Percentage,HR,Croatia,2019,,5.9,,,,,
dataflow,ESTAT:ILC_MDDW02$DEFAULTVIEW(1.0),"Pollution, grime or other environmental problems",A,Annual,TOTAL,Total,TOTAL,Total,PC,Percentage,HR,Croatia,2020,,5.5,,,,,
dataflow,ESTAT:ILC_MDDW02$DEFAULTVIEW(1.0),"Pollution, grime or other environmental problems",A,Annual,TOTAL,Total,TOTAL,Total,PC,Percentage,HR,Croatia,2023,,4.2,,,,,
dataflow,ESTAT:ILC_MDDW02$DEFAULTVIEW(1.0),"Pollution, grime or other environmental problems",A,Annual,TOTAL,Total,TOTAL,Total,PC,Percentage,HU,Hungary,2012,,11.7,,,,,
dataflow,ESTAT:ILC_MDDW02$DEFAULTVIEW(1.0),"Pollution, grime or other environmental problems",A,Annual,TOTAL,Total,TOTAL,Total,PC,Percentage,HU,Hungary,2013,,14.4,,,,,
dataflow,ESTAT:ILC_MDDW02$DEFAULTVIEW(1.0),"Pollution, grime or other environmental problems",A,Annual,TOTAL,Total,TOTAL,Total,PC,Percentage,HU,Hungary,2014,,15.0,,,,,
dataflow,ESTAT:ILC_MDDW02$DEFAULTVIEW(1.0),"Pollution, grime or other environmental problems",A,Annual,TOTAL,Total,TOTAL,Total,PC,Percentage,HU,Hungary,2015,,14.8,,,,,
dataflow,ESTAT:ILC_MDDW02$DEFAULTVIEW(1.0),"Pollution, grime or other environmental problems",A,Annual,TOTAL,Total,TOTAL,Total,PC,Percentage,HU,Hungary,2016,,12.8,,,,,
dataflow,ESTAT:ILC_MDDW02$DEFAULTVIEW(1.0),"Pollution, grime or other environmental problems",A,Annual,TOTAL,Total,TOTAL,Total,PC,Percentage,HU,Hungary,2017,,12.5,,,,,
dataflow,ESTAT:ILC_MDDW02$DEFAULTVIEW(1.0),"Pollution, grime or other environmental problems",A,Annual,TOTAL,Total,TOTAL,Total,PC,Percentage,HU,Hungary,2018,,9.7,,,,,
dataflow,ESTAT:ILC_MDDW02$DEFAULTVIEW(1.0),"Pollution, grime or other environmental problems",A,Annual,TOTAL,Total,TOTAL,Total,PC,Percentage,HU,Hungary,2019,,12.5,,b,break in time series,,
dataflow,ESTAT:ILC_MDDW02$DEFAULTVIEW(1.0),"Pollution, grime or other environmental problems",A,Annual,TOTAL,Total,TOTAL,Total,PC,Percentage,HU,Hungary,2020,,11.9,,,,,
dataflow,ESTAT:ILC_MDDW02$DEFAULTVIEW(1.0),"Pollution, grime or other environmental problems",A,Annual,TOTAL,Total,TOTAL,Total,PC,Percentage,HU,Hungary,2023,,14.7,,,,,
dataflow,ESTAT:ILC_MDDW02$DEFAULTVIEW(1.0),"Pollution, grime or other environmental problems",A,Annual,TOTAL,Total,TOTAL,Total,PC,Percentage,IE,Ireland,2012,,4.8,,,,,
dataflow,ESTAT:ILC_MDDW02$DEFAULTVIEW(1.0),"Pollution, grime or other environmental problems",A,Annual,TOTAL,Total,TOTAL,Total,PC,Percentage,IE,Ireland,2013,,4.6,,,,,
dataflow,ESTAT:ILC_MDDW02$DEFAULTVIEW(1.0),"Pollution, grime or other environmental problems",A,Annual,TOTAL,Total,TOTAL,Total,PC,Percentage,IE,Ireland,2014,,4.5,,,,,
dataflow,ESTAT:ILC_MDDW02$DEFAULTVIEW(1.0),"Pollution, grime or other environmental problems",A,Annual,TOTAL,Total,TOTAL,Total,PC,Percentage,IE,Ireland,2015,,4.7,,,,,
dataflow,ESTAT:ILC_MDDW02$DEFAULTVIEW(1.0),"Pollution, grime or other environmental problems",A,Annual,TOTAL,Total,TOTAL,Total,PC,Percentage,IE,Ireland,2016,,4.6,,,,,
dataflow,ESTAT:ILC_MDDW02$DEFAULTVIEW(1.0),"Pollution, grime or other environmental problems",A,Annual,TOTAL,Total,TOTAL,Total,PC,Percentage,IE,Ireland,2017,,5.3,,,,,
dataflow,ESTAT:ILC_MDDW02$DEFAULTVIEW(1.0),"Pollution, grime or other environmental problems",A,Annual,TOTAL,Total,TOTAL,Total,PC,Percentage,IE,Ireland,2018,,6.5,,,,,
dataflow,ESTAT:ILC_MDDW02$DEFAULTVIEW(1.0),"Pollution, grime or other environmental problems",A,Annual,TOTAL,Total,TOTAL,Total,PC,Percentage,IE,Ireland,2019,,6.6,,b,break in time series,,
dataflow,ESTAT:ILC_MDDW02$DEFAULTVIEW(1.0),"Pollution, grime or other environmental problems",A,Annual,TOTAL,Total,TOTAL,Total,PC,Percentage,IE,Ireland,2020,,7.6,,b,break in time series,,
dataflow,ESTAT:ILC_MDDW02$DEFAULTVIEW(1.0),"Pollution, grime or other environmental problems",A,Annual,TOTAL,Total,TOTAL,Total,PC,Percentage,IE,Ireland,2023,,7.5,,,,,
dataflow,ESTAT:ILC_MDDW02$DEFAULTVIEW(1.0),"Pollution, grime or other environmental problems",A,Annual,TOTAL,Total,TOTAL,Total,PC,Percentage,IS,Iceland,2012,,8.5,,,,,
dataflow,ESTAT:ILC_MDDW02$DEFAULTVIEW(1.0),"Pollution, grime or other environmental problems",A,Annual,TOTAL,Total,TOTAL,Total,PC,Percentage,IS,Iceland,2013,,9.9,,,,,
dataflow,ESTAT:ILC_MDDW02$DEFAULTVIEW(1.0),"Pollution, grime or other environmental problems",A,Annual,TOTAL,Total,TOTAL,Total,PC,Percentage,IS,Iceland,2014,,9.3,,,,,
dataflow,ESTAT:ILC_MDDW02$DEFAULTVIEW(1.0),"Pollution, grime or other environmental problems",A,Annual,TOTAL,Total,TOTAL,Total,PC,Percentage,IS,Iceland,2015,,9.0,,,,,
dataflow,ESTAT:ILC_MDDW02$DEFAULTVIEW(1.0),"Pollution, grime or other environmental problems",A,Annual,TOTAL,Total,TOTAL,Total,PC,Percentage,IS,Iceland,2016,,7.9,,,,,
dataflow,ESTAT:ILC_MDDW02$DEFAULTVIEW(1.0),"Pollution, grime or other environmental problems",A,Annual,TOTAL,Total,TOTAL,Total,PC,Percentage,IS,Iceland,2017,,7.7,,,,,
dataflow,ESTAT:ILC_MDDW02$DEFAULTVIEW(1.0),"Pollution, grime or other environmental problems",A,Annual,TOTAL,Total,TOTAL,Total,PC,Percentage,IS,Iceland,2018,,7.6,,,,,
dataflow,ESTAT:ILC_MDDW02$DEFAULTVIEW(1.0),"Pollution, grime or other environmental problems",A,Annual,TOTAL,Total,TOTAL,Total,PC,Percentage,IS,Iceland,2019,,9.4,,,,,
dataflow,ESTAT:ILC_MDDW02$DEFAULTVIEW(1.0),"Pollution, grime or other environmental problems",A,Annual,TOTAL,Total,TOTAL,Total,PC,Percentage,IS,Iceland,2020,,10.2,,,,,
dataflow,ESTAT:ILC_MDDW02$DEFAULTVIEW(1.0),"Pollution, grime or other environmental problems",A,Annual,TOTAL,Total,TOTAL,Total,PC,Percentage,IT,Italy,2012,,17.3,,,,,
dataflow,ESTAT:ILC_MDDW02$DEFAULTVIEW(1.0),"Pollution, grime or other environmental problems",A,Annual,TOTAL,Total,TOTAL,Total,PC,Percentage,IT,Italy,2013,,17.2,,,,,
dataflow,ESTAT:ILC_MDDW02$DEFAULTVIEW(1.0),"Pollution, grime or other environmental problems",A,Annual,TOTAL,Total,TOTAL,Total,PC,Percentage,IT,Italy,2014,,18.3,,,,,
dataflow,ESTAT:ILC_MDDW02$DEFAULTVIEW(1.0),"Pollution, grime or other environmental problems",A,Annual,TOTAL,Total,TOTAL,Total,PC,Percentage,IT,Italy,2015,,17.6,,,,,
dataflow,ESTAT:ILC_MDDW02$DEFAULTVIEW(1.0),"Pollution, grime or other environmental problems",A,Annual,TOTAL,Total,TOTAL,Total,PC,Percentage,IT,Italy,2016,,15.1,,,,,
dataflow,ESTAT:ILC_MDDW02$DEFAULTVIEW(1.0),"Pollution, grime or other environmental problems",A,Annual,TOTAL,Total,TOTAL,Total,PC,Percentage,IT,Italy,2017,,11.9,,,,,
dataflow,ESTAT:ILC_MDDW02$DEFAULTVIEW(1.0),"Pollution, grime or other environmental problems",A,Annual,TOTAL,Total,TOTAL,Total,PC,Percentage,IT,Italy,2018,,11.7,,,,,
dataflow,ESTAT:ILC_MDDW02$DEFAULTVIEW(1.0),"Pollution, grime or other environmental problems",A,Annual,TOTAL,Total,TOTAL,Total,PC,Percentage,IT,Italy,2019,,12.4,,,,,
dataflow,ESTAT:ILC_MDDW02$DEFAULTVIEW(1.0),"Pollution, grime or other environmental problems",A,Annual,TOTAL,Total,TOTAL,Total,PC,Percentage,IT,Italy,2020,,15.4,,,,,
dataflow,ESTAT:ILC_MDDW02$DEFAULTVIEW(1.0),"Pollution, grime or other environmental problems",A,Annual,TOTAL,Total,TOTAL,Total,PC,Percentage,IT,Italy,2023,,9.9,,,,,
dataflow,ESTAT:ILC_MDDW02$DEFAULTVIEW(1.0),"Pollution, grime or other environmental problems",A,Annual,TOTAL,Total,TOTAL,Total,PC,Percentage,LT,Lithuania,2012,,14.6,,,,,
dataflow,ESTAT:ILC_MDDW02$DEFAULTVIEW(1.0),"Pollution, grime or other environmental problems",A,Annual,TOTAL,Total,TOTAL,Total,PC,Percentage,LT,Lithuania,2013,,15.6,,,,,
dataflow,ESTAT:ILC_MDDW02$DEFAULTVIEW(1.0),"Pollution, grime or other environmental problems",A,Annual,TOTAL,Total,TOTAL,Total,PC,Percentage,LT,Lithuania,2014,,14.4,,,,,
dataflow,ESTAT:ILC_MDDW02$DEFAULTVIEW(1.0),"Pollution, grime or other environmental problems",A,Annual,TOTAL,Total,TOTAL,Total,PC,Percentage,LT,Lithuania,2015,,15.0,,,,,
dataflow,ESTAT:ILC_MDDW02$DEFAULTVIEW(1.0),"Pollution, grime or other environmental problems",A,Annual,TOTAL,Total,TOTAL,Total,PC,Percentage,LT,Lithuania,2016,,15.6,,,,,
dataflow,ESTAT:ILC_MDDW02$DEFAULTVIEW(1.0),"Pollution, grime or other environmental problems",A,Annual,TOTAL,Total,TOTAL,Total,PC,Percentage,LT,Lithuania,2017,,15.1,,,,,
dataflow,ESTAT:ILC_MDDW02$DEFAULTVIEW(1.0),"Pollution, grime or other environmental problems",A,Annual,TOTAL,Total,TOTAL,Total,PC,Percentage,LT,Lithuania,2018,,17.0,,,,,
dataflow,ESTAT:ILC_MDDW02$DEFAULTVIEW(1.0),"Pollution, grime or other environmental problems",A,Annual,TOTAL,Total,TOTAL,Total,PC,Percentage,LT,Lithuania,2019,,17.1,,,,,
dataflow,ESTAT:ILC_MDDW02$DEFAULTVIEW(1.0),"Pollution, grime or other environmental problems",A,Annual,TOTAL,Total,TOTAL,Total,PC,Percentage,LT,Lithuania,2020,,17.0,,,,,
dataflow,ESTAT:ILC_MDDW02$DEFAULTVIEW(1.0),"Pollution, grime or other environmental problems",A,Annual,TOTAL,Total,TOTAL,Total,PC,Percentage,LT,Lithuania,2023,,10.9,,,,,
dataflow,ESTAT:ILC_MDDW02$DEFAULTVIEW(1.0),"Pollution, grime or other environmental problems",A,Annual,TOTAL,Total,TOTAL,Total,PC,Percentage,LU,Luxembourg,2012,,14.0,,,,,
dataflow,ESTAT:ILC_MDDW02$DEFAULTVIEW(1.0),"Pollution, grime or other environmental problems",A,Annual,TOTAL,Total,TOTAL,Total,PC,Percentage,LU,Luxembourg,2013,,12.6,,,,,
dataflow,ESTAT:ILC_MDDW02$DEFAULTVIEW(1.0),"Pollution, grime or other environmental problems",A,Annual,TOTAL,Total,TOTAL,Total,PC,Percentage,LU,Luxembourg,2014,,15.4,,,,,
dataflow,ESTAT:ILC_MDDW02$DEFAULTVIEW(1.0),"Pollution, grime or other environmental problems",A,Annual,TOTAL,Total,TOTAL,Total,PC,Percentage,LU,Luxembourg,2015,,17.1,,,,,
dataflow,ESTAT:ILC_MDDW02$DEFAULTVIEW(1.0),"Pollution, grime or other environmental problems",A,Annual,TOTAL,Total,TOTAL,Total,PC,Percentage,LU,Luxembourg,2016,,16.1,,b,break in time series,,
dataflow,ESTAT:ILC_MDDW02$DEFAULTVIEW(1.0),"Pollution, grime or other environmental problems",A,Annual,TOTAL,Total,TOTAL,Total,PC,Percentage,LU,Luxembourg,2017,,18.5,,,,,
dataflow,ESTAT:ILC_MDDW02$DEFAULTVIEW(1.0),"Pollution, grime or other environmental problems",A,Annual,TOTAL,Total,TOTAL,Total,PC,Percentage,LU,Luxembourg,2018,,15.0,,,,,
dataflow,ESTAT:ILC_MDDW02$DEFAULTVIEW(1.0),"Pollution, grime or other environmental problems",A,Annual,TOTAL,Total,TOTAL,Total,PC,Percentage,LU,Luxembourg,2019,,15.2,,,,,
dataflow,ESTAT:ILC_MDDW02$DEFAULTVIEW(1.0),"Pollution, grime or other environmental problems",A,Annual,TOTAL,Total,TOTAL,Total,PC,Percentage,LU,Luxembourg,2020,,14.6,,b,break in time series,,
dataflow,ESTAT:ILC_MDDW02$DEFAULTVIEW(1.0),"Pollution, grime or other environmental problems",A,Annual,TOTAL,Total,TOTAL,Total,PC,Percentage,LU,Luxembourg,2023,,9.5,,,,,
dataflow,ESTAT:ILC_MDDW02$DEFAULTVIEW(1.0),"Pollution, grime or other environmental problems",A,Annual,TOTAL,Total,TOTAL,Total,PC,Percentage,LV,Latvia,2012,,22.0,,,,,
dataflow,ESTAT:ILC_MDDW02$DEFAULTVIEW(1.0),"Pollution, grime or other environmental problems",A,Annual,TOTAL,Total,TOTAL,Total,PC,Percentage,LV,Latvia,2013,,18.5,,,,,
dataflow,ESTAT:ILC_MDDW02$DEFAULTVIEW(1.0),"Pollution, grime or other environmental problems",A,Annual,TOTAL,Total,TOTAL,Total,PC,Percentage,LV,Latvia,2014,,20.3,,,,,
dataflow,ESTAT:ILC_MDDW02$DEFAULTVIEW(1.0),"Pollution, grime or other environmental problems",A,Annual,TOTAL,Total,TOTAL,Total,PC,Percentage,LV,Latvia,2015,,17.9,,,,,
dataflow,ESTAT:ILC_MDDW02$DEFAULTVIEW(1.0),"Pollution, grime or other environmental problems",A,Annual,TOTAL,Total,TOTAL,Total,PC,Percentage,LV,Latvia,2016,,17.2,,,,,
dataflow,ESTAT:ILC_MDDW02$DEFAULTVIEW(1.0),"Pollution, grime or other environmental problems",A,Annual,TOTAL,Total,TOTAL,Total,PC,Percentage,LV,Latvia,2017,,18.4,,,,,
dataflow,ESTAT:ILC_MDDW02$DEFAULTVIEW(1.0),"Pollution, grime or other environmental problems",A,Annual,TOTAL,Total,TOTAL,Total,PC,Percentage,LV,Latvia,2018,,19.1,,,,,
dataflow,ESTAT:ILC_MDDW02$DEFAULTVIEW(1.0),"Pollution, grime or other environmental problems",A,Annual,TOTAL,Total,TOTAL,Total,PC,Percentage,LV,Latvia,2019,,18.3,,,,,
dataflow,ESTAT:ILC_MDDW02$DEFAULTVIEW(1.0),"Pollution, grime or other environmental problems",A,Annual,TOTAL,Total,TOTAL,Total,PC,Percentage,LV,Latvia,2020,,15.7,,,,,
dataflow,ESTAT:ILC_MDDW02$DEFAULTVIEW(1.0),"Pollution, grime or other environmental problems",A,Annual,TOTAL,Total,TOTAL,Total,PC,Percentage,LV,Latvia,2023,,15.4,,,,,
dataflow,ESTAT:ILC_MDDW02$DEFAULTVIEW(1.0),"Pollution, grime or other environmental problems",A,Annual,TOTAL,Total,TOTAL,Total,PC,Percentage,ME,Montenegro,2013,,20.6,,,,,
dataflow,ESTAT:ILC_MDDW02$DEFAULTVIEW(1.0),"Pollution, grime or other environmental problems",A,Annual,TOTAL,Total,TOTAL,Total,PC,Percentage,ME,Montenegro,2014,,20.3,,,,,
dataflow,ESTAT:ILC_MDDW02$DEFAULTVIEW(1.0),"Pollution, grime or other environmental problems",A,Annual,TOTAL,Total,TOTAL,Total,PC,Percentage,ME,Montenegro,2015,,18.6,,,,,
dataflow,ESTAT:ILC_MDDW02$DEFAULTVIEW(1.0),"Pollution, grime or other environmental problems",A,Annual,TOTAL,Total,TOTAL,Total,PC,Percentage,ME,Montenegro,2016,,16.2,,,,,
dataflow,ESTAT:ILC_MDDW02$DEFAULTVIEW(1.0),"Pollution, grime or other environmental problems",A,Annual,TOTAL,Total,TOTAL,Total,PC,Percentage,ME,Montenegro,2017,,13.6,,,,,
dataflow,ESTAT:ILC_MDDW02$DEFAULTVIEW(1.0),"Pollution, grime or other environmental problems",A,Annual,TOTAL,Total,TOTAL,Total,PC,Percentage,ME,Montenegro,2018,,16.7,,,,,
dataflow,ESTAT:ILC_MDDW02$DEFAULTVIEW(1.0),"Pollution, grime or other environmental problems",A,Annual,TOTAL,Total,TOTAL,Total,PC,Percentage,ME,Montenegro,2019,,17.4,,,,,
dataflow,ESTAT:ILC_MDDW02$DEFAULTVIEW(1.0),"Pollution, grime or other environmental problems",A,Annual,TOTAL,Total,TOTAL,Total,PC,Percentage,ME,Montenegro,2020,,12.8,,,,,
dataflow,ESTAT:ILC_MDDW02$DEFAULTVIEW(1.0),"Pollution, grime or other environmental problems",A,Annual,TOTAL,Total,TOTAL,Total,PC,Percentage,ME,Montenegro,2023,,8.5,,,,,
dataflow,ESTAT:ILC_MDDW02$DEFAULTVIEW(1.0),"Pollution, grime or other environmental problems",A,Annual,TOTAL,Total,TOTAL,Total,PC,Percentage,MK,North Macedonia,2012,,12.1,,,,,
dataflow,ESTAT:ILC_MDDW02$DEFAULTVIEW(1.0),"Pollution, grime or other environmental problems",A,Annual,TOTAL,Total,TOTAL,Total,PC,Percentage,MK,North Macedonia,2013,,13.8,,,,,
dataflow,ESTAT:ILC_MDDW02$DEFAULTVIEW(1.0),"Pollution, grime or other environmental problems",A,Annual,TOTAL,Total,TOTAL,Total,PC,Percentage,MK,North Macedonia,2014,,14.3,,,,,
dataflow,ESTAT:ILC_MDDW02$DEFAULTVIEW(1.0),"Pollution, grime or other environmental problems",A,Annual,TOTAL,Total,TOTAL,Total,PC,Percentage,MK,North Macedonia,2015,,11.5,,,,,
dataflow,ESTAT:ILC_MDDW02$DEFAULTVIEW(1.0),"Pollution, grime or other environmental problems",A,Annual,TOTAL,Total,TOTAL,Total,PC,Percentage,MK,North Macedonia,2016,,9.0,,,,,
dataflow,ESTAT:ILC_MDDW02$DEFAULTVIEW(1.0),"Pollution, grime or other environmental problems",A,Annual,TOTAL,Total,TOTAL,Total,PC,Percentage,MK,North Macedonia,2017,,8.0,,,,,
dataflow,ESTAT:ILC_MDDW02$DEFAULTVIEW(1.0),"Pollution, grime or other environmental problems",A,Annual,TOTAL,Total,TOTAL,Total,PC,Percentage,MK,North Macedonia,2018,,9.9,,,,,
dataflow,ESTAT:ILC_MDDW02$DEFAULTVIEW(1.0),"Pollution, grime or other environmental problems",A,Annual,TOTAL,Total,TOTAL,Total,PC,Percentage,MK,North Macedonia,2019,,13.9,,,,,
dataflow,ESTAT:ILC_MDDW02$DEFAULTVIEW(1.0),"Pollution, grime or other environmental problems",A,Annual,TOTAL,Total,TOTAL,Total,PC,Percentage,MK,North Macedonia,2020,,10.6,,,,,
dataflow,ESTAT:ILC_MDDW02$DEFAULTVIEW(1.0),"Pollution, grime or other environmental problems",A,Annual,TOTAL,Total,TOTAL,Total,PC,Percentage,MK,North Macedonia,2023,,12.6,,,,,
dataflow,ESTAT:ILC_MDDW02$DEFAULTVIEW(1.0),"Pollution, grime or other environmental problems",A,Annual,TOTAL,Total,TOTAL,Total,PC,Percentage,MT,Malta,2012,,39.6,,,,,
dataflow,ESTAT:ILC_MDDW02$DEFAULTVIEW(1.0),"Pollution, grime or other environmental problems",A,Annual,TOTAL,Total,TOTAL,Total,PC,Percentage,MT,Malta,2013,,40.2,,,,,
dataflow,ESTAT:ILC_MDDW02$DEFAULTVIEW(1.0),"Pollution, grime or other environmental problems",A,Annual,TOTAL,Total,TOTAL,Total,PC,Percentage,MT,Malta,2014,,37.4,,,,,
dataflow,ESTAT:ILC_MDDW02$DEFAULTVIEW(1.0),"Pollution, grime or other environmental problems",A,Annual,TOTAL,Total,TOTAL,Total,PC,Percentage,MT,Malta,2015,,32.4,,,,,
dataflow,ESTAT:ILC_MDDW02$DEFAULTVIEW(1.0),"Pollution, grime or other environmental problems",A,Annual,TOTAL,Total,TOTAL,Total,PC,Percentage,MT,Malta,2016,,30.2,,,,,
dataflow,ESTAT:ILC_MDDW02$DEFAULTVIEW(1.0),"Pollution, grime or other environmental problems",A,Annual,TOTAL,Total,TOTAL,Total,PC,Percentage,MT,Malta,2017,,26.5,,,,,
dataflow,ESTAT:ILC_MDDW02$DEFAULTVIEW(1.0),"Pollution, grime or other environmental problems",A,Annual,TOTAL,Total,TOTAL,Total,PC,Percentage,MT,Malta,2018,,29.7,,,,,
dataflow,ESTAT:ILC_MDDW02$DEFAULTVIEW(1.0),"Pollution, grime or other environmental problems",A,Annual,TOTAL,Total,TOTAL,Total,PC,Percentage,MT,Malta,2019,,33.9,,,,,
dataflow,ESTAT:ILC_MDDW02$DEFAULTVIEW(1.0),"Pollution, grime or other environmental problems",A,Annual,TOTAL,Total,TOTAL,Total,PC,Percentage,MT,Malta,2020,,31.6,,,,,
dataflow,ESTAT:ILC_MDDW02$DEFAULTVIEW(1.0),"Pollution, grime or other environmental problems",A,Annual,TOTAL,Total,TOTAL,Total,PC,Percentage,MT,Malta,2023,,34.7,,,,,
dataflow,ESTAT:ILC_MDDW02$DEFAULTVIEW(1.0),"Pollution, grime or other environmental problems",A,Annual,TOTAL,Total,TOTAL,Total,PC,Percentage,NL,Netherlands,2012,,14.0,,,,,
dataflow,ESTAT:ILC_MDDW02$DEFAULTVIEW(1.0),"Pollution, grime or other environmental problems",A,Annual,TOTAL,Total,TOTAL,Total,PC,Percentage,NL,Netherlands,2013,,14.6,,,,,
dataflow,ESTAT:ILC_MDDW02$DEFAULTVIEW(1.0),"Pollution, grime or other environmental problems",A,Annual,TOTAL,Total,TOTAL,Total,PC,Percentage,NL,Netherlands,2014,,15.0,,,,,
dataflow,ESTAT:ILC_MDDW02$DEFAULTVIEW(1.0),"Pollution, grime or other environmental problems",A,Annual,TOTAL,Total,TOTAL,Total,PC,Percentage,NL,Netherlands,2015,,13.2,,,,,
dataflow,ESTAT:ILC_MDDW02$DEFAULTVIEW(1.0),"Pollution, grime or other environmental problems",A,Annual,TOTAL,Total,TOTAL,Total,PC,Percentage,NL,Netherlands,2016,,13.2,,b,break in time series,,
dataflow,ESTAT:ILC_MDDW02$DEFAULTVIEW(1.0),"Pollution, grime or other environmental problems",A,Annual,TOTAL,Total,TOTAL,Total,PC,Percentage,NL,Netherlands,2017,,12.9,,,,,
dataflow,ESTAT:ILC_MDDW02$DEFAULTVIEW(1.0),"Pollution, grime or other environmental problems",A,Annual,TOTAL,Total,TOTAL,Total,PC,Percentage,NL,Netherlands,2018,,16.0,,,,,
dataflow,ESTAT:ILC_MDDW02$DEFAULTVIEW(1.0),"Pollution, grime or other environmental problems",A,Annual,TOTAL,Total,TOTAL,Total,PC,Percentage,NL,Netherlands,2019,,14.9,,,,,
dataflow,ESTAT:ILC_MDDW02$DEFAULTVIEW(1.0),"Pollution, grime or other environmental problems",A,Annual,TOTAL,Total,TOTAL,Total,PC,Percentage,NL,Netherlands,2020,,14.2,,,,,
dataflow,ESTAT:ILC_MDDW02$DEFAULTVIEW(1.0),"Pollution, grime or other environmental problems",A,Annual,TOTAL,Total,TOTAL,Total,PC,Percentage,NL,Netherlands,2023,,14.7,,,,,
dataflow,ESTAT:ILC_MDDW02$DEFAULTVIEW(1.0),"Pollution, grime or other environmental problems",A,Annual,TOTAL,Total,TOTAL,Total,PC,Percentage,NO,Norway,2012,,9.6,,,,,
dataflow,ESTAT:ILC_MDDW02$DEFAULTVIEW(1.0),"Pollution, grime or other environmental problems",A,Annual,TOTAL,Total,TOTAL,Total,PC,Percentage,NO,Norway,2013,,7.6,,,,,
dataflow,ESTAT:ILC_MDDW02$DEFAULTVIEW(1.0),"Pollution, grime or other environmental problems",A,Annual,TOTAL,Total,TOTAL,Total,PC,Percentage,NO,Norway,2014,,6.9,,,,,
dataflow,ESTAT:ILC_MDDW02$DEFAULTVIEW(1.0),"Pollution, grime or other environmental problems",A,Annual,TOTAL,Total,TOTAL,Total,PC,Percentage,NO,Norway,2015,,9.4,,,,,
dataflow,ESTAT:ILC_MDDW02$DEFAULTVIEW(1.0),"Pollution, grime or other environmental problems",A,Annual,TOTAL,Total,TOTAL,Total,PC,Percentage,NO,Norway,2016,,6.8,,,,,
dataflow,ESTAT:ILC_MDDW02$DEFAULTVIEW(1.0),"Pollution, grime or other environmental problems",A,Annual,TOTAL,Total,TOTAL,Total,PC,Percentage,NO,Norway,2017,,7.1,,,,,
dataflow,ESTAT:ILC_MDDW02$DEFAULTVIEW(1.0),"Pollution, grime or other environmental problems",A,Annual,TOTAL,Total,TOTAL,Total,PC,Percentage,NO,Norway,2018,,8.7,,,,,
dataflow,ESTAT:ILC_MDDW02$DEFAULTVIEW(1.0),"Pollution, grime or other environmental problems",A,Annual,TOTAL,Total,TOTAL,Total,PC,Percentage,NO,Norway,2019,,7.7,,,,,
dataflow,ESTAT:ILC_MDDW02$DEFAULTVIEW(1.0),"Pollution, grime or other environmental problems",A,Annual,TOTAL,Total,TOTAL,Total,PC,Percentage,NO,Norway,2020,,7.9,,,,,
dataflow,ESTAT:ILC_MDDW02$DEFAULTVIEW(1.0),"Pollution, grime or other environmental problems",A,Annual,TOTAL,Total,TOTAL,Total,PC,Percentage,NO,Norway,2023,,9.5,,,,,
dataflow,ESTAT:ILC_MDDW02$DEFAULTVIEW(1.0),"Pollution, grime or other environmental problems",A,Annual,TOTAL,Total,TOTAL,Total,PC,Percentage,PL,Poland,2012,,11.0,,,,,
dataflow,ESTAT:ILC_MDDW02$DEFAULTVIEW(1.0),"Pollution, grime or other environmental problems",A,Annual,TOTAL,Total,TOTAL,Total,PC,Percentage,PL,Poland,2013,,11.0,,,,,
dataflow,ESTAT:ILC_MDDW02$DEFAULTVIEW(1.0),"Pollution, grime or other environmental problems",A,Annual,TOTAL,Total,TOTAL,Total,PC,Percentage,PL,Poland,2014,,11.5,,,,,
dataflow,ESTAT:ILC_MDDW02$DEFAULTVIEW(1.0),"Pollution, grime or other environmental problems",A,Annual,TOTAL,Total,TOTAL,Total,PC,Percentage,PL,Poland,2015,,10.5,,,,,
dataflow,ESTAT:ILC_MDDW02$DEFAULTVIEW(1.0),"Pollution, grime or other environmental problems",A,Annual,TOTAL,Total,TOTAL,Total,PC,Percentage,PL,Poland,2016,,11.4,,,,,
dataflow,ESTAT:ILC_MDDW02$DEFAULTVIEW(1.0),"Pollution, grime or other environmental problems",A,Annual,TOTAL,Total,TOTAL,Total,PC,Percentage,PL,Poland,2017,,12.6,,,,,
dataflow,ESTAT:ILC_MDDW02$DEFAULTVIEW(1.0),"Pollution, grime or other environmental problems",A,Annual,TOTAL,Total,TOTAL,Total,PC,Percentage,PL,Poland,2018,,14.5,,,,,
dataflow,ESTAT:ILC_MDDW02$DEFAULTVIEW(1.0),"Pollution, grime or other environmental problems",A,Annual,TOTAL,Total,TOTAL,Total,PC,Percentage,PL,Poland,2019,,13.8,,,,,
dataflow,ESTAT:ILC_MDDW02$DEFAULTVIEW(1.0),"Pollution, grime or other environmental problems",A,Annual,TOTAL,Total,TOTAL,Total,PC,Percentage,PL,Poland,2023,,7.1,,,,,
dataflow,ESTAT:ILC_MDDW02$DEFAULTVIEW(1.0),"Pollution, grime or other environmental problems",A,Annual,TOTAL,Total,TOTAL,Total,PC,Percentage,PT,Portugal,2012,,14.9,,,,,
dataflow,ESTAT:ILC_MDDW02$DEFAULTVIEW(1.0),"Pollution, grime or other environmental problems",A,Annual,TOTAL,Total,TOTAL,Total,PC,Percentage,PT,Portugal,2013,,14.8,,,,,
dataflow,ESTAT:ILC_MDDW02$DEFAULTVIEW(1.0),"Pollution, grime or other environmental problems",A,Annual,TOTAL,Total,TOTAL,Total,PC,Percentage,PT,Portugal,2014,,13.7,,,,,
dataflow,ESTAT:ILC_MDDW02$DEFAULTVIEW(1.0),"Pollution, grime or other environmental problems",A,Annual,TOTAL,Total,TOTAL,Total,PC,Percentage,PT,Portugal,2015,,14.2,,,,,
dataflow,ESTAT:ILC_MDDW02$DEFAULTVIEW(1.0),"Pollution, grime or other environmental problems",A,Annual,TOTAL,Total,TOTAL,Total,PC,Percentage,PT,Portugal,2016,,13.1,,,,,
dataflow,ESTAT:ILC_MDDW02$DEFAULTVIEW(1.0),"Pollution, grime or other environmental problems",A,Annual,TOTAL,Total,TOTAL,Total,PC,Percentage,PT,Portugal,2017,,13.2,,,,,
dataflow,ESTAT:ILC_MDDW02$DEFAULTVIEW(1.0),"Pollution, grime or other environmental problems",A,Annual,TOTAL,Total,TOTAL,Total,PC,Percentage,PT,Portugal,2018,,12.9,,,,,
dataflow,ESTAT:ILC_MDDW02$DEFAULTVIEW(1.0),"Pollution, grime or other environmental problems",A,Annual,TOTAL,Total,TOTAL,Total,PC,Percentage,PT,Portugal,2019,,13.5,,,,,
dataflow,ESTAT:ILC_MDDW02$DEFAULTVIEW(1.0),"Pollution, grime or other environmental problems",A,Annual,TOTAL,Total,TOTAL,Total,PC,Percentage,PT,Portugal,2020,,13.2,,,,,
dataflow,ESTAT:ILC_MDDW02$DEFAULTVIEW(1.0),"Pollution, grime or other environmental problems",A,Annual,TOTAL,Total,TOTAL,Total,PC,Percentage,PT,Portugal,2023,,15.3,,,,,
dataflow,ESTAT:ILC_MDDW02$DEFAULTVIEW(1.0),"Pollution, grime or other environmental problems",A,Annual,TOTAL,Total,TOTAL,Total,PC,Percentage,RO,Romania,2012,,17.4,,,,,
dataflow,ESTAT:ILC_MDDW02$DEFAULTVIEW(1.0),"Pollution, grime or other environmental problems",A,Annual,TOTAL,Total,TOTAL,Total,PC,Percentage,RO,Romania,2013,,17.4,,,,,
dataflow,ESTAT:ILC_MDDW02$DEFAULTVIEW(1.0),"Pollution, grime or other environmental problems",A,Annual,TOTAL,Total,TOTAL,Total,PC,Percentage,RO,Romania,2014,,16.1,,,,,
dataflow,ESTAT:ILC_MDDW02$DEFAULTVIEW(1.0),"Pollution, grime or other environmental problems",A,Annual,TOTAL,Total,TOTAL,Total,PC,Percentage,RO,Romania,2015,,15.3,,,,,
dataflow,ESTAT:ILC_MDDW02$DEFAULTVIEW(1.0),"Pollution, grime or other environmental problems",A,Annual,TOTAL,Total,TOTAL,Total,PC,Percentage,RO,Romania,2016,,14.5,,,,,
dataflow,ESTAT:ILC_MDDW02$DEFAULTVIEW(1.0),"Pollution, grime or other environmental problems",A,Annual,TOTAL,Total,TOTAL,Total,PC,Percentage,RO,Romania,2017,,14.6,,,,,
dataflow,ESTAT:ILC_MDDW02$DEFAULTVIEW(1.0),"Pollution, grime or other environmental problems",A,Annual,TOTAL,Total,TOTAL,Total,PC,Percentage,RO,Romania,2018,,14.8,,,,,
dataflow,ESTAT:ILC_MDDW02$DEFAULTVIEW(1.0),"Pollution, grime or other environmental problems",A,Annual,TOTAL,Total,TOTAL,Total,PC,Percentage,RO,Romania,2019,,13.5,,,,,
dataflow,ESTAT:ILC_MDDW02$DEFAULTVIEW(1.0),"Pollution, grime or other environmental problems",A,Annual,TOTAL,Total,TOTAL,Total,PC,Percentage,RO,Romania,2020,,12.3,,,,,
dataflow,ESTAT:ILC_MDDW02$DEFAULTVIEW(1.0),"Pollution, grime or other environmental problems",A,Annual,TOTAL,Total,TOTAL,Total,PC,Percentage,RO,Romania,2023,,11.7,,,,,
dataflow,ESTAT:ILC_MDDW02$DEFAULTVIEW(1.0),"Pollution, grime or other environmental problems",A,Annual,TOTAL,Total,TOTAL,Total,PC,Percentage,RS,Serbia,2013,,18.7,,,,,
dataflow,ESTAT:ILC_MDDW02$DEFAULTVIEW(1.0),"Pollution, grime or other environmental problems",A,Annual,TOTAL,Total,TOTAL,Total,PC,Percentage,RS,Serbia,2014,,15.3,,,,,
dataflow,ESTAT:ILC_MDDW02$DEFAULTVIEW(1.0),"Pollution, grime or other environmental problems",A,Annual,TOTAL,Total,TOTAL,Total,PC,Percentage,RS,Serbia,2015,,14.0,,,,,
dataflow,ESTAT:ILC_MDDW02$DEFAULTVIEW(1.0),"Pollution, grime or other environmental problems",A,Annual,TOTAL,Total,TOTAL,Total,PC,Percentage,RS,Serbia,2016,,15.2,,,,,
dataflow,ESTAT:ILC_MDDW02$DEFAULTVIEW(1.0),"Pollution, grime or other environmental problems",A,Annual,TOTAL,Total,TOTAL,Total,PC,Percentage,RS,Serbia,2017,,12.4,,,,,
dataflow,ESTAT:ILC_MDDW02$DEFAULTVIEW(1.0),"Pollution, grime or other environmental problems",A,Annual,TOTAL,Total,TOTAL,Total,PC,Percentage,RS,Serbia,2018,,12.0,,,,,
dataflow,ESTAT:ILC_MDDW02$DEFAULTVIEW(1.0),"Pollution, grime or other environmental problems",A,Annual,TOTAL,Total,TOTAL,Total,PC,Percentage,RS,Serbia,2019,,13.8,,,,,
dataflow,ESTAT:ILC_MDDW02$DEFAULTVIEW(1.0),"Pollution, grime or other environmental problems",A,Annual,TOTAL,Total,TOTAL,Total,PC,Percentage,RS,Serbia,2020,,16.9,,,,,
dataflow,ESTAT:ILC_MDDW02$DEFAULTVIEW(1.0),"Pollution, grime or other environmental problems",A,Annual,TOTAL,Total,TOTAL,Total,PC,Percentage,RS,Serbia,2023,,13.8,,,,,
dataflow,ESTAT:ILC_MDDW02$DEFAULTVIEW(1.0),"Pollution, grime or other environmental problems",A,Annual,TOTAL,Total,TOTAL,Total,PC,Percentage,SE,Sweden,2012,,8.0,,,,,
dataflow,ESTAT:ILC_MDDW02$DEFAULTVIEW(1.0),"Pollution, grime or other environmental problems",A,Annual,TOTAL,Total,TOTAL,Total,PC,Percentage,SE,Sweden,2013,,8.0,,,,,
dataflow,ESTAT:ILC_MDDW02$DEFAULTVIEW(1.0),"Pollution, grime or other environmental problems",A,Annual,TOTAL,Total,TOTAL,Total,PC,Percentage,SE,Sweden,2014,,8.1,,,,,
dataflow,ESTAT:ILC_MDDW02$DEFAULTVIEW(1.0),"Pollution, grime or other environmental problems",A,Annual,TOTAL,Total,TOTAL,Total,PC,Percentage,SE,Sweden,2015,,7.6,,,,,
dataflow,ESTAT:ILC_MDDW02$DEFAULTVIEW(1.0),"Pollution, grime or other environmental problems",A,Annual,TOTAL,Total,TOTAL,Total,PC,Percentage,SE,Sweden,2016,,6.3,,,,,
dataflow,ESTAT:ILC_MDDW02$DEFAULTVIEW(1.0),"Pollution, grime or other environmental problems",A,Annual,TOTAL,Total,TOTAL,Total,PC,Percentage,SE,Sweden,2017,,6.8,,,,,
dataflow,ESTAT:ILC_MDDW02$DEFAULTVIEW(1.0),"Pollution, grime or other environmental problems",A,Annual,TOTAL,Total,TOTAL,Total,PC,Percentage,SE,Sweden,2018,,6.4,,,,,
dataflow,ESTAT:ILC_MDDW02$DEFAULTVIEW(1.0),"Pollution, grime or other environmental problems",A,Annual,TOTAL,Total,TOTAL,Total,PC,Percentage,SE,Sweden,2019,,6.6,,,,,
dataflow,ESTAT:ILC_MDDW02$DEFAULTVIEW(1.0),"Pollution, grime or other environmental problems",A,Annual,TOTAL,Total,TOTAL,Total,PC,Percentage,SE,Sweden,2020,,5.9,,,,,
dataflow,ESTAT:ILC_MDDW02$DEFAULTVIEW(1.0),"Pollution, grime or other environmental problems",A,Annual,TOTAL,Total,TOTAL,Total,PC,Percentage,SE,Sweden,2023,,5.0,,,,,
dataflow,ESTAT:ILC_MDDW02$DEFAULTVIEW(1.0),"Pollution, grime or other environmental problems",A,Annual,TOTAL,Total,TOTAL,Total,PC,Percentage,SI,Slovenia,2012,,16.0,,,,,
dataflow,ESTAT:ILC_MDDW02$DEFAULTVIEW(1.0),"Pollution, grime or other environmental problems",A,Annual,TOTAL,Total,TOTAL,Total,PC,Percentage,SI,Slovenia,2013,,15.3,,,,,
dataflow,ESTAT:ILC_MDDW02$DEFAULTVIEW(1.0),"Pollution, grime or other environmental problems",A,Annual,TOTAL,Total,TOTAL,Total,PC,Percentage,SI,Slovenia,2014,,15.7,,,,,
dataflow,ESTAT:ILC_MDDW02$DEFAULTVIEW(1.0),"Pollution, grime or other environmental problems",A,Annual,TOTAL,Total,TOTAL,Total,PC,Percentage,SI,Slovenia,2015,,15.8,,,,,
dataflow,ESTAT:ILC_MDDW02$DEFAULTVIEW(1.0),"Pollution, grime or other environmental problems",A,Annual,TOTAL,Total,TOTAL,Total,PC,Percentage,SI,Slovenia,2016,,15.9,,,,,
dataflow,ESTAT:ILC_MDDW02$DEFAULTVIEW(1.0),"Pollution, grime or other environmental problems",A,Annual,TOTAL,Total,TOTAL,Total,PC,Percentage,SI,Slovenia,2017,,16.8,,,,,
dataflow,ESTAT:ILC_MDDW02$DEFAULTVIEW(1.0),"Pollution, grime or other environmental problems",A,Annual,TOTAL,Total,TOTAL,Total,PC,Percentage,SI,Slovenia,2018,,16.4,,,,,
dataflow,ESTAT:ILC_MDDW02$DEFAULTVIEW(1.0),"Pollution, grime or other environmental problems",A,Annual,TOTAL,Total,TOTAL,Total,PC,Percentage,SI,Slovenia,2019,,16.2,,,,,
dataflow,ESTAT:ILC_MDDW02$DEFAULTVIEW(1.0),"Pollution, grime or other environmental problems",A,Annual,TOTAL,Total,TOTAL,Total,PC,Percentage,SI,Slovenia,2020,,15.5,,,,,
dataflow,ESTAT:ILC_MDDW02$DEFAULTVIEW(1.0),"Pollution, grime or other environmental problems",A,Annual,TOTAL,Total,TOTAL,Total,PC,Percentage,SI,Slovenia,2023,,14.9,,,,,
dataflow,ESTAT:ILC_MDDW02$DEFAULTVIEW(1.0),"Pollution, grime or other environmental problems",A,Annual,TOTAL,Total,TOTAL,Total,PC,Percentage,SK,Slovakia,2012,,15.1,,,,,
dataflow,ESTAT:ILC_MDDW02$DEFAULTVIEW(1.0),"Pollution, grime or other environmental problems",A,Annual,TOTAL,Total,TOTAL,Total,PC,Percentage,SK,Slovakia,2013,,14.7,,,,,
dataflow,ESTAT:ILC_MDDW02$DEFAULTVIEW(1.0),"Pollution, grime or other environmental problems",A,Annual,TOTAL,Total,TOTAL,Total,PC,Percentage,SK,Slovakia,2014,,12.2,,,,,
dataflow,ESTAT:ILC_MDDW02$DEFAULTVIEW(1.0),"Pollution, grime or other environmental problems",A,Annual,TOTAL,Total,TOTAL,Total,PC,Percentage,SK,Slovakia,2015,,11.2,,,,,
dataflow,ESTAT:ILC_MDDW02$DEFAULTVIEW(1.0),"Pollution, grime or other environmental problems",A,Annual,TOTAL,Total,TOTAL,Total,PC,Percentage,SK,Slovakia,2016,,9.3,,,,,
dataflow,ESTAT:ILC_MDDW02$DEFAULTVIEW(1.0),"Pollution, grime or other environmental problems",A,Annual,TOTAL,Total,TOTAL,Total,PC,Percentage,SK,Slovakia,2017,,10.7,,,,,
dataflow,ESTAT:ILC_MDDW02$DEFAULTVIEW(1.0),"Pollution, grime or other environmental problems",A,Annual,TOTAL,Total,TOTAL,Total,PC,Percentage,SK,Slovakia,2018,,9.6,,,,,
dataflow,ESTAT:ILC_MDDW02$DEFAULTVIEW(1.0),"Pollution, grime or other environmental problems",A,Annual,TOTAL,Total,TOTAL,Total,PC,Percentage,SK,Slovakia,2019,,9.5,,,,,
dataflow,ESTAT:ILC_MDDW02$DEFAULTVIEW(1.0),"Pollution, grime or other environmental problems",A,Annual,TOTAL,Total,TOTAL,Total,PC,Percentage,SK,Slovakia,2020,,9.8,,,,,
dataflow,ESTAT:ILC_MDDW02$DEFAULTVIEW(1.0),"Pollution, grime or other environmental problems",A,Annual,TOTAL,Total,TOTAL,Total,PC,Percentage,SK,Slovakia,2023,,5.8,,,,,
dataflow,ESTAT:ILC_MDDW02$DEFAULTVIEW(1.0),"Pollution, grime or other environmental problems",A,Annual,TOTAL,Total,TOTAL,Total,PC,Percentage,TR,Türkiye,2012,,25.5,,,,,
dataflow,ESTAT:ILC_MDDW02$DEFAULTVIEW(1.0),"Pollution, grime or other environmental problems",A,Annual,TOTAL,Total,TOTAL,Total,PC,Percentage,TR,Türkiye,2013,,24.3,,,,,
dataflow,ESTAT:ILC_MDDW02$DEFAULTVIEW(1.0),"Pollution, grime or other environmental problems",A,Annual,TOTAL,Total,TOTAL,Total,PC,Percentage,TR,Türkiye,2014,,24.4,,,,,
dataflow,ESTAT:ILC_MDDW02$DEFAULTVIEW(1.0),"Pollution, grime or other environmental problems",A,Annual,TOTAL,Total,TOTAL,Total,PC,Percentage,TR,Türkiye,2015,,24.2,,,,,
dataflow,ESTAT:ILC_MDDW02$DEFAULTVIEW(1.0),"Pollution, grime or other environmental problems",A,Annual,TOTAL,Total,TOTAL,Total,PC,Percentage,TR,Türkiye,2016,,24.5,,,,,
dataflow,ESTAT:ILC_MDDW02$DEFAULTVIEW(1.0),"Pollution, grime or other environmental problems",A,Annual,TOTAL,Total,TOTAL,Total,PC,Percentage,TR,Türkiye,2017,,22.9,,,,,
dataflow,ESTAT:ILC_MDDW02$DEFAULTVIEW(1.0),"Pollution, grime or other environmental problems",A,Annual,TOTAL,Total,TOTAL,Total,PC,Percentage,TR,Türkiye,2018,,24.8,,,,,
dataflow,ESTAT:ILC_MDDW02$DEFAULTVIEW(1.0),"Pollution, grime or other environmental problems",A,Annual,TOTAL,Total,TOTAL,Total,PC,Percentage,TR,Türkiye,2019,,26.1,,,,,
dataflow,ESTAT:ILC_MDDW02$DEFAULTVIEW(1.0),"Pollution, grime or other environmental problems",A,Annual,TOTAL,Total,TOTAL,Total,PC,Percentage,TR,Türkiye,2020,,22.6,,,,,
dataflow,ESTAT:ILC_MDDW02$DEFAULTVIEW(1.0),"Pollution, grime or other environmental problems",A,Annual,TOTAL,Total,TOTAL,Total,PC,Percentage,TR,Türkiye,2023,,19.8,,,,,
dataflow,ESTAT:ILC_MDDW02$DEFAULTVIEW(1.0),"Pollution, grime or other environmental problems",A,Annual,TOTAL,Total,TOTAL,Total,PC,Percentage,UK,United Kingdom,2012,,8.3,,b,break in time series,,
dataflow,ESTAT:ILC_MDDW02$DEFAULTVIEW(1.0),"Pollution, grime or other environmental problems",A,Annual,TOTAL,Total,TOTAL,Total,PC,Percentage,UK,United Kingdom,2013,,8.3,,,,,
dataflow,ESTAT:ILC_MDDW02$DEFAULTVIEW(1.0),"Pollution, grime or other environmental problems",A,Annual,TOTAL,Total,TOTAL,Total,PC,Percentage,UK,United Kingdom,2014,,7.5,,,,,
dataflow,ESTAT:ILC_MDDW02$DEFAULTVIEW(1.0),"Pollution, grime or other environmental problems",A,Annual,TOTAL,Total,TOTAL,Total,PC,Percentage,UK,United Kingdom,2015,,8.5,,,,,
dataflow,ESTAT:ILC_MDDW02$DEFAULTVIEW(1.0),"Pollution, grime or other environmental problems",A,Annual,TOTAL,Total,TOTAL,Total,PC,Percentage,UK,United Kingdom,2016,,9.0,,,,,
dataflow,ESTAT:ILC_MDDW02$DEFAULTVIEW(1.0),"Pollution, grime or other environmental problems",A,Annual,TOTAL,Total,TOTAL,Total,PC,Percentage,UK,United Kingdom,2017,,11.4,,bu,"break in time series, low reliability",,
dataflow,ESTAT:ILC_MDDW02$DEFAULTVIEW(1.0),"Pollution, grime or other environmental problems",A,Annual,TOTAL,Total,TOTAL,Total,PC,Percentage,UK,United Kingdom,2018,,14.0,,u,low reliability,,
dataflow,ESTAT:ILC_MDDW02$DEFAULTVIEW(1.0),"Pollution, grime or other environmental problems",A,Annual,TOTAL,Total,TOTAL,Total,PC,Percentage,XK,Kosovo*,2018,,12.9,,,,,
