STRUCTURE,STRUCTURE_ID,STRUCTURE_NAME,freq,Time frequency,sex,Sex,unit,Unit of measure,statinfo,Statistical information,rskpovth,Risk of poverty threshold,age,Age class,geo,Geopolitical entity (reporting),TIME_PERIOD,Time,OBS_VALUE,Observation value,OBS_FLAG,Observation status (Flag) V2 structure,CONF_STATUS,Confidentiality status (flag)
dataflow,ESTAT:TIPSLC20(1.0),People at risk of poverty after social transfer,A,Annual,T,Total,PC,Percentage,MED_EI,Median equivalised income,B_60,Below 60%,TOTAL,Total,AT,Austria,1995,,13.0,,,,,
dataflow,ESTAT:TIPSLC20(1.0),People at risk of poverty after social transfer,A,Annual,T,Total,PC,Percentage,MED_EI,Median equivalised income,B_60,Below 60%,TOTAL,Total,AT,Austria,1996,,14.0,,,,,
dataflow,ESTAT:TIPSLC20(1.0),People at risk of poverty after social transfer,A,Annual,T,Total,PC,Percentage,MED_EI,Median equivalised income,B_60,Below 60%,TOTAL,Total,AT,Austria,1997,,13.0,,,,,
dataflow,ESTAT:TIPSLC20(1.0),People at risk of poverty after social transfer,A,Annual,T,Total,PC,Percentage,MED_EI,Median equivalised income,B_60,Below 60%,TOTAL,Total,AT,Austria,1998,,13.0,,,,,
dataflow,ESTAT:TIPSLC20(1.0),People at risk of poverty after social transfer,A,Annual,T,Total,PC,Percentage,MED_EI,Median equivalised income,B_60,Below 60%,TOTAL,Total,AT,Austria,1999,,12.0,,,,,
dataflow,ESTAT:TIPSLC20(1.0),People at risk of poverty after social transfer,A,Annual,T,Total,PC,Percentage,MED_EI,Median equivalised income,B_60,Below 60%,TOTAL,Total,AT,Austria,2000,,12.0,,,,,
dataflow,ESTAT:TIPSLC20(1.0),People at risk of poverty after social transfer,A,Annual,T,Total,PC,Percentage,MED_EI,Median equivalised income,B_60,Below 60%,TOTAL,Total,AT,Austria,2001,,12.0,,,,,
dataflow,ESTAT:TIPSLC20(1.0),People at risk of poverty after social transfer,A,Annual,T,Total,PC,Percentage,MED_EI,Median equivalised income,B_60,Below 60%,TOTAL,Total,AT,Austria,2003,,13.2,,b,break in time series,,
dataflow,ESTAT:TIPSLC20(1.0),People at risk of poverty after social transfer,A,Annual,T,Total,PC,Percentage,MED_EI,Median equivalised income,B_60,Below 60%,TOTAL,Total,AT,Austria,2004,,13.0,,,,,
dataflow,ESTAT:TIPSLC20(1.0),People at risk of poverty after social transfer,A,Annual,T,Total,PC,Percentage,MED_EI,Median equivalised income,B_60,Below 60%,TOTAL,Total,AT,Austria,2005,,12.6,,,,,
dataflow,ESTAT:TIPSLC20(1.0),People at risk of poverty after social transfer,A,Annual,T,Total,PC,Percentage,MED_EI,Median equivalised income,B_60,Below 60%,TOTAL,Total,AT,Austria,2006,,12.6,,,,,
dataflow,ESTAT:TIPSLC20(1.0),People at risk of poverty after social transfer,A,Annual,T,Total,PC,Percentage,MED_EI,Median equivalised income,B_60,Below 60%,TOTAL,Total,AT,Austria,2007,,12.0,,,,,
dataflow,ESTAT:TIPSLC20(1.0),People at risk of poverty after social transfer,A,Annual,T,Total,PC,Percentage,MED_EI,Median equivalised income,B_60,Below 60%,TOTAL,Total,AT,Austria,2008,,15.2,,,,,
dataflow,ESTAT:TIPSLC20(1.0),People at risk of poverty after social transfer,A,Annual,T,Total,PC,Percentage,MED_EI,Median equivalised income,B_60,Below 60%,TOTAL,Total,AT,Austria,2009,,14.5,,,,,
dataflow,ESTAT:TIPSLC20(1.0),People at risk of poverty after social transfer,A,Annual,T,Total,PC,Percentage,MED_EI,Median equivalised income,B_60,Below 60%,TOTAL,Total,AT,Austria,2010,,14.7,,,,,
dataflow,ESTAT:TIPSLC20(1.0),People at risk of poverty after social transfer,A,Annual,T,Total,PC,Percentage,MED_EI,Median equivalised income,B_60,Below 60%,TOTAL,Total,AT,Austria,2011,,14.5,,,,,
dataflow,ESTAT:TIPSLC20(1.0),People at risk of poverty after social transfer,A,Annual,T,Total,PC,Percentage,MED_EI,Median equivalised income,B_60,Below 60%,TOTAL,Total,AT,Austria,2012,,14.4,,,,,
dataflow,ESTAT:TIPSLC20(1.0),People at risk of poverty after social transfer,A,Annual,T,Total,PC,Percentage,MED_EI,Median equivalised income,B_60,Below 60%,TOTAL,Total,AT,Austria,2013,,14.4,,,,,
dataflow,ESTAT:TIPSLC20(1.0),People at risk of poverty after social transfer,A,Annual,T,Total,PC,Percentage,MED_EI,Median equivalised income,B_60,Below 60%,TOTAL,Total,AT,Austria,2014,,14.1,,,,,
dataflow,ESTAT:TIPSLC20(1.0),People at risk of poverty after social transfer,A,Annual,T,Total,PC,Percentage,MED_EI,Median equivalised income,B_60,Below 60%,TOTAL,Total,AT,Austria,2015,,13.9,,,,,
dataflow,ESTAT:TIPSLC20(1.0),People at risk of poverty after social transfer,A,Annual,T,Total,PC,Percentage,MED_EI,Median equivalised income,B_60,Below 60%,TOTAL,Total,AT,Austria,2016,,14.1,,,,,
dataflow,ESTAT:TIPSLC20(1.0),People at risk of poverty after social transfer,A,Annual,T,Total,PC,Percentage,MED_EI,Median equivalised income,B_60,Below 60%,TOTAL,Total,AT,Austria,2017,,14.4,,,,,
dataflow,ESTAT:TIPSLC20(1.0),People at risk of poverty after social transfer,A,Annual,T,Total,PC,Percentage,MED_EI,Median equivalised income,B_60,Below 60%,TOTAL,Total,AT,Austria,2018,,14.3,,,,,
dataflow,ESTAT:TIPSLC20(1.0),People at risk of poverty after social transfer,A,Annual,T,Total,PC,Percentage,MED_EI,Median equivalised income,B_60,Below 60%,TOTAL,Total,AT,Austria,2019,,13.3,,,,,
dataflow,ESTAT:TIPSLC20(1.0),People at risk of poverty after social transfer,A,Annual,T,Total,PC,Percentage,MED_EI,Median equivalised income,B_60,Below 60%,TOTAL,Total,AT,Austria,2020,,13.9,,,,,
dataflow,ESTAT:TIPSLC20(1.0),People at risk of poverty after social transfer,A,Annual,T,Total,PC,Percentage,MED_EI,Median equivalised income,B_60,Below 60%,TOTAL,Total,AT,Austria,2021,,14.7,,,,,
dataflow,ESTAT:TIPSLC20(1.0),People at risk of poverty after social transfer,A,Annual,T,Total,PC,Percentage,MED_EI,Median equivalised income,B_60,Below 60%,TOTAL,Total,AT,Austria,2022,,14.8,,,,,
dataflow,ESTAT:TIPSLC20(1.0),People at risk of poverty after social transfer,A,Annual,T,Total,PC,Percentage,MED_EI,Median equivalised income,B_60,Below 60%,TOTAL,Total,AT,Austria,2023,,14.9,,,,,
dataflow,ESTAT:TIPSLC20(1.0),People at risk of poverty after social transfer,A,Annual,T,Total,PC,Percentage,MED_EI,Median equivalised income,B_60,Below 60%,TOTAL,Total,AT,Austria,2024,,14.3,,,,,
dataflow,ESTAT:TIPSLC20(1.0),People at risk of poverty after social transfer,A,Annual,T,Total,PC,Percentage,MED_EI,Median equivalised income,B_60,Below 60%,TOTAL,Total,AT,Austria,2025,,15.9,,,,,
dataflow,ESTAT:TIPSLC20(1.0),People at risk of poverty after social transfer,A,Annual,T,Total,PC,Percentage,MED_EI,Median equivalised income,B_60,Below 60%,TOTAL,Total,BE,Belgium,1995,,16.0,,,,,
dataflow,ESTAT:TIPSLC20(1.0),People at risk of poverty after social transfer,A,Annual,T,Total,PC,Percentage,MED_EI,Median equivalised income,B_60,Below 60%,TOTAL,Total,BE,Belgium,1996,,15.0,,,,,
dataflow,ESTAT:TIPSLC20(1.0),People at risk of poverty after social transfer,A,Annual,T,Total,PC,Percentage,MED_EI,Median equivalised income,B_60,Below 60%,TOTAL,Total,BE,Belgium,1997,,14.0,,,,,
dataflow,ESTAT:TIPSLC20(1.0),People at risk of poverty after social transfer,A,Annual,T,Total,PC,Percentage,MED_EI,Median equivalised income,B_60,Below 60%,TOTAL,Total,BE,Belgium,1998,,14.0,,,,,
dataflow,ESTAT:TIPSLC20(1.0),People at risk of poverty after social transfer,A,Annual,T,Total,PC,Percentage,MED_EI,Median equivalised income,B_60,Below 60%,TOTAL,Total,BE,Belgium,1999,,13.0,,,,,
dataflow,ESTAT:TIPSLC20(1.0),People at risk of poverty after social transfer,A,Annual,T,Total,PC,Percentage,MED_EI,Median equivalised income,B_60,Below 60%,TOTAL,Total,BE,Belgium,2000,,13.0,,,,,
dataflow,ESTAT:TIPSLC20(1.0),People at risk of poverty after social transfer,A,Annual,T,Total,PC,Percentage,MED_EI,Median equivalised income,B_60,Below 60%,TOTAL,Total,BE,Belgium,2001,,13.0,,,,,
dataflow,ESTAT:TIPSLC20(1.0),People at risk of poverty after social transfer,A,Annual,T,Total,PC,Percentage,MED_EI,Median equivalised income,B_60,Below 60%,TOTAL,Total,BE,Belgium,2003,,15.4,,b,break in time series,,
dataflow,ESTAT:TIPSLC20(1.0),People at risk of poverty after social transfer,A,Annual,T,Total,PC,Percentage,MED_EI,Median equivalised income,B_60,Below 60%,TOTAL,Total,BE,Belgium,2004,,14.3,,,,,
dataflow,ESTAT:TIPSLC20(1.0),People at risk of poverty after social transfer,A,Annual,T,Total,PC,Percentage,MED_EI,Median equivalised income,B_60,Below 60%,TOTAL,Total,BE,Belgium,2005,,14.8,,,,,
dataflow,ESTAT:TIPSLC20(1.0),People at risk of poverty after social transfer,A,Annual,T,Total,PC,Percentage,MED_EI,Median equivalised income,B_60,Below 60%,TOTAL,Total,BE,Belgium,2006,,14.7,,,,,
dataflow,ESTAT:TIPSLC20(1.0),People at risk of poverty after social transfer,A,Annual,T,Total,PC,Percentage,MED_EI,Median equivalised income,B_60,Below 60%,TOTAL,Total,BE,Belgium,2007,,15.2,,,,,
dataflow,ESTAT:TIPSLC20(1.0),People at risk of poverty after social transfer,A,Annual,T,Total,PC,Percentage,MED_EI,Median equivalised income,B_60,Below 60%,TOTAL,Total,BE,Belgium,2008,,14.7,,,,,
dataflow,ESTAT:TIPSLC20(1.0),People at risk of poverty after social transfer,A,Annual,T,Total,PC,Percentage,MED_EI,Median equivalised income,B_60,Below 60%,TOTAL,Total,BE,Belgium,2009,,14.6,,,,,
dataflow,ESTAT:TIPSLC20(1.0),People at risk of poverty after social transfer,A,Annual,T,Total,PC,Percentage,MED_EI,Median equivalised income,B_60,Below 60%,TOTAL,Total,BE,Belgium,2010,,14.6,,,,,
dataflow,ESTAT:TIPSLC20(1.0),People at risk of poverty after social transfer,A,Annual,T,Total,PC,Percentage,MED_EI,Median equivalised income,B_60,Below 60%,TOTAL,Total,BE,Belgium,2011,,15.3,,,,,
dataflow,ESTAT:TIPSLC20(1.0),People at risk of poverty after social transfer,A,Annual,T,Total,PC,Percentage,MED_EI,Median equivalised income,B_60,Below 60%,TOTAL,Total,BE,Belgium,2012,,15.3,,,,,
dataflow,ESTAT:TIPSLC20(1.0),People at risk of poverty after social transfer,A,Annual,T,Total,PC,Percentage,MED_EI,Median equivalised income,B_60,Below 60%,TOTAL,Total,BE,Belgium,2013,,15.1,,,,,
dataflow,ESTAT:TIPSLC20(1.0),People at risk of poverty after social transfer,A,Annual,T,Total,PC,Percentage,MED_EI,Median equivalised income,B_60,Below 60%,TOTAL,Total,BE,Belgium,2014,,15.5,,,,,
dataflow,ESTAT:TIPSLC20(1.0),People at risk of poverty after social transfer,A,Annual,T,Total,PC,Percentage,MED_EI,Median equivalised income,B_60,Below 60%,TOTAL,Total,BE,Belgium,2015,,14.9,,,,,
dataflow,ESTAT:TIPSLC20(1.0),People at risk of poverty after social transfer,A,Annual,T,Total,PC,Percentage,MED_EI,Median equivalised income,B_60,Below 60%,TOTAL,Total,BE,Belgium,2016,,15.5,,,,,
dataflow,ESTAT:TIPSLC20(1.0),People at risk of poverty after social transfer,A,Annual,T,Total,PC,Percentage,MED_EI,Median equivalised income,B_60,Below 60%,TOTAL,Total,BE,Belgium,2017,,15.9,,,,,
dataflow,ESTAT:TIPSLC20(1.0),People at risk of poverty after social transfer,A,Annual,T,Total,PC,Percentage,MED_EI,Median equivalised income,B_60,Below 60%,TOTAL,Total,BE,Belgium,2018,,16.4,,,,,
dataflow,ESTAT:TIPSLC20(1.0),People at risk of poverty after social transfer,A,Annual,T,Total,PC,Percentage,MED_EI,Median equivalised income,B_60,Below 60%,TOTAL,Total,BE,Belgium,2019,,14.8,,b,break in time series,,
dataflow,ESTAT:TIPSLC20(1.0),People at risk of poverty after social transfer,A,Annual,T,Total,PC,Percentage,MED_EI,Median equivalised income,B_60,Below 60%,TOTAL,Total,BE,Belgium,2020,,14.1,,,,,
dataflow,ESTAT:TIPSLC20(1.0),People at risk of poverty after social transfer,A,Annual,T,Total,PC,Percentage,MED_EI,Median equivalised income,B_60,Below 60%,TOTAL,Total,BE,Belgium,2021,,12.8,,,,,
dataflow,ESTAT:TIPSLC20(1.0),People at risk of poverty after social transfer,A,Annual,T,Total,PC,Percentage,MED_EI,Median equivalised income,B_60,Below 60%,TOTAL,Total,BE,Belgium,2022,,13.1,,,,,
dataflow,ESTAT:TIPSLC20(1.0),People at risk of poverty after social transfer,A,Annual,T,Total,PC,Percentage,MED_EI,Median equivalised income,B_60,Below 60%,TOTAL,Total,BE,Belgium,2023,,12.4,,,,,
dataflow,ESTAT:TIPSLC20(1.0),People at risk of poverty after social transfer,A,Annual,T,Total,PC,Percentage,MED_EI,Median equivalised income,B_60,Below 60%,TOTAL,Total,BE,Belgium,2024,,11.4,,,,,
dataflow,ESTAT:TIPSLC20(1.0),People at risk of poverty after social transfer,A,Annual,T,Total,PC,Percentage,MED_EI,Median equivalised income,B_60,Below 60%,TOTAL,Total,BE,Belgium,2025,,10.9,,,,,
dataflow,ESTAT:TIPSLC20(1.0),People at risk of poverty after social transfer,A,Annual,T,Total,PC,Percentage,MED_EI,Median equivalised income,B_60,Below 60%,TOTAL,Total,BG,Bulgaria,2006,,18.4,,b,break in time series,,
dataflow,ESTAT:TIPSLC20(1.0),People at risk of poverty after social transfer,A,Annual,T,Total,PC,Percentage,MED_EI,Median equivalised income,B_60,Below 60%,TOTAL,Total,BG,Bulgaria,2007,,22.0,,,,,
dataflow,ESTAT:TIPSLC20(1.0),People at risk of poverty after social transfer,A,Annual,T,Total,PC,Percentage,MED_EI,Median equivalised income,B_60,Below 60%,TOTAL,Total,BG,Bulgaria,2008,,21.4,,,,,
dataflow,ESTAT:TIPSLC20(1.0),People at risk of poverty after social transfer,A,Annual,T,Total,PC,Percentage,MED_EI,Median equivalised income,B_60,Below 60%,TOTAL,Total,BG,Bulgaria,2009,,21.8,,,,,
dataflow,ESTAT:TIPSLC20(1.0),People at risk of poverty after social transfer,A,Annual,T,Total,PC,Percentage,MED_EI,Median equivalised income,B_60,Below 60%,TOTAL,Total,BG,Bulgaria,2010,,20.7,,,,,
dataflow,ESTAT:TIPSLC20(1.0),People at risk of poverty after social transfer,A,Annual,T,Total,PC,Percentage,MED_EI,Median equivalised income,B_60,Below 60%,TOTAL,Total,BG,Bulgaria,2011,,22.2,,,,,
dataflow,ESTAT:TIPSLC20(1.0),People at risk of poverty after social transfer,A,Annual,T,Total,PC,Percentage,MED_EI,Median equivalised income,B_60,Below 60%,TOTAL,Total,BG,Bulgaria,2012,,21.2,,,,,
dataflow,ESTAT:TIPSLC20(1.0),People at risk of poverty after social transfer,A,Annual,T,Total,PC,Percentage,MED_EI,Median equivalised income,B_60,Below 60%,TOTAL,Total,BG,Bulgaria,2013,,21.0,,,,,
dataflow,ESTAT:TIPSLC20(1.0),People at risk of poverty after social transfer,A,Annual,T,Total,PC,Percentage,MED_EI,Median equivalised income,B_60,Below 60%,TOTAL,Total,BG,Bulgaria,2014,,21.8,,,,,
dataflow,ESTAT:TIPSLC20(1.0),People at risk of poverty after social transfer,A,Annual,T,Total,PC,Percentage,MED_EI,Median equivalised income,B_60,Below 60%,TOTAL,Total,BG,Bulgaria,2015,,22.0,,,,,
dataflow,ESTAT:TIPSLC20(1.0),People at risk of poverty after social transfer,A,Annual,T,Total,PC,Percentage,MED_EI,Median equivalised income,B_60,Below 60%,TOTAL,Total,BG,Bulgaria,2016,,22.9,,b,break in time series,,
dataflow,ESTAT:TIPSLC20(1.0),People at risk of poverty after social transfer,A,Annual,T,Total,PC,Percentage,MED_EI,Median equivalised income,B_60,Below 60%,TOTAL,Total,BG,Bulgaria,2017,,23.4,,,,,
dataflow,ESTAT:TIPSLC20(1.0),People at risk of poverty after social transfer,A,Annual,T,Total,PC,Percentage,MED_EI,Median equivalised income,B_60,Below 60%,TOTAL,Total,BG,Bulgaria,2018,,22.0,,,,,
dataflow,ESTAT:TIPSLC20(1.0),People at risk of poverty after social transfer,A,Annual,T,Total,PC,Percentage,MED_EI,Median equivalised income,B_60,Below 60%,TOTAL,Total,BG,Bulgaria,2019,,22.6,,,,,
dataflow,ESTAT:TIPSLC20(1.0),People at risk of poverty after social transfer,A,Annual,T,Total,PC,Percentage,MED_EI,Median equivalised income,B_60,Below 60%,TOTAL,Total,BG,Bulgaria,2020,,23.8,,,,,
dataflow,ESTAT:TIPSLC20(1.0),People at risk of poverty after social transfer,A,Annual,T,Total,PC,Percentage,MED_EI,Median equivalised income,B_60,Below 60%,TOTAL,Total,BG,Bulgaria,2021,,22.1,,,,,
dataflow,ESTAT:TIPSLC20(1.0),People at risk of poverty after social transfer,A,Annual,T,Total,PC,Percentage,MED_EI,Median equivalised income,B_60,Below 60%,TOTAL,Total,BG,Bulgaria,2022,,22.9,,,,,
dataflow,ESTAT:TIPSLC20(1.0),People at risk of poverty after social transfer,A,Annual,T,Total,PC,Percentage,MED_EI,Median equivalised income,B_60,Below 60%,TOTAL,Total,BG,Bulgaria,2023,,20.6,,,,,
dataflow,ESTAT:TIPSLC20(1.0),People at risk of poverty after social transfer,A,Annual,T,Total,PC,Percentage,MED_EI,Median equivalised income,B_60,Below 60%,TOTAL,Total,BG,Bulgaria,2024,,21.7,,,,,
dataflow,ESTAT:TIPSLC20(1.0),People at risk of poverty after social transfer,A,Annual,T,Total,PC,Percentage,MED_EI,Median equivalised income,B_60,Below 60%,TOTAL,Total,BG,Bulgaria,2025,,21.2,,,,,
dataflow,ESTAT:TIPSLC20(1.0),People at risk of poverty after social transfer,A,Annual,T,Total,PC,Percentage,MED_EI,Median equivalised income,B_60,Below 60%,TOTAL,Total,CY,Cyprus,2005,,16.1,,,,,
dataflow,ESTAT:TIPSLC20(1.0),People at risk of poverty after social transfer,A,Annual,T,Total,PC,Percentage,MED_EI,Median equivalised income,B_60,Below 60%,TOTAL,Total,CY,Cyprus,2006,,15.6,,,,,
dataflow,ESTAT:TIPSLC20(1.0),People at risk of poverty after social transfer,A,Annual,T,Total,PC,Percentage,MED_EI,Median equivalised income,B_60,Below 60%,TOTAL,Total,CY,Cyprus,2007,,15.5,,,,,
dataflow,ESTAT:TIPSLC20(1.0),People at risk of poverty after social transfer,A,Annual,T,Total,PC,Percentage,MED_EI,Median equivalised income,B_60,Below 60%,TOTAL,Total,CY,Cyprus,2008,,15.9,,,,,
dataflow,ESTAT:TIPSLC20(1.0),People at risk of poverty after social transfer,A,Annual,T,Total,PC,Percentage,MED_EI,Median equivalised income,B_60,Below 60%,TOTAL,Total,CY,Cyprus,2009,,15.8,,,,,
dataflow,ESTAT:TIPSLC20(1.0),People at risk of poverty after social transfer,A,Annual,T,Total,PC,Percentage,MED_EI,Median equivalised income,B_60,Below 60%,TOTAL,Total,CY,Cyprus,2010,,15.6,,,,,
dataflow,ESTAT:TIPSLC20(1.0),People at risk of poverty after social transfer,A,Annual,T,Total,PC,Percentage,MED_EI,Median equivalised income,B_60,Below 60%,TOTAL,Total,CY,Cyprus,2011,,14.8,,,,,
dataflow,ESTAT:TIPSLC20(1.0),People at risk of poverty after social transfer,A,Annual,T,Total,PC,Percentage,MED_EI,Median equivalised income,B_60,Below 60%,TOTAL,Total,CY,Cyprus,2012,,14.7,,,,,
dataflow,ESTAT:TIPSLC20(1.0),People at risk of poverty after social transfer,A,Annual,T,Total,PC,Percentage,MED_EI,Median equivalised income,B_60,Below 60%,TOTAL,Total,CY,Cyprus,2013,,15.3,,,,,
dataflow,ESTAT:TIPSLC20(1.0),People at risk of poverty after social transfer,A,Annual,T,Total,PC,Percentage,MED_EI,Median equivalised income,B_60,Below 60%,TOTAL,Total,CY,Cyprus,2014,,14.4,,,,,
dataflow,ESTAT:TIPSLC20(1.0),People at risk of poverty after social transfer,A,Annual,T,Total,PC,Percentage,MED_EI,Median equivalised income,B_60,Below 60%,TOTAL,Total,CY,Cyprus,2015,,16.2,,,,,
dataflow,ESTAT:TIPSLC20(1.0),People at risk of poverty after social transfer,A,Annual,T,Total,PC,Percentage,MED_EI,Median equivalised income,B_60,Below 60%,TOTAL,Total,CY,Cyprus,2016,,16.1,,,,,
dataflow,ESTAT:TIPSLC20(1.0),People at risk of poverty after social transfer,A,Annual,T,Total,PC,Percentage,MED_EI,Median equivalised income,B_60,Below 60%,TOTAL,Total,CY,Cyprus,2017,,15.7,,,,,
dataflow,ESTAT:TIPSLC20(1.0),People at risk of poverty after social transfer,A,Annual,T,Total,PC,Percentage,MED_EI,Median equivalised income,B_60,Below 60%,TOTAL,Total,CY,Cyprus,2018,,15.4,,,,,
dataflow,ESTAT:TIPSLC20(1.0),People at risk of poverty after social transfer,A,Annual,T,Total,PC,Percentage,MED_EI,Median equivalised income,B_60,Below 60%,TOTAL,Total,CY,Cyprus,2019,,15.1,,,,,
dataflow,ESTAT:TIPSLC20(1.0),People at risk of poverty after social transfer,A,Annual,T,Total,PC,Percentage,MED_EI,Median equivalised income,B_60,Below 60%,TOTAL,Total,CY,Cyprus,2020,,14.8,,,,,
dataflow,ESTAT:TIPSLC20(1.0),People at risk of poverty after social transfer,A,Annual,T,Total,PC,Percentage,MED_EI,Median equivalised income,B_60,Below 60%,TOTAL,Total,CY,Cyprus,2021,,13.7,,,,,
dataflow,ESTAT:TIPSLC20(1.0),People at risk of poverty after social transfer,A,Annual,T,Total,PC,Percentage,MED_EI,Median equivalised income,B_60,Below 60%,TOTAL,Total,CY,Cyprus,2022,,14.7,,,,,
dataflow,ESTAT:TIPSLC20(1.0),People at risk of poverty after social transfer,A,Annual,T,Total,PC,Percentage,MED_EI,Median equivalised income,B_60,Below 60%,TOTAL,Total,CY,Cyprus,2023,,14.9,,,,,
dataflow,ESTAT:TIPSLC20(1.0),People at risk of poverty after social transfer,A,Annual,T,Total,PC,Percentage,MED_EI,Median equivalised income,B_60,Below 60%,TOTAL,Total,CY,Cyprus,2024,,14.6,,,,,
dataflow,ESTAT:TIPSLC20(1.0),People at risk of poverty after social transfer,A,Annual,T,Total,PC,Percentage,MED_EI,Median equivalised income,B_60,Below 60%,TOTAL,Total,CY,Cyprus,2025,,14.9,,,,,
dataflow,ESTAT:TIPSLC20(1.0),People at risk of poverty after social transfer,A,Annual,T,Total,PC,Percentage,MED_EI,Median equivalised income,B_60,Below 60%,TOTAL,Total,CZ,Czechia,2001,,8.0,,,,,
dataflow,ESTAT:TIPSLC20(1.0),People at risk of poverty after social transfer,A,Annual,T,Total,PC,Percentage,MED_EI,Median equivalised income,B_60,Below 60%,TOTAL,Total,CZ,Czechia,2005,,10.4,,b,break in time series,,
dataflow,ESTAT:TIPSLC20(1.0),People at risk of poverty after social transfer,A,Annual,T,Total,PC,Percentage,MED_EI,Median equivalised income,B_60,Below 60%,TOTAL,Total,CZ,Czechia,2006,,9.9,,,,,
dataflow,ESTAT:TIPSLC20(1.0),People at risk of poverty after social transfer,A,Annual,T,Total,PC,Percentage,MED_EI,Median equivalised income,B_60,Below 60%,TOTAL,Total,CZ,Czechia,2007,,9.6,,,,,
dataflow,ESTAT:TIPSLC20(1.0),People at risk of poverty after social transfer,A,Annual,T,Total,PC,Percentage,MED_EI,Median equivalised income,B_60,Below 60%,TOTAL,Total,CZ,Czechia,2008,,9.0,,,,,
dataflow,ESTAT:TIPSLC20(1.0),People at risk of poverty after social transfer,A,Annual,T,Total,PC,Percentage,MED_EI,Median equivalised income,B_60,Below 60%,TOTAL,Total,CZ,Czechia,2009,,8.6,,,,,
dataflow,ESTAT:TIPSLC20(1.0),People at risk of poverty after social transfer,A,Annual,T,Total,PC,Percentage,MED_EI,Median equivalised income,B_60,Below 60%,TOTAL,Total,CZ,Czechia,2010,,9.0,,,,,
dataflow,ESTAT:TIPSLC20(1.0),People at risk of poverty after social transfer,A,Annual,T,Total,PC,Percentage,MED_EI,Median equivalised income,B_60,Below 60%,TOTAL,Total,CZ,Czechia,2011,,9.8,,,,,
dataflow,ESTAT:TIPSLC20(1.0),People at risk of poverty after social transfer,A,Annual,T,Total,PC,Percentage,MED_EI,Median equivalised income,B_60,Below 60%,TOTAL,Total,CZ,Czechia,2012,,9.6,,,,,
dataflow,ESTAT:TIPSLC20(1.0),People at risk of poverty after social transfer,A,Annual,T,Total,PC,Percentage,MED_EI,Median equivalised income,B_60,Below 60%,TOTAL,Total,CZ,Czechia,2013,,8.6,,,,,
dataflow,ESTAT:TIPSLC20(1.0),People at risk of poverty after social transfer,A,Annual,T,Total,PC,Percentage,MED_EI,Median equivalised income,B_60,Below 60%,TOTAL,Total,CZ,Czechia,2014,,9.7,,,,,
dataflow,ESTAT:TIPSLC20(1.0),People at risk of poverty after social transfer,A,Annual,T,Total,PC,Percentage,MED_EI,Median equivalised income,B_60,Below 60%,TOTAL,Total,CZ,Czechia,2015,,9.7,,,,,
dataflow,ESTAT:TIPSLC20(1.0),People at risk of poverty after social transfer,A,Annual,T,Total,PC,Percentage,MED_EI,Median equivalised income,B_60,Below 60%,TOTAL,Total,CZ,Czechia,2016,,9.7,,,,,
dataflow,ESTAT:TIPSLC20(1.0),People at risk of poverty after social transfer,A,Annual,T,Total,PC,Percentage,MED_EI,Median equivalised income,B_60,Below 60%,TOTAL,Total,CZ,Czechia,2017,,9.1,,,,,
dataflow,ESTAT:TIPSLC20(1.0),People at risk of poverty after social transfer,A,Annual,T,Total,PC,Percentage,MED_EI,Median equivalised income,B_60,Below 60%,TOTAL,Total,CZ,Czechia,2018,,9.6,,,,,
dataflow,ESTAT:TIPSLC20(1.0),People at risk of poverty after social transfer,A,Annual,T,Total,PC,Percentage,MED_EI,Median equivalised income,B_60,Below 60%,TOTAL,Total,CZ,Czechia,2019,,10.1,,,,,
dataflow,ESTAT:TIPSLC20(1.0),People at risk of poverty after social transfer,A,Annual,T,Total,PC,Percentage,MED_EI,Median equivalised income,B_60,Below 60%,TOTAL,Total,CZ,Czechia,2020,,9.5,,,,,
dataflow,ESTAT:TIPSLC20(1.0),People at risk of poverty after social transfer,A,Annual,T,Total,PC,Percentage,MED_EI,Median equivalised income,B_60,Below 60%,TOTAL,Total,CZ,Czechia,2021,,8.6,,,,,
dataflow,ESTAT:TIPSLC20(1.0),People at risk of poverty after social transfer,A,Annual,T,Total,PC,Percentage,MED_EI,Median equivalised income,B_60,Below 60%,TOTAL,Total,CZ,Czechia,2022,,10.2,,,,,
dataflow,ESTAT:TIPSLC20(1.0),People at risk of poverty after social transfer,A,Annual,T,Total,PC,Percentage,MED_EI,Median equivalised income,B_60,Below 60%,TOTAL,Total,CZ,Czechia,2023,,9.8,,,,,
dataflow,ESTAT:TIPSLC20(1.0),People at risk of poverty after social transfer,A,Annual,T,Total,PC,Percentage,MED_EI,Median equivalised income,B_60,Below 60%,TOTAL,Total,CZ,Czechia,2024,,9.5,,,,,
dataflow,ESTAT:TIPSLC20(1.0),People at risk of poverty after social transfer,A,Annual,T,Total,PC,Percentage,MED_EI,Median equivalised income,B_60,Below 60%,TOTAL,Total,CZ,Czechia,2025,,9.6,,,,,
dataflow,ESTAT:TIPSLC20(1.0),People at risk of poverty after social transfer,A,Annual,T,Total,PC,Percentage,MED_EI,Median equivalised income,B_60,Below 60%,TOTAL,Total,DE,Germany,1995,,15.0,,,,,
dataflow,ESTAT:TIPSLC20(1.0),People at risk of poverty after social transfer,A,Annual,T,Total,PC,Percentage,MED_EI,Median equivalised income,B_60,Below 60%,TOTAL,Total,DE,Germany,1996,,14.0,,,,,
dataflow,ESTAT:TIPSLC20(1.0),People at risk of poverty after social transfer,A,Annual,T,Total,PC,Percentage,MED_EI,Median equivalised income,B_60,Below 60%,TOTAL,Total,DE,Germany,1997,,12.0,,,,,
dataflow,ESTAT:TIPSLC20(1.0),People at risk of poverty after social transfer,A,Annual,T,Total,PC,Percentage,MED_EI,Median equivalised income,B_60,Below 60%,TOTAL,Total,DE,Germany,1998,,11.0,,,,,
dataflow,ESTAT:TIPSLC20(1.0),People at risk of poverty after social transfer,A,Annual,T,Total,PC,Percentage,MED_EI,Median equivalised income,B_60,Below 60%,TOTAL,Total,DE,Germany,1999,,11.0,,,,,
dataflow,ESTAT:TIPSLC20(1.0),People at risk of poverty after social transfer,A,Annual,T,Total,PC,Percentage,MED_EI,Median equivalised income,B_60,Below 60%,TOTAL,Total,DE,Germany,2000,,10.0,,,,,
dataflow,ESTAT:TIPSLC20(1.0),People at risk of poverty after social transfer,A,Annual,T,Total,PC,Percentage,MED_EI,Median equivalised income,B_60,Below 60%,TOTAL,Total,DE,Germany,2001,,11.0,,,,,
dataflow,ESTAT:TIPSLC20(1.0),People at risk of poverty after social transfer,A,Annual,T,Total,PC,Percentage,MED_EI,Median equivalised income,B_60,Below 60%,TOTAL,Total,DE,Germany,2005,,12.2,,b,break in time series,,
dataflow,ESTAT:TIPSLC20(1.0),People at risk of poverty after social transfer,A,Annual,T,Total,PC,Percentage,MED_EI,Median equivalised income,B_60,Below 60%,TOTAL,Total,DE,Germany,2006,,12.5,,,,,
dataflow,ESTAT:TIPSLC20(1.0),People at risk of poverty after social transfer,A,Annual,T,Total,PC,Percentage,MED_EI,Median equivalised income,B_60,Below 60%,TOTAL,Total,DE,Germany,2007,,15.2,,,,,
dataflow,ESTAT:TIPSLC20(1.0),People at risk of poverty after social transfer,A,Annual,T,Total,PC,Percentage,MED_EI,Median equivalised income,B_60,Below 60%,TOTAL,Total,DE,Germany,2008,,15.2,,,,,
dataflow,ESTAT:TIPSLC20(1.0),People at risk of poverty after social transfer,A,Annual,T,Total,PC,Percentage,MED_EI,Median equivalised income,B_60,Below 60%,TOTAL,Total,DE,Germany,2009,,15.5,,,,,
dataflow,ESTAT:TIPSLC20(1.0),People at risk of poverty after social transfer,A,Annual,T,Total,PC,Percentage,MED_EI,Median equivalised income,B_60,Below 60%,TOTAL,Total,DE,Germany,2010,,15.6,,,,,
dataflow,ESTAT:TIPSLC20(1.0),People at risk of poverty after social transfer,A,Annual,T,Total,PC,Percentage,MED_EI,Median equivalised income,B_60,Below 60%,TOTAL,Total,DE,Germany,2011,,15.8,,,,,
dataflow,ESTAT:TIPSLC20(1.0),People at risk of poverty after social transfer,A,Annual,T,Total,PC,Percentage,MED_EI,Median equivalised income,B_60,Below 60%,TOTAL,Total,DE,Germany,2012,,16.1,,,,,
dataflow,ESTAT:TIPSLC20(1.0),People at risk of poverty after social transfer,A,Annual,T,Total,PC,Percentage,MED_EI,Median equivalised income,B_60,Below 60%,TOTAL,Total,DE,Germany,2013,,16.1,,,,,
dataflow,ESTAT:TIPSLC20(1.0),People at risk of poverty after social transfer,A,Annual,T,Total,PC,Percentage,MED_EI,Median equivalised income,B_60,Below 60%,TOTAL,Total,DE,Germany,2014,,16.7,,,,,
dataflow,ESTAT:TIPSLC20(1.0),People at risk of poverty after social transfer,A,Annual,T,Total,PC,Percentage,MED_EI,Median equivalised income,B_60,Below 60%,TOTAL,Total,DE,Germany,2015,,16.7,,,,,
dataflow,ESTAT:TIPSLC20(1.0),People at risk of poverty after social transfer,A,Annual,T,Total,PC,Percentage,MED_EI,Median equivalised income,B_60,Below 60%,TOTAL,Total,DE,Germany,2016,,16.5,,,,,
dataflow,ESTAT:TIPSLC20(1.0),People at risk of poverty after social transfer,A,Annual,T,Total,PC,Percentage,MED_EI,Median equivalised income,B_60,Below 60%,TOTAL,Total,DE,Germany,2017,,16.1,,,,,
dataflow,ESTAT:TIPSLC20(1.0),People at risk of poverty after social transfer,A,Annual,T,Total,PC,Percentage,MED_EI,Median equivalised income,B_60,Below 60%,TOTAL,Total,DE,Germany,2018,,16.0,,,,,
dataflow,ESTAT:TIPSLC20(1.0),People at risk of poverty after social transfer,A,Annual,T,Total,PC,Percentage,MED_EI,Median equivalised income,B_60,Below 60%,TOTAL,Total,DE,Germany,2019,,14.8,,,,,
dataflow,ESTAT:TIPSLC20(1.0),People at risk of poverty after social transfer,A,Annual,T,Total,PC,Percentage,MED_EI,Median equivalised income,B_60,Below 60%,TOTAL,Total,DE,Germany,2020,,16.1,,b,break in time series,,
dataflow,ESTAT:TIPSLC20(1.0),People at risk of poverty after social transfer,A,Annual,T,Total,PC,Percentage,MED_EI,Median equivalised income,B_60,Below 60%,TOTAL,Total,DE,Germany,2021,,16.0,,,,,
dataflow,ESTAT:TIPSLC20(1.0),People at risk of poverty after social transfer,A,Annual,T,Total,PC,Percentage,MED_EI,Median equivalised income,B_60,Below 60%,TOTAL,Total,DE,Germany,2022,,14.8,,,,,
dataflow,ESTAT:TIPSLC20(1.0),People at risk of poverty after social transfer,A,Annual,T,Total,PC,Percentage,MED_EI,Median equivalised income,B_60,Below 60%,TOTAL,Total,DE,Germany,2023,,14.4,,,,,
dataflow,ESTAT:TIPSLC20(1.0),People at risk of poverty after social transfer,A,Annual,T,Total,PC,Percentage,MED_EI,Median equivalised income,B_60,Below 60%,TOTAL,Total,DE,Germany,2024,,15.5,,,,,
dataflow,ESTAT:TIPSLC20(1.0),People at risk of poverty after social transfer,A,Annual,T,Total,PC,Percentage,MED_EI,Median equivalised income,B_60,Below 60%,TOTAL,Total,DE,Germany,2025,,16.1,,,,,
dataflow,ESTAT:TIPSLC20(1.0),People at risk of poverty after social transfer,A,Annual,T,Total,PC,Percentage,MED_EI,Median equivalised income,B_60,Below 60%,TOTAL,Total,DK,Denmark,1995,,10.0,,,,,
dataflow,ESTAT:TIPSLC20(1.0),People at risk of poverty after social transfer,A,Annual,T,Total,PC,Percentage,MED_EI,Median equivalised income,B_60,Below 60%,TOTAL,Total,DK,Denmark,1997,,10.0,,,,,
dataflow,ESTAT:TIPSLC20(1.0),People at risk of poverty after social transfer,A,Annual,T,Total,PC,Percentage,MED_EI,Median equivalised income,B_60,Below 60%,TOTAL,Total,DK,Denmark,1999,,10.0,,,,,
dataflow,ESTAT:TIPSLC20(1.0),People at risk of poverty after social transfer,A,Annual,T,Total,PC,Percentage,MED_EI,Median equivalised income,B_60,Below 60%,TOTAL,Total,DK,Denmark,2001,,10.0,,,,,
dataflow,ESTAT:TIPSLC20(1.0),People at risk of poverty after social transfer,A,Annual,T,Total,PC,Percentage,MED_EI,Median equivalised income,B_60,Below 60%,TOTAL,Total,DK,Denmark,2003,,11.7,,b,break in time series,,
dataflow,ESTAT:TIPSLC20(1.0),People at risk of poverty after social transfer,A,Annual,T,Total,PC,Percentage,MED_EI,Median equivalised income,B_60,Below 60%,TOTAL,Total,DK,Denmark,2004,,10.9,,,,,
dataflow,ESTAT:TIPSLC20(1.0),People at risk of poverty after social transfer,A,Annual,T,Total,PC,Percentage,MED_EI,Median equivalised income,B_60,Below 60%,TOTAL,Total,DK,Denmark,2005,,11.8,,,,,
dataflow,ESTAT:TIPSLC20(1.0),People at risk of poverty after social transfer,A,Annual,T,Total,PC,Percentage,MED_EI,Median equivalised income,B_60,Below 60%,TOTAL,Total,DK,Denmark,2006,,11.7,,,,,
dataflow,ESTAT:TIPSLC20(1.0),People at risk of poverty after social transfer,A,Annual,T,Total,PC,Percentage,MED_EI,Median equivalised income,B_60,Below 60%,TOTAL,Total,DK,Denmark,2007,,11.7,,,,,
dataflow,ESTAT:TIPSLC20(1.0),People at risk of poverty after social transfer,A,Annual,T,Total,PC,Percentage,MED_EI,Median equivalised income,B_60,Below 60%,TOTAL,Total,DK,Denmark,2008,,11.8,,,,,
dataflow,ESTAT:TIPSLC20(1.0),People at risk of poverty after social transfer,A,Annual,T,Total,PC,Percentage,MED_EI,Median equivalised income,B_60,Below 60%,TOTAL,Total,DK,Denmark,2009,,13.1,,,,,
dataflow,ESTAT:TIPSLC20(1.0),People at risk of poverty after social transfer,A,Annual,T,Total,PC,Percentage,MED_EI,Median equivalised income,B_60,Below 60%,TOTAL,Total,DK,Denmark,2010,,13.3,,,,,
dataflow,ESTAT:TIPSLC20(1.0),People at risk of poverty after social transfer,A,Annual,T,Total,PC,Percentage,MED_EI,Median equivalised income,B_60,Below 60%,TOTAL,Total,DK,Denmark,2011,,12.1,,,,,
dataflow,ESTAT:TIPSLC20(1.0),People at risk of poverty after social transfer,A,Annual,T,Total,PC,Percentage,MED_EI,Median equivalised income,B_60,Below 60%,TOTAL,Total,DK,Denmark,2012,,12.0,,,,,
dataflow,ESTAT:TIPSLC20(1.0),People at risk of poverty after social transfer,A,Annual,T,Total,PC,Percentage,MED_EI,Median equivalised income,B_60,Below 60%,TOTAL,Total,DK,Denmark,2013,,11.9,,,,,
dataflow,ESTAT:TIPSLC20(1.0),People at risk of poverty after social transfer,A,Annual,T,Total,PC,Percentage,MED_EI,Median equivalised income,B_60,Below 60%,TOTAL,Total,DK,Denmark,2014,,12.1,,,,,
dataflow,ESTAT:TIPSLC20(1.0),People at risk of poverty after social transfer,A,Annual,T,Total,PC,Percentage,MED_EI,Median equivalised income,B_60,Below 60%,TOTAL,Total,DK,Denmark,2015,,12.2,,,,,
dataflow,ESTAT:TIPSLC20(1.0),People at risk of poverty after social transfer,A,Annual,T,Total,PC,Percentage,MED_EI,Median equivalised income,B_60,Below 60%,TOTAL,Total,DK,Denmark,2016,,11.9,,,,,
dataflow,ESTAT:TIPSLC20(1.0),People at risk of poverty after social transfer,A,Annual,T,Total,PC,Percentage,MED_EI,Median equivalised income,B_60,Below 60%,TOTAL,Total,DK,Denmark,2017,,12.4,,,,,
dataflow,ESTAT:TIPSLC20(1.0),People at risk of poverty after social transfer,A,Annual,T,Total,PC,Percentage,MED_EI,Median equivalised income,B_60,Below 60%,TOTAL,Total,DK,Denmark,2018,,12.7,,,,,
dataflow,ESTAT:TIPSLC20(1.0),People at risk of poverty after social transfer,A,Annual,T,Total,PC,Percentage,MED_EI,Median equivalised income,B_60,Below 60%,TOTAL,Total,DK,Denmark,2019,,12.5,,,,,
dataflow,ESTAT:TIPSLC20(1.0),People at risk of poverty after social transfer,A,Annual,T,Total,PC,Percentage,MED_EI,Median equivalised income,B_60,Below 60%,TOTAL,Total,DK,Denmark,2020,,12.1,,b,break in time series,,
dataflow,ESTAT:TIPSLC20(1.0),People at risk of poverty after social transfer,A,Annual,T,Total,PC,Percentage,MED_EI,Median equivalised income,B_60,Below 60%,TOTAL,Total,DK,Denmark,2021,,12.3,,,,,
dataflow,ESTAT:TIPSLC20(1.0),People at risk of poverty after social transfer,A,Annual,T,Total,PC,Percentage,MED_EI,Median equivalised income,B_60,Below 60%,TOTAL,Total,DK,Denmark,2022,,12.4,,,,,
dataflow,ESTAT:TIPSLC20(1.0),People at risk of poverty after social transfer,A,Annual,T,Total,PC,Percentage,MED_EI,Median equivalised income,B_60,Below 60%,TOTAL,Total,DK,Denmark,2023,,11.8,,,,,
dataflow,ESTAT:TIPSLC20(1.0),People at risk of poverty after social transfer,A,Annual,T,Total,PC,Percentage,MED_EI,Median equivalised income,B_60,Below 60%,TOTAL,Total,DK,Denmark,2024,,11.6,,,,,
dataflow,ESTAT:TIPSLC20(1.0),People at risk of poverty after social transfer,A,Annual,T,Total,PC,Percentage,MED_EI,Median equivalised income,B_60,Below 60%,TOTAL,Total,DK,Denmark,2025,,11.8,,,,,
dataflow,ESTAT:TIPSLC20(1.0),People at risk of poverty after social transfer,A,Annual,T,Total,PC,Percentage,MED_EI,Median equivalised income,B_60,Below 60%,TOTAL,Total,EA21,Euro area – 21 countries (from 2026),2025,,16.9,,,,,
dataflow,ESTAT:TIPSLC20(1.0),People at risk of poverty after social transfer,A,Annual,T,Total,PC,Percentage,MED_EI,Median equivalised income,B_60,Below 60%,TOTAL,Total,EE,Estonia,2000,,18.0,,,,,
dataflow,ESTAT:TIPSLC20(1.0),People at risk of poverty after social transfer,A,Annual,T,Total,PC,Percentage,MED_EI,Median equivalised income,B_60,Below 60%,TOTAL,Total,EE,Estonia,2001,,18.0,,,,,
dataflow,ESTAT:TIPSLC20(1.0),People at risk of poverty after social transfer,A,Annual,T,Total,PC,Percentage,MED_EI,Median equivalised income,B_60,Below 60%,TOTAL,Total,EE,Estonia,2002,,18.0,,,,,
dataflow,ESTAT:TIPSLC20(1.0),People at risk of poverty after social transfer,A,Annual,T,Total,PC,Percentage,MED_EI,Median equivalised income,B_60,Below 60%,TOTAL,Total,EE,Estonia,2004,,20.2,,b,break in time series,,
dataflow,ESTAT:TIPSLC20(1.0),People at risk of poverty after social transfer,A,Annual,T,Total,PC,Percentage,MED_EI,Median equivalised income,B_60,Below 60%,TOTAL,Total,EE,Estonia,2005,,18.3,,,,,
dataflow,ESTAT:TIPSLC20(1.0),People at risk of poverty after social transfer,A,Annual,T,Total,PC,Percentage,MED_EI,Median equivalised income,B_60,Below 60%,TOTAL,Total,EE,Estonia,2006,,18.3,,,,,
dataflow,ESTAT:TIPSLC20(1.0),People at risk of poverty after social transfer,A,Annual,T,Total,PC,Percentage,MED_EI,Median equivalised income,B_60,Below 60%,TOTAL,Total,EE,Estonia,2007,,19.4,,,,,
dataflow,ESTAT:TIPSLC20(1.0),People at risk of poverty after social transfer,A,Annual,T,Total,PC,Percentage,MED_EI,Median equivalised income,B_60,Below 60%,TOTAL,Total,EE,Estonia,2008,,19.5,,,,,
dataflow,ESTAT:TIPSLC20(1.0),People at risk of poverty after social transfer,A,Annual,T,Total,PC,Percentage,MED_EI,Median equivalised income,B_60,Below 60%,TOTAL,Total,EE,Estonia,2009,,19.7,,,,,
dataflow,ESTAT:TIPSLC20(1.0),People at risk of poverty after social transfer,A,Annual,T,Total,PC,Percentage,MED_EI,Median equivalised income,B_60,Below 60%,TOTAL,Total,EE,Estonia,2010,,15.8,,,,,
dataflow,ESTAT:TIPSLC20(1.0),People at risk of poverty after social transfer,A,Annual,T,Total,PC,Percentage,MED_EI,Median equivalised income,B_60,Below 60%,TOTAL,Total,EE,Estonia,2011,,17.5,,,,,
dataflow,ESTAT:TIPSLC20(1.0),People at risk of poverty after social transfer,A,Annual,T,Total,PC,Percentage,MED_EI,Median equivalised income,B_60,Below 60%,TOTAL,Total,EE,Estonia,2012,,17.5,,,,,
dataflow,ESTAT:TIPSLC20(1.0),People at risk of poverty after social transfer,A,Annual,T,Total,PC,Percentage,MED_EI,Median equivalised income,B_60,Below 60%,TOTAL,Total,EE,Estonia,2013,,18.6,,,,,
dataflow,ESTAT:TIPSLC20(1.0),People at risk of poverty after social transfer,A,Annual,T,Total,PC,Percentage,MED_EI,Median equivalised income,B_60,Below 60%,TOTAL,Total,EE,Estonia,2014,,21.8,,,,,
dataflow,ESTAT:TIPSLC20(1.0),People at risk of poverty after social transfer,A,Annual,T,Total,PC,Percentage,MED_EI,Median equivalised income,B_60,Below 60%,TOTAL,Total,EE,Estonia,2015,,21.6,,,,,
dataflow,ESTAT:TIPSLC20(1.0),People at risk of poverty after social transfer,A,Annual,T,Total,PC,Percentage,MED_EI,Median equivalised income,B_60,Below 60%,TOTAL,Total,EE,Estonia,2016,,21.7,,,,,
dataflow,ESTAT:TIPSLC20(1.0),People at risk of poverty after social transfer,A,Annual,T,Total,PC,Percentage,MED_EI,Median equivalised income,B_60,Below 60%,TOTAL,Total,EE,Estonia,2017,,21.0,,,,,
dataflow,ESTAT:TIPSLC20(1.0),People at risk of poverty after social transfer,A,Annual,T,Total,PC,Percentage,MED_EI,Median equivalised income,B_60,Below 60%,TOTAL,Total,EE,Estonia,2018,,21.9,,,,,
dataflow,ESTAT:TIPSLC20(1.0),People at risk of poverty after social transfer,A,Annual,T,Total,PC,Percentage,MED_EI,Median equivalised income,B_60,Below 60%,TOTAL,Total,EE,Estonia,2019,,21.7,,,,,
dataflow,ESTAT:TIPSLC20(1.0),People at risk of poverty after social transfer,A,Annual,T,Total,PC,Percentage,MED_EI,Median equivalised income,B_60,Below 60%,TOTAL,Total,EE,Estonia,2020,,20.7,,,,,
dataflow,ESTAT:TIPSLC20(1.0),People at risk of poverty after social transfer,A,Annual,T,Total,PC,Percentage,MED_EI,Median equivalised income,B_60,Below 60%,TOTAL,Total,EE,Estonia,2021,,20.6,,,,,
dataflow,ESTAT:TIPSLC20(1.0),People at risk of poverty after social transfer,A,Annual,T,Total,PC,Percentage,MED_EI,Median equivalised income,B_60,Below 60%,TOTAL,Total,EE,Estonia,2022,,22.8,,,,,
dataflow,ESTAT:TIPSLC20(1.0),People at risk of poverty after social transfer,A,Annual,T,Total,PC,Percentage,MED_EI,Median equivalised income,B_60,Below 60%,TOTAL,Total,EE,Estonia,2023,,22.5,,,,,
dataflow,ESTAT:TIPSLC20(1.0),People at risk of poverty after social transfer,A,Annual,T,Total,PC,Percentage,MED_EI,Median equivalised income,B_60,Below 60%,TOTAL,Total,EE,Estonia,2024,,20.2,,,,,
dataflow,ESTAT:TIPSLC20(1.0),People at risk of poverty after social transfer,A,Annual,T,Total,PC,Percentage,MED_EI,Median equivalised income,B_60,Below 60%,TOTAL,Total,EE,Estonia,2025,,19.5,,,,,
dataflow,ESTAT:TIPSLC20(1.0),People at risk of poverty after social transfer,A,Annual,T,Total,PC,Percentage,MED_EI,Median equivalised income,B_60,Below 60%,TOTAL,Total,EL,Greece,1995,,22.0,,,,,
dataflow,ESTAT:TIPSLC20(1.0),People at risk of poverty after social transfer,A,Annual,T,Total,PC,Percentage,MED_EI,Median equivalised income,B_60,Below 60%,TOTAL,Total,EL,Greece,1996,,21.0,,,,,
dataflow,ESTAT:TIPSLC20(1.0),People at risk of poverty after social transfer,A,Annual,T,Total,PC,Percentage,MED_EI,Median equivalised income,B_60,Below 60%,TOTAL,Total,EL,Greece,1997,,21.0,,,,,
dataflow,ESTAT:TIPSLC20(1.0),People at risk of poverty after social transfer,A,Annual,T,Total,PC,Percentage,MED_EI,Median equivalised income,B_60,Below 60%,TOTAL,Total,EL,Greece,1998,,21.0,,,,,
dataflow,ESTAT:TIPSLC20(1.0),People at risk of poverty after social transfer,A,Annual,T,Total,PC,Percentage,MED_EI,Median equivalised income,B_60,Below 60%,TOTAL,Total,EL,Greece,1999,,21.0,,,,,
dataflow,ESTAT:TIPSLC20(1.0),People at risk of poverty after social transfer,A,Annual,T,Total,PC,Percentage,MED_EI,Median equivalised income,B_60,Below 60%,TOTAL,Total,EL,Greece,2000,,20.0,,,,,
dataflow,ESTAT:TIPSLC20(1.0),People at risk of poverty after social transfer,A,Annual,T,Total,PC,Percentage,MED_EI,Median equivalised income,B_60,Below 60%,TOTAL,Total,EL,Greece,2001,,20.0,,,,,
dataflow,ESTAT:TIPSLC20(1.0),People at risk of poverty after social transfer,A,Annual,T,Total,PC,Percentage,MED_EI,Median equivalised income,B_60,Below 60%,TOTAL,Total,EL,Greece,2003,,20.7,,b,break in time series,,
dataflow,ESTAT:TIPSLC20(1.0),People at risk of poverty after social transfer,A,Annual,T,Total,PC,Percentage,MED_EI,Median equivalised income,B_60,Below 60%,TOTAL,Total,EL,Greece,2004,,19.9,,,,,
dataflow,ESTAT:TIPSLC20(1.0),People at risk of poverty after social transfer,A,Annual,T,Total,PC,Percentage,MED_EI,Median equivalised income,B_60,Below 60%,TOTAL,Total,EL,Greece,2005,,19.6,,,,,
dataflow,ESTAT:TIPSLC20(1.0),People at risk of poverty after social transfer,A,Annual,T,Total,PC,Percentage,MED_EI,Median equivalised income,B_60,Below 60%,TOTAL,Total,EL,Greece,2006,,20.5,,,,,
dataflow,ESTAT:TIPSLC20(1.0),People at risk of poverty after social transfer,A,Annual,T,Total,PC,Percentage,MED_EI,Median equivalised income,B_60,Below 60%,TOTAL,Total,EL,Greece,2007,,20.3,,,,,
dataflow,ESTAT:TIPSLC20(1.0),People at risk of poverty after social transfer,A,Annual,T,Total,PC,Percentage,MED_EI,Median equivalised income,B_60,Below 60%,TOTAL,Total,EL,Greece,2008,,20.1,,,,,
dataflow,ESTAT:TIPSLC20(1.0),People at risk of poverty after social transfer,A,Annual,T,Total,PC,Percentage,MED_EI,Median equivalised income,B_60,Below 60%,TOTAL,Total,EL,Greece,2009,,19.7,,,,,
dataflow,ESTAT:TIPSLC20(1.0),People at risk of poverty after social transfer,A,Annual,T,Total,PC,Percentage,MED_EI,Median equivalised income,B_60,Below 60%,TOTAL,Total,EL,Greece,2010,,20.1,,,,,
dataflow,ESTAT:TIPSLC20(1.0),People at risk of poverty after social transfer,A,Annual,T,Total,PC,Percentage,MED_EI,Median equivalised income,B_60,Below 60%,TOTAL,Total,EL,Greece,2011,,21.4,,,,,
dataflow,ESTAT:TIPSLC20(1.0),People at risk of poverty after social transfer,A,Annual,T,Total,PC,Percentage,MED_EI,Median equivalised income,B_60,Below 60%,TOTAL,Total,EL,Greece,2012,,23.1,,,,,
dataflow,ESTAT:TIPSLC20(1.0),People at risk of poverty after social transfer,A,Annual,T,Total,PC,Percentage,MED_EI,Median equivalised income,B_60,Below 60%,TOTAL,Total,EL,Greece,2013,,23.1,,,,,
dataflow,ESTAT:TIPSLC20(1.0),People at risk of poverty after social transfer,A,Annual,T,Total,PC,Percentage,MED_EI,Median equivalised income,B_60,Below 60%,TOTAL,Total,EL,Greece,2014,,22.1,,,,,
dataflow,ESTAT:TIPSLC20(1.0),People at risk of poverty after social transfer,A,Annual,T,Total,PC,Percentage,MED_EI,Median equivalised income,B_60,Below 60%,TOTAL,Total,EL,Greece,2015,,21.4,,,,,
dataflow,ESTAT:TIPSLC20(1.0),People at risk of poverty after social transfer,A,Annual,T,Total,PC,Percentage,MED_EI,Median equivalised income,B_60,Below 60%,TOTAL,Total,EL,Greece,2016,,21.2,,,,,
dataflow,ESTAT:TIPSLC20(1.0),People at risk of poverty after social transfer,A,Annual,T,Total,PC,Percentage,MED_EI,Median equivalised income,B_60,Below 60%,TOTAL,Total,EL,Greece,2017,,20.2,,,,,
dataflow,ESTAT:TIPSLC20(1.0),People at risk of poverty after social transfer,A,Annual,T,Total,PC,Percentage,MED_EI,Median equivalised income,B_60,Below 60%,TOTAL,Total,EL,Greece,2018,,18.5,,,,,
dataflow,ESTAT:TIPSLC20(1.0),People at risk of poverty after social transfer,A,Annual,T,Total,PC,Percentage,MED_EI,Median equivalised income,B_60,Below 60%,TOTAL,Total,EL,Greece,2019,,17.9,,,,,
dataflow,ESTAT:TIPSLC20(1.0),People at risk of poverty after social transfer,A,Annual,T,Total,PC,Percentage,MED_EI,Median equivalised income,B_60,Below 60%,TOTAL,Total,EL,Greece,2020,,17.7,,,,,
dataflow,ESTAT:TIPSLC20(1.0),People at risk of poverty after social transfer,A,Annual,T,Total,PC,Percentage,MED_EI,Median equivalised income,B_60,Below 60%,TOTAL,Total,EL,Greece,2021,,19.6,,,,,
dataflow,ESTAT:TIPSLC20(1.0),People at risk of poverty after social transfer,A,Annual,T,Total,PC,Percentage,MED_EI,Median equivalised income,B_60,Below 60%,TOTAL,Total,EL,Greece,2022,,18.8,,,,,
dataflow,ESTAT:TIPSLC20(1.0),People at risk of poverty after social transfer,A,Annual,T,Total,PC,Percentage,MED_EI,Median equivalised income,B_60,Below 60%,TOTAL,Total,EL,Greece,2023,,18.9,,,,,
dataflow,ESTAT:TIPSLC20(1.0),People at risk of poverty after social transfer,A,Annual,T,Total,PC,Percentage,MED_EI,Median equivalised income,B_60,Below 60%,TOTAL,Total,EL,Greece,2024,,19.6,,,,,
dataflow,ESTAT:TIPSLC20(1.0),People at risk of poverty after social transfer,A,Annual,T,Total,PC,Percentage,MED_EI,Median equivalised income,B_60,Below 60%,TOTAL,Total,EL,Greece,2025,,19.6,,,,,
dataflow,ESTAT:TIPSLC20(1.0),People at risk of poverty after social transfer,A,Annual,T,Total,PC,Percentage,MED_EI,Median equivalised income,B_60,Below 60%,TOTAL,Total,ES,Spain,1995,,19.0,,,,,
dataflow,ESTAT:TIPSLC20(1.0),People at risk of poverty after social transfer,A,Annual,T,Total,PC,Percentage,MED_EI,Median equivalised income,B_60,Below 60%,TOTAL,Total,ES,Spain,1996,,18.0,,,,,
dataflow,ESTAT:TIPSLC20(1.0),People at risk of poverty after social transfer,A,Annual,T,Total,PC,Percentage,MED_EI,Median equivalised income,B_60,Below 60%,TOTAL,Total,ES,Spain,1997,,20.0,,,,,
dataflow,ESTAT:TIPSLC20(1.0),People at risk of poverty after social transfer,A,Annual,T,Total,PC,Percentage,MED_EI,Median equivalised income,B_60,Below 60%,TOTAL,Total,ES,Spain,1998,,18.0,,,,,
dataflow,ESTAT:TIPSLC20(1.0),People at risk of poverty after social transfer,A,Annual,T,Total,PC,Percentage,MED_EI,Median equivalised income,B_60,Below 60%,TOTAL,Total,ES,Spain,1999,,19.0,,,,,
dataflow,ESTAT:TIPSLC20(1.0),People at risk of poverty after social transfer,A,Annual,T,Total,PC,Percentage,MED_EI,Median equivalised income,B_60,Below 60%,TOTAL,Total,ES,Spain,2000,,18.0,,,,,
dataflow,ESTAT:TIPSLC20(1.0),People at risk of poverty after social transfer,A,Annual,T,Total,PC,Percentage,MED_EI,Median equivalised income,B_60,Below 60%,TOTAL,Total,ES,Spain,2001,,19.0,,,,,
dataflow,ESTAT:TIPSLC20(1.0),People at risk of poverty after social transfer,A,Annual,T,Total,PC,Percentage,MED_EI,Median equivalised income,B_60,Below 60%,TOTAL,Total,ES,Spain,2002,,19.0,,b,break in time series,,
dataflow,ESTAT:TIPSLC20(1.0),People at risk of poverty after social transfer,A,Annual,T,Total,PC,Percentage,MED_EI,Median equivalised income,B_60,Below 60%,TOTAL,Total,ES,Spain,2004,,20.1,,b,break in time series,,
dataflow,ESTAT:TIPSLC20(1.0),People at risk of poverty after social transfer,A,Annual,T,Total,PC,Percentage,MED_EI,Median equivalised income,B_60,Below 60%,TOTAL,Total,ES,Spain,2005,,20.1,,,,,
dataflow,ESTAT:TIPSLC20(1.0),People at risk of poverty after social transfer,A,Annual,T,Total,PC,Percentage,MED_EI,Median equivalised income,B_60,Below 60%,TOTAL,Total,ES,Spain,2006,,20.3,,,,,
dataflow,ESTAT:TIPSLC20(1.0),People at risk of poverty after social transfer,A,Annual,T,Total,PC,Percentage,MED_EI,Median equivalised income,B_60,Below 60%,TOTAL,Total,ES,Spain,2007,,19.7,,,,,
dataflow,ESTAT:TIPSLC20(1.0),People at risk of poverty after social transfer,A,Annual,T,Total,PC,Percentage,MED_EI,Median equivalised income,B_60,Below 60%,TOTAL,Total,ES,Spain,2008,,19.8,,,,,
dataflow,ESTAT:TIPSLC20(1.0),People at risk of poverty after social transfer,A,Annual,T,Total,PC,Percentage,MED_EI,Median equivalised income,B_60,Below 60%,TOTAL,Total,ES,Spain,2009,,20.4,,,,,
dataflow,ESTAT:TIPSLC20(1.0),People at risk of poverty after social transfer,A,Annual,T,Total,PC,Percentage,MED_EI,Median equivalised income,B_60,Below 60%,TOTAL,Total,ES,Spain,2010,,20.7,,,,,
dataflow,ESTAT:TIPSLC20(1.0),People at risk of poverty after social transfer,A,Annual,T,Total,PC,Percentage,MED_EI,Median equivalised income,B_60,Below 60%,TOTAL,Total,ES,Spain,2011,,20.6,,,,,
dataflow,ESTAT:TIPSLC20(1.0),People at risk of poverty after social transfer,A,Annual,T,Total,PC,Percentage,MED_EI,Median equivalised income,B_60,Below 60%,TOTAL,Total,ES,Spain,2012,,20.8,,,,,
dataflow,ESTAT:TIPSLC20(1.0),People at risk of poverty after social transfer,A,Annual,T,Total,PC,Percentage,MED_EI,Median equivalised income,B_60,Below 60%,TOTAL,Total,ES,Spain,2013,,20.4,,,,,
dataflow,ESTAT:TIPSLC20(1.0),People at risk of poverty after social transfer,A,Annual,T,Total,PC,Percentage,MED_EI,Median equivalised income,B_60,Below 60%,TOTAL,Total,ES,Spain,2014,,22.2,,,,,
dataflow,ESTAT:TIPSLC20(1.0),People at risk of poverty after social transfer,A,Annual,T,Total,PC,Percentage,MED_EI,Median equivalised income,B_60,Below 60%,TOTAL,Total,ES,Spain,2015,,22.1,,,,,
dataflow,ESTAT:TIPSLC20(1.0),People at risk of poverty after social transfer,A,Annual,T,Total,PC,Percentage,MED_EI,Median equivalised income,B_60,Below 60%,TOTAL,Total,ES,Spain,2016,,22.3,,,,,
dataflow,ESTAT:TIPSLC20(1.0),People at risk of poverty after social transfer,A,Annual,T,Total,PC,Percentage,MED_EI,Median equivalised income,B_60,Below 60%,TOTAL,Total,ES,Spain,2017,,21.6,,,,,
dataflow,ESTAT:TIPSLC20(1.0),People at risk of poverty after social transfer,A,Annual,T,Total,PC,Percentage,MED_EI,Median equivalised income,B_60,Below 60%,TOTAL,Total,ES,Spain,2018,,21.5,,,,,
dataflow,ESTAT:TIPSLC20(1.0),People at risk of poverty after social transfer,A,Annual,T,Total,PC,Percentage,MED_EI,Median equivalised income,B_60,Below 60%,TOTAL,Total,ES,Spain,2019,,20.7,,,,,
dataflow,ESTAT:TIPSLC20(1.0),People at risk of poverty after social transfer,A,Annual,T,Total,PC,Percentage,MED_EI,Median equivalised income,B_60,Below 60%,TOTAL,Total,ES,Spain,2020,,21.0,,,,,
dataflow,ESTAT:TIPSLC20(1.0),People at risk of poverty after social transfer,A,Annual,T,Total,PC,Percentage,MED_EI,Median equivalised income,B_60,Below 60%,TOTAL,Total,ES,Spain,2021,,21.7,,,,,
dataflow,ESTAT:TIPSLC20(1.0),People at risk of poverty after social transfer,A,Annual,T,Total,PC,Percentage,MED_EI,Median equivalised income,B_60,Below 60%,TOTAL,Total,ES,Spain,2022,,20.4,,,,,
dataflow,ESTAT:TIPSLC20(1.0),People at risk of poverty after social transfer,A,Annual,T,Total,PC,Percentage,MED_EI,Median equivalised income,B_60,Below 60%,TOTAL,Total,ES,Spain,2023,,20.2,,,,,
dataflow,ESTAT:TIPSLC20(1.0),People at risk of poverty after social transfer,A,Annual,T,Total,PC,Percentage,MED_EI,Median equivalised income,B_60,Below 60%,TOTAL,Total,ES,Spain,2024,,19.7,,,,,
dataflow,ESTAT:TIPSLC20(1.0),People at risk of poverty after social transfer,A,Annual,T,Total,PC,Percentage,MED_EI,Median equivalised income,B_60,Below 60%,TOTAL,Total,ES,Spain,2025,,19.5,,,,,
dataflow,ESTAT:TIPSLC20(1.0),People at risk of poverty after social transfer,A,Annual,T,Total,PC,Percentage,MED_EI,Median equivalised income,B_60,Below 60%,TOTAL,Total,EU27_2020,European Union - 27 countries (from 2020),2013,,16.8,,,,,
dataflow,ESTAT:TIPSLC20(1.0),People at risk of poverty after social transfer,A,Annual,T,Total,PC,Percentage,MED_EI,Median equivalised income,B_60,Below 60%,TOTAL,Total,EU27_2020,European Union - 27 countries (from 2020),2014,,17.3,,,,,
dataflow,ESTAT:TIPSLC20(1.0),People at risk of poverty after social transfer,A,Annual,T,Total,PC,Percentage,MED_EI,Median equivalised income,B_60,Below 60%,TOTAL,Total,EU27_2020,European Union - 27 countries (from 2020),2015,,17.4,,,,,
dataflow,ESTAT:TIPSLC20(1.0),People at risk of poverty after social transfer,A,Annual,T,Total,PC,Percentage,MED_EI,Median equivalised income,B_60,Below 60%,TOTAL,Total,EU27_2020,European Union - 27 countries (from 2020),2016,,17.5,,,,,
dataflow,ESTAT:TIPSLC20(1.0),People at risk of poverty after social transfer,A,Annual,T,Total,PC,Percentage,MED_EI,Median equivalised income,B_60,Below 60%,TOTAL,Total,EU27_2020,European Union - 27 countries (from 2020),2017,,16.9,,,,,
dataflow,ESTAT:TIPSLC20(1.0),People at risk of poverty after social transfer,A,Annual,T,Total,PC,Percentage,MED_EI,Median equivalised income,B_60,Below 60%,TOTAL,Total,EU27_2020,European Union - 27 countries (from 2020),2018,,16.8,,,,,
dataflow,ESTAT:TIPSLC20(1.0),People at risk of poverty after social transfer,A,Annual,T,Total,PC,Percentage,MED_EI,Median equivalised income,B_60,Below 60%,TOTAL,Total,EU27_2020,European Union - 27 countries (from 2020),2019,,16.5,,,,,
dataflow,ESTAT:TIPSLC20(1.0),People at risk of poverty after social transfer,A,Annual,T,Total,PC,Percentage,MED_EI,Median equivalised income,B_60,Below 60%,TOTAL,Total,EU27_2020,European Union - 27 countries (from 2020),2020,,16.7,,,,,
dataflow,ESTAT:TIPSLC20(1.0),People at risk of poverty after social transfer,A,Annual,T,Total,PC,Percentage,MED_EI,Median equivalised income,B_60,Below 60%,TOTAL,Total,EU27_2020,European Union - 27 countries (from 2020),2021,,16.8,,,,,
dataflow,ESTAT:TIPSLC20(1.0),People at risk of poverty after social transfer,A,Annual,T,Total,PC,Percentage,MED_EI,Median equivalised income,B_60,Below 60%,TOTAL,Total,EU27_2020,European Union - 27 countries (from 2020),2022,,16.5,,,,,
dataflow,ESTAT:TIPSLC20(1.0),People at risk of poverty after social transfer,A,Annual,T,Total,PC,Percentage,MED_EI,Median equivalised income,B_60,Below 60%,TOTAL,Total,EU27_2020,European Union - 27 countries (from 2020),2023,,16.2,,,,,
dataflow,ESTAT:TIPSLC20(1.0),People at risk of poverty after social transfer,A,Annual,T,Total,PC,Percentage,MED_EI,Median equivalised income,B_60,Below 60%,TOTAL,Total,EU27_2020,European Union - 27 countries (from 2020),2024,,16.2,,,,,
dataflow,ESTAT:TIPSLC20(1.0),People at risk of poverty after social transfer,A,Annual,T,Total,PC,Percentage,MED_EI,Median equivalised income,B_60,Below 60%,TOTAL,Total,EU27_2020,European Union - 27 countries (from 2020),2025,,16.3,,,,,
dataflow,ESTAT:TIPSLC20(1.0),People at risk of poverty after social transfer,A,Annual,T,Total,PC,Percentage,MED_EI,Median equivalised income,B_60,Below 60%,TOTAL,Total,FI,Finland,1996,,8.0,,,,,
dataflow,ESTAT:TIPSLC20(1.0),People at risk of poverty after social transfer,A,Annual,T,Total,PC,Percentage,MED_EI,Median equivalised income,B_60,Below 60%,TOTAL,Total,FI,Finland,1997,,8.0,,,,,
dataflow,ESTAT:TIPSLC20(1.0),People at risk of poverty after social transfer,A,Annual,T,Total,PC,Percentage,MED_EI,Median equivalised income,B_60,Below 60%,TOTAL,Total,FI,Finland,1998,,9.0,,,,,
dataflow,ESTAT:TIPSLC20(1.0),People at risk of poverty after social transfer,A,Annual,T,Total,PC,Percentage,MED_EI,Median equivalised income,B_60,Below 60%,TOTAL,Total,FI,Finland,1999,,11.0,,,,,
dataflow,ESTAT:TIPSLC20(1.0),People at risk of poverty after social transfer,A,Annual,T,Total,PC,Percentage,MED_EI,Median equivalised income,B_60,Below 60%,TOTAL,Total,FI,Finland,2000,,11.0,,,,,
dataflow,ESTAT:TIPSLC20(1.0),People at risk of poverty after social transfer,A,Annual,T,Total,PC,Percentage,MED_EI,Median equivalised income,B_60,Below 60%,TOTAL,Total,FI,Finland,2001,,11.0,,b,break in time series,,
dataflow,ESTAT:TIPSLC20(1.0),People at risk of poverty after social transfer,A,Annual,T,Total,PC,Percentage,MED_EI,Median equivalised income,B_60,Below 60%,TOTAL,Total,FI,Finland,2002,,11.0,,,,,
dataflow,ESTAT:TIPSLC20(1.0),People at risk of poverty after social transfer,A,Annual,T,Total,PC,Percentage,MED_EI,Median equivalised income,B_60,Below 60%,TOTAL,Total,FI,Finland,2004,,11.0,,b,break in time series,,
dataflow,ESTAT:TIPSLC20(1.0),People at risk of poverty after social transfer,A,Annual,T,Total,PC,Percentage,MED_EI,Median equivalised income,B_60,Below 60%,TOTAL,Total,FI,Finland,2005,,11.7,,,,,
dataflow,ESTAT:TIPSLC20(1.0),People at risk of poverty after social transfer,A,Annual,T,Total,PC,Percentage,MED_EI,Median equivalised income,B_60,Below 60%,TOTAL,Total,FI,Finland,2006,,12.6,,,,,
dataflow,ESTAT:TIPSLC20(1.0),People at risk of poverty after social transfer,A,Annual,T,Total,PC,Percentage,MED_EI,Median equivalised income,B_60,Below 60%,TOTAL,Total,FI,Finland,2007,,13.0,,,,,
dataflow,ESTAT:TIPSLC20(1.0),People at risk of poverty after social transfer,A,Annual,T,Total,PC,Percentage,MED_EI,Median equivalised income,B_60,Below 60%,TOTAL,Total,FI,Finland,2008,,13.6,,,,,
dataflow,ESTAT:TIPSLC20(1.0),People at risk of poverty after social transfer,A,Annual,T,Total,PC,Percentage,MED_EI,Median equivalised income,B_60,Below 60%,TOTAL,Total,FI,Finland,2009,,13.8,,,,,
dataflow,ESTAT:TIPSLC20(1.0),People at risk of poverty after social transfer,A,Annual,T,Total,PC,Percentage,MED_EI,Median equivalised income,B_60,Below 60%,TOTAL,Total,FI,Finland,2010,,13.1,,,,,
dataflow,ESTAT:TIPSLC20(1.0),People at risk of poverty after social transfer,A,Annual,T,Total,PC,Percentage,MED_EI,Median equivalised income,B_60,Below 60%,TOTAL,Total,FI,Finland,2011,,13.7,,,,,
dataflow,ESTAT:TIPSLC20(1.0),People at risk of poverty after social transfer,A,Annual,T,Total,PC,Percentage,MED_EI,Median equivalised income,B_60,Below 60%,TOTAL,Total,FI,Finland,2012,,13.2,,,,,
dataflow,ESTAT:TIPSLC20(1.0),People at risk of poverty after social transfer,A,Annual,T,Total,PC,Percentage,MED_EI,Median equivalised income,B_60,Below 60%,TOTAL,Total,FI,Finland,2013,,11.8,,,,,
dataflow,ESTAT:TIPSLC20(1.0),People at risk of poverty after social transfer,A,Annual,T,Total,PC,Percentage,MED_EI,Median equivalised income,B_60,Below 60%,TOTAL,Total,FI,Finland,2014,,12.8,,,,,
dataflow,ESTAT:TIPSLC20(1.0),People at risk of poverty after social transfer,A,Annual,T,Total,PC,Percentage,MED_EI,Median equivalised income,B_60,Below 60%,TOTAL,Total,FI,Finland,2015,,12.4,,,,,
dataflow,ESTAT:TIPSLC20(1.0),People at risk of poverty after social transfer,A,Annual,T,Total,PC,Percentage,MED_EI,Median equivalised income,B_60,Below 60%,TOTAL,Total,FI,Finland,2016,,11.6,,,,,
dataflow,ESTAT:TIPSLC20(1.0),People at risk of poverty after social transfer,A,Annual,T,Total,PC,Percentage,MED_EI,Median equivalised income,B_60,Below 60%,TOTAL,Total,FI,Finland,2017,,11.5,,,,,
dataflow,ESTAT:TIPSLC20(1.0),People at risk of poverty after social transfer,A,Annual,T,Total,PC,Percentage,MED_EI,Median equivalised income,B_60,Below 60%,TOTAL,Total,FI,Finland,2018,,12.0,,,,,
dataflow,ESTAT:TIPSLC20(1.0),People at risk of poverty after social transfer,A,Annual,T,Total,PC,Percentage,MED_EI,Median equivalised income,B_60,Below 60%,TOTAL,Total,FI,Finland,2019,,11.6,,,,,
dataflow,ESTAT:TIPSLC20(1.0),People at risk of poverty after social transfer,A,Annual,T,Total,PC,Percentage,MED_EI,Median equivalised income,B_60,Below 60%,TOTAL,Total,FI,Finland,2020,,12.2,,,,,
dataflow,ESTAT:TIPSLC20(1.0),People at risk of poverty after social transfer,A,Annual,T,Total,PC,Percentage,MED_EI,Median equivalised income,B_60,Below 60%,TOTAL,Total,FI,Finland,2021,,10.8,,,,,
dataflow,ESTAT:TIPSLC20(1.0),People at risk of poverty after social transfer,A,Annual,T,Total,PC,Percentage,MED_EI,Median equivalised income,B_60,Below 60%,TOTAL,Total,FI,Finland,2022,,12.7,,,,,
dataflow,ESTAT:TIPSLC20(1.0),People at risk of poverty after social transfer,A,Annual,T,Total,PC,Percentage,MED_EI,Median equivalised income,B_60,Below 60%,TOTAL,Total,FI,Finland,2023,,12.2,,,,,
dataflow,ESTAT:TIPSLC20(1.0),People at risk of poverty after social transfer,A,Annual,T,Total,PC,Percentage,MED_EI,Median equivalised income,B_60,Below 60%,TOTAL,Total,FI,Finland,2024,,12.6,,,,,
dataflow,ESTAT:TIPSLC20(1.0),People at risk of poverty after social transfer,A,Annual,T,Total,PC,Percentage,MED_EI,Median equivalised income,B_60,Below 60%,TOTAL,Total,FI,Finland,2025,,13.4,,,,,
dataflow,ESTAT:TIPSLC20(1.0),People at risk of poverty after social transfer,A,Annual,T,Total,PC,Percentage,MED_EI,Median equivalised income,B_60,Below 60%,TOTAL,Total,FR,France,1995,,15.0,,,,,
dataflow,ESTAT:TIPSLC20(1.0),People at risk of poverty after social transfer,A,Annual,T,Total,PC,Percentage,MED_EI,Median equivalised income,B_60,Below 60%,TOTAL,Total,FR,France,1996,,15.0,,,,,
dataflow,ESTAT:TIPSLC20(1.0),People at risk of poverty after social transfer,A,Annual,T,Total,PC,Percentage,MED_EI,Median equivalised income,B_60,Below 60%,TOTAL,Total,FR,France,1997,,15.0,,,,,
dataflow,ESTAT:TIPSLC20(1.0),People at risk of poverty after social transfer,A,Annual,T,Total,PC,Percentage,MED_EI,Median equivalised income,B_60,Below 60%,TOTAL,Total,FR,France,1998,,15.0,,,,,
dataflow,ESTAT:TIPSLC20(1.0),People at risk of poverty after social transfer,A,Annual,T,Total,PC,Percentage,MED_EI,Median equivalised income,B_60,Below 60%,TOTAL,Total,FR,France,1999,,15.0,,,,,
dataflow,ESTAT:TIPSLC20(1.0),People at risk of poverty after social transfer,A,Annual,T,Total,PC,Percentage,MED_EI,Median equivalised income,B_60,Below 60%,TOTAL,Total,FR,France,2000,,16.0,,,,,
dataflow,ESTAT:TIPSLC20(1.0),People at risk of poverty after social transfer,A,Annual,T,Total,PC,Percentage,MED_EI,Median equivalised income,B_60,Below 60%,TOTAL,Total,FR,France,2001,,13.0,,b,break in time series,,
dataflow,ESTAT:TIPSLC20(1.0),People at risk of poverty after social transfer,A,Annual,T,Total,PC,Percentage,MED_EI,Median equivalised income,B_60,Below 60%,TOTAL,Total,FR,France,2002,,12.0,,,,,
dataflow,ESTAT:TIPSLC20(1.0),People at risk of poverty after social transfer,A,Annual,T,Total,PC,Percentage,MED_EI,Median equivalised income,B_60,Below 60%,TOTAL,Total,FR,France,2004,,13.5,,b,break in time series,,
dataflow,ESTAT:TIPSLC20(1.0),People at risk of poverty after social transfer,A,Annual,T,Total,PC,Percentage,MED_EI,Median equivalised income,B_60,Below 60%,TOTAL,Total,FR,France,2005,,13.0,,,,,
dataflow,ESTAT:TIPSLC20(1.0),People at risk of poverty after social transfer,A,Annual,T,Total,PC,Percentage,MED_EI,Median equivalised income,B_60,Below 60%,TOTAL,Total,FR,France,2006,,13.2,,,,,
dataflow,ESTAT:TIPSLC20(1.0),People at risk of poverty after social transfer,A,Annual,T,Total,PC,Percentage,MED_EI,Median equivalised income,B_60,Below 60%,TOTAL,Total,FR,France,2007,,13.1,,,,,
dataflow,ESTAT:TIPSLC20(1.0),People at risk of poverty after social transfer,A,Annual,T,Total,PC,Percentage,MED_EI,Median equivalised income,B_60,Below 60%,TOTAL,Total,FR,France,2008,,12.5,,,,,
dataflow,ESTAT:TIPSLC20(1.0),People at risk of poverty after social transfer,A,Annual,T,Total,PC,Percentage,MED_EI,Median equivalised income,B_60,Below 60%,TOTAL,Total,FR,France,2009,,12.9,,,,,
dataflow,ESTAT:TIPSLC20(1.0),People at risk of poverty after social transfer,A,Annual,T,Total,PC,Percentage,MED_EI,Median equivalised income,B_60,Below 60%,TOTAL,Total,FR,France,2010,,13.3,,,,,
dataflow,ESTAT:TIPSLC20(1.0),People at risk of poverty after social transfer,A,Annual,T,Total,PC,Percentage,MED_EI,Median equivalised income,B_60,Below 60%,TOTAL,Total,FR,France,2011,,14.0,,,,,
dataflow,ESTAT:TIPSLC20(1.0),People at risk of poverty after social transfer,A,Annual,T,Total,PC,Percentage,MED_EI,Median equivalised income,B_60,Below 60%,TOTAL,Total,FR,France,2012,,14.1,,,,,
dataflow,ESTAT:TIPSLC20(1.0),People at risk of poverty after social transfer,A,Annual,T,Total,PC,Percentage,MED_EI,Median equivalised income,B_60,Below 60%,TOTAL,Total,FR,France,2013,,13.7,,,,,
dataflow,ESTAT:TIPSLC20(1.0),People at risk of poverty after social transfer,A,Annual,T,Total,PC,Percentage,MED_EI,Median equivalised income,B_60,Below 60%,TOTAL,Total,FR,France,2014,,13.3,,,,,
dataflow,ESTAT:TIPSLC20(1.0),People at risk of poverty after social transfer,A,Annual,T,Total,PC,Percentage,MED_EI,Median equivalised income,B_60,Below 60%,TOTAL,Total,FR,France,2015,,13.6,,,,,
dataflow,ESTAT:TIPSLC20(1.0),People at risk of poverty after social transfer,A,Annual,T,Total,PC,Percentage,MED_EI,Median equivalised income,B_60,Below 60%,TOTAL,Total,FR,France,2016,,13.6,,,,,
dataflow,ESTAT:TIPSLC20(1.0),People at risk of poverty after social transfer,A,Annual,T,Total,PC,Percentage,MED_EI,Median equivalised income,B_60,Below 60%,TOTAL,Total,FR,France,2017,,13.2,,,,,
dataflow,ESTAT:TIPSLC20(1.0),People at risk of poverty after social transfer,A,Annual,T,Total,PC,Percentage,MED_EI,Median equivalised income,B_60,Below 60%,TOTAL,Total,FR,France,2018,,13.4,,,,,
dataflow,ESTAT:TIPSLC20(1.0),People at risk of poverty after social transfer,A,Annual,T,Total,PC,Percentage,MED_EI,Median equivalised income,B_60,Below 60%,TOTAL,Total,FR,France,2019,,13.6,,,,,
dataflow,ESTAT:TIPSLC20(1.0),People at risk of poverty after social transfer,A,Annual,T,Total,PC,Percentage,MED_EI,Median equivalised income,B_60,Below 60%,TOTAL,Total,FR,France,2020,,14.2,,b,break in time series,,
dataflow,ESTAT:TIPSLC20(1.0),People at risk of poverty after social transfer,A,Annual,T,Total,PC,Percentage,MED_EI,Median equivalised income,B_60,Below 60%,TOTAL,Total,FR,France,2021,,14.3,,,,,
dataflow,ESTAT:TIPSLC20(1.0),People at risk of poverty after social transfer,A,Annual,T,Total,PC,Percentage,MED_EI,Median equivalised income,B_60,Below 60%,TOTAL,Total,FR,France,2022,,15.6,,b,break in time series,,
dataflow,ESTAT:TIPSLC20(1.0),People at risk of poverty after social transfer,A,Annual,T,Total,PC,Percentage,MED_EI,Median equivalised income,B_60,Below 60%,TOTAL,Total,FR,France,2023,,15.4,,,,,
dataflow,ESTAT:TIPSLC20(1.0),People at risk of poverty after social transfer,A,Annual,T,Total,PC,Percentage,MED_EI,Median equivalised income,B_60,Below 60%,TOTAL,Total,FR,France,2024,,15.9,,,,,
dataflow,ESTAT:TIPSLC20(1.0),People at risk of poverty after social transfer,A,Annual,T,Total,PC,Percentage,MED_EI,Median equivalised income,B_60,Below 60%,TOTAL,Total,FR,France,2025,,16.3,,,,,
dataflow,ESTAT:TIPSLC20(1.0),People at risk of poverty after social transfer,A,Annual,T,Total,PC,Percentage,MED_EI,Median equivalised income,B_60,Below 60%,TOTAL,Total,HR,Croatia,2010,,20.6,,,,,
dataflow,ESTAT:TIPSLC20(1.0),People at risk of poverty after social transfer,A,Annual,T,Total,PC,Percentage,MED_EI,Median equivalised income,B_60,Below 60%,TOTAL,Total,HR,Croatia,2011,,20.9,,,,,
dataflow,ESTAT:TIPSLC20(1.0),People at risk of poverty after social transfer,A,Annual,T,Total,PC,Percentage,MED_EI,Median equivalised income,B_60,Below 60%,TOTAL,Total,HR,Croatia,2012,,20.4,,,,,
dataflow,ESTAT:TIPSLC20(1.0),People at risk of poverty after social transfer,A,Annual,T,Total,PC,Percentage,MED_EI,Median equivalised income,B_60,Below 60%,TOTAL,Total,HR,Croatia,2013,,19.5,,,,,
dataflow,ESTAT:TIPSLC20(1.0),People at risk of poverty after social transfer,A,Annual,T,Total,PC,Percentage,MED_EI,Median equivalised income,B_60,Below 60%,TOTAL,Total,HR,Croatia,2014,,19.4,,,,,
dataflow,ESTAT:TIPSLC20(1.0),People at risk of poverty after social transfer,A,Annual,T,Total,PC,Percentage,MED_EI,Median equivalised income,B_60,Below 60%,TOTAL,Total,HR,Croatia,2015,,20.0,,,,,
dataflow,ESTAT:TIPSLC20(1.0),People at risk of poverty after social transfer,A,Annual,T,Total,PC,Percentage,MED_EI,Median equivalised income,B_60,Below 60%,TOTAL,Total,HR,Croatia,2016,,19.5,,,,,
dataflow,ESTAT:TIPSLC20(1.0),People at risk of poverty after social transfer,A,Annual,T,Total,PC,Percentage,MED_EI,Median equivalised income,B_60,Below 60%,TOTAL,Total,HR,Croatia,2017,,20.0,,,,,
dataflow,ESTAT:TIPSLC20(1.0),People at risk of poverty after social transfer,A,Annual,T,Total,PC,Percentage,MED_EI,Median equivalised income,B_60,Below 60%,TOTAL,Total,HR,Croatia,2018,,19.3,,,,,
dataflow,ESTAT:TIPSLC20(1.0),People at risk of poverty after social transfer,A,Annual,T,Total,PC,Percentage,MED_EI,Median equivalised income,B_60,Below 60%,TOTAL,Total,HR,Croatia,2019,,18.3,,,,,
dataflow,ESTAT:TIPSLC20(1.0),People at risk of poverty after social transfer,A,Annual,T,Total,PC,Percentage,MED_EI,Median equivalised income,B_60,Below 60%,TOTAL,Total,HR,Croatia,2020,,18.3,,,,,
dataflow,ESTAT:TIPSLC20(1.0),People at risk of poverty after social transfer,A,Annual,T,Total,PC,Percentage,MED_EI,Median equivalised income,B_60,Below 60%,TOTAL,Total,HR,Croatia,2021,,19.2,,,,,
dataflow,ESTAT:TIPSLC20(1.0),People at risk of poverty after social transfer,A,Annual,T,Total,PC,Percentage,MED_EI,Median equivalised income,B_60,Below 60%,TOTAL,Total,HR,Croatia,2022,,18.0,,,,,
dataflow,ESTAT:TIPSLC20(1.0),People at risk of poverty after social transfer,A,Annual,T,Total,PC,Percentage,MED_EI,Median equivalised income,B_60,Below 60%,TOTAL,Total,HR,Croatia,2023,,19.3,,b,break in time series,,
dataflow,ESTAT:TIPSLC20(1.0),People at risk of poverty after social transfer,A,Annual,T,Total,PC,Percentage,MED_EI,Median equivalised income,B_60,Below 60%,TOTAL,Total,HR,Croatia,2024,,20.3,,b,break in time series,,
dataflow,ESTAT:TIPSLC20(1.0),People at risk of poverty after social transfer,A,Annual,T,Total,PC,Percentage,MED_EI,Median equivalised income,B_60,Below 60%,TOTAL,Total,HR,Croatia,2025,,19.5,,,,,
dataflow,ESTAT:TIPSLC20(1.0),People at risk of poverty after social transfer,A,Annual,T,Total,PC,Percentage,MED_EI,Median equivalised income,B_60,Below 60%,TOTAL,Total,HU,Hungary,2000,,11.0,,,,,
dataflow,ESTAT:TIPSLC20(1.0),People at risk of poverty after social transfer,A,Annual,T,Total,PC,Percentage,MED_EI,Median equivalised income,B_60,Below 60%,TOTAL,Total,HU,Hungary,2001,,11.0,,,,,
dataflow,ESTAT:TIPSLC20(1.0),People at risk of poverty after social transfer,A,Annual,T,Total,PC,Percentage,MED_EI,Median equivalised income,B_60,Below 60%,TOTAL,Total,HU,Hungary,2002,,10.0,,,,,
dataflow,ESTAT:TIPSLC20(1.0),People at risk of poverty after social transfer,A,Annual,T,Total,PC,Percentage,MED_EI,Median equivalised income,B_60,Below 60%,TOTAL,Total,HU,Hungary,2005,,13.5,,b,break in time series,,
dataflow,ESTAT:TIPSLC20(1.0),People at risk of poverty after social transfer,A,Annual,T,Total,PC,Percentage,MED_EI,Median equivalised income,B_60,Below 60%,TOTAL,Total,HU,Hungary,2006,,15.9,,,,,
dataflow,ESTAT:TIPSLC20(1.0),People at risk of poverty after social transfer,A,Annual,T,Total,PC,Percentage,MED_EI,Median equivalised income,B_60,Below 60%,TOTAL,Total,HU,Hungary,2007,,12.3,,,,,
dataflow,ESTAT:TIPSLC20(1.0),People at risk of poverty after social transfer,A,Annual,T,Total,PC,Percentage,MED_EI,Median equivalised income,B_60,Below 60%,TOTAL,Total,HU,Hungary,2008,,12.4,,,,,
dataflow,ESTAT:TIPSLC20(1.0),People at risk of poverty after social transfer,A,Annual,T,Total,PC,Percentage,MED_EI,Median equivalised income,B_60,Below 60%,TOTAL,Total,HU,Hungary,2009,,12.4,,,,,
dataflow,ESTAT:TIPSLC20(1.0),People at risk of poverty after social transfer,A,Annual,T,Total,PC,Percentage,MED_EI,Median equivalised income,B_60,Below 60%,TOTAL,Total,HU,Hungary,2010,,12.3,,,,,
dataflow,ESTAT:TIPSLC20(1.0),People at risk of poverty after social transfer,A,Annual,T,Total,PC,Percentage,MED_EI,Median equivalised income,B_60,Below 60%,TOTAL,Total,HU,Hungary,2011,,14.1,,,,,
dataflow,ESTAT:TIPSLC20(1.0),People at risk of poverty after social transfer,A,Annual,T,Total,PC,Percentage,MED_EI,Median equivalised income,B_60,Below 60%,TOTAL,Total,HU,Hungary,2012,,14.3,,,,,
dataflow,ESTAT:TIPSLC20(1.0),People at risk of poverty after social transfer,A,Annual,T,Total,PC,Percentage,MED_EI,Median equivalised income,B_60,Below 60%,TOTAL,Total,HU,Hungary,2013,,15.0,,,,,
dataflow,ESTAT:TIPSLC20(1.0),People at risk of poverty after social transfer,A,Annual,T,Total,PC,Percentage,MED_EI,Median equivalised income,B_60,Below 60%,TOTAL,Total,HU,Hungary,2014,,15.0,,,,,
dataflow,ESTAT:TIPSLC20(1.0),People at risk of poverty after social transfer,A,Annual,T,Total,PC,Percentage,MED_EI,Median equivalised income,B_60,Below 60%,TOTAL,Total,HU,Hungary,2015,,14.9,,,,,
dataflow,ESTAT:TIPSLC20(1.0),People at risk of poverty after social transfer,A,Annual,T,Total,PC,Percentage,MED_EI,Median equivalised income,B_60,Below 60%,TOTAL,Total,HU,Hungary,2016,,14.5,,,,,
dataflow,ESTAT:TIPSLC20(1.0),People at risk of poverty after social transfer,A,Annual,T,Total,PC,Percentage,MED_EI,Median equivalised income,B_60,Below 60%,TOTAL,Total,HU,Hungary,2017,,13.4,,,,,
dataflow,ESTAT:TIPSLC20(1.0),People at risk of poverty after social transfer,A,Annual,T,Total,PC,Percentage,MED_EI,Median equivalised income,B_60,Below 60%,TOTAL,Total,HU,Hungary,2018,,12.8,,,,,
dataflow,ESTAT:TIPSLC20(1.0),People at risk of poverty after social transfer,A,Annual,T,Total,PC,Percentage,MED_EI,Median equivalised income,B_60,Below 60%,TOTAL,Total,HU,Hungary,2019,,14.0,,b,break in time series,,
dataflow,ESTAT:TIPSLC20(1.0),People at risk of poverty after social transfer,A,Annual,T,Total,PC,Percentage,MED_EI,Median equivalised income,B_60,Below 60%,TOTAL,Total,HU,Hungary,2020,,13.9,,,,,
dataflow,ESTAT:TIPSLC20(1.0),People at risk of poverty after social transfer,A,Annual,T,Total,PC,Percentage,MED_EI,Median equivalised income,B_60,Below 60%,TOTAL,Total,HU,Hungary,2021,,13.2,,,,,
dataflow,ESTAT:TIPSLC20(1.0),People at risk of poverty after social transfer,A,Annual,T,Total,PC,Percentage,MED_EI,Median equivalised income,B_60,Below 60%,TOTAL,Total,HU,Hungary,2022,,13.5,,,,,
dataflow,ESTAT:TIPSLC20(1.0),People at risk of poverty after social transfer,A,Annual,T,Total,PC,Percentage,MED_EI,Median equivalised income,B_60,Below 60%,TOTAL,Total,HU,Hungary,2023,,13.8,,,,,
dataflow,ESTAT:TIPSLC20(1.0),People at risk of poverty after social transfer,A,Annual,T,Total,PC,Percentage,MED_EI,Median equivalised income,B_60,Below 60%,TOTAL,Total,HU,Hungary,2024,,14.3,,,,,
dataflow,ESTAT:TIPSLC20(1.0),People at risk of poverty after social transfer,A,Annual,T,Total,PC,Percentage,MED_EI,Median equivalised income,B_60,Below 60%,TOTAL,Total,HU,Hungary,2025,,14.0,,,,,
dataflow,ESTAT:TIPSLC20(1.0),People at risk of poverty after social transfer,A,Annual,T,Total,PC,Percentage,MED_EI,Median equivalised income,B_60,Below 60%,TOTAL,Total,IE,Ireland,1995,,19.0,,,,,
dataflow,ESTAT:TIPSLC20(1.0),People at risk of poverty after social transfer,A,Annual,T,Total,PC,Percentage,MED_EI,Median equivalised income,B_60,Below 60%,TOTAL,Total,IE,Ireland,1996,,19.0,,,,,
dataflow,ESTAT:TIPSLC20(1.0),People at risk of poverty after social transfer,A,Annual,T,Total,PC,Percentage,MED_EI,Median equivalised income,B_60,Below 60%,TOTAL,Total,IE,Ireland,1997,,19.0,,,,,
dataflow,ESTAT:TIPSLC20(1.0),People at risk of poverty after social transfer,A,Annual,T,Total,PC,Percentage,MED_EI,Median equivalised income,B_60,Below 60%,TOTAL,Total,IE,Ireland,1998,,19.0,,,,,
dataflow,ESTAT:TIPSLC20(1.0),People at risk of poverty after social transfer,A,Annual,T,Total,PC,Percentage,MED_EI,Median equivalised income,B_60,Below 60%,TOTAL,Total,IE,Ireland,1999,,19.0,,,,,
dataflow,ESTAT:TIPSLC20(1.0),People at risk of poverty after social transfer,A,Annual,T,Total,PC,Percentage,MED_EI,Median equivalised income,B_60,Below 60%,TOTAL,Total,IE,Ireland,2000,,20.0,,,,,
dataflow,ESTAT:TIPSLC20(1.0),People at risk of poverty after social transfer,A,Annual,T,Total,PC,Percentage,MED_EI,Median equivalised income,B_60,Below 60%,TOTAL,Total,IE,Ireland,2001,,21.0,,,,,
dataflow,ESTAT:TIPSLC20(1.0),People at risk of poverty after social transfer,A,Annual,T,Total,PC,Percentage,MED_EI,Median equivalised income,B_60,Below 60%,TOTAL,Total,IE,Ireland,2003,,20.5,,b,break in time series,,
dataflow,ESTAT:TIPSLC20(1.0),People at risk of poverty after social transfer,A,Annual,T,Total,PC,Percentage,MED_EI,Median equivalised income,B_60,Below 60%,TOTAL,Total,IE,Ireland,2004,,20.9,,,,,
dataflow,ESTAT:TIPSLC20(1.0),People at risk of poverty after social transfer,A,Annual,T,Total,PC,Percentage,MED_EI,Median equivalised income,B_60,Below 60%,TOTAL,Total,IE,Ireland,2005,,19.7,,,,,
dataflow,ESTAT:TIPSLC20(1.0),People at risk of poverty after social transfer,A,Annual,T,Total,PC,Percentage,MED_EI,Median equivalised income,B_60,Below 60%,TOTAL,Total,IE,Ireland,2006,,18.5,,,,,
dataflow,ESTAT:TIPSLC20(1.0),People at risk of poverty after social transfer,A,Annual,T,Total,PC,Percentage,MED_EI,Median equivalised income,B_60,Below 60%,TOTAL,Total,IE,Ireland,2007,,17.2,,,,,
dataflow,ESTAT:TIPSLC20(1.0),People at risk of poverty after social transfer,A,Annual,T,Total,PC,Percentage,MED_EI,Median equivalised income,B_60,Below 60%,TOTAL,Total,IE,Ireland,2008,,15.5,,,,,
dataflow,ESTAT:TIPSLC20(1.0),People at risk of poverty after social transfer,A,Annual,T,Total,PC,Percentage,MED_EI,Median equivalised income,B_60,Below 60%,TOTAL,Total,IE,Ireland,2009,,15.0,,,,,
dataflow,ESTAT:TIPSLC20(1.0),People at risk of poverty after social transfer,A,Annual,T,Total,PC,Percentage,MED_EI,Median equivalised income,B_60,Below 60%,TOTAL,Total,IE,Ireland,2010,,15.2,,,,,
dataflow,ESTAT:TIPSLC20(1.0),People at risk of poverty after social transfer,A,Annual,T,Total,PC,Percentage,MED_EI,Median equivalised income,B_60,Below 60%,TOTAL,Total,IE,Ireland,2011,,15.2,,,,,
dataflow,ESTAT:TIPSLC20(1.0),People at risk of poverty after social transfer,A,Annual,T,Total,PC,Percentage,MED_EI,Median equivalised income,B_60,Below 60%,TOTAL,Total,IE,Ireland,2012,,16.3,,,,,
dataflow,ESTAT:TIPSLC20(1.0),People at risk of poverty after social transfer,A,Annual,T,Total,PC,Percentage,MED_EI,Median equivalised income,B_60,Below 60%,TOTAL,Total,IE,Ireland,2013,,15.7,,,,,
dataflow,ESTAT:TIPSLC20(1.0),People at risk of poverty after social transfer,A,Annual,T,Total,PC,Percentage,MED_EI,Median equivalised income,B_60,Below 60%,TOTAL,Total,IE,Ireland,2014,,16.8,,,,,
dataflow,ESTAT:TIPSLC20(1.0),People at risk of poverty after social transfer,A,Annual,T,Total,PC,Percentage,MED_EI,Median equivalised income,B_60,Below 60%,TOTAL,Total,IE,Ireland,2015,,16.2,,,,,
dataflow,ESTAT:TIPSLC20(1.0),People at risk of poverty after social transfer,A,Annual,T,Total,PC,Percentage,MED_EI,Median equivalised income,B_60,Below 60%,TOTAL,Total,IE,Ireland,2016,,16.8,,,,,
dataflow,ESTAT:TIPSLC20(1.0),People at risk of poverty after social transfer,A,Annual,T,Total,PC,Percentage,MED_EI,Median equivalised income,B_60,Below 60%,TOTAL,Total,IE,Ireland,2017,,15.6,,,,,
dataflow,ESTAT:TIPSLC20(1.0),People at risk of poverty after social transfer,A,Annual,T,Total,PC,Percentage,MED_EI,Median equivalised income,B_60,Below 60%,TOTAL,Total,IE,Ireland,2018,,14.9,,,,,
dataflow,ESTAT:TIPSLC20(1.0),People at risk of poverty after social transfer,A,Annual,T,Total,PC,Percentage,MED_EI,Median equivalised income,B_60,Below 60%,TOTAL,Total,IE,Ireland,2019,,13.4,,b,break in time series,,
dataflow,ESTAT:TIPSLC20(1.0),People at risk of poverty after social transfer,A,Annual,T,Total,PC,Percentage,MED_EI,Median equivalised income,B_60,Below 60%,TOTAL,Total,IE,Ireland,2020,,13.0,,b,break in time series,,
dataflow,ESTAT:TIPSLC20(1.0),People at risk of poverty after social transfer,A,Annual,T,Total,PC,Percentage,MED_EI,Median equivalised income,B_60,Below 60%,TOTAL,Total,IE,Ireland,2021,,12.8,,,,,
dataflow,ESTAT:TIPSLC20(1.0),People at risk of poverty after social transfer,A,Annual,T,Total,PC,Percentage,MED_EI,Median equivalised income,B_60,Below 60%,TOTAL,Total,IE,Ireland,2022,,13.4,,,,,
dataflow,ESTAT:TIPSLC20(1.0),People at risk of poverty after social transfer,A,Annual,T,Total,PC,Percentage,MED_EI,Median equivalised income,B_60,Below 60%,TOTAL,Total,IE,Ireland,2023,,12.0,,,,,
dataflow,ESTAT:TIPSLC20(1.0),People at risk of poverty after social transfer,A,Annual,T,Total,PC,Percentage,MED_EI,Median equivalised income,B_60,Below 60%,TOTAL,Total,IE,Ireland,2024,,12.7,,,,,
dataflow,ESTAT:TIPSLC20(1.0),People at risk of poverty after social transfer,A,Annual,T,Total,PC,Percentage,MED_EI,Median equivalised income,B_60,Below 60%,TOTAL,Total,IE,Ireland,2025,,13.0,,,,,
dataflow,ESTAT:TIPSLC20(1.0),People at risk of poverty after social transfer,A,Annual,T,Total,PC,Percentage,MED_EI,Median equivalised income,B_60,Below 60%,TOTAL,Total,IT,Italy,1995,,20.0,,,,,
dataflow,ESTAT:TIPSLC20(1.0),People at risk of poverty after social transfer,A,Annual,T,Total,PC,Percentage,MED_EI,Median equivalised income,B_60,Below 60%,TOTAL,Total,IT,Italy,1996,,20.0,,,,,
dataflow,ESTAT:TIPSLC20(1.0),People at risk of poverty after social transfer,A,Annual,T,Total,PC,Percentage,MED_EI,Median equivalised income,B_60,Below 60%,TOTAL,Total,IT,Italy,1997,,19.0,,,,,
dataflow,ESTAT:TIPSLC20(1.0),People at risk of poverty after social transfer,A,Annual,T,Total,PC,Percentage,MED_EI,Median equivalised income,B_60,Below 60%,TOTAL,Total,IT,Italy,1998,,18.0,,,,,
dataflow,ESTAT:TIPSLC20(1.0),People at risk of poverty after social transfer,A,Annual,T,Total,PC,Percentage,MED_EI,Median equivalised income,B_60,Below 60%,TOTAL,Total,IT,Italy,1999,,18.0,,,,,
dataflow,ESTAT:TIPSLC20(1.0),People at risk of poverty after social transfer,A,Annual,T,Total,PC,Percentage,MED_EI,Median equivalised income,B_60,Below 60%,TOTAL,Total,IT,Italy,2000,,18.0,,,,,
dataflow,ESTAT:TIPSLC20(1.0),People at risk of poverty after social transfer,A,Annual,T,Total,PC,Percentage,MED_EI,Median equivalised income,B_60,Below 60%,TOTAL,Total,IT,Italy,2001,,19.0,,,,,
dataflow,ESTAT:TIPSLC20(1.0),People at risk of poverty after social transfer,A,Annual,T,Total,PC,Percentage,MED_EI,Median equivalised income,B_60,Below 60%,TOTAL,Total,IT,Italy,2004,,18.9,,b,break in time series,,
dataflow,ESTAT:TIPSLC20(1.0),People at risk of poverty after social transfer,A,Annual,T,Total,PC,Percentage,MED_EI,Median equivalised income,B_60,Below 60%,TOTAL,Total,IT,Italy,2005,,19.2,,,,,
dataflow,ESTAT:TIPSLC20(1.0),People at risk of poverty after social transfer,A,Annual,T,Total,PC,Percentage,MED_EI,Median equivalised income,B_60,Below 60%,TOTAL,Total,IT,Italy,2006,,19.3,,,,,
dataflow,ESTAT:TIPSLC20(1.0),People at risk of poverty after social transfer,A,Annual,T,Total,PC,Percentage,MED_EI,Median equivalised income,B_60,Below 60%,TOTAL,Total,IT,Italy,2007,,19.5,,,,,
dataflow,ESTAT:TIPSLC20(1.0),People at risk of poverty after social transfer,A,Annual,T,Total,PC,Percentage,MED_EI,Median equivalised income,B_60,Below 60%,TOTAL,Total,IT,Italy,2008,,18.9,,,,,
dataflow,ESTAT:TIPSLC20(1.0),People at risk of poverty after social transfer,A,Annual,T,Total,PC,Percentage,MED_EI,Median equivalised income,B_60,Below 60%,TOTAL,Total,IT,Italy,2009,,18.4,,,,,
dataflow,ESTAT:TIPSLC20(1.0),People at risk of poverty after social transfer,A,Annual,T,Total,PC,Percentage,MED_EI,Median equivalised income,B_60,Below 60%,TOTAL,Total,IT,Italy,2010,,18.7,,,,,
dataflow,ESTAT:TIPSLC20(1.0),People at risk of poverty after social transfer,A,Annual,T,Total,PC,Percentage,MED_EI,Median equivalised income,B_60,Below 60%,TOTAL,Total,IT,Italy,2011,,19.8,,,,,
dataflow,ESTAT:TIPSLC20(1.0),People at risk of poverty after social transfer,A,Annual,T,Total,PC,Percentage,MED_EI,Median equivalised income,B_60,Below 60%,TOTAL,Total,IT,Italy,2012,,19.5,,,,,
dataflow,ESTAT:TIPSLC20(1.0),People at risk of poverty after social transfer,A,Annual,T,Total,PC,Percentage,MED_EI,Median equivalised income,B_60,Below 60%,TOTAL,Total,IT,Italy,2013,,19.3,,,,,
dataflow,ESTAT:TIPSLC20(1.0),People at risk of poverty after social transfer,A,Annual,T,Total,PC,Percentage,MED_EI,Median equivalised income,B_60,Below 60%,TOTAL,Total,IT,Italy,2014,,19.4,,,,,
dataflow,ESTAT:TIPSLC20(1.0),People at risk of poverty after social transfer,A,Annual,T,Total,PC,Percentage,MED_EI,Median equivalised income,B_60,Below 60%,TOTAL,Total,IT,Italy,2015,,19.9,,,,,
dataflow,ESTAT:TIPSLC20(1.0),People at risk of poverty after social transfer,A,Annual,T,Total,PC,Percentage,MED_EI,Median equivalised income,B_60,Below 60%,TOTAL,Total,IT,Italy,2016,,20.6,,,,,
dataflow,ESTAT:TIPSLC20(1.0),People at risk of poverty after social transfer,A,Annual,T,Total,PC,Percentage,MED_EI,Median equivalised income,B_60,Below 60%,TOTAL,Total,IT,Italy,2017,,20.3,,,,,
dataflow,ESTAT:TIPSLC20(1.0),People at risk of poverty after social transfer,A,Annual,T,Total,PC,Percentage,MED_EI,Median equivalised income,B_60,Below 60%,TOTAL,Total,IT,Italy,2018,,20.3,,,,,
dataflow,ESTAT:TIPSLC20(1.0),People at risk of poverty after social transfer,A,Annual,T,Total,PC,Percentage,MED_EI,Median equivalised income,B_60,Below 60%,TOTAL,Total,IT,Italy,2019,,20.1,,,,,
dataflow,ESTAT:TIPSLC20(1.0),People at risk of poverty after social transfer,A,Annual,T,Total,PC,Percentage,MED_EI,Median equivalised income,B_60,Below 60%,TOTAL,Total,IT,Italy,2020,,20.0,,,,,
dataflow,ESTAT:TIPSLC20(1.0),People at risk of poverty after social transfer,A,Annual,T,Total,PC,Percentage,MED_EI,Median equivalised income,B_60,Below 60%,TOTAL,Total,IT,Italy,2021,,20.1,,,,,
dataflow,ESTAT:TIPSLC20(1.0),People at risk of poverty after social transfer,A,Annual,T,Total,PC,Percentage,MED_EI,Median equivalised income,B_60,Below 60%,TOTAL,Total,IT,Italy,2022,,20.1,,,,,
dataflow,ESTAT:TIPSLC20(1.0),People at risk of poverty after social transfer,A,Annual,T,Total,PC,Percentage,MED_EI,Median equivalised income,B_60,Below 60%,TOTAL,Total,IT,Italy,2023,,18.9,,,,,
dataflow,ESTAT:TIPSLC20(1.0),People at risk of poverty after social transfer,A,Annual,T,Total,PC,Percentage,MED_EI,Median equivalised income,B_60,Below 60%,TOTAL,Total,IT,Italy,2024,,18.9,,,,,
dataflow,ESTAT:TIPSLC20(1.0),People at risk of poverty after social transfer,A,Annual,T,Total,PC,Percentage,MED_EI,Median equivalised income,B_60,Below 60%,TOTAL,Total,IT,Italy,2025,,18.6,,,,,
dataflow,ESTAT:TIPSLC20(1.0),People at risk of poverty after social transfer,A,Annual,T,Total,PC,Percentage,MED_EI,Median equivalised income,B_60,Below 60%,TOTAL,Total,LT,Lithuania,2000,,17.0,,,,,
dataflow,ESTAT:TIPSLC20(1.0),People at risk of poverty after social transfer,A,Annual,T,Total,PC,Percentage,MED_EI,Median equivalised income,B_60,Below 60%,TOTAL,Total,LT,Lithuania,2001,,17.0,,,,,
dataflow,ESTAT:TIPSLC20(1.0),People at risk of poverty after social transfer,A,Annual,T,Total,PC,Percentage,MED_EI,Median equivalised income,B_60,Below 60%,TOTAL,Total,LT,Lithuania,2005,,20.5,,b,break in time series,,
dataflow,ESTAT:TIPSLC20(1.0),People at risk of poverty after social transfer,A,Annual,T,Total,PC,Percentage,MED_EI,Median equivalised income,B_60,Below 60%,TOTAL,Total,LT,Lithuania,2006,,20.0,,,,,
dataflow,ESTAT:TIPSLC20(1.0),People at risk of poverty after social transfer,A,Annual,T,Total,PC,Percentage,MED_EI,Median equivalised income,B_60,Below 60%,TOTAL,Total,LT,Lithuania,2007,,19.1,,,,,
dataflow,ESTAT:TIPSLC20(1.0),People at risk of poverty after social transfer,A,Annual,T,Total,PC,Percentage,MED_EI,Median equivalised income,B_60,Below 60%,TOTAL,Total,LT,Lithuania,2008,,20.9,,,,,
dataflow,ESTAT:TIPSLC20(1.0),People at risk of poverty after social transfer,A,Annual,T,Total,PC,Percentage,MED_EI,Median equivalised income,B_60,Below 60%,TOTAL,Total,LT,Lithuania,2009,,20.3,,,,,
dataflow,ESTAT:TIPSLC20(1.0),People at risk of poverty after social transfer,A,Annual,T,Total,PC,Percentage,MED_EI,Median equivalised income,B_60,Below 60%,TOTAL,Total,LT,Lithuania,2010,,20.5,,,,,
dataflow,ESTAT:TIPSLC20(1.0),People at risk of poverty after social transfer,A,Annual,T,Total,PC,Percentage,MED_EI,Median equivalised income,B_60,Below 60%,TOTAL,Total,LT,Lithuania,2011,,19.2,,,,,
dataflow,ESTAT:TIPSLC20(1.0),People at risk of poverty after social transfer,A,Annual,T,Total,PC,Percentage,MED_EI,Median equivalised income,B_60,Below 60%,TOTAL,Total,LT,Lithuania,2012,,18.6,,,,,
dataflow,ESTAT:TIPSLC20(1.0),People at risk of poverty after social transfer,A,Annual,T,Total,PC,Percentage,MED_EI,Median equivalised income,B_60,Below 60%,TOTAL,Total,LT,Lithuania,2013,,20.6,,,,,
dataflow,ESTAT:TIPSLC20(1.0),People at risk of poverty after social transfer,A,Annual,T,Total,PC,Percentage,MED_EI,Median equivalised income,B_60,Below 60%,TOTAL,Total,LT,Lithuania,2014,,19.1,,,,,
dataflow,ESTAT:TIPSLC20(1.0),People at risk of poverty after social transfer,A,Annual,T,Total,PC,Percentage,MED_EI,Median equivalised income,B_60,Below 60%,TOTAL,Total,LT,Lithuania,2015,,22.2,,,,,
dataflow,ESTAT:TIPSLC20(1.0),People at risk of poverty after social transfer,A,Annual,T,Total,PC,Percentage,MED_EI,Median equivalised income,B_60,Below 60%,TOTAL,Total,LT,Lithuania,2016,,21.9,,,,,
dataflow,ESTAT:TIPSLC20(1.0),People at risk of poverty after social transfer,A,Annual,T,Total,PC,Percentage,MED_EI,Median equivalised income,B_60,Below 60%,TOTAL,Total,LT,Lithuania,2017,,22.9,,,,,
dataflow,ESTAT:TIPSLC20(1.0),People at risk of poverty after social transfer,A,Annual,T,Total,PC,Percentage,MED_EI,Median equivalised income,B_60,Below 60%,TOTAL,Total,LT,Lithuania,2018,,22.9,,,,,
dataflow,ESTAT:TIPSLC20(1.0),People at risk of poverty after social transfer,A,Annual,T,Total,PC,Percentage,MED_EI,Median equivalised income,B_60,Below 60%,TOTAL,Total,LT,Lithuania,2019,,20.6,,,,,
dataflow,ESTAT:TIPSLC20(1.0),People at risk of poverty after social transfer,A,Annual,T,Total,PC,Percentage,MED_EI,Median equivalised income,B_60,Below 60%,TOTAL,Total,LT,Lithuania,2020,,20.9,,,,,
dataflow,ESTAT:TIPSLC20(1.0),People at risk of poverty after social transfer,A,Annual,T,Total,PC,Percentage,MED_EI,Median equivalised income,B_60,Below 60%,TOTAL,Total,LT,Lithuania,2021,,20.0,,,,,
dataflow,ESTAT:TIPSLC20(1.0),People at risk of poverty after social transfer,A,Annual,T,Total,PC,Percentage,MED_EI,Median equivalised income,B_60,Below 60%,TOTAL,Total,LT,Lithuania,2022,,20.9,,,,,
dataflow,ESTAT:TIPSLC20(1.0),People at risk of poverty after social transfer,A,Annual,T,Total,PC,Percentage,MED_EI,Median equivalised income,B_60,Below 60%,TOTAL,Total,LT,Lithuania,2023,,20.6,,,,,
dataflow,ESTAT:TIPSLC20(1.0),People at risk of poverty after social transfer,A,Annual,T,Total,PC,Percentage,MED_EI,Median equivalised income,B_60,Below 60%,TOTAL,Total,LT,Lithuania,2024,,21.5,,p,provisional,,
dataflow,ESTAT:TIPSLC20(1.0),People at risk of poverty after social transfer,A,Annual,T,Total,PC,Percentage,MED_EI,Median equivalised income,B_60,Below 60%,TOTAL,Total,LT,Lithuania,2025,,22.6,,p,provisional,,
dataflow,ESTAT:TIPSLC20(1.0),People at risk of poverty after social transfer,A,Annual,T,Total,PC,Percentage,MED_EI,Median equivalised income,B_60,Below 60%,TOTAL,Total,LU,Luxembourg,1995,,12.0,,,,,
dataflow,ESTAT:TIPSLC20(1.0),People at risk of poverty after social transfer,A,Annual,T,Total,PC,Percentage,MED_EI,Median equivalised income,B_60,Below 60%,TOTAL,Total,LU,Luxembourg,1996,,11.0,,,,,
dataflow,ESTAT:TIPSLC20(1.0),People at risk of poverty after social transfer,A,Annual,T,Total,PC,Percentage,MED_EI,Median equivalised income,B_60,Below 60%,TOTAL,Total,LU,Luxembourg,1997,,11.0,,,,,
dataflow,ESTAT:TIPSLC20(1.0),People at risk of poverty after social transfer,A,Annual,T,Total,PC,Percentage,MED_EI,Median equivalised income,B_60,Below 60%,TOTAL,Total,LU,Luxembourg,1998,,12.0,,,,,
dataflow,ESTAT:TIPSLC20(1.0),People at risk of poverty after social transfer,A,Annual,T,Total,PC,Percentage,MED_EI,Median equivalised income,B_60,Below 60%,TOTAL,Total,LU,Luxembourg,1999,,13.0,,,,,
dataflow,ESTAT:TIPSLC20(1.0),People at risk of poverty after social transfer,A,Annual,T,Total,PC,Percentage,MED_EI,Median equivalised income,B_60,Below 60%,TOTAL,Total,LU,Luxembourg,2000,,12.0,,,,,
dataflow,ESTAT:TIPSLC20(1.0),People at risk of poverty after social transfer,A,Annual,T,Total,PC,Percentage,MED_EI,Median equivalised income,B_60,Below 60%,TOTAL,Total,LU,Luxembourg,2001,,12.0,,,,,
dataflow,ESTAT:TIPSLC20(1.0),People at risk of poverty after social transfer,A,Annual,T,Total,PC,Percentage,MED_EI,Median equivalised income,B_60,Below 60%,TOTAL,Total,LU,Luxembourg,2003,,11.9,,b,break in time series,,
dataflow,ESTAT:TIPSLC20(1.0),People at risk of poverty after social transfer,A,Annual,T,Total,PC,Percentage,MED_EI,Median equivalised income,B_60,Below 60%,TOTAL,Total,LU,Luxembourg,2004,,12.7,,,,,
dataflow,ESTAT:TIPSLC20(1.0),People at risk of poverty after social transfer,A,Annual,T,Total,PC,Percentage,MED_EI,Median equivalised income,B_60,Below 60%,TOTAL,Total,LU,Luxembourg,2005,,13.7,,,,,
dataflow,ESTAT:TIPSLC20(1.0),People at risk of poverty after social transfer,A,Annual,T,Total,PC,Percentage,MED_EI,Median equivalised income,B_60,Below 60%,TOTAL,Total,LU,Luxembourg,2006,,14.1,,,,,
dataflow,ESTAT:TIPSLC20(1.0),People at risk of poverty after social transfer,A,Annual,T,Total,PC,Percentage,MED_EI,Median equivalised income,B_60,Below 60%,TOTAL,Total,LU,Luxembourg,2007,,13.5,,,,,
dataflow,ESTAT:TIPSLC20(1.0),People at risk of poverty after social transfer,A,Annual,T,Total,PC,Percentage,MED_EI,Median equivalised income,B_60,Below 60%,TOTAL,Total,LU,Luxembourg,2008,,13.4,,,,,
dataflow,ESTAT:TIPSLC20(1.0),People at risk of poverty after social transfer,A,Annual,T,Total,PC,Percentage,MED_EI,Median equivalised income,B_60,Below 60%,TOTAL,Total,LU,Luxembourg,2009,,14.9,,,,,
dataflow,ESTAT:TIPSLC20(1.0),People at risk of poverty after social transfer,A,Annual,T,Total,PC,Percentage,MED_EI,Median equivalised income,B_60,Below 60%,TOTAL,Total,LU,Luxembourg,2010,,14.5,,,,,
dataflow,ESTAT:TIPSLC20(1.0),People at risk of poverty after social transfer,A,Annual,T,Total,PC,Percentage,MED_EI,Median equivalised income,B_60,Below 60%,TOTAL,Total,LU,Luxembourg,2011,,13.6,,,,,
dataflow,ESTAT:TIPSLC20(1.0),People at risk of poverty after social transfer,A,Annual,T,Total,PC,Percentage,MED_EI,Median equivalised income,B_60,Below 60%,TOTAL,Total,LU,Luxembourg,2012,,15.1,,,,,
dataflow,ESTAT:TIPSLC20(1.0),People at risk of poverty after social transfer,A,Annual,T,Total,PC,Percentage,MED_EI,Median equivalised income,B_60,Below 60%,TOTAL,Total,LU,Luxembourg,2013,,15.9,,,,,
dataflow,ESTAT:TIPSLC20(1.0),People at risk of poverty after social transfer,A,Annual,T,Total,PC,Percentage,MED_EI,Median equivalised income,B_60,Below 60%,TOTAL,Total,LU,Luxembourg,2014,,16.4,,,,,
dataflow,ESTAT:TIPSLC20(1.0),People at risk of poverty after social transfer,A,Annual,T,Total,PC,Percentage,MED_EI,Median equivalised income,B_60,Below 60%,TOTAL,Total,LU,Luxembourg,2015,,15.3,,,,,
dataflow,ESTAT:TIPSLC20(1.0),People at risk of poverty after social transfer,A,Annual,T,Total,PC,Percentage,MED_EI,Median equivalised income,B_60,Below 60%,TOTAL,Total,LU,Luxembourg,2016,,15.8,,b,break in time series,,
dataflow,ESTAT:TIPSLC20(1.0),People at risk of poverty after social transfer,A,Annual,T,Total,PC,Percentage,MED_EI,Median equivalised income,B_60,Below 60%,TOTAL,Total,LU,Luxembourg,2017,,16.4,,,,,
dataflow,ESTAT:TIPSLC20(1.0),People at risk of poverty after social transfer,A,Annual,T,Total,PC,Percentage,MED_EI,Median equivalised income,B_60,Below 60%,TOTAL,Total,LU,Luxembourg,2018,,16.7,,,,,
dataflow,ESTAT:TIPSLC20(1.0),People at risk of poverty after social transfer,A,Annual,T,Total,PC,Percentage,MED_EI,Median equivalised income,B_60,Below 60%,TOTAL,Total,LU,Luxembourg,2019,,17.5,,,,,
dataflow,ESTAT:TIPSLC20(1.0),People at risk of poverty after social transfer,A,Annual,T,Total,PC,Percentage,MED_EI,Median equivalised income,B_60,Below 60%,TOTAL,Total,LU,Luxembourg,2020,,17.4,,b,break in time series,,
dataflow,ESTAT:TIPSLC20(1.0),People at risk of poverty after social transfer,A,Annual,T,Total,PC,Percentage,MED_EI,Median equivalised income,B_60,Below 60%,TOTAL,Total,LU,Luxembourg,2021,,18.1,,b,break in time series,,
dataflow,ESTAT:TIPSLC20(1.0),People at risk of poverty after social transfer,A,Annual,T,Total,PC,Percentage,MED_EI,Median equivalised income,B_60,Below 60%,TOTAL,Total,LU,Luxembourg,2022,,17.3,,b,break in time series,,
dataflow,ESTAT:TIPSLC20(1.0),People at risk of poverty after social transfer,A,Annual,T,Total,PC,Percentage,MED_EI,Median equivalised income,B_60,Below 60%,TOTAL,Total,LU,Luxembourg,2023,,18.8,,,,,
dataflow,ESTAT:TIPSLC20(1.0),People at risk of poverty after social transfer,A,Annual,T,Total,PC,Percentage,MED_EI,Median equivalised income,B_60,Below 60%,TOTAL,Total,LU,Luxembourg,2024,,18.1,,,,,
dataflow,ESTAT:TIPSLC20(1.0),People at risk of poverty after social transfer,A,Annual,T,Total,PC,Percentage,MED_EI,Median equivalised income,B_60,Below 60%,TOTAL,Total,LU,Luxembourg,2025,,14.8,,b,break in time series,,
dataflow,ESTAT:TIPSLC20(1.0),People at risk of poverty after social transfer,A,Annual,T,Total,PC,Percentage,MED_EI,Median equivalised income,B_60,Below 60%,TOTAL,Total,LV,Latvia,2000,,16.0,,,,,
dataflow,ESTAT:TIPSLC20(1.0),People at risk of poverty after social transfer,A,Annual,T,Total,PC,Percentage,MED_EI,Median equivalised income,B_60,Below 60%,TOTAL,Total,LV,Latvia,2005,,19.4,,b,break in time series,,
dataflow,ESTAT:TIPSLC20(1.0),People at risk of poverty after social transfer,A,Annual,T,Total,PC,Percentage,MED_EI,Median equivalised income,B_60,Below 60%,TOTAL,Total,LV,Latvia,2006,,23.5,,,,,
dataflow,ESTAT:TIPSLC20(1.0),People at risk of poverty after social transfer,A,Annual,T,Total,PC,Percentage,MED_EI,Median equivalised income,B_60,Below 60%,TOTAL,Total,LV,Latvia,2007,,21.2,,,,,
dataflow,ESTAT:TIPSLC20(1.0),People at risk of poverty after social transfer,A,Annual,T,Total,PC,Percentage,MED_EI,Median equivalised income,B_60,Below 60%,TOTAL,Total,LV,Latvia,2008,,25.9,,,,,
dataflow,ESTAT:TIPSLC20(1.0),People at risk of poverty after social transfer,A,Annual,T,Total,PC,Percentage,MED_EI,Median equivalised income,B_60,Below 60%,TOTAL,Total,LV,Latvia,2009,,26.4,,,,,
dataflow,ESTAT:TIPSLC20(1.0),People at risk of poverty after social transfer,A,Annual,T,Total,PC,Percentage,MED_EI,Median equivalised income,B_60,Below 60%,TOTAL,Total,LV,Latvia,2010,,20.9,,,,,
dataflow,ESTAT:TIPSLC20(1.0),People at risk of poverty after social transfer,A,Annual,T,Total,PC,Percentage,MED_EI,Median equivalised income,B_60,Below 60%,TOTAL,Total,LV,Latvia,2011,,19.0,,,,,
dataflow,ESTAT:TIPSLC20(1.0),People at risk of poverty after social transfer,A,Annual,T,Total,PC,Percentage,MED_EI,Median equivalised income,B_60,Below 60%,TOTAL,Total,LV,Latvia,2012,,19.2,,,,,
dataflow,ESTAT:TIPSLC20(1.0),People at risk of poverty after social transfer,A,Annual,T,Total,PC,Percentage,MED_EI,Median equivalised income,B_60,Below 60%,TOTAL,Total,LV,Latvia,2013,,19.4,,,,,
dataflow,ESTAT:TIPSLC20(1.0),People at risk of poverty after social transfer,A,Annual,T,Total,PC,Percentage,MED_EI,Median equivalised income,B_60,Below 60%,TOTAL,Total,LV,Latvia,2014,,21.2,,,,,
dataflow,ESTAT:TIPSLC20(1.0),People at risk of poverty after social transfer,A,Annual,T,Total,PC,Percentage,MED_EI,Median equivalised income,B_60,Below 60%,TOTAL,Total,LV,Latvia,2015,,22.5,,,,,
dataflow,ESTAT:TIPSLC20(1.0),People at risk of poverty after social transfer,A,Annual,T,Total,PC,Percentage,MED_EI,Median equivalised income,B_60,Below 60%,TOTAL,Total,LV,Latvia,2016,,21.8,,,,,
dataflow,ESTAT:TIPSLC20(1.0),People at risk of poverty after social transfer,A,Annual,T,Total,PC,Percentage,MED_EI,Median equivalised income,B_60,Below 60%,TOTAL,Total,LV,Latvia,2017,,22.1,,,,,
dataflow,ESTAT:TIPSLC20(1.0),People at risk of poverty after social transfer,A,Annual,T,Total,PC,Percentage,MED_EI,Median equivalised income,B_60,Below 60%,TOTAL,Total,LV,Latvia,2018,,23.3,,,,,
dataflow,ESTAT:TIPSLC20(1.0),People at risk of poverty after social transfer,A,Annual,T,Total,PC,Percentage,MED_EI,Median equivalised income,B_60,Below 60%,TOTAL,Total,LV,Latvia,2019,,22.9,,,,,
dataflow,ESTAT:TIPSLC20(1.0),People at risk of poverty after social transfer,A,Annual,T,Total,PC,Percentage,MED_EI,Median equivalised income,B_60,Below 60%,TOTAL,Total,LV,Latvia,2020,,21.6,,,,,
dataflow,ESTAT:TIPSLC20(1.0),People at risk of poverty after social transfer,A,Annual,T,Total,PC,Percentage,MED_EI,Median equivalised income,B_60,Below 60%,TOTAL,Total,LV,Latvia,2021,,23.4,,,,,
dataflow,ESTAT:TIPSLC20(1.0),People at risk of poverty after social transfer,A,Annual,T,Total,PC,Percentage,MED_EI,Median equivalised income,B_60,Below 60%,TOTAL,Total,LV,Latvia,2022,,22.5,,,,,
dataflow,ESTAT:TIPSLC20(1.0),People at risk of poverty after social transfer,A,Annual,T,Total,PC,Percentage,MED_EI,Median equivalised income,B_60,Below 60%,TOTAL,Total,LV,Latvia,2023,,22.5,,,,,
dataflow,ESTAT:TIPSLC20(1.0),People at risk of poverty after social transfer,A,Annual,T,Total,PC,Percentage,MED_EI,Median equivalised income,B_60,Below 60%,TOTAL,Total,LV,Latvia,2024,,21.6,,,,,
dataflow,ESTAT:TIPSLC20(1.0),People at risk of poverty after social transfer,A,Annual,T,Total,PC,Percentage,MED_EI,Median equivalised income,B_60,Below 60%,TOTAL,Total,LV,Latvia,2025,,22.0,,,,,
dataflow,ESTAT:TIPSLC20(1.0),People at risk of poverty after social transfer,A,Annual,T,Total,PC,Percentage,MED_EI,Median equivalised income,B_60,Below 60%,TOTAL,Total,MT,Malta,2000,,15.0,,,,,
dataflow,ESTAT:TIPSLC20(1.0),People at risk of poverty after social transfer,A,Annual,T,Total,PC,Percentage,MED_EI,Median equivalised income,B_60,Below 60%,TOTAL,Total,MT,Malta,2005,,14.3,,b,break in time series,,
dataflow,ESTAT:TIPSLC20(1.0),People at risk of poverty after social transfer,A,Annual,T,Total,PC,Percentage,MED_EI,Median equivalised income,B_60,Below 60%,TOTAL,Total,MT,Malta,2006,,14.2,,,,,
dataflow,ESTAT:TIPSLC20(1.0),People at risk of poverty after social transfer,A,Annual,T,Total,PC,Percentage,MED_EI,Median equivalised income,B_60,Below 60%,TOTAL,Total,MT,Malta,2007,,15.1,,,,,
dataflow,ESTAT:TIPSLC20(1.0),People at risk of poverty after social transfer,A,Annual,T,Total,PC,Percentage,MED_EI,Median equivalised income,B_60,Below 60%,TOTAL,Total,MT,Malta,2008,,15.3,,,,,
dataflow,ESTAT:TIPSLC20(1.0),People at risk of poverty after social transfer,A,Annual,T,Total,PC,Percentage,MED_EI,Median equivalised income,B_60,Below 60%,TOTAL,Total,MT,Malta,2009,,14.9,,,,,
dataflow,ESTAT:TIPSLC20(1.0),People at risk of poverty after social transfer,A,Annual,T,Total,PC,Percentage,MED_EI,Median equivalised income,B_60,Below 60%,TOTAL,Total,MT,Malta,2010,,15.5,,,,,
dataflow,ESTAT:TIPSLC20(1.0),People at risk of poverty after social transfer,A,Annual,T,Total,PC,Percentage,MED_EI,Median equivalised income,B_60,Below 60%,TOTAL,Total,MT,Malta,2011,,15.6,,,,,
dataflow,ESTAT:TIPSLC20(1.0),People at risk of poverty after social transfer,A,Annual,T,Total,PC,Percentage,MED_EI,Median equivalised income,B_60,Below 60%,TOTAL,Total,MT,Malta,2012,,15.1,,,,,
dataflow,ESTAT:TIPSLC20(1.0),People at risk of poverty after social transfer,A,Annual,T,Total,PC,Percentage,MED_EI,Median equivalised income,B_60,Below 60%,TOTAL,Total,MT,Malta,2013,,15.8,,,,,
dataflow,ESTAT:TIPSLC20(1.0),People at risk of poverty after social transfer,A,Annual,T,Total,PC,Percentage,MED_EI,Median equivalised income,B_60,Below 60%,TOTAL,Total,MT,Malta,2014,,15.8,,,,,
dataflow,ESTAT:TIPSLC20(1.0),People at risk of poverty after social transfer,A,Annual,T,Total,PC,Percentage,MED_EI,Median equivalised income,B_60,Below 60%,TOTAL,Total,MT,Malta,2015,,16.6,,,,,
dataflow,ESTAT:TIPSLC20(1.0),People at risk of poverty after social transfer,A,Annual,T,Total,PC,Percentage,MED_EI,Median equivalised income,B_60,Below 60%,TOTAL,Total,MT,Malta,2016,,16.5,,,,,
dataflow,ESTAT:TIPSLC20(1.0),People at risk of poverty after social transfer,A,Annual,T,Total,PC,Percentage,MED_EI,Median equivalised income,B_60,Below 60%,TOTAL,Total,MT,Malta,2017,,16.7,,,,,
dataflow,ESTAT:TIPSLC20(1.0),People at risk of poverty after social transfer,A,Annual,T,Total,PC,Percentage,MED_EI,Median equivalised income,B_60,Below 60%,TOTAL,Total,MT,Malta,2018,,16.8,,,,,
dataflow,ESTAT:TIPSLC20(1.0),People at risk of poverty after social transfer,A,Annual,T,Total,PC,Percentage,MED_EI,Median equivalised income,B_60,Below 60%,TOTAL,Total,MT,Malta,2019,,17.1,,,,,
dataflow,ESTAT:TIPSLC20(1.0),People at risk of poverty after social transfer,A,Annual,T,Total,PC,Percentage,MED_EI,Median equivalised income,B_60,Below 60%,TOTAL,Total,MT,Malta,2020,,16.9,,,,,
dataflow,ESTAT:TIPSLC20(1.0),People at risk of poverty after social transfer,A,Annual,T,Total,PC,Percentage,MED_EI,Median equivalised income,B_60,Below 60%,TOTAL,Total,MT,Malta,2021,,16.9,,,,,
dataflow,ESTAT:TIPSLC20(1.0),People at risk of poverty after social transfer,A,Annual,T,Total,PC,Percentage,MED_EI,Median equivalised income,B_60,Below 60%,TOTAL,Total,MT,Malta,2022,,16.7,,,,,
dataflow,ESTAT:TIPSLC20(1.0),People at risk of poverty after social transfer,A,Annual,T,Total,PC,Percentage,MED_EI,Median equivalised income,B_60,Below 60%,TOTAL,Total,MT,Malta,2023,,16.6,,,,,
dataflow,ESTAT:TIPSLC20(1.0),People at risk of poverty after social transfer,A,Annual,T,Total,PC,Percentage,MED_EI,Median equivalised income,B_60,Below 60%,TOTAL,Total,MT,Malta,2024,,16.9,,,,,
dataflow,ESTAT:TIPSLC20(1.0),People at risk of poverty after social transfer,A,Annual,T,Total,PC,Percentage,MED_EI,Median equivalised income,B_60,Below 60%,TOTAL,Total,MT,Malta,2025,,16.9,,,,,
dataflow,ESTAT:TIPSLC20(1.0),People at risk of poverty after social transfer,A,Annual,T,Total,PC,Percentage,MED_EI,Median equivalised income,B_60,Below 60%,TOTAL,Total,NL,Netherlands,1995,,11.0,,,,,
dataflow,ESTAT:TIPSLC20(1.0),People at risk of poverty after social transfer,A,Annual,T,Total,PC,Percentage,MED_EI,Median equivalised income,B_60,Below 60%,TOTAL,Total,NL,Netherlands,1996,,12.0,,,,,
dataflow,ESTAT:TIPSLC20(1.0),People at risk of poverty after social transfer,A,Annual,T,Total,PC,Percentage,MED_EI,Median equivalised income,B_60,Below 60%,TOTAL,Total,NL,Netherlands,1997,,10.0,,,,,
dataflow,ESTAT:TIPSLC20(1.0),People at risk of poverty after social transfer,A,Annual,T,Total,PC,Percentage,MED_EI,Median equivalised income,B_60,Below 60%,TOTAL,Total,NL,Netherlands,1998,,10.0,,,,,
dataflow,ESTAT:TIPSLC20(1.0),People at risk of poverty after social transfer,A,Annual,T,Total,PC,Percentage,MED_EI,Median equivalised income,B_60,Below 60%,TOTAL,Total,NL,Netherlands,1999,,11.0,,,,,
dataflow,ESTAT:TIPSLC20(1.0),People at risk of poverty after social transfer,A,Annual,T,Total,PC,Percentage,MED_EI,Median equivalised income,B_60,Below 60%,TOTAL,Total,NL,Netherlands,2000,,11.0,,,,,
dataflow,ESTAT:TIPSLC20(1.0),People at risk of poverty after social transfer,A,Annual,T,Total,PC,Percentage,MED_EI,Median equivalised income,B_60,Below 60%,TOTAL,Total,NL,Netherlands,2001,,11.0,,,,,
dataflow,ESTAT:TIPSLC20(1.0),People at risk of poverty after social transfer,A,Annual,T,Total,PC,Percentage,MED_EI,Median equivalised income,B_60,Below 60%,TOTAL,Total,NL,Netherlands,2002,,11.0,,,,,
dataflow,ESTAT:TIPSLC20(1.0),People at risk of poverty after social transfer,A,Annual,T,Total,PC,Percentage,MED_EI,Median equivalised income,B_60,Below 60%,TOTAL,Total,NL,Netherlands,2005,,10.7,,b,break in time series,,
dataflow,ESTAT:TIPSLC20(1.0),People at risk of poverty after social transfer,A,Annual,T,Total,PC,Percentage,MED_EI,Median equivalised income,B_60,Below 60%,TOTAL,Total,NL,Netherlands,2006,,9.7,,,,,
dataflow,ESTAT:TIPSLC20(1.0),People at risk of poverty after social transfer,A,Annual,T,Total,PC,Percentage,MED_EI,Median equivalised income,B_60,Below 60%,TOTAL,Total,NL,Netherlands,2007,,10.2,,,,,
dataflow,ESTAT:TIPSLC20(1.0),People at risk of poverty after social transfer,A,Annual,T,Total,PC,Percentage,MED_EI,Median equivalised income,B_60,Below 60%,TOTAL,Total,NL,Netherlands,2008,,10.5,,,,,
dataflow,ESTAT:TIPSLC20(1.0),People at risk of poverty after social transfer,A,Annual,T,Total,PC,Percentage,MED_EI,Median equivalised income,B_60,Below 60%,TOTAL,Total,NL,Netherlands,2009,,11.1,,,,,
dataflow,ESTAT:TIPSLC20(1.0),People at risk of poverty after social transfer,A,Annual,T,Total,PC,Percentage,MED_EI,Median equivalised income,B_60,Below 60%,TOTAL,Total,NL,Netherlands,2010,,10.3,,,,,
dataflow,ESTAT:TIPSLC20(1.0),People at risk of poverty after social transfer,A,Annual,T,Total,PC,Percentage,MED_EI,Median equivalised income,B_60,Below 60%,TOTAL,Total,NL,Netherlands,2011,,11.0,,,,,
dataflow,ESTAT:TIPSLC20(1.0),People at risk of poverty after social transfer,A,Annual,T,Total,PC,Percentage,MED_EI,Median equivalised income,B_60,Below 60%,TOTAL,Total,NL,Netherlands,2012,,10.1,,,,,
dataflow,ESTAT:TIPSLC20(1.0),People at risk of poverty after social transfer,A,Annual,T,Total,PC,Percentage,MED_EI,Median equivalised income,B_60,Below 60%,TOTAL,Total,NL,Netherlands,2013,,10.4,,,,,
dataflow,ESTAT:TIPSLC20(1.0),People at risk of poverty after social transfer,A,Annual,T,Total,PC,Percentage,MED_EI,Median equivalised income,B_60,Below 60%,TOTAL,Total,NL,Netherlands,2014,,11.6,,,,,
dataflow,ESTAT:TIPSLC20(1.0),People at risk of poverty after social transfer,A,Annual,T,Total,PC,Percentage,MED_EI,Median equivalised income,B_60,Below 60%,TOTAL,Total,NL,Netherlands,2015,,11.6,,,,,
dataflow,ESTAT:TIPSLC20(1.0),People at risk of poverty after social transfer,A,Annual,T,Total,PC,Percentage,MED_EI,Median equivalised income,B_60,Below 60%,TOTAL,Total,NL,Netherlands,2016,,12.7,,b,break in time series,,
dataflow,ESTAT:TIPSLC20(1.0),People at risk of poverty after social transfer,A,Annual,T,Total,PC,Percentage,MED_EI,Median equivalised income,B_60,Below 60%,TOTAL,Total,NL,Netherlands,2017,,13.2,,,,,
dataflow,ESTAT:TIPSLC20(1.0),People at risk of poverty after social transfer,A,Annual,T,Total,PC,Percentage,MED_EI,Median equivalised income,B_60,Below 60%,TOTAL,Total,NL,Netherlands,2018,,13.3,,,,,
dataflow,ESTAT:TIPSLC20(1.0),People at risk of poverty after social transfer,A,Annual,T,Total,PC,Percentage,MED_EI,Median equivalised income,B_60,Below 60%,TOTAL,Total,NL,Netherlands,2019,,13.2,,,,,
dataflow,ESTAT:TIPSLC20(1.0),People at risk of poverty after social transfer,A,Annual,T,Total,PC,Percentage,MED_EI,Median equivalised income,B_60,Below 60%,TOTAL,Total,NL,Netherlands,2020,,13.4,,,,,
dataflow,ESTAT:TIPSLC20(1.0),People at risk of poverty after social transfer,A,Annual,T,Total,PC,Percentage,MED_EI,Median equivalised income,B_60,Below 60%,TOTAL,Total,NL,Netherlands,2021,,14.4,,,,,
dataflow,ESTAT:TIPSLC20(1.0),People at risk of poverty after social transfer,A,Annual,T,Total,PC,Percentage,MED_EI,Median equivalised income,B_60,Below 60%,TOTAL,Total,NL,Netherlands,2022,,14.5,,,,,
dataflow,ESTAT:TIPSLC20(1.0),People at risk of poverty after social transfer,A,Annual,T,Total,PC,Percentage,MED_EI,Median equivalised income,B_60,Below 60%,TOTAL,Total,NL,Netherlands,2023,,13.0,,,,,
dataflow,ESTAT:TIPSLC20(1.0),People at risk of poverty after social transfer,A,Annual,T,Total,PC,Percentage,MED_EI,Median equivalised income,B_60,Below 60%,TOTAL,Total,NL,Netherlands,2024,,12.1,,,,,
dataflow,ESTAT:TIPSLC20(1.0),People at risk of poverty after social transfer,A,Annual,T,Total,PC,Percentage,MED_EI,Median equivalised income,B_60,Below 60%,TOTAL,Total,NL,Netherlands,2025,,13.4,,,,,
dataflow,ESTAT:TIPSLC20(1.0),People at risk of poverty after social transfer,A,Annual,T,Total,PC,Percentage,MED_EI,Median equivalised income,B_60,Below 60%,TOTAL,Total,PL,Poland,2000,,16.0,,,,,
dataflow,ESTAT:TIPSLC20(1.0),People at risk of poverty after social transfer,A,Annual,T,Total,PC,Percentage,MED_EI,Median equivalised income,B_60,Below 60%,TOTAL,Total,PL,Poland,2001,,16.0,,,,,
dataflow,ESTAT:TIPSLC20(1.0),People at risk of poverty after social transfer,A,Annual,T,Total,PC,Percentage,MED_EI,Median equivalised income,B_60,Below 60%,TOTAL,Total,PL,Poland,2005,,20.5,,b,break in time series,,
dataflow,ESTAT:TIPSLC20(1.0),People at risk of poverty after social transfer,A,Annual,T,Total,PC,Percentage,MED_EI,Median equivalised income,B_60,Below 60%,TOTAL,Total,PL,Poland,2006,,19.1,,,,,
dataflow,ESTAT:TIPSLC20(1.0),People at risk of poverty after social transfer,A,Annual,T,Total,PC,Percentage,MED_EI,Median equivalised income,B_60,Below 60%,TOTAL,Total,PL,Poland,2007,,17.3,,,,,
dataflow,ESTAT:TIPSLC20(1.0),People at risk of poverty after social transfer,A,Annual,T,Total,PC,Percentage,MED_EI,Median equivalised income,B_60,Below 60%,TOTAL,Total,PL,Poland,2008,,16.9,,,,,
dataflow,ESTAT:TIPSLC20(1.0),People at risk of poverty after social transfer,A,Annual,T,Total,PC,Percentage,MED_EI,Median equivalised income,B_60,Below 60%,TOTAL,Total,PL,Poland,2009,,17.1,,,,,
dataflow,ESTAT:TIPSLC20(1.0),People at risk of poverty after social transfer,A,Annual,T,Total,PC,Percentage,MED_EI,Median equivalised income,B_60,Below 60%,TOTAL,Total,PL,Poland,2010,,17.6,,,,,
dataflow,ESTAT:TIPSLC20(1.0),People at risk of poverty after social transfer,A,Annual,T,Total,PC,Percentage,MED_EI,Median equivalised income,B_60,Below 60%,TOTAL,Total,PL,Poland,2011,,17.7,,,,,
dataflow,ESTAT:TIPSLC20(1.0),People at risk of poverty after social transfer,A,Annual,T,Total,PC,Percentage,MED_EI,Median equivalised income,B_60,Below 60%,TOTAL,Total,PL,Poland,2012,,17.1,,,,,
dataflow,ESTAT:TIPSLC20(1.0),People at risk of poverty after social transfer,A,Annual,T,Total,PC,Percentage,MED_EI,Median equivalised income,B_60,Below 60%,TOTAL,Total,PL,Poland,2013,,17.3,,,,,
dataflow,ESTAT:TIPSLC20(1.0),People at risk of poverty after social transfer,A,Annual,T,Total,PC,Percentage,MED_EI,Median equivalised income,B_60,Below 60%,TOTAL,Total,PL,Poland,2014,,17.0,,,,,
dataflow,ESTAT:TIPSLC20(1.0),People at risk of poverty after social transfer,A,Annual,T,Total,PC,Percentage,MED_EI,Median equivalised income,B_60,Below 60%,TOTAL,Total,PL,Poland,2015,,17.6,,,,,
dataflow,ESTAT:TIPSLC20(1.0),People at risk of poverty after social transfer,A,Annual,T,Total,PC,Percentage,MED_EI,Median equivalised income,B_60,Below 60%,TOTAL,Total,PL,Poland,2016,,17.3,,,,,
dataflow,ESTAT:TIPSLC20(1.0),People at risk of poverty after social transfer,A,Annual,T,Total,PC,Percentage,MED_EI,Median equivalised income,B_60,Below 60%,TOTAL,Total,PL,Poland,2017,,15.0,,,,,
dataflow,ESTAT:TIPSLC20(1.0),People at risk of poverty after social transfer,A,Annual,T,Total,PC,Percentage,MED_EI,Median equivalised income,B_60,Below 60%,TOTAL,Total,PL,Poland,2018,,14.8,,,,,
dataflow,ESTAT:TIPSLC20(1.0),People at risk of poverty after social transfer,A,Annual,T,Total,PC,Percentage,MED_EI,Median equivalised income,B_60,Below 60%,TOTAL,Total,PL,Poland,2019,,15.4,,,,,
dataflow,ESTAT:TIPSLC20(1.0),People at risk of poverty after social transfer,A,Annual,T,Total,PC,Percentage,MED_EI,Median equivalised income,B_60,Below 60%,TOTAL,Total,PL,Poland,2020,,14.8,,,,,
dataflow,ESTAT:TIPSLC20(1.0),People at risk of poverty after social transfer,A,Annual,T,Total,PC,Percentage,MED_EI,Median equivalised income,B_60,Below 60%,TOTAL,Total,PL,Poland,2021,,14.8,,,,,
dataflow,ESTAT:TIPSLC20(1.0),People at risk of poverty after social transfer,A,Annual,T,Total,PC,Percentage,MED_EI,Median equivalised income,B_60,Below 60%,TOTAL,Total,PL,Poland,2022,,13.7,,,,,
dataflow,ESTAT:TIPSLC20(1.0),People at risk of poverty after social transfer,A,Annual,T,Total,PC,Percentage,MED_EI,Median equivalised income,B_60,Below 60%,TOTAL,Total,PL,Poland,2023,,14.0,,,,,
dataflow,ESTAT:TIPSLC20(1.0),People at risk of poverty after social transfer,A,Annual,T,Total,PC,Percentage,MED_EI,Median equivalised income,B_60,Below 60%,TOTAL,Total,PL,Poland,2024,,13.8,,,,,
dataflow,ESTAT:TIPSLC20(1.0),People at risk of poverty after social transfer,A,Annual,T,Total,PC,Percentage,MED_EI,Median equivalised income,B_60,Below 60%,TOTAL,Total,PL,Poland,2025,,13.2,,,,,
dataflow,ESTAT:TIPSLC20(1.0),People at risk of poverty after social transfer,A,Annual,T,Total,PC,Percentage,MED_EI,Median equivalised income,B_60,Below 60%,TOTAL,Total,PT,Portugal,1995,,23.0,,,,,
dataflow,ESTAT:TIPSLC20(1.0),People at risk of poverty after social transfer,A,Annual,T,Total,PC,Percentage,MED_EI,Median equivalised income,B_60,Below 60%,TOTAL,Total,PT,Portugal,1996,,21.0,,,,,
dataflow,ESTAT:TIPSLC20(1.0),People at risk of poverty after social transfer,A,Annual,T,Total,PC,Percentage,MED_EI,Median equivalised income,B_60,Below 60%,TOTAL,Total,PT,Portugal,1997,,22.0,,,,,
dataflow,ESTAT:TIPSLC20(1.0),People at risk of poverty after social transfer,A,Annual,T,Total,PC,Percentage,MED_EI,Median equivalised income,B_60,Below 60%,TOTAL,Total,PT,Portugal,1998,,21.0,,,,,
dataflow,ESTAT:TIPSLC20(1.0),People at risk of poverty after social transfer,A,Annual,T,Total,PC,Percentage,MED_EI,Median equivalised income,B_60,Below 60%,TOTAL,Total,PT,Portugal,1999,,21.0,,,,,
dataflow,ESTAT:TIPSLC20(1.0),People at risk of poverty after social transfer,A,Annual,T,Total,PC,Percentage,MED_EI,Median equivalised income,B_60,Below 60%,TOTAL,Total,PT,Portugal,2000,,21.0,,,,,
dataflow,ESTAT:TIPSLC20(1.0),People at risk of poverty after social transfer,A,Annual,T,Total,PC,Percentage,MED_EI,Median equivalised income,B_60,Below 60%,TOTAL,Total,PT,Portugal,2001,,20.0,,,,,
dataflow,ESTAT:TIPSLC20(1.0),People at risk of poverty after social transfer,A,Annual,T,Total,PC,Percentage,MED_EI,Median equivalised income,B_60,Below 60%,TOTAL,Total,PT,Portugal,2002,,20.0,,,,,
dataflow,ESTAT:TIPSLC20(1.0),People at risk of poverty after social transfer,A,Annual,T,Total,PC,Percentage,MED_EI,Median equivalised income,B_60,Below 60%,TOTAL,Total,PT,Portugal,2004,,20.4,,b,break in time series,,
dataflow,ESTAT:TIPSLC20(1.0),People at risk of poverty after social transfer,A,Annual,T,Total,PC,Percentage,MED_EI,Median equivalised income,B_60,Below 60%,TOTAL,Total,PT,Portugal,2005,,19.4,,,,,
dataflow,ESTAT:TIPSLC20(1.0),People at risk of poverty after social transfer,A,Annual,T,Total,PC,Percentage,MED_EI,Median equivalised income,B_60,Below 60%,TOTAL,Total,PT,Portugal,2006,,18.5,,,,,
dataflow,ESTAT:TIPSLC20(1.0),People at risk of poverty after social transfer,A,Annual,T,Total,PC,Percentage,MED_EI,Median equivalised income,B_60,Below 60%,TOTAL,Total,PT,Portugal,2007,,18.1,,,,,
dataflow,ESTAT:TIPSLC20(1.0),People at risk of poverty after social transfer,A,Annual,T,Total,PC,Percentage,MED_EI,Median equivalised income,B_60,Below 60%,TOTAL,Total,PT,Portugal,2008,,18.5,,,,,
dataflow,ESTAT:TIPSLC20(1.0),People at risk of poverty after social transfer,A,Annual,T,Total,PC,Percentage,MED_EI,Median equivalised income,B_60,Below 60%,TOTAL,Total,PT,Portugal,2009,,17.9,,,,,
dataflow,ESTAT:TIPSLC20(1.0),People at risk of poverty after social transfer,A,Annual,T,Total,PC,Percentage,MED_EI,Median equivalised income,B_60,Below 60%,TOTAL,Total,PT,Portugal,2010,,17.9,,,,,
dataflow,ESTAT:TIPSLC20(1.0),People at risk of poverty after social transfer,A,Annual,T,Total,PC,Percentage,MED_EI,Median equivalised income,B_60,Below 60%,TOTAL,Total,PT,Portugal,2011,,18.0,,,,,
dataflow,ESTAT:TIPSLC20(1.0),People at risk of poverty after social transfer,A,Annual,T,Total,PC,Percentage,MED_EI,Median equivalised income,B_60,Below 60%,TOTAL,Total,PT,Portugal,2012,,17.9,,,,,
dataflow,ESTAT:TIPSLC20(1.0),People at risk of poverty after social transfer,A,Annual,T,Total,PC,Percentage,MED_EI,Median equivalised income,B_60,Below 60%,TOTAL,Total,PT,Portugal,2013,,18.7,,,,,
dataflow,ESTAT:TIPSLC20(1.0),People at risk of poverty after social transfer,A,Annual,T,Total,PC,Percentage,MED_EI,Median equivalised income,B_60,Below 60%,TOTAL,Total,PT,Portugal,2014,,19.5,,,,,
dataflow,ESTAT:TIPSLC20(1.0),People at risk of poverty after social transfer,A,Annual,T,Total,PC,Percentage,MED_EI,Median equivalised income,B_60,Below 60%,TOTAL,Total,PT,Portugal,2015,,19.5,,,,,
dataflow,ESTAT:TIPSLC20(1.0),People at risk of poverty after social transfer,A,Annual,T,Total,PC,Percentage,MED_EI,Median equivalised income,B_60,Below 60%,TOTAL,Total,PT,Portugal,2016,,19.0,,,,,
dataflow,ESTAT:TIPSLC20(1.0),People at risk of poverty after social transfer,A,Annual,T,Total,PC,Percentage,MED_EI,Median equivalised income,B_60,Below 60%,TOTAL,Total,PT,Portugal,2017,,18.3,,,,,
dataflow,ESTAT:TIPSLC20(1.0),People at risk of poverty after social transfer,A,Annual,T,Total,PC,Percentage,MED_EI,Median equivalised income,B_60,Below 60%,TOTAL,Total,PT,Portugal,2018,,17.3,,,,,
dataflow,ESTAT:TIPSLC20(1.0),People at risk of poverty after social transfer,A,Annual,T,Total,PC,Percentage,MED_EI,Median equivalised income,B_60,Below 60%,TOTAL,Total,PT,Portugal,2019,,17.2,,,,,
dataflow,ESTAT:TIPSLC20(1.0),People at risk of poverty after social transfer,A,Annual,T,Total,PC,Percentage,MED_EI,Median equivalised income,B_60,Below 60%,TOTAL,Total,PT,Portugal,2020,,16.2,,,,,
dataflow,ESTAT:TIPSLC20(1.0),People at risk of poverty after social transfer,A,Annual,T,Total,PC,Percentage,MED_EI,Median equivalised income,B_60,Below 60%,TOTAL,Total,PT,Portugal,2021,,18.4,,,,,
dataflow,ESTAT:TIPSLC20(1.0),People at risk of poverty after social transfer,A,Annual,T,Total,PC,Percentage,MED_EI,Median equivalised income,B_60,Below 60%,TOTAL,Total,PT,Portugal,2022,,16.4,,,,,
dataflow,ESTAT:TIPSLC20(1.0),People at risk of poverty after social transfer,A,Annual,T,Total,PC,Percentage,MED_EI,Median equivalised income,B_60,Below 60%,TOTAL,Total,PT,Portugal,2023,,17.0,,,,,
dataflow,ESTAT:TIPSLC20(1.0),People at risk of poverty after social transfer,A,Annual,T,Total,PC,Percentage,MED_EI,Median equivalised income,B_60,Below 60%,TOTAL,Total,PT,Portugal,2024,,16.6,,,,,
dataflow,ESTAT:TIPSLC20(1.0),People at risk of poverty after social transfer,A,Annual,T,Total,PC,Percentage,MED_EI,Median equivalised income,B_60,Below 60%,TOTAL,Total,PT,Portugal,2025,,15.4,,,,,
dataflow,ESTAT:TIPSLC20(1.0),People at risk of poverty after social transfer,A,Annual,T,Total,PC,Percentage,MED_EI,Median equivalised income,B_60,Below 60%,TOTAL,Total,RO,Romania,2007,,24.6,,b,break in time series,,
dataflow,ESTAT:TIPSLC20(1.0),People at risk of poverty after social transfer,A,Annual,T,Total,PC,Percentage,MED_EI,Median equivalised income,B_60,Below 60%,TOTAL,Total,RO,Romania,2008,,23.6,,,,,
dataflow,ESTAT:TIPSLC20(1.0),People at risk of poverty after social transfer,A,Annual,T,Total,PC,Percentage,MED_EI,Median equivalised income,B_60,Below 60%,TOTAL,Total,RO,Romania,2009,,22.1,,,,,
dataflow,ESTAT:TIPSLC20(1.0),People at risk of poverty after social transfer,A,Annual,T,Total,PC,Percentage,MED_EI,Median equivalised income,B_60,Below 60%,TOTAL,Total,RO,Romania,2010,,21.6,,,,,
dataflow,ESTAT:TIPSLC20(1.0),People at risk of poverty after social transfer,A,Annual,T,Total,PC,Percentage,MED_EI,Median equivalised income,B_60,Below 60%,TOTAL,Total,RO,Romania,2011,,22.3,,,,,
dataflow,ESTAT:TIPSLC20(1.0),People at risk of poverty after social transfer,A,Annual,T,Total,PC,Percentage,MED_EI,Median equivalised income,B_60,Below 60%,TOTAL,Total,RO,Romania,2012,,22.9,,,,,
dataflow,ESTAT:TIPSLC20(1.0),People at risk of poverty after social transfer,A,Annual,T,Total,PC,Percentage,MED_EI,Median equivalised income,B_60,Below 60%,TOTAL,Total,RO,Romania,2013,,23.0,,,,,
dataflow,ESTAT:TIPSLC20(1.0),People at risk of poverty after social transfer,A,Annual,T,Total,PC,Percentage,MED_EI,Median equivalised income,B_60,Below 60%,TOTAL,Total,RO,Romania,2014,,25.1,,,,,
dataflow,ESTAT:TIPSLC20(1.0),People at risk of poverty after social transfer,A,Annual,T,Total,PC,Percentage,MED_EI,Median equivalised income,B_60,Below 60%,TOTAL,Total,RO,Romania,2015,,25.4,,,,,
dataflow,ESTAT:TIPSLC20(1.0),People at risk of poverty after social transfer,A,Annual,T,Total,PC,Percentage,MED_EI,Median equivalised income,B_60,Below 60%,TOTAL,Total,RO,Romania,2016,,25.3,,,,,
dataflow,ESTAT:TIPSLC20(1.0),People at risk of poverty after social transfer,A,Annual,T,Total,PC,Percentage,MED_EI,Median equivalised income,B_60,Below 60%,TOTAL,Total,RO,Romania,2017,,23.6,,,,,
dataflow,ESTAT:TIPSLC20(1.0),People at risk of poverty after social transfer,A,Annual,T,Total,PC,Percentage,MED_EI,Median equivalised income,B_60,Below 60%,TOTAL,Total,RO,Romania,2018,,23.5,,,,,
dataflow,ESTAT:TIPSLC20(1.0),People at risk of poverty after social transfer,A,Annual,T,Total,PC,Percentage,MED_EI,Median equivalised income,B_60,Below 60%,TOTAL,Total,RO,Romania,2019,,23.8,,,,,
dataflow,ESTAT:TIPSLC20(1.0),People at risk of poverty after social transfer,A,Annual,T,Total,PC,Percentage,MED_EI,Median equivalised income,B_60,Below 60%,TOTAL,Total,RO,Romania,2020,,23.4,,,,,
dataflow,ESTAT:TIPSLC20(1.0),People at risk of poverty after social transfer,A,Annual,T,Total,PC,Percentage,MED_EI,Median equivalised income,B_60,Below 60%,TOTAL,Total,RO,Romania,2021,,22.5,,,,,
dataflow,ESTAT:TIPSLC20(1.0),People at risk of poverty after social transfer,A,Annual,T,Total,PC,Percentage,MED_EI,Median equivalised income,B_60,Below 60%,TOTAL,Total,RO,Romania,2022,,21.2,,,,,
dataflow,ESTAT:TIPSLC20(1.0),People at risk of poverty after social transfer,A,Annual,T,Total,PC,Percentage,MED_EI,Median equivalised income,B_60,Below 60%,TOTAL,Total,RO,Romania,2023,,21.1,,,,,
dataflow,ESTAT:TIPSLC20(1.0),People at risk of poverty after social transfer,A,Annual,T,Total,PC,Percentage,MED_EI,Median equivalised income,B_60,Below 60%,TOTAL,Total,RO,Romania,2024,,19.0,,,,,
dataflow,ESTAT:TIPSLC20(1.0),People at risk of poverty after social transfer,A,Annual,T,Total,PC,Percentage,MED_EI,Median equivalised income,B_60,Below 60%,TOTAL,Total,RO,Romania,2025,,18.4,,,,,
dataflow,ESTAT:TIPSLC20(1.0),People at risk of poverty after social transfer,A,Annual,T,Total,PC,Percentage,MED_EI,Median equivalised income,B_60,Below 60%,TOTAL,Total,SE,Sweden,1997,,8.0,,,,,
dataflow,ESTAT:TIPSLC20(1.0),People at risk of poverty after social transfer,A,Annual,T,Total,PC,Percentage,MED_EI,Median equivalised income,B_60,Below 60%,TOTAL,Total,SE,Sweden,1999,,8.0,,,,,
dataflow,ESTAT:TIPSLC20(1.0),People at risk of poverty after social transfer,A,Annual,T,Total,PC,Percentage,MED_EI,Median equivalised income,B_60,Below 60%,TOTAL,Total,SE,Sweden,2001,,9.0,,,,,
dataflow,ESTAT:TIPSLC20(1.0),People at risk of poverty after social transfer,A,Annual,T,Total,PC,Percentage,MED_EI,Median equivalised income,B_60,Below 60%,TOTAL,Total,SE,Sweden,2002,,11.0,,b,break in time series,,
dataflow,ESTAT:TIPSLC20(1.0),People at risk of poverty after social transfer,A,Annual,T,Total,PC,Percentage,MED_EI,Median equivalised income,B_60,Below 60%,TOTAL,Total,SE,Sweden,2004,,11.3,,b,break in time series,,
dataflow,ESTAT:TIPSLC20(1.0),People at risk of poverty after social transfer,A,Annual,T,Total,PC,Percentage,MED_EI,Median equivalised income,B_60,Below 60%,TOTAL,Total,SE,Sweden,2005,,9.5,,,,,
dataflow,ESTAT:TIPSLC20(1.0),People at risk of poverty after social transfer,A,Annual,T,Total,PC,Percentage,MED_EI,Median equivalised income,B_60,Below 60%,TOTAL,Total,SE,Sweden,2006,,12.3,,,,,
dataflow,ESTAT:TIPSLC20(1.0),People at risk of poverty after social transfer,A,Annual,T,Total,PC,Percentage,MED_EI,Median equivalised income,B_60,Below 60%,TOTAL,Total,SE,Sweden,2007,,10.5,,,,,
dataflow,ESTAT:TIPSLC20(1.0),People at risk of poverty after social transfer,A,Annual,T,Total,PC,Percentage,MED_EI,Median equivalised income,B_60,Below 60%,TOTAL,Total,SE,Sweden,2008,,13.5,,b,break in time series,,
dataflow,ESTAT:TIPSLC20(1.0),People at risk of poverty after social transfer,A,Annual,T,Total,PC,Percentage,MED_EI,Median equivalised income,B_60,Below 60%,TOTAL,Total,SE,Sweden,2009,,14.4,,,,,
dataflow,ESTAT:TIPSLC20(1.0),People at risk of poverty after social transfer,A,Annual,T,Total,PC,Percentage,MED_EI,Median equivalised income,B_60,Below 60%,TOTAL,Total,SE,Sweden,2010,,14.8,,,,,
dataflow,ESTAT:TIPSLC20(1.0),People at risk of poverty after social transfer,A,Annual,T,Total,PC,Percentage,MED_EI,Median equivalised income,B_60,Below 60%,TOTAL,Total,SE,Sweden,2011,,15.4,,,,,
dataflow,ESTAT:TIPSLC20(1.0),People at risk of poverty after social transfer,A,Annual,T,Total,PC,Percentage,MED_EI,Median equivalised income,B_60,Below 60%,TOTAL,Total,SE,Sweden,2012,,15.2,,,,,
dataflow,ESTAT:TIPSLC20(1.0),People at risk of poverty after social transfer,A,Annual,T,Total,PC,Percentage,MED_EI,Median equivalised income,B_60,Below 60%,TOTAL,Total,SE,Sweden,2013,,16.0,,,,,
dataflow,ESTAT:TIPSLC20(1.0),People at risk of poverty after social transfer,A,Annual,T,Total,PC,Percentage,MED_EI,Median equivalised income,B_60,Below 60%,TOTAL,Total,SE,Sweden,2014,,15.6,,,,,
dataflow,ESTAT:TIPSLC20(1.0),People at risk of poverty after social transfer,A,Annual,T,Total,PC,Percentage,MED_EI,Median equivalised income,B_60,Below 60%,TOTAL,Total,SE,Sweden,2015,,16.3,,,,,
dataflow,ESTAT:TIPSLC20(1.0),People at risk of poverty after social transfer,A,Annual,T,Total,PC,Percentage,MED_EI,Median equivalised income,B_60,Below 60%,TOTAL,Total,SE,Sweden,2016,,16.2,,,,,
dataflow,ESTAT:TIPSLC20(1.0),People at risk of poverty after social transfer,A,Annual,T,Total,PC,Percentage,MED_EI,Median equivalised income,B_60,Below 60%,TOTAL,Total,SE,Sweden,2017,,15.8,,,,,
dataflow,ESTAT:TIPSLC20(1.0),People at risk of poverty after social transfer,A,Annual,T,Total,PC,Percentage,MED_EI,Median equivalised income,B_60,Below 60%,TOTAL,Total,SE,Sweden,2018,,16.4,,,,,
dataflow,ESTAT:TIPSLC20(1.0),People at risk of poverty after social transfer,A,Annual,T,Total,PC,Percentage,MED_EI,Median equivalised income,B_60,Below 60%,TOTAL,Total,SE,Sweden,2019,,17.1,,,,,
dataflow,ESTAT:TIPSLC20(1.0),People at risk of poverty after social transfer,A,Annual,T,Total,PC,Percentage,MED_EI,Median equivalised income,B_60,Below 60%,TOTAL,Total,SE,Sweden,2020,,16.1,,,,,
dataflow,ESTAT:TIPSLC20(1.0),People at risk of poverty after social transfer,A,Annual,T,Total,PC,Percentage,MED_EI,Median equivalised income,B_60,Below 60%,TOTAL,Total,SE,Sweden,2021,,15.7,,,,,
dataflow,ESTAT:TIPSLC20(1.0),People at risk of poverty after social transfer,A,Annual,T,Total,PC,Percentage,MED_EI,Median equivalised income,B_60,Below 60%,TOTAL,Total,SE,Sweden,2022,,16.0,,,,,
dataflow,ESTAT:TIPSLC20(1.0),People at risk of poverty after social transfer,A,Annual,T,Total,PC,Percentage,MED_EI,Median equivalised income,B_60,Below 60%,TOTAL,Total,SE,Sweden,2023,,16.1,,,,,
dataflow,ESTAT:TIPSLC20(1.0),People at risk of poverty after social transfer,A,Annual,T,Total,PC,Percentage,MED_EI,Median equivalised income,B_60,Below 60%,TOTAL,Total,SE,Sweden,2024,,14.8,,,,,
dataflow,ESTAT:TIPSLC20(1.0),People at risk of poverty after social transfer,A,Annual,T,Total,PC,Percentage,MED_EI,Median equivalised income,B_60,Below 60%,TOTAL,Total,SE,Sweden,2025,,15.6,,,,,
dataflow,ESTAT:TIPSLC20(1.0),People at risk of poverty after social transfer,A,Annual,T,Total,PC,Percentage,MED_EI,Median equivalised income,B_60,Below 60%,TOTAL,Total,SI,Slovenia,2000,,11.0,,,,,
dataflow,ESTAT:TIPSLC20(1.0),People at risk of poverty after social transfer,A,Annual,T,Total,PC,Percentage,MED_EI,Median equivalised income,B_60,Below 60%,TOTAL,Total,SI,Slovenia,2001,,11.0,,,,,
dataflow,ESTAT:TIPSLC20(1.0),People at risk of poverty after social transfer,A,Annual,T,Total,PC,Percentage,MED_EI,Median equivalised income,B_60,Below 60%,TOTAL,Total,SI,Slovenia,2002,,10.0,,,,,
dataflow,ESTAT:TIPSLC20(1.0),People at risk of poverty after social transfer,A,Annual,T,Total,PC,Percentage,MED_EI,Median equivalised income,B_60,Below 60%,TOTAL,Total,SI,Slovenia,2005,,12.2,,b,break in time series,,
dataflow,ESTAT:TIPSLC20(1.0),People at risk of poverty after social transfer,A,Annual,T,Total,PC,Percentage,MED_EI,Median equivalised income,B_60,Below 60%,TOTAL,Total,SI,Slovenia,2006,,11.6,,,,,
dataflow,ESTAT:TIPSLC20(1.0),People at risk of poverty after social transfer,A,Annual,T,Total,PC,Percentage,MED_EI,Median equivalised income,B_60,Below 60%,TOTAL,Total,SI,Slovenia,2007,,11.5,,,,,
dataflow,ESTAT:TIPSLC20(1.0),People at risk of poverty after social transfer,A,Annual,T,Total,PC,Percentage,MED_EI,Median equivalised income,B_60,Below 60%,TOTAL,Total,SI,Slovenia,2008,,12.3,,,,,
dataflow,ESTAT:TIPSLC20(1.0),People at risk of poverty after social transfer,A,Annual,T,Total,PC,Percentage,MED_EI,Median equivalised income,B_60,Below 60%,TOTAL,Total,SI,Slovenia,2009,,11.3,,,,,
dataflow,ESTAT:TIPSLC20(1.0),People at risk of poverty after social transfer,A,Annual,T,Total,PC,Percentage,MED_EI,Median equivalised income,B_60,Below 60%,TOTAL,Total,SI,Slovenia,2010,,12.7,,,,,
dataflow,ESTAT:TIPSLC20(1.0),People at risk of poverty after social transfer,A,Annual,T,Total,PC,Percentage,MED_EI,Median equivalised income,B_60,Below 60%,TOTAL,Total,SI,Slovenia,2011,,13.6,,,,,
dataflow,ESTAT:TIPSLC20(1.0),People at risk of poverty after social transfer,A,Annual,T,Total,PC,Percentage,MED_EI,Median equivalised income,B_60,Below 60%,TOTAL,Total,SI,Slovenia,2012,,13.5,,,,,
dataflow,ESTAT:TIPSLC20(1.0),People at risk of poverty after social transfer,A,Annual,T,Total,PC,Percentage,MED_EI,Median equivalised income,B_60,Below 60%,TOTAL,Total,SI,Slovenia,2013,,14.5,,,,,
dataflow,ESTAT:TIPSLC20(1.0),People at risk of poverty after social transfer,A,Annual,T,Total,PC,Percentage,MED_EI,Median equivalised income,B_60,Below 60%,TOTAL,Total,SI,Slovenia,2014,,14.5,,,,,
dataflow,ESTAT:TIPSLC20(1.0),People at risk of poverty after social transfer,A,Annual,T,Total,PC,Percentage,MED_EI,Median equivalised income,B_60,Below 60%,TOTAL,Total,SI,Slovenia,2015,,14.3,,,,,
dataflow,ESTAT:TIPSLC20(1.0),People at risk of poverty after social transfer,A,Annual,T,Total,PC,Percentage,MED_EI,Median equivalised income,B_60,Below 60%,TOTAL,Total,SI,Slovenia,2016,,13.9,,,,,
dataflow,ESTAT:TIPSLC20(1.0),People at risk of poverty after social transfer,A,Annual,T,Total,PC,Percentage,MED_EI,Median equivalised income,B_60,Below 60%,TOTAL,Total,SI,Slovenia,2017,,13.3,,,,,
dataflow,ESTAT:TIPSLC20(1.0),People at risk of poverty after social transfer,A,Annual,T,Total,PC,Percentage,MED_EI,Median equivalised income,B_60,Below 60%,TOTAL,Total,SI,Slovenia,2018,,13.3,,,,,
dataflow,ESTAT:TIPSLC20(1.0),People at risk of poverty after social transfer,A,Annual,T,Total,PC,Percentage,MED_EI,Median equivalised income,B_60,Below 60%,TOTAL,Total,SI,Slovenia,2019,,12.0,,,,,
dataflow,ESTAT:TIPSLC20(1.0),People at risk of poverty after social transfer,A,Annual,T,Total,PC,Percentage,MED_EI,Median equivalised income,B_60,Below 60%,TOTAL,Total,SI,Slovenia,2020,,12.4,,,,,
dataflow,ESTAT:TIPSLC20(1.0),People at risk of poverty after social transfer,A,Annual,T,Total,PC,Percentage,MED_EI,Median equivalised income,B_60,Below 60%,TOTAL,Total,SI,Slovenia,2021,,11.7,,,,,
dataflow,ESTAT:TIPSLC20(1.0),People at risk of poverty after social transfer,A,Annual,T,Total,PC,Percentage,MED_EI,Median equivalised income,B_60,Below 60%,TOTAL,Total,SI,Slovenia,2022,,12.1,,,,,
dataflow,ESTAT:TIPSLC20(1.0),People at risk of poverty after social transfer,A,Annual,T,Total,PC,Percentage,MED_EI,Median equivalised income,B_60,Below 60%,TOTAL,Total,SI,Slovenia,2023,,12.7,,,,,
dataflow,ESTAT:TIPSLC20(1.0),People at risk of poverty after social transfer,A,Annual,T,Total,PC,Percentage,MED_EI,Median equivalised income,B_60,Below 60%,TOTAL,Total,SI,Slovenia,2024,,13.2,,,,,
dataflow,ESTAT:TIPSLC20(1.0),People at risk of poverty after social transfer,A,Annual,T,Total,PC,Percentage,MED_EI,Median equivalised income,B_60,Below 60%,TOTAL,Total,SI,Slovenia,2025,,14.3,,,,,
dataflow,ESTAT:TIPSLC20(1.0),People at risk of poverty after social transfer,A,Annual,T,Total,PC,Percentage,MED_EI,Median equivalised income,B_60,Below 60%,TOTAL,Total,SK,Slovakia,2005,,13.3,,,,,
dataflow,ESTAT:TIPSLC20(1.0),People at risk of poverty after social transfer,A,Annual,T,Total,PC,Percentage,MED_EI,Median equivalised income,B_60,Below 60%,TOTAL,Total,SK,Slovakia,2006,,11.6,,,,,
dataflow,ESTAT:TIPSLC20(1.0),People at risk of poverty after social transfer,A,Annual,T,Total,PC,Percentage,MED_EI,Median equivalised income,B_60,Below 60%,TOTAL,Total,SK,Slovakia,2007,,10.6,,,,,
dataflow,ESTAT:TIPSLC20(1.0),People at risk of poverty after social transfer,A,Annual,T,Total,PC,Percentage,MED_EI,Median equivalised income,B_60,Below 60%,TOTAL,Total,SK,Slovakia,2008,,10.9,,,,,
dataflow,ESTAT:TIPSLC20(1.0),People at risk of poverty after social transfer,A,Annual,T,Total,PC,Percentage,MED_EI,Median equivalised income,B_60,Below 60%,TOTAL,Total,SK,Slovakia,2009,,11.0,,,,,
dataflow,ESTAT:TIPSLC20(1.0),People at risk of poverty after social transfer,A,Annual,T,Total,PC,Percentage,MED_EI,Median equivalised income,B_60,Below 60%,TOTAL,Total,SK,Slovakia,2010,,12.0,,,,,
dataflow,ESTAT:TIPSLC20(1.0),People at risk of poverty after social transfer,A,Annual,T,Total,PC,Percentage,MED_EI,Median equivalised income,B_60,Below 60%,TOTAL,Total,SK,Slovakia,2011,,13.0,,,,,
dataflow,ESTAT:TIPSLC20(1.0),People at risk of poverty after social transfer,A,Annual,T,Total,PC,Percentage,MED_EI,Median equivalised income,B_60,Below 60%,TOTAL,Total,SK,Slovakia,2012,,13.2,,,,,
dataflow,ESTAT:TIPSLC20(1.0),People at risk of poverty after social transfer,A,Annual,T,Total,PC,Percentage,MED_EI,Median equivalised income,B_60,Below 60%,TOTAL,Total,SK,Slovakia,2013,,12.8,,,,,
dataflow,ESTAT:TIPSLC20(1.0),People at risk of poverty after social transfer,A,Annual,T,Total,PC,Percentage,MED_EI,Median equivalised income,B_60,Below 60%,TOTAL,Total,SK,Slovakia,2014,,12.6,,,,,
dataflow,ESTAT:TIPSLC20(1.0),People at risk of poverty after social transfer,A,Annual,T,Total,PC,Percentage,MED_EI,Median equivalised income,B_60,Below 60%,TOTAL,Total,SK,Slovakia,2015,,12.3,,,,,
dataflow,ESTAT:TIPSLC20(1.0),People at risk of poverty after social transfer,A,Annual,T,Total,PC,Percentage,MED_EI,Median equivalised income,B_60,Below 60%,TOTAL,Total,SK,Slovakia,2016,,12.7,,,,,
dataflow,ESTAT:TIPSLC20(1.0),People at risk of poverty after social transfer,A,Annual,T,Total,PC,Percentage,MED_EI,Median equivalised income,B_60,Below 60%,TOTAL,Total,SK,Slovakia,2017,,12.4,,,,,
dataflow,ESTAT:TIPSLC20(1.0),People at risk of poverty after social transfer,A,Annual,T,Total,PC,Percentage,MED_EI,Median equivalised income,B_60,Below 60%,TOTAL,Total,SK,Slovakia,2018,,12.2,,,,,
dataflow,ESTAT:TIPSLC20(1.0),People at risk of poverty after social transfer,A,Annual,T,Total,PC,Percentage,MED_EI,Median equivalised income,B_60,Below 60%,TOTAL,Total,SK,Slovakia,2019,,11.9,,,,,
dataflow,ESTAT:TIPSLC20(1.0),People at risk of poverty after social transfer,A,Annual,T,Total,PC,Percentage,MED_EI,Median equivalised income,B_60,Below 60%,TOTAL,Total,SK,Slovakia,2020,,11.4,,,,,
dataflow,ESTAT:TIPSLC20(1.0),People at risk of poverty after social transfer,A,Annual,T,Total,PC,Percentage,MED_EI,Median equivalised income,B_60,Below 60%,TOTAL,Total,SK,Slovakia,2021,,12.3,,,,,
dataflow,ESTAT:TIPSLC20(1.0),People at risk of poverty after social transfer,A,Annual,T,Total,PC,Percentage,MED_EI,Median equivalised income,B_60,Below 60%,TOTAL,Total,SK,Slovakia,2022,,13.7,,,,,
dataflow,ESTAT:TIPSLC20(1.0),People at risk of poverty after social transfer,A,Annual,T,Total,PC,Percentage,MED_EI,Median equivalised income,B_60,Below 60%,TOTAL,Total,SK,Slovakia,2023,,14.3,,,,,
dataflow,ESTAT:TIPSLC20(1.0),People at risk of poverty after social transfer,A,Annual,T,Total,PC,Percentage,MED_EI,Median equivalised income,B_60,Below 60%,TOTAL,Total,SK,Slovakia,2024,,14.5,,,,,
dataflow,ESTAT:TIPSLC20(1.0),People at risk of poverty after social transfer,A,Annual,T,Total,PC,Percentage,MED_EI,Median equivalised income,B_60,Below 60%,TOTAL,Total,SK,Slovakia,2025,,12.2,,,,,
