STRUCTURE,STRUCTURE_ID,STRUCTURE_NAME,freq,Time frequency,unit,Unit of measure,quant_inc,Income quantile,age,Age class,sex,Sex,levels,Level,geo,Geopolitical entity (reporting),TIME_PERIOD,Time,OBS_VALUE,Observation value,OBS_FLAG,Observation status (Flag) V2 structure,CONF_STATUS,Confidentiality status (flag)
dataflow,ESTAT:SDG_03_20(1.0),Share of people with good or very good perceived health by sex,A,Annual,PC,Percentage,TOTAL,Total,Y_GE16,16 years or over,T,Total,VG_G,Very good or good,AL,Albania,2017,,81.4,,,,,
dataflow,ESTAT:SDG_03_20(1.0),Share of people with good or very good perceived health by sex,A,Annual,PC,Percentage,TOTAL,Total,Y_GE16,16 years or over,T,Total,VG_G,Very good or good,AL,Albania,2018,,81.8,,,,,
dataflow,ESTAT:SDG_03_20(1.0),Share of people with good or very good perceived health by sex,A,Annual,PC,Percentage,TOTAL,Total,Y_GE16,16 years or over,T,Total,VG_G,Very good or good,AL,Albania,2019,,82.0,,,,,
dataflow,ESTAT:SDG_03_20(1.0),Share of people with good or very good perceived health by sex,A,Annual,PC,Percentage,TOTAL,Total,Y_GE16,16 years or over,T,Total,VG_G,Very good or good,AL,Albania,2020,,82.8,,,,,
dataflow,ESTAT:SDG_03_20(1.0),Share of people with good or very good perceived health by sex,A,Annual,PC,Percentage,TOTAL,Total,Y_GE16,16 years or over,T,Total,VG_G,Very good or good,AL,Albania,2021,,83.0,,,,,
dataflow,ESTAT:SDG_03_20(1.0),Share of people with good or very good perceived health by sex,A,Annual,PC,Percentage,TOTAL,Total,Y_GE16,16 years or over,T,Total,VG_G,Very good or good,AL,Albania,2022,,83.4,,,,,
dataflow,ESTAT:SDG_03_20(1.0),Share of people with good or very good perceived health by sex,A,Annual,PC,Percentage,TOTAL,Total,Y_GE16,16 years or over,T,Total,VG_G,Very good or good,AL,Albania,2023,,83.9,,,,,
dataflow,ESTAT:SDG_03_20(1.0),Share of people with good or very good perceived health by sex,A,Annual,PC,Percentage,TOTAL,Total,Y_GE16,16 years or over,T,Total,VG_G,Very good or good,AT,Austria,2005,,71.0,,,,,
dataflow,ESTAT:SDG_03_20(1.0),Share of people with good or very good perceived health by sex,A,Annual,PC,Percentage,TOTAL,Total,Y_GE16,16 years or over,T,Total,VG_G,Very good or good,AT,Austria,2006,,71.9,,,,,
dataflow,ESTAT:SDG_03_20(1.0),Share of people with good or very good perceived health by sex,A,Annual,PC,Percentage,TOTAL,Total,Y_GE16,16 years or over,T,Total,VG_G,Very good or good,AT,Austria,2007,,72.4,,,,,
dataflow,ESTAT:SDG_03_20(1.0),Share of people with good or very good perceived health by sex,A,Annual,PC,Percentage,TOTAL,Total,Y_GE16,16 years or over,T,Total,VG_G,Very good or good,AT,Austria,2008,,70.1,,,,,
dataflow,ESTAT:SDG_03_20(1.0),Share of people with good or very good perceived health by sex,A,Annual,PC,Percentage,TOTAL,Total,Y_GE16,16 years or over,T,Total,VG_G,Very good or good,AT,Austria,2009,,70.1,,,,,
dataflow,ESTAT:SDG_03_20(1.0),Share of people with good or very good perceived health by sex,A,Annual,PC,Percentage,TOTAL,Total,Y_GE16,16 years or over,T,Total,VG_G,Very good or good,AT,Austria,2010,,69.5,,,,,
dataflow,ESTAT:SDG_03_20(1.0),Share of people with good or very good perceived health by sex,A,Annual,PC,Percentage,TOTAL,Total,Y_GE16,16 years or over,T,Total,VG_G,Very good or good,AT,Austria,2011,,68.8,,,,,
dataflow,ESTAT:SDG_03_20(1.0),Share of people with good or very good perceived health by sex,A,Annual,PC,Percentage,TOTAL,Total,Y_GE16,16 years or over,T,Total,VG_G,Very good or good,AT,Austria,2012,,70.0,,,,,
dataflow,ESTAT:SDG_03_20(1.0),Share of people with good or very good perceived health by sex,A,Annual,PC,Percentage,TOTAL,Total,Y_GE16,16 years or over,T,Total,VG_G,Very good or good,AT,Austria,2013,,68.7,,,,,
dataflow,ESTAT:SDG_03_20(1.0),Share of people with good or very good perceived health by sex,A,Annual,PC,Percentage,TOTAL,Total,Y_GE16,16 years or over,T,Total,VG_G,Very good or good,AT,Austria,2014,,69.6,,,,,
dataflow,ESTAT:SDG_03_20(1.0),Share of people with good or very good perceived health by sex,A,Annual,PC,Percentage,TOTAL,Total,Y_GE16,16 years or over,T,Total,VG_G,Very good or good,AT,Austria,2015,,69.9,,,,,
dataflow,ESTAT:SDG_03_20(1.0),Share of people with good or very good perceived health by sex,A,Annual,PC,Percentage,TOTAL,Total,Y_GE16,16 years or over,T,Total,VG_G,Very good or good,AT,Austria,2016,,70.3,,,,,
dataflow,ESTAT:SDG_03_20(1.0),Share of people with good or very good perceived health by sex,A,Annual,PC,Percentage,TOTAL,Total,Y_GE16,16 years or over,T,Total,VG_G,Very good or good,AT,Austria,2017,,70.4,,,,,
dataflow,ESTAT:SDG_03_20(1.0),Share of people with good or very good perceived health by sex,A,Annual,PC,Percentage,TOTAL,Total,Y_GE16,16 years or over,T,Total,VG_G,Very good or good,AT,Austria,2018,,71.7,,,,,
dataflow,ESTAT:SDG_03_20(1.0),Share of people with good or very good perceived health by sex,A,Annual,PC,Percentage,TOTAL,Total,Y_GE16,16 years or over,T,Total,VG_G,Very good or good,AT,Austria,2019,,71.3,,,,,
dataflow,ESTAT:SDG_03_20(1.0),Share of people with good or very good perceived health by sex,A,Annual,PC,Percentage,TOTAL,Total,Y_GE16,16 years or over,T,Total,VG_G,Very good or good,AT,Austria,2020,,74.0,,,,,
dataflow,ESTAT:SDG_03_20(1.0),Share of people with good or very good perceived health by sex,A,Annual,PC,Percentage,TOTAL,Total,Y_GE16,16 years or over,T,Total,VG_G,Very good or good,AT,Austria,2021,,72.3,,,,,
dataflow,ESTAT:SDG_03_20(1.0),Share of people with good or very good perceived health by sex,A,Annual,PC,Percentage,TOTAL,Total,Y_GE16,16 years or over,T,Total,VG_G,Very good or good,AT,Austria,2022,,70.1,,,,,
dataflow,ESTAT:SDG_03_20(1.0),Share of people with good or very good perceived health by sex,A,Annual,PC,Percentage,TOTAL,Total,Y_GE16,16 years or over,T,Total,VG_G,Very good or good,AT,Austria,2023,,69.3,,,,,
dataflow,ESTAT:SDG_03_20(1.0),Share of people with good or very good perceived health by sex,A,Annual,PC,Percentage,TOTAL,Total,Y_GE16,16 years or over,T,Total,VG_G,Very good or good,AT,Austria,2024,,67.7,,,,,
dataflow,ESTAT:SDG_03_20(1.0),Share of people with good or very good perceived health by sex,A,Annual,PC,Percentage,TOTAL,Total,Y_GE16,16 years or over,T,Total,VG_G,Very good or good,AT,Austria,2025,,68.5,,,,,
dataflow,ESTAT:SDG_03_20(1.0),Share of people with good or very good perceived health by sex,A,Annual,PC,Percentage,TOTAL,Total,Y_GE16,16 years or over,T,Total,VG_G,Very good or good,BE,Belgium,2005,,72.9,,,,,
dataflow,ESTAT:SDG_03_20(1.0),Share of people with good or very good perceived health by sex,A,Annual,PC,Percentage,TOTAL,Total,Y_GE16,16 years or over,T,Total,VG_G,Very good or good,BE,Belgium,2006,,74.3,,,,,
dataflow,ESTAT:SDG_03_20(1.0),Share of people with good or very good perceived health by sex,A,Annual,PC,Percentage,TOTAL,Total,Y_GE16,16 years or over,T,Total,VG_G,Very good or good,BE,Belgium,2007,,74.1,,,,,
dataflow,ESTAT:SDG_03_20(1.0),Share of people with good or very good perceived health by sex,A,Annual,PC,Percentage,TOTAL,Total,Y_GE16,16 years or over,T,Total,VG_G,Very good or good,BE,Belgium,2008,,74.0,,,,,
dataflow,ESTAT:SDG_03_20(1.0),Share of people with good or very good perceived health by sex,A,Annual,PC,Percentage,TOTAL,Total,Y_GE16,16 years or over,T,Total,VG_G,Very good or good,BE,Belgium,2009,,73.5,,,,,
dataflow,ESTAT:SDG_03_20(1.0),Share of people with good or very good perceived health by sex,A,Annual,PC,Percentage,TOTAL,Total,Y_GE16,16 years or over,T,Total,VG_G,Very good or good,BE,Belgium,2010,,73.1,,,,,
dataflow,ESTAT:SDG_03_20(1.0),Share of people with good or very good perceived health by sex,A,Annual,PC,Percentage,TOTAL,Total,Y_GE16,16 years or over,T,Total,VG_G,Very good or good,BE,Belgium,2011,,73.6,,,,,
dataflow,ESTAT:SDG_03_20(1.0),Share of people with good or very good perceived health by sex,A,Annual,PC,Percentage,TOTAL,Total,Y_GE16,16 years or over,T,Total,VG_G,Very good or good,BE,Belgium,2012,,74.5,,,,,
dataflow,ESTAT:SDG_03_20(1.0),Share of people with good or very good perceived health by sex,A,Annual,PC,Percentage,TOTAL,Total,Y_GE16,16 years or over,T,Total,VG_G,Very good or good,BE,Belgium,2013,,74.3,,,,,
dataflow,ESTAT:SDG_03_20(1.0),Share of people with good or very good perceived health by sex,A,Annual,PC,Percentage,TOTAL,Total,Y_GE16,16 years or over,T,Total,VG_G,Very good or good,BE,Belgium,2014,,75.1,,,,,
dataflow,ESTAT:SDG_03_20(1.0),Share of people with good or very good perceived health by sex,A,Annual,PC,Percentage,TOTAL,Total,Y_GE16,16 years or over,T,Total,VG_G,Very good or good,BE,Belgium,2015,,74.6,,,,,
dataflow,ESTAT:SDG_03_20(1.0),Share of people with good or very good perceived health by sex,A,Annual,PC,Percentage,TOTAL,Total,Y_GE16,16 years or over,T,Total,VG_G,Very good or good,BE,Belgium,2016,,73.9,,,,,
dataflow,ESTAT:SDG_03_20(1.0),Share of people with good or very good perceived health by sex,A,Annual,PC,Percentage,TOTAL,Total,Y_GE16,16 years or over,T,Total,VG_G,Very good or good,BE,Belgium,2017,,74.5,,,,,
dataflow,ESTAT:SDG_03_20(1.0),Share of people with good or very good perceived health by sex,A,Annual,PC,Percentage,TOTAL,Total,Y_GE16,16 years or over,T,Total,VG_G,Very good or good,BE,Belgium,2018,,74.9,,,,,
dataflow,ESTAT:SDG_03_20(1.0),Share of people with good or very good perceived health by sex,A,Annual,PC,Percentage,TOTAL,Total,Y_GE16,16 years or over,T,Total,VG_G,Very good or good,BE,Belgium,2019,,74.1,,b,break in time series,,
dataflow,ESTAT:SDG_03_20(1.0),Share of people with good or very good perceived health by sex,A,Annual,PC,Percentage,TOTAL,Total,Y_GE16,16 years or over,T,Total,VG_G,Very good or good,BE,Belgium,2020,,75.6,,,,,
dataflow,ESTAT:SDG_03_20(1.0),Share of people with good or very good perceived health by sex,A,Annual,PC,Percentage,TOTAL,Total,Y_GE16,16 years or over,T,Total,VG_G,Very good or good,BE,Belgium,2021,,76.5,,,,,
dataflow,ESTAT:SDG_03_20(1.0),Share of people with good or very good perceived health by sex,A,Annual,PC,Percentage,TOTAL,Total,Y_GE16,16 years or over,T,Total,VG_G,Very good or good,BE,Belgium,2022,,75.4,,,,,
dataflow,ESTAT:SDG_03_20(1.0),Share of people with good or very good perceived health by sex,A,Annual,PC,Percentage,TOTAL,Total,Y_GE16,16 years or over,T,Total,VG_G,Very good or good,BE,Belgium,2023,,75.5,,,,,
dataflow,ESTAT:SDG_03_20(1.0),Share of people with good or very good perceived health by sex,A,Annual,PC,Percentage,TOTAL,Total,Y_GE16,16 years or over,T,Total,VG_G,Very good or good,BE,Belgium,2024,,74.6,,,,,
dataflow,ESTAT:SDG_03_20(1.0),Share of people with good or very good perceived health by sex,A,Annual,PC,Percentage,TOTAL,Total,Y_GE16,16 years or over,T,Total,VG_G,Very good or good,BE,Belgium,2025,,73.8,,,,,
dataflow,ESTAT:SDG_03_20(1.0),Share of people with good or very good perceived health by sex,A,Annual,PC,Percentage,TOTAL,Total,Y_GE16,16 years or over,T,Total,VG_G,Very good or good,BG,Bulgaria,2005,,60.5,,,,,
dataflow,ESTAT:SDG_03_20(1.0),Share of people with good or very good perceived health by sex,A,Annual,PC,Percentage,TOTAL,Total,Y_GE16,16 years or over,T,Total,VG_G,Very good or good,BG,Bulgaria,2006,,60.5,,,,,
dataflow,ESTAT:SDG_03_20(1.0),Share of people with good or very good perceived health by sex,A,Annual,PC,Percentage,TOTAL,Total,Y_GE16,16 years or over,T,Total,VG_G,Very good or good,BG,Bulgaria,2007,,61.9,,,,,
dataflow,ESTAT:SDG_03_20(1.0),Share of people with good or very good perceived health by sex,A,Annual,PC,Percentage,TOTAL,Total,Y_GE16,16 years or over,T,Total,VG_G,Very good or good,BG,Bulgaria,2008,,62.6,,,,,
dataflow,ESTAT:SDG_03_20(1.0),Share of people with good or very good perceived health by sex,A,Annual,PC,Percentage,TOTAL,Total,Y_GE16,16 years or over,T,Total,VG_G,Very good or good,BG,Bulgaria,2009,,65.2,,,,,
dataflow,ESTAT:SDG_03_20(1.0),Share of people with good or very good perceived health by sex,A,Annual,PC,Percentage,TOTAL,Total,Y_GE16,16 years or over,T,Total,VG_G,Very good or good,BG,Bulgaria,2010,,67.3,,,,,
dataflow,ESTAT:SDG_03_20(1.0),Share of people with good or very good perceived health by sex,A,Annual,PC,Percentage,TOTAL,Total,Y_GE16,16 years or over,T,Total,VG_G,Very good or good,BG,Bulgaria,2011,,67.2,,,,,
dataflow,ESTAT:SDG_03_20(1.0),Share of people with good or very good perceived health by sex,A,Annual,PC,Percentage,TOTAL,Total,Y_GE16,16 years or over,T,Total,VG_G,Very good or good,BG,Bulgaria,2012,,66.7,,,,,
dataflow,ESTAT:SDG_03_20(1.0),Share of people with good or very good perceived health by sex,A,Annual,PC,Percentage,TOTAL,Total,Y_GE16,16 years or over,T,Total,VG_G,Very good or good,BG,Bulgaria,2013,,66.4,,,,,
dataflow,ESTAT:SDG_03_20(1.0),Share of people with good or very good perceived health by sex,A,Annual,PC,Percentage,TOTAL,Total,Y_GE16,16 years or over,T,Total,VG_G,Very good or good,BG,Bulgaria,2014,,66.0,,,,,
dataflow,ESTAT:SDG_03_20(1.0),Share of people with good or very good perceived health by sex,A,Annual,PC,Percentage,TOTAL,Total,Y_GE16,16 years or over,T,Total,VG_G,Very good or good,BG,Bulgaria,2015,,65.6,,,,,
dataflow,ESTAT:SDG_03_20(1.0),Share of people with good or very good perceived health by sex,A,Annual,PC,Percentage,TOTAL,Total,Y_GE16,16 years or over,T,Total,VG_G,Very good or good,BG,Bulgaria,2016,,65.8,,,,,
dataflow,ESTAT:SDG_03_20(1.0),Share of people with good or very good perceived health by sex,A,Annual,PC,Percentage,TOTAL,Total,Y_GE16,16 years or over,T,Total,VG_G,Very good or good,BG,Bulgaria,2017,,66.7,,,,,
dataflow,ESTAT:SDG_03_20(1.0),Share of people with good or very good perceived health by sex,A,Annual,PC,Percentage,TOTAL,Total,Y_GE16,16 years or over,T,Total,VG_G,Very good or good,BG,Bulgaria,2018,,66.5,,,,,
dataflow,ESTAT:SDG_03_20(1.0),Share of people with good or very good perceived health by sex,A,Annual,PC,Percentage,TOTAL,Total,Y_GE16,16 years or over,T,Total,VG_G,Very good or good,BG,Bulgaria,2019,,67.2,,,,,
dataflow,ESTAT:SDG_03_20(1.0),Share of people with good or very good perceived health by sex,A,Annual,PC,Percentage,TOTAL,Total,Y_GE16,16 years or over,T,Total,VG_G,Very good or good,BG,Bulgaria,2020,,66.7,,,,,
dataflow,ESTAT:SDG_03_20(1.0),Share of people with good or very good perceived health by sex,A,Annual,PC,Percentage,TOTAL,Total,Y_GE16,16 years or over,T,Total,VG_G,Very good or good,BG,Bulgaria,2021,,67.6,,,,,
dataflow,ESTAT:SDG_03_20(1.0),Share of people with good or very good perceived health by sex,A,Annual,PC,Percentage,TOTAL,Total,Y_GE16,16 years or over,T,Total,VG_G,Very good or good,BG,Bulgaria,2022,,68.2,,,,,
dataflow,ESTAT:SDG_03_20(1.0),Share of people with good or very good perceived health by sex,A,Annual,PC,Percentage,TOTAL,Total,Y_GE16,16 years or over,T,Total,VG_G,Very good or good,BG,Bulgaria,2023,,65.1,,,,,
dataflow,ESTAT:SDG_03_20(1.0),Share of people with good or very good perceived health by sex,A,Annual,PC,Percentage,TOTAL,Total,Y_GE16,16 years or over,T,Total,VG_G,Very good or good,BG,Bulgaria,2024,,65.7,,,,,
dataflow,ESTAT:SDG_03_20(1.0),Share of people with good or very good perceived health by sex,A,Annual,PC,Percentage,TOTAL,Total,Y_GE16,16 years or over,T,Total,VG_G,Very good or good,BG,Bulgaria,2025,,64.8,,,,,
dataflow,ESTAT:SDG_03_20(1.0),Share of people with good or very good perceived health by sex,A,Annual,PC,Percentage,TOTAL,Total,Y_GE16,16 years or over,T,Total,VG_G,Very good or good,CH,Switzerland,2007,,84.0,,,,,
dataflow,ESTAT:SDG_03_20(1.0),Share of people with good or very good perceived health by sex,A,Annual,PC,Percentage,TOTAL,Total,Y_GE16,16 years or over,T,Total,VG_G,Very good or good,CH,Switzerland,2008,,81.2,,,,,
dataflow,ESTAT:SDG_03_20(1.0),Share of people with good or very good perceived health by sex,A,Annual,PC,Percentage,TOTAL,Total,Y_GE16,16 years or over,T,Total,VG_G,Very good or good,CH,Switzerland,2009,,81.0,,,,,
dataflow,ESTAT:SDG_03_20(1.0),Share of people with good or very good perceived health by sex,A,Annual,PC,Percentage,TOTAL,Total,Y_GE16,16 years or over,T,Total,VG_G,Very good or good,CH,Switzerland,2010,,81.6,,,,,
dataflow,ESTAT:SDG_03_20(1.0),Share of people with good or very good perceived health by sex,A,Annual,PC,Percentage,TOTAL,Total,Y_GE16,16 years or over,T,Total,VG_G,Very good or good,CH,Switzerland,2011,,81.3,,,,,
dataflow,ESTAT:SDG_03_20(1.0),Share of people with good or very good perceived health by sex,A,Annual,PC,Percentage,TOTAL,Total,Y_GE16,16 years or over,T,Total,VG_G,Very good or good,CH,Switzerland,2012,,82.0,,,,,
dataflow,ESTAT:SDG_03_20(1.0),Share of people with good or very good perceived health by sex,A,Annual,PC,Percentage,TOTAL,Total,Y_GE16,16 years or over,T,Total,VG_G,Very good or good,CH,Switzerland,2013,,80.7,,,,,
dataflow,ESTAT:SDG_03_20(1.0),Share of people with good or very good perceived health by sex,A,Annual,PC,Percentage,TOTAL,Total,Y_GE16,16 years or over,T,Total,VG_G,Very good or good,CH,Switzerland,2014,,78.4,,,,,
dataflow,ESTAT:SDG_03_20(1.0),Share of people with good or very good perceived health by sex,A,Annual,PC,Percentage,TOTAL,Total,Y_GE16,16 years or over,T,Total,VG_G,Very good or good,CH,Switzerland,2015,,79.6,,,,,
dataflow,ESTAT:SDG_03_20(1.0),Share of people with good or very good perceived health by sex,A,Annual,PC,Percentage,TOTAL,Total,Y_GE16,16 years or over,T,Total,VG_G,Very good or good,CH,Switzerland,2016,,77.7,,,,,
dataflow,ESTAT:SDG_03_20(1.0),Share of people with good or very good perceived health by sex,A,Annual,PC,Percentage,TOTAL,Total,Y_GE16,16 years or over,T,Total,VG_G,Very good or good,CH,Switzerland,2017,,80.2,,,,,
dataflow,ESTAT:SDG_03_20(1.0),Share of people with good or very good perceived health by sex,A,Annual,PC,Percentage,TOTAL,Total,Y_GE16,16 years or over,T,Total,VG_G,Very good or good,CH,Switzerland,2018,,80.7,,,,,
dataflow,ESTAT:SDG_03_20(1.0),Share of people with good or very good perceived health by sex,A,Annual,PC,Percentage,TOTAL,Total,Y_GE16,16 years or over,T,Total,VG_G,Very good or good,CH,Switzerland,2019,,81.3,,,,,
dataflow,ESTAT:SDG_03_20(1.0),Share of people with good or very good perceived health by sex,A,Annual,PC,Percentage,TOTAL,Total,Y_GE16,16 years or over,T,Total,VG_G,Very good or good,CH,Switzerland,2020,,83.3,,,,,
dataflow,ESTAT:SDG_03_20(1.0),Share of people with good or very good perceived health by sex,A,Annual,PC,Percentage,TOTAL,Total,Y_GE16,16 years or over,T,Total,VG_G,Very good or good,CH,Switzerland,2021,,81.9,,,,,
dataflow,ESTAT:SDG_03_20(1.0),Share of people with good or very good perceived health by sex,A,Annual,PC,Percentage,TOTAL,Total,Y_GE16,16 years or over,T,Total,VG_G,Very good or good,CH,Switzerland,2022,,80.2,,,,,
dataflow,ESTAT:SDG_03_20(1.0),Share of people with good or very good perceived health by sex,A,Annual,PC,Percentage,TOTAL,Total,Y_GE16,16 years or over,T,Total,VG_G,Very good or good,CH,Switzerland,2023,,79.2,,,,,
dataflow,ESTAT:SDG_03_20(1.0),Share of people with good or very good perceived health by sex,A,Annual,PC,Percentage,TOTAL,Total,Y_GE16,16 years or over,T,Total,VG_G,Very good or good,CH,Switzerland,2024,,78.9,,,,,
dataflow,ESTAT:SDG_03_20(1.0),Share of people with good or very good perceived health by sex,A,Annual,PC,Percentage,TOTAL,Total,Y_GE16,16 years or over,T,Total,VG_G,Very good or good,CY,Cyprus,2005,,75.1,,,,,
dataflow,ESTAT:SDG_03_20(1.0),Share of people with good or very good perceived health by sex,A,Annual,PC,Percentage,TOTAL,Total,Y_GE16,16 years or over,T,Total,VG_G,Very good or good,CY,Cyprus,2006,,76.1,,,,,
dataflow,ESTAT:SDG_03_20(1.0),Share of people with good or very good perceived health by sex,A,Annual,PC,Percentage,TOTAL,Total,Y_GE16,16 years or over,T,Total,VG_G,Very good or good,CY,Cyprus,2007,,76.8,,,,,
dataflow,ESTAT:SDG_03_20(1.0),Share of people with good or very good perceived health by sex,A,Annual,PC,Percentage,TOTAL,Total,Y_GE16,16 years or over,T,Total,VG_G,Very good or good,CY,Cyprus,2008,,76.5,,,,,
dataflow,ESTAT:SDG_03_20(1.0),Share of people with good or very good perceived health by sex,A,Annual,PC,Percentage,TOTAL,Total,Y_GE16,16 years or over,T,Total,VG_G,Very good or good,CY,Cyprus,2009,,75.7,,,,,
dataflow,ESTAT:SDG_03_20(1.0),Share of people with good or very good perceived health by sex,A,Annual,PC,Percentage,TOTAL,Total,Y_GE16,16 years or over,T,Total,VG_G,Very good or good,CY,Cyprus,2010,,74.6,,,,,
dataflow,ESTAT:SDG_03_20(1.0),Share of people with good or very good perceived health by sex,A,Annual,PC,Percentage,TOTAL,Total,Y_GE16,16 years or over,T,Total,VG_G,Very good or good,CY,Cyprus,2011,,75.8,,,,,
dataflow,ESTAT:SDG_03_20(1.0),Share of people with good or very good perceived health by sex,A,Annual,PC,Percentage,TOTAL,Total,Y_GE16,16 years or over,T,Total,VG_G,Very good or good,CY,Cyprus,2012,,77.2,,,,,
dataflow,ESTAT:SDG_03_20(1.0),Share of people with good or very good perceived health by sex,A,Annual,PC,Percentage,TOTAL,Total,Y_GE16,16 years or over,T,Total,VG_G,Very good or good,CY,Cyprus,2013,,76.4,,,,,
dataflow,ESTAT:SDG_03_20(1.0),Share of people with good or very good perceived health by sex,A,Annual,PC,Percentage,TOTAL,Total,Y_GE16,16 years or over,T,Total,VG_G,Very good or good,CY,Cyprus,2014,,77.7,,,,,
dataflow,ESTAT:SDG_03_20(1.0),Share of people with good or very good perceived health by sex,A,Annual,PC,Percentage,TOTAL,Total,Y_GE16,16 years or over,T,Total,VG_G,Very good or good,CY,Cyprus,2015,,80.3,,,,,
dataflow,ESTAT:SDG_03_20(1.0),Share of people with good or very good perceived health by sex,A,Annual,PC,Percentage,TOTAL,Total,Y_GE16,16 years or over,T,Total,VG_G,Very good or good,CY,Cyprus,2016,,78.7,,,,,
dataflow,ESTAT:SDG_03_20(1.0),Share of people with good or very good perceived health by sex,A,Annual,PC,Percentage,TOTAL,Total,Y_GE16,16 years or over,T,Total,VG_G,Very good or good,CY,Cyprus,2017,,78.1,,,,,
dataflow,ESTAT:SDG_03_20(1.0),Share of people with good or very good perceived health by sex,A,Annual,PC,Percentage,TOTAL,Total,Y_GE16,16 years or over,T,Total,VG_G,Very good or good,CY,Cyprus,2018,,77.8,,,,,
dataflow,ESTAT:SDG_03_20(1.0),Share of people with good or very good perceived health by sex,A,Annual,PC,Percentage,TOTAL,Total,Y_GE16,16 years or over,T,Total,VG_G,Very good or good,CY,Cyprus,2019,,77.0,,,,,
dataflow,ESTAT:SDG_03_20(1.0),Share of people with good or very good perceived health by sex,A,Annual,PC,Percentage,TOTAL,Total,Y_GE16,16 years or over,T,Total,VG_G,Very good or good,CY,Cyprus,2020,,77.5,,,,,
dataflow,ESTAT:SDG_03_20(1.0),Share of people with good or very good perceived health by sex,A,Annual,PC,Percentage,TOTAL,Total,Y_GE16,16 years or over,T,Total,VG_G,Very good or good,CY,Cyprus,2021,,75.9,,,,,
dataflow,ESTAT:SDG_03_20(1.0),Share of people with good or very good perceived health by sex,A,Annual,PC,Percentage,TOTAL,Total,Y_GE16,16 years or over,T,Total,VG_G,Very good or good,CY,Cyprus,2022,,76.1,,,,,
dataflow,ESTAT:SDG_03_20(1.0),Share of people with good or very good perceived health by sex,A,Annual,PC,Percentage,TOTAL,Total,Y_GE16,16 years or over,T,Total,VG_G,Very good or good,CY,Cyprus,2023,,75.6,,,,,
dataflow,ESTAT:SDG_03_20(1.0),Share of people with good or very good perceived health by sex,A,Annual,PC,Percentage,TOTAL,Total,Y_GE16,16 years or over,T,Total,VG_G,Very good or good,CY,Cyprus,2024,,75.2,,,,,
dataflow,ESTAT:SDG_03_20(1.0),Share of people with good or very good perceived health by sex,A,Annual,PC,Percentage,TOTAL,Total,Y_GE16,16 years or over,T,Total,VG_G,Very good or good,CY,Cyprus,2025,,75.0,,,,,
dataflow,ESTAT:SDG_03_20(1.0),Share of people with good or very good perceived health by sex,A,Annual,PC,Percentage,TOTAL,Total,Y_GE16,16 years or over,T,Total,VG_G,Very good or good,CZ,Czechia,2005,,59.0,,,,,
dataflow,ESTAT:SDG_03_20(1.0),Share of people with good or very good perceived health by sex,A,Annual,PC,Percentage,TOTAL,Total,Y_GE16,16 years or over,T,Total,VG_G,Very good or good,CZ,Czechia,2006,,59.3,,,,,
dataflow,ESTAT:SDG_03_20(1.0),Share of people with good or very good perceived health by sex,A,Annual,PC,Percentage,TOTAL,Total,Y_GE16,16 years or over,T,Total,VG_G,Very good or good,CZ,Czechia,2007,,61.3,,,,,
dataflow,ESTAT:SDG_03_20(1.0),Share of people with good or very good perceived health by sex,A,Annual,PC,Percentage,TOTAL,Total,Y_GE16,16 years or over,T,Total,VG_G,Very good or good,CZ,Czechia,2008,,61.5,,,,,
dataflow,ESTAT:SDG_03_20(1.0),Share of people with good or very good perceived health by sex,A,Annual,PC,Percentage,TOTAL,Total,Y_GE16,16 years or over,T,Total,VG_G,Very good or good,CZ,Czechia,2009,,61.3,,,,,
dataflow,ESTAT:SDG_03_20(1.0),Share of people with good or very good perceived health by sex,A,Annual,PC,Percentage,TOTAL,Total,Y_GE16,16 years or over,T,Total,VG_G,Very good or good,CZ,Czechia,2010,,62.4,,,,,
dataflow,ESTAT:SDG_03_20(1.0),Share of people with good or very good perceived health by sex,A,Annual,PC,Percentage,TOTAL,Total,Y_GE16,16 years or over,T,Total,VG_G,Very good or good,CZ,Czechia,2011,,59.6,,,,,
dataflow,ESTAT:SDG_03_20(1.0),Share of people with good or very good perceived health by sex,A,Annual,PC,Percentage,TOTAL,Total,Y_GE16,16 years or over,T,Total,VG_G,Very good or good,CZ,Czechia,2012,,60.5,,,,,
dataflow,ESTAT:SDG_03_20(1.0),Share of people with good or very good perceived health by sex,A,Annual,PC,Percentage,TOTAL,Total,Y_GE16,16 years or over,T,Total,VG_G,Very good or good,CZ,Czechia,2013,,59.7,,,,,
dataflow,ESTAT:SDG_03_20(1.0),Share of people with good or very good perceived health by sex,A,Annual,PC,Percentage,TOTAL,Total,Y_GE16,16 years or over,T,Total,VG_G,Very good or good,CZ,Czechia,2014,,60.8,,,,,
dataflow,ESTAT:SDG_03_20(1.0),Share of people with good or very good perceived health by sex,A,Annual,PC,Percentage,TOTAL,Total,Y_GE16,16 years or over,T,Total,VG_G,Very good or good,CZ,Czechia,2015,,61.3,,,,,
dataflow,ESTAT:SDG_03_20(1.0),Share of people with good or very good perceived health by sex,A,Annual,PC,Percentage,TOTAL,Total,Y_GE16,16 years or over,T,Total,VG_G,Very good or good,CZ,Czechia,2016,,60.4,,,,,
dataflow,ESTAT:SDG_03_20(1.0),Share of people with good or very good perceived health by sex,A,Annual,PC,Percentage,TOTAL,Total,Y_GE16,16 years or over,T,Total,VG_G,Very good or good,CZ,Czechia,2017,,61.9,,,,,
dataflow,ESTAT:SDG_03_20(1.0),Share of people with good or very good perceived health by sex,A,Annual,PC,Percentage,TOTAL,Total,Y_GE16,16 years or over,T,Total,VG_G,Very good or good,CZ,Czechia,2018,,62.1,,,,,
dataflow,ESTAT:SDG_03_20(1.0),Share of people with good or very good perceived health by sex,A,Annual,PC,Percentage,TOTAL,Total,Y_GE16,16 years or over,T,Total,VG_G,Very good or good,CZ,Czechia,2019,,62.0,,,,,
dataflow,ESTAT:SDG_03_20(1.0),Share of people with good or very good perceived health by sex,A,Annual,PC,Percentage,TOTAL,Total,Y_GE16,16 years or over,T,Total,VG_G,Very good or good,CZ,Czechia,2020,,63.4,,,,,
dataflow,ESTAT:SDG_03_20(1.0),Share of people with good or very good perceived health by sex,A,Annual,PC,Percentage,TOTAL,Total,Y_GE16,16 years or over,T,Total,VG_G,Very good or good,CZ,Czechia,2021,,67.8,,,,,
dataflow,ESTAT:SDG_03_20(1.0),Share of people with good or very good perceived health by sex,A,Annual,PC,Percentage,TOTAL,Total,Y_GE16,16 years or over,T,Total,VG_G,Very good or good,CZ,Czechia,2022,,68.0,,,,,
dataflow,ESTAT:SDG_03_20(1.0),Share of people with good or very good perceived health by sex,A,Annual,PC,Percentage,TOTAL,Total,Y_GE16,16 years or over,T,Total,VG_G,Very good or good,CZ,Czechia,2023,,66.5,,,,,
dataflow,ESTAT:SDG_03_20(1.0),Share of people with good or very good perceived health by sex,A,Annual,PC,Percentage,TOTAL,Total,Y_GE16,16 years or over,T,Total,VG_G,Very good or good,CZ,Czechia,2024,,66.4,,,,,
dataflow,ESTAT:SDG_03_20(1.0),Share of people with good or very good perceived health by sex,A,Annual,PC,Percentage,TOTAL,Total,Y_GE16,16 years or over,T,Total,VG_G,Very good or good,CZ,Czechia,2025,,67.0,,,,,
dataflow,ESTAT:SDG_03_20(1.0),Share of people with good or very good perceived health by sex,A,Annual,PC,Percentage,TOTAL,Total,Y_GE16,16 years or over,T,Total,VG_G,Very good or good,DE,Germany,2005,,60.1,,,,,
dataflow,ESTAT:SDG_03_20(1.0),Share of people with good or very good perceived health by sex,A,Annual,PC,Percentage,TOTAL,Total,Y_GE16,16 years or over,T,Total,VG_G,Very good or good,DE,Germany,2006,,60.5,,,,,
dataflow,ESTAT:SDG_03_20(1.0),Share of people with good or very good perceived health by sex,A,Annual,PC,Percentage,TOTAL,Total,Y_GE16,16 years or over,T,Total,VG_G,Very good or good,DE,Germany,2007,,60.0,,,,,
dataflow,ESTAT:SDG_03_20(1.0),Share of people with good or very good perceived health by sex,A,Annual,PC,Percentage,TOTAL,Total,Y_GE16,16 years or over,T,Total,VG_G,Very good or good,DE,Germany,2008,,64.6,,,,,
dataflow,ESTAT:SDG_03_20(1.0),Share of people with good or very good perceived health by sex,A,Annual,PC,Percentage,TOTAL,Total,Y_GE16,16 years or over,T,Total,VG_G,Very good or good,DE,Germany,2009,,65.2,,,,,
dataflow,ESTAT:SDG_03_20(1.0),Share of people with good or very good perceived health by sex,A,Annual,PC,Percentage,TOTAL,Total,Y_GE16,16 years or over,T,Total,VG_G,Very good or good,DE,Germany,2010,,65.3,,,,,
dataflow,ESTAT:SDG_03_20(1.0),Share of people with good or very good perceived health by sex,A,Annual,PC,Percentage,TOTAL,Total,Y_GE16,16 years or over,T,Total,VG_G,Very good or good,DE,Germany,2011,,64.8,,,,,
dataflow,ESTAT:SDG_03_20(1.0),Share of people with good or very good perceived health by sex,A,Annual,PC,Percentage,TOTAL,Total,Y_GE16,16 years or over,T,Total,VG_G,Very good or good,DE,Germany,2012,,65.4,,,,,
dataflow,ESTAT:SDG_03_20(1.0),Share of people with good or very good perceived health by sex,A,Annual,PC,Percentage,TOTAL,Total,Y_GE16,16 years or over,T,Total,VG_G,Very good or good,DE,Germany,2013,,64.9,,,,,
dataflow,ESTAT:SDG_03_20(1.0),Share of people with good or very good perceived health by sex,A,Annual,PC,Percentage,TOTAL,Total,Y_GE16,16 years or over,T,Total,VG_G,Very good or good,DE,Germany,2014,,65.2,,,,,
dataflow,ESTAT:SDG_03_20(1.0),Share of people with good or very good perceived health by sex,A,Annual,PC,Percentage,TOTAL,Total,Y_GE16,16 years or over,T,Total,VG_G,Very good or good,DE,Germany,2015,,64.6,,,,,
dataflow,ESTAT:SDG_03_20(1.0),Share of people with good or very good perceived health by sex,A,Annual,PC,Percentage,TOTAL,Total,Y_GE16,16 years or over,T,Total,VG_G,Very good or good,DE,Germany,2016,,65.2,,,,,
dataflow,ESTAT:SDG_03_20(1.0),Share of people with good or very good perceived health by sex,A,Annual,PC,Percentage,TOTAL,Total,Y_GE16,16 years or over,T,Total,VG_G,Very good or good,DE,Germany,2017,,65.5,,,,,
dataflow,ESTAT:SDG_03_20(1.0),Share of people with good or very good perceived health by sex,A,Annual,PC,Percentage,TOTAL,Total,Y_GE16,16 years or over,T,Total,VG_G,Very good or good,DE,Germany,2018,,65.5,,,,,
dataflow,ESTAT:SDG_03_20(1.0),Share of people with good or very good perceived health by sex,A,Annual,PC,Percentage,TOTAL,Total,Y_GE16,16 years or over,T,Total,VG_G,Very good or good,DE,Germany,2019,,65.5,,,,,
dataflow,ESTAT:SDG_03_20(1.0),Share of people with good or very good perceived health by sex,A,Annual,PC,Percentage,TOTAL,Total,Y_GE16,16 years or over,T,Total,VG_G,Very good or good,DE,Germany,2020,,63.9,,b,break in time series,,
dataflow,ESTAT:SDG_03_20(1.0),Share of people with good or very good perceived health by sex,A,Annual,PC,Percentage,TOTAL,Total,Y_GE16,16 years or over,T,Total,VG_G,Very good or good,DE,Germany,2021,,63.0,,,,,
dataflow,ESTAT:SDG_03_20(1.0),Share of people with good or very good perceived health by sex,A,Annual,PC,Percentage,TOTAL,Total,Y_GE16,16 years or over,T,Total,VG_G,Very good or good,DE,Germany,2022,,64.2,,,,,
dataflow,ESTAT:SDG_03_20(1.0),Share of people with good or very good perceived health by sex,A,Annual,PC,Percentage,TOTAL,Total,Y_GE16,16 years or over,T,Total,VG_G,Very good or good,DE,Germany,2023,,65.6,,e,estimated,,
dataflow,ESTAT:SDG_03_20(1.0),Share of people with good or very good perceived health by sex,A,Annual,PC,Percentage,TOTAL,Total,Y_GE16,16 years or over,T,Total,VG_G,Very good or good,DE,Germany,2024,,64.7,,,,,
dataflow,ESTAT:SDG_03_20(1.0),Share of people with good or very good perceived health by sex,A,Annual,PC,Percentage,TOTAL,Total,Y_GE16,16 years or over,T,Total,VG_G,Very good or good,DE,Germany,2025,,65.4,,,,,
dataflow,ESTAT:SDG_03_20(1.0),Share of people with good or very good perceived health by sex,A,Annual,PC,Percentage,TOTAL,Total,Y_GE16,16 years or over,T,Total,VG_G,Very good or good,DK,Denmark,2005,,76.7,,,,,
dataflow,ESTAT:SDG_03_20(1.0),Share of people with good or very good perceived health by sex,A,Annual,PC,Percentage,TOTAL,Total,Y_GE16,16 years or over,T,Total,VG_G,Very good or good,DK,Denmark,2006,,75.1,,,,,
dataflow,ESTAT:SDG_03_20(1.0),Share of people with good or very good perceived health by sex,A,Annual,PC,Percentage,TOTAL,Total,Y_GE16,16 years or over,T,Total,VG_G,Very good or good,DK,Denmark,2007,,75.4,,,,,
dataflow,ESTAT:SDG_03_20(1.0),Share of people with good or very good perceived health by sex,A,Annual,PC,Percentage,TOTAL,Total,Y_GE16,16 years or over,T,Total,VG_G,Very good or good,DK,Denmark,2008,,74.3,,,,,
dataflow,ESTAT:SDG_03_20(1.0),Share of people with good or very good perceived health by sex,A,Annual,PC,Percentage,TOTAL,Total,Y_GE16,16 years or over,T,Total,VG_G,Very good or good,DK,Denmark,2009,,72.4,,,,,
dataflow,ESTAT:SDG_03_20(1.0),Share of people with good or very good perceived health by sex,A,Annual,PC,Percentage,TOTAL,Total,Y_GE16,16 years or over,T,Total,VG_G,Very good or good,DK,Denmark,2010,,71.2,,,,,
dataflow,ESTAT:SDG_03_20(1.0),Share of people with good or very good perceived health by sex,A,Annual,PC,Percentage,TOTAL,Total,Y_GE16,16 years or over,T,Total,VG_G,Very good or good,DK,Denmark,2011,,71.8,,,,,
dataflow,ESTAT:SDG_03_20(1.0),Share of people with good or very good perceived health by sex,A,Annual,PC,Percentage,TOTAL,Total,Y_GE16,16 years or over,T,Total,VG_G,Very good or good,DK,Denmark,2012,,71.2,,,,,
dataflow,ESTAT:SDG_03_20(1.0),Share of people with good or very good perceived health by sex,A,Annual,PC,Percentage,TOTAL,Total,Y_GE16,16 years or over,T,Total,VG_G,Very good or good,DK,Denmark,2013,,72.6,,,,,
dataflow,ESTAT:SDG_03_20(1.0),Share of people with good or very good perceived health by sex,A,Annual,PC,Percentage,TOTAL,Total,Y_GE16,16 years or over,T,Total,VG_G,Very good or good,DK,Denmark,2014,,72.4,,,,,
dataflow,ESTAT:SDG_03_20(1.0),Share of people with good or very good perceived health by sex,A,Annual,PC,Percentage,TOTAL,Total,Y_GE16,16 years or over,T,Total,VG_G,Very good or good,DK,Denmark,2015,,71.6,,,,,
dataflow,ESTAT:SDG_03_20(1.0),Share of people with good or very good perceived health by sex,A,Annual,PC,Percentage,TOTAL,Total,Y_GE16,16 years or over,T,Total,VG_G,Very good or good,DK,Denmark,2016,,71.3,,,,,
dataflow,ESTAT:SDG_03_20(1.0),Share of people with good or very good perceived health by sex,A,Annual,PC,Percentage,TOTAL,Total,Y_GE16,16 years or over,T,Total,VG_G,Very good or good,DK,Denmark,2017,,71.3,,,,,
dataflow,ESTAT:SDG_03_20(1.0),Share of people with good or very good perceived health by sex,A,Annual,PC,Percentage,TOTAL,Total,Y_GE16,16 years or over,T,Total,VG_G,Very good or good,DK,Denmark,2018,,71.2,,,,,
dataflow,ESTAT:SDG_03_20(1.0),Share of people with good or very good perceived health by sex,A,Annual,PC,Percentage,TOTAL,Total,Y_GE16,16 years or over,T,Total,VG_G,Very good or good,DK,Denmark,2019,,69.7,,,,,
dataflow,ESTAT:SDG_03_20(1.0),Share of people with good or very good perceived health by sex,A,Annual,PC,Percentage,TOTAL,Total,Y_GE16,16 years or over,T,Total,VG_G,Very good or good,DK,Denmark,2020,,71.3,,,,,
dataflow,ESTAT:SDG_03_20(1.0),Share of people with good or very good perceived health by sex,A,Annual,PC,Percentage,TOTAL,Total,Y_GE16,16 years or over,T,Total,VG_G,Very good or good,DK,Denmark,2021,,67.0,,,,,
dataflow,ESTAT:SDG_03_20(1.0),Share of people with good or very good perceived health by sex,A,Annual,PC,Percentage,TOTAL,Total,Y_GE16,16 years or over,T,Total,VG_G,Very good or good,DK,Denmark,2022,,63.0,,,,,
dataflow,ESTAT:SDG_03_20(1.0),Share of people with good or very good perceived health by sex,A,Annual,PC,Percentage,TOTAL,Total,Y_GE16,16 years or over,T,Total,VG_G,Very good or good,DK,Denmark,2023,,64.5,,,,,
dataflow,ESTAT:SDG_03_20(1.0),Share of people with good or very good perceived health by sex,A,Annual,PC,Percentage,TOTAL,Total,Y_GE16,16 years or over,T,Total,VG_G,Very good or good,DK,Denmark,2024,,68.2,,,,,
dataflow,ESTAT:SDG_03_20(1.0),Share of people with good or very good perceived health by sex,A,Annual,PC,Percentage,TOTAL,Total,Y_GE16,16 years or over,T,Total,VG_G,Very good or good,DK,Denmark,2025,,68.9,,,,,
dataflow,ESTAT:SDG_03_20(1.0),Share of people with good or very good perceived health by sex,A,Annual,PC,Percentage,TOTAL,Total,Y_GE16,16 years or over,T,Total,VG_G,Very good or good,EA19,Euro area - 19 countries  (2015-2022),2005,,63.6,,,,,
dataflow,ESTAT:SDG_03_20(1.0),Share of people with good or very good perceived health by sex,A,Annual,PC,Percentage,TOTAL,Total,Y_GE16,16 years or over,T,Total,VG_G,Very good or good,EA19,Euro area - 19 countries  (2015-2022),2006,,64.0,,,,,
dataflow,ESTAT:SDG_03_20(1.0),Share of people with good or very good perceived health by sex,A,Annual,PC,Percentage,TOTAL,Total,Y_GE16,16 years or over,T,Total,VG_G,Very good or good,EA19,Euro area - 19 countries  (2015-2022),2007,,65.4,,,,,
dataflow,ESTAT:SDG_03_20(1.0),Share of people with good or very good perceived health by sex,A,Annual,PC,Percentage,TOTAL,Total,Y_GE16,16 years or over,T,Total,VG_G,Very good or good,EA19,Euro area - 19 countries  (2015-2022),2008,,67.2,,,,,
dataflow,ESTAT:SDG_03_20(1.0),Share of people with good or very good perceived health by sex,A,Annual,PC,Percentage,TOTAL,Total,Y_GE16,16 years or over,T,Total,VG_G,Very good or good,EA19,Euro area - 19 countries  (2015-2022),2009,,67.0,,,,,
dataflow,ESTAT:SDG_03_20(1.0),Share of people with good or very good perceived health by sex,A,Annual,PC,Percentage,TOTAL,Total,Y_GE16,16 years or over,T,Total,VG_G,Very good or good,EA19,Euro area - 19 countries  (2015-2022),2010,,67.6,,,,,
dataflow,ESTAT:SDG_03_20(1.0),Share of people with good or very good perceived health by sex,A,Annual,PC,Percentage,TOTAL,Total,Y_GE16,16 years or over,T,Total,VG_G,Very good or good,EA19,Euro area - 19 countries  (2015-2022),2011,,67.6,,,,,
dataflow,ESTAT:SDG_03_20(1.0),Share of people with good or very good perceived health by sex,A,Annual,PC,Percentage,TOTAL,Total,Y_GE16,16 years or over,T,Total,VG_G,Very good or good,EA19,Euro area - 19 countries  (2015-2022),2012,,68.5,,,,,
dataflow,ESTAT:SDG_03_20(1.0),Share of people with good or very good perceived health by sex,A,Annual,PC,Percentage,TOTAL,Total,Y_GE16,16 years or over,T,Total,VG_G,Very good or good,EA19,Euro area - 19 countries  (2015-2022),2013,,67.3,,,,,
dataflow,ESTAT:SDG_03_20(1.0),Share of people with good or very good perceived health by sex,A,Annual,PC,Percentage,TOTAL,Total,Y_GE16,16 years or over,T,Total,VG_G,Very good or good,EA19,Euro area - 19 countries  (2015-2022),2014,,68.2,,,,,
dataflow,ESTAT:SDG_03_20(1.0),Share of people with good or very good perceived health by sex,A,Annual,PC,Percentage,TOTAL,Total,Y_GE16,16 years or over,T,Total,VG_G,Very good or good,EA19,Euro area - 19 countries  (2015-2022),2015,,67.6,,,,,
dataflow,ESTAT:SDG_03_20(1.0),Share of people with good or very good perceived health by sex,A,Annual,PC,Percentage,TOTAL,Total,Y_GE16,16 years or over,T,Total,VG_G,Very good or good,EA19,Euro area - 19 countries  (2015-2022),2016,,68.4,,,,,
dataflow,ESTAT:SDG_03_20(1.0),Share of people with good or very good perceived health by sex,A,Annual,PC,Percentage,TOTAL,Total,Y_GE16,16 years or over,T,Total,VG_G,Very good or good,EA19,Euro area - 19 countries  (2015-2022),2017,,70.1,,,,,
dataflow,ESTAT:SDG_03_20(1.0),Share of people with good or very good perceived health by sex,A,Annual,PC,Percentage,TOTAL,Total,Y_GE16,16 years or over,T,Total,VG_G,Very good or good,EA19,Euro area - 19 countries  (2015-2022),2018,,69.5,,,,,
dataflow,ESTAT:SDG_03_20(1.0),Share of people with good or very good perceived health by sex,A,Annual,PC,Percentage,TOTAL,Total,Y_GE16,16 years or over,T,Total,VG_G,Very good or good,EA19,Euro area - 19 countries  (2015-2022),2019,,69.6,,,,,
dataflow,ESTAT:SDG_03_20(1.0),Share of people with good or very good perceived health by sex,A,Annual,PC,Percentage,TOTAL,Total,Y_GE16,16 years or over,T,Total,VG_G,Very good or good,EA19,Euro area - 19 countries  (2015-2022),2020,,70.3,,e,estimated,,
dataflow,ESTAT:SDG_03_20(1.0),Share of people with good or very good perceived health by sex,A,Annual,PC,Percentage,TOTAL,Total,Y_GE16,16 years or over,T,Total,VG_G,Very good or good,EA19,Euro area - 19 countries  (2015-2022),2021,,69.5,,,,,
dataflow,ESTAT:SDG_03_20(1.0),Share of people with good or very good perceived health by sex,A,Annual,PC,Percentage,TOTAL,Total,Y_GE16,16 years or over,T,Total,VG_G,Very good or good,EA20,Euro area – 20 countries (2023-2025),2014,,68.3,,,,,
dataflow,ESTAT:SDG_03_20(1.0),Share of people with good or very good perceived health by sex,A,Annual,PC,Percentage,TOTAL,Total,Y_GE16,16 years or over,T,Total,VG_G,Very good or good,EA20,Euro area – 20 countries (2023-2025),2015,,67.4,,,,,
dataflow,ESTAT:SDG_03_20(1.0),Share of people with good or very good perceived health by sex,A,Annual,PC,Percentage,TOTAL,Total,Y_GE16,16 years or over,T,Total,VG_G,Very good or good,EA20,Euro area – 20 countries (2023-2025),2016,,68.3,,,,,
dataflow,ESTAT:SDG_03_20(1.0),Share of people with good or very good perceived health by sex,A,Annual,PC,Percentage,TOTAL,Total,Y_GE16,16 years or over,T,Total,VG_G,Very good or good,EA20,Euro area – 20 countries (2023-2025),2017,,70.0,,,,,
dataflow,ESTAT:SDG_03_20(1.0),Share of people with good or very good perceived health by sex,A,Annual,PC,Percentage,TOTAL,Total,Y_GE16,16 years or over,T,Total,VG_G,Very good or good,EA20,Euro area – 20 countries (2023-2025),2018,,69.4,,,,,
dataflow,ESTAT:SDG_03_20(1.0),Share of people with good or very good perceived health by sex,A,Annual,PC,Percentage,TOTAL,Total,Y_GE16,16 years or over,T,Total,VG_G,Very good or good,EA20,Euro area – 20 countries (2023-2025),2019,,69.5,,,,,
dataflow,ESTAT:SDG_03_20(1.0),Share of people with good or very good perceived health by sex,A,Annual,PC,Percentage,TOTAL,Total,Y_GE16,16 years or over,T,Total,VG_G,Very good or good,EA20,Euro area – 20 countries (2023-2025),2020,,69.5,,,,,
dataflow,ESTAT:SDG_03_20(1.0),Share of people with good or very good perceived health by sex,A,Annual,PC,Percentage,TOTAL,Total,Y_GE16,16 years or over,T,Total,VG_G,Very good or good,EA20,Euro area – 20 countries (2023-2025),2021,,69.4,,,,,
dataflow,ESTAT:SDG_03_20(1.0),Share of people with good or very good perceived health by sex,A,Annual,PC,Percentage,TOTAL,Total,Y_GE16,16 years or over,T,Total,VG_G,Very good or good,EA20,Euro area – 20 countries (2023-2025),2022,,68.2,,,,,
dataflow,ESTAT:SDG_03_20(1.0),Share of people with good or very good perceived health by sex,A,Annual,PC,Percentage,TOTAL,Total,Y_GE16,16 years or over,T,Total,VG_G,Very good or good,EA20,Euro area – 20 countries (2023-2025),2023,,68.3,,,,,
dataflow,ESTAT:SDG_03_20(1.0),Share of people with good or very good perceived health by sex,A,Annual,PC,Percentage,TOTAL,Total,Y_GE16,16 years or over,T,Total,VG_G,Very good or good,EA20,Euro area – 20 countries (2023-2025),2024,,68.7,,,,,
dataflow,ESTAT:SDG_03_20(1.0),Share of people with good or very good perceived health by sex,A,Annual,PC,Percentage,TOTAL,Total,Y_GE16,16 years or over,T,Total,VG_G,Very good or good,EA20,Euro area – 20 countries (2023-2025),2025,,68.2,,,,,
dataflow,ESTAT:SDG_03_20(1.0),Share of people with good or very good perceived health by sex,A,Annual,PC,Percentage,TOTAL,Total,Y_GE16,16 years or over,T,Total,VG_G,Very good or good,EA21,Euro area – 21 countries (from 2026),2025,,68.1,,,,,
dataflow,ESTAT:SDG_03_20(1.0),Share of people with good or very good perceived health by sex,A,Annual,PC,Percentage,TOTAL,Total,Y_GE16,16 years or over,T,Total,VG_G,Very good or good,EE,Estonia,2005,,53.9,,,,,
dataflow,ESTAT:SDG_03_20(1.0),Share of people with good or very good perceived health by sex,A,Annual,PC,Percentage,TOTAL,Total,Y_GE16,16 years or over,T,Total,VG_G,Very good or good,EE,Estonia,2006,,53.4,,,,,
dataflow,ESTAT:SDG_03_20(1.0),Share of people with good or very good perceived health by sex,A,Annual,PC,Percentage,TOTAL,Total,Y_GE16,16 years or over,T,Total,VG_G,Very good or good,EE,Estonia,2007,,53.3,,,,,
dataflow,ESTAT:SDG_03_20(1.0),Share of people with good or very good perceived health by sex,A,Annual,PC,Percentage,TOTAL,Total,Y_GE16,16 years or over,T,Total,VG_G,Very good or good,EE,Estonia,2008,,54.6,,,,,
dataflow,ESTAT:SDG_03_20(1.0),Share of people with good or very good perceived health by sex,A,Annual,PC,Percentage,TOTAL,Total,Y_GE16,16 years or over,T,Total,VG_G,Very good or good,EE,Estonia,2009,,51.7,,,,,
dataflow,ESTAT:SDG_03_20(1.0),Share of people with good or very good perceived health by sex,A,Annual,PC,Percentage,TOTAL,Total,Y_GE16,16 years or over,T,Total,VG_G,Very good or good,EE,Estonia,2010,,52.8,,,,,
dataflow,ESTAT:SDG_03_20(1.0),Share of people with good or very good perceived health by sex,A,Annual,PC,Percentage,TOTAL,Total,Y_GE16,16 years or over,T,Total,VG_G,Very good or good,EE,Estonia,2011,,51.9,,,,,
dataflow,ESTAT:SDG_03_20(1.0),Share of people with good or very good perceived health by sex,A,Annual,PC,Percentage,TOTAL,Total,Y_GE16,16 years or over,T,Total,VG_G,Very good or good,EE,Estonia,2012,,52.5,,,,,
dataflow,ESTAT:SDG_03_20(1.0),Share of people with good or very good perceived health by sex,A,Annual,PC,Percentage,TOTAL,Total,Y_GE16,16 years or over,T,Total,VG_G,Very good or good,EE,Estonia,2013,,53.5,,,,,
dataflow,ESTAT:SDG_03_20(1.0),Share of people with good or very good perceived health by sex,A,Annual,PC,Percentage,TOTAL,Total,Y_GE16,16 years or over,T,Total,VG_G,Very good or good,EE,Estonia,2014,,51.9,,,,,
dataflow,ESTAT:SDG_03_20(1.0),Share of people with good or very good perceived health by sex,A,Annual,PC,Percentage,TOTAL,Total,Y_GE16,16 years or over,T,Total,VG_G,Very good or good,EE,Estonia,2015,,51.5,,,,,
dataflow,ESTAT:SDG_03_20(1.0),Share of people with good or very good perceived health by sex,A,Annual,PC,Percentage,TOTAL,Total,Y_GE16,16 years or over,T,Total,VG_G,Very good or good,EE,Estonia,2016,,52.9,,,,,
dataflow,ESTAT:SDG_03_20(1.0),Share of people with good or very good perceived health by sex,A,Annual,PC,Percentage,TOTAL,Total,Y_GE16,16 years or over,T,Total,VG_G,Very good or good,EE,Estonia,2017,,52.5,,,,,
dataflow,ESTAT:SDG_03_20(1.0),Share of people with good or very good perceived health by sex,A,Annual,PC,Percentage,TOTAL,Total,Y_GE16,16 years or over,T,Total,VG_G,Very good or good,EE,Estonia,2018,,51.8,,,,,
dataflow,ESTAT:SDG_03_20(1.0),Share of people with good or very good perceived health by sex,A,Annual,PC,Percentage,TOTAL,Total,Y_GE16,16 years or over,T,Total,VG_G,Very good or good,EE,Estonia,2019,,56.6,,,,,
dataflow,ESTAT:SDG_03_20(1.0),Share of people with good or very good perceived health by sex,A,Annual,PC,Percentage,TOTAL,Total,Y_GE16,16 years or over,T,Total,VG_G,Very good or good,EE,Estonia,2020,,58.4,,,,,
dataflow,ESTAT:SDG_03_20(1.0),Share of people with good or very good perceived health by sex,A,Annual,PC,Percentage,TOTAL,Total,Y_GE16,16 years or over,T,Total,VG_G,Very good or good,EE,Estonia,2021,,58.3,,,,,
dataflow,ESTAT:SDG_03_20(1.0),Share of people with good or very good perceived health by sex,A,Annual,PC,Percentage,TOTAL,Total,Y_GE16,16 years or over,T,Total,VG_G,Very good or good,EE,Estonia,2022,,57.8,,,,,
dataflow,ESTAT:SDG_03_20(1.0),Share of people with good or very good perceived health by sex,A,Annual,PC,Percentage,TOTAL,Total,Y_GE16,16 years or over,T,Total,VG_G,Very good or good,EE,Estonia,2023,,56.3,,,,,
dataflow,ESTAT:SDG_03_20(1.0),Share of people with good or very good perceived health by sex,A,Annual,PC,Percentage,TOTAL,Total,Y_GE16,16 years or over,T,Total,VG_G,Very good or good,EE,Estonia,2024,,57.7,,,,,
dataflow,ESTAT:SDG_03_20(1.0),Share of people with good or very good perceived health by sex,A,Annual,PC,Percentage,TOTAL,Total,Y_GE16,16 years or over,T,Total,VG_G,Very good or good,EE,Estonia,2025,,57.8,,,,,
dataflow,ESTAT:SDG_03_20(1.0),Share of people with good or very good perceived health by sex,A,Annual,PC,Percentage,TOTAL,Total,Y_GE16,16 years or over,T,Total,VG_G,Very good or good,EL,Greece,2005,,77.5,,,,,
dataflow,ESTAT:SDG_03_20(1.0),Share of people with good or very good perceived health by sex,A,Annual,PC,Percentage,TOTAL,Total,Y_GE16,16 years or over,T,Total,VG_G,Very good or good,EL,Greece,2006,,76.8,,,,,
dataflow,ESTAT:SDG_03_20(1.0),Share of people with good or very good perceived health by sex,A,Annual,PC,Percentage,TOTAL,Total,Y_GE16,16 years or over,T,Total,VG_G,Very good or good,EL,Greece,2007,,76.7,,,,,
dataflow,ESTAT:SDG_03_20(1.0),Share of people with good or very good perceived health by sex,A,Annual,PC,Percentage,TOTAL,Total,Y_GE16,16 years or over,T,Total,VG_G,Very good or good,EL,Greece,2008,,76.1,,,,,
dataflow,ESTAT:SDG_03_20(1.0),Share of people with good or very good perceived health by sex,A,Annual,PC,Percentage,TOTAL,Total,Y_GE16,16 years or over,T,Total,VG_G,Very good or good,EL,Greece,2009,,75.5,,,,,
dataflow,ESTAT:SDG_03_20(1.0),Share of people with good or very good perceived health by sex,A,Annual,PC,Percentage,TOTAL,Total,Y_GE16,16 years or over,T,Total,VG_G,Very good or good,EL,Greece,2010,,75.7,,,,,
dataflow,ESTAT:SDG_03_20(1.0),Share of people with good or very good perceived health by sex,A,Annual,PC,Percentage,TOTAL,Total,Y_GE16,16 years or over,T,Total,VG_G,Very good or good,EL,Greece,2011,,76.5,,,,,
dataflow,ESTAT:SDG_03_20(1.0),Share of people with good or very good perceived health by sex,A,Annual,PC,Percentage,TOTAL,Total,Y_GE16,16 years or over,T,Total,VG_G,Very good or good,EL,Greece,2012,,75.1,,,,,
dataflow,ESTAT:SDG_03_20(1.0),Share of people with good or very good perceived health by sex,A,Annual,PC,Percentage,TOTAL,Total,Y_GE16,16 years or over,T,Total,VG_G,Very good or good,EL,Greece,2013,,74.1,,,,,
dataflow,ESTAT:SDG_03_20(1.0),Share of people with good or very good perceived health by sex,A,Annual,PC,Percentage,TOTAL,Total,Y_GE16,16 years or over,T,Total,VG_G,Very good or good,EL,Greece,2014,,73.6,,,,,
dataflow,ESTAT:SDG_03_20(1.0),Share of people with good or very good perceived health by sex,A,Annual,PC,Percentage,TOTAL,Total,Y_GE16,16 years or over,T,Total,VG_G,Very good or good,EL,Greece,2015,,74.1,,,,,
dataflow,ESTAT:SDG_03_20(1.0),Share of people with good or very good perceived health by sex,A,Annual,PC,Percentage,TOTAL,Total,Y_GE16,16 years or over,T,Total,VG_G,Very good or good,EL,Greece,2016,,74.0,,,,,
dataflow,ESTAT:SDG_03_20(1.0),Share of people with good or very good perceived health by sex,A,Annual,PC,Percentage,TOTAL,Total,Y_GE16,16 years or over,T,Total,VG_G,Very good or good,EL,Greece,2017,,74.1,,,,,
dataflow,ESTAT:SDG_03_20(1.0),Share of people with good or very good perceived health by sex,A,Annual,PC,Percentage,TOTAL,Total,Y_GE16,16 years or over,T,Total,VG_G,Very good or good,EL,Greece,2018,,76.4,,,,,
dataflow,ESTAT:SDG_03_20(1.0),Share of people with good or very good perceived health by sex,A,Annual,PC,Percentage,TOTAL,Total,Y_GE16,16 years or over,T,Total,VG_G,Very good or good,EL,Greece,2019,,79.3,,,,,
dataflow,ESTAT:SDG_03_20(1.0),Share of people with good or very good perceived health by sex,A,Annual,PC,Percentage,TOTAL,Total,Y_GE16,16 years or over,T,Total,VG_G,Very good or good,EL,Greece,2020,,78.6,,,,,
dataflow,ESTAT:SDG_03_20(1.0),Share of people with good or very good perceived health by sex,A,Annual,PC,Percentage,TOTAL,Total,Y_GE16,16 years or over,T,Total,VG_G,Very good or good,EL,Greece,2021,,78.3,,,,,
dataflow,ESTAT:SDG_03_20(1.0),Share of people with good or very good perceived health by sex,A,Annual,PC,Percentage,TOTAL,Total,Y_GE16,16 years or over,T,Total,VG_G,Very good or good,EL,Greece,2022,,77.2,,,,,
dataflow,ESTAT:SDG_03_20(1.0),Share of people with good or very good perceived health by sex,A,Annual,PC,Percentage,TOTAL,Total,Y_GE16,16 years or over,T,Total,VG_G,Very good or good,EL,Greece,2023,,78.3,,,,,
dataflow,ESTAT:SDG_03_20(1.0),Share of people with good or very good perceived health by sex,A,Annual,PC,Percentage,TOTAL,Total,Y_GE16,16 years or over,T,Total,VG_G,Very good or good,EL,Greece,2024,,78.3,,,,,
dataflow,ESTAT:SDG_03_20(1.0),Share of people with good or very good perceived health by sex,A,Annual,PC,Percentage,TOTAL,Total,Y_GE16,16 years or over,T,Total,VG_G,Very good or good,EL,Greece,2025,,78.5,,,,,
dataflow,ESTAT:SDG_03_20(1.0),Share of people with good or very good perceived health by sex,A,Annual,PC,Percentage,TOTAL,Total,Y_GE16,16 years or over,T,Total,VG_G,Very good or good,ES,Spain,2005,,67.0,,,,,
dataflow,ESTAT:SDG_03_20(1.0),Share of people with good or very good perceived health by sex,A,Annual,PC,Percentage,TOTAL,Total,Y_GE16,16 years or over,T,Total,VG_G,Very good or good,ES,Spain,2006,,67.8,,,,,
dataflow,ESTAT:SDG_03_20(1.0),Share of people with good or very good perceived health by sex,A,Annual,PC,Percentage,TOTAL,Total,Y_GE16,16 years or over,T,Total,VG_G,Very good or good,ES,Spain,2007,,67.6,,,,,
dataflow,ESTAT:SDG_03_20(1.0),Share of people with good or very good perceived health by sex,A,Annual,PC,Percentage,TOTAL,Total,Y_GE16,16 years or over,T,Total,VG_G,Very good or good,ES,Spain,2008,,72.5,,,,,
dataflow,ESTAT:SDG_03_20(1.0),Share of people with good or very good perceived health by sex,A,Annual,PC,Percentage,TOTAL,Total,Y_GE16,16 years or over,T,Total,VG_G,Very good or good,ES,Spain,2009,,70.8,,,,,
dataflow,ESTAT:SDG_03_20(1.0),Share of people with good or very good perceived health by sex,A,Annual,PC,Percentage,TOTAL,Total,Y_GE16,16 years or over,T,Total,VG_G,Very good or good,ES,Spain,2010,,72.0,,,,,
dataflow,ESTAT:SDG_03_20(1.0),Share of people with good or very good perceived health by sex,A,Annual,PC,Percentage,TOTAL,Total,Y_GE16,16 years or over,T,Total,VG_G,Very good or good,ES,Spain,2011,,75.5,,,,,
dataflow,ESTAT:SDG_03_20(1.0),Share of people with good or very good perceived health by sex,A,Annual,PC,Percentage,TOTAL,Total,Y_GE16,16 years or over,T,Total,VG_G,Very good or good,ES,Spain,2012,,74.4,,,,,
dataflow,ESTAT:SDG_03_20(1.0),Share of people with good or very good perceived health by sex,A,Annual,PC,Percentage,TOTAL,Total,Y_GE16,16 years or over,T,Total,VG_G,Very good or good,ES,Spain,2013,,71.7,,,,,
dataflow,ESTAT:SDG_03_20(1.0),Share of people with good or very good perceived health by sex,A,Annual,PC,Percentage,TOTAL,Total,Y_GE16,16 years or over,T,Total,VG_G,Very good or good,ES,Spain,2014,,72.9,,,,,
dataflow,ESTAT:SDG_03_20(1.0),Share of people with good or very good perceived health by sex,A,Annual,PC,Percentage,TOTAL,Total,Y_GE16,16 years or over,T,Total,VG_G,Very good or good,ES,Spain,2015,,72.6,,,,,
dataflow,ESTAT:SDG_03_20(1.0),Share of people with good or very good perceived health by sex,A,Annual,PC,Percentage,TOTAL,Total,Y_GE16,16 years or over,T,Total,VG_G,Very good or good,ES,Spain,2016,,72.5,,,,,
dataflow,ESTAT:SDG_03_20(1.0),Share of people with good or very good perceived health by sex,A,Annual,PC,Percentage,TOTAL,Total,Y_GE16,16 years or over,T,Total,VG_G,Very good or good,ES,Spain,2017,,74.2,,,,,
dataflow,ESTAT:SDG_03_20(1.0),Share of people with good or very good perceived health by sex,A,Annual,PC,Percentage,TOTAL,Total,Y_GE16,16 years or over,T,Total,VG_G,Very good or good,ES,Spain,2018,,73.7,,,,,
dataflow,ESTAT:SDG_03_20(1.0),Share of people with good or very good perceived health by sex,A,Annual,PC,Percentage,TOTAL,Total,Y_GE16,16 years or over,T,Total,VG_G,Very good or good,ES,Spain,2019,,75.3,,,,,
dataflow,ESTAT:SDG_03_20(1.0),Share of people with good or very good perceived health by sex,A,Annual,PC,Percentage,TOTAL,Total,Y_GE16,16 years or over,T,Total,VG_G,Very good or good,ES,Spain,2020,,73.0,,,,,
dataflow,ESTAT:SDG_03_20(1.0),Share of people with good or very good perceived health by sex,A,Annual,PC,Percentage,TOTAL,Total,Y_GE16,16 years or over,T,Total,VG_G,Very good or good,ES,Spain,2021,,71.2,,,,,
dataflow,ESTAT:SDG_03_20(1.0),Share of people with good or very good perceived health by sex,A,Annual,PC,Percentage,TOTAL,Total,Y_GE16,16 years or over,T,Total,VG_G,Very good or good,ES,Spain,2022,,70.1,,,,,
dataflow,ESTAT:SDG_03_20(1.0),Share of people with good or very good perceived health by sex,A,Annual,PC,Percentage,TOTAL,Total,Y_GE16,16 years or over,T,Total,VG_G,Very good or good,ES,Spain,2023,,70.2,,,,,
dataflow,ESTAT:SDG_03_20(1.0),Share of people with good or very good perceived health by sex,A,Annual,PC,Percentage,TOTAL,Total,Y_GE16,16 years or over,T,Total,VG_G,Very good or good,ES,Spain,2024,,70.2,,,,,
dataflow,ESTAT:SDG_03_20(1.0),Share of people with good or very good perceived health by sex,A,Annual,PC,Percentage,TOTAL,Total,Y_GE16,16 years or over,T,Total,VG_G,Very good or good,ES,Spain,2025,,70.1,,,,,
dataflow,ESTAT:SDG_03_20(1.0),Share of people with good or very good perceived health by sex,A,Annual,PC,Percentage,TOTAL,Total,Y_GE16,16 years or over,T,Total,VG_G,Very good or good,EU,"European Union (EU6-1958, EU9-1973, EU10-1981, EU12-1986, EU15-1995, EU25-2004, EU27-2007, EU28-2013, EU27-2020)",2005,,64.1,,,,,
dataflow,ESTAT:SDG_03_20(1.0),Share of people with good or very good perceived health by sex,A,Annual,PC,Percentage,TOTAL,Total,Y_GE16,16 years or over,T,Total,VG_G,Very good or good,EU,"European Union (EU6-1958, EU9-1973, EU10-1981, EU12-1986, EU15-1995, EU25-2004, EU27-2007, EU28-2013, EU27-2020)",2006,,64.6,,,,,
dataflow,ESTAT:SDG_03_20(1.0),Share of people with good or very good perceived health by sex,A,Annual,PC,Percentage,TOTAL,Total,Y_GE16,16 years or over,T,Total,VG_G,Very good or good,EU,"European Union (EU6-1958, EU9-1973, EU10-1981, EU12-1986, EU15-1995, EU25-2004, EU27-2007, EU28-2013, EU27-2020)",2007,,66.0,,,,,
dataflow,ESTAT:SDG_03_20(1.0),Share of people with good or very good perceived health by sex,A,Annual,PC,Percentage,TOTAL,Total,Y_GE16,16 years or over,T,Total,VG_G,Very good or good,EU,"European Union (EU6-1958, EU9-1973, EU10-1981, EU12-1986, EU15-1995, EU25-2004, EU27-2007, EU28-2013, EU27-2020)",2008,,67.9,,,,,
dataflow,ESTAT:SDG_03_20(1.0),Share of people with good or very good perceived health by sex,A,Annual,PC,Percentage,TOTAL,Total,Y_GE16,16 years or over,T,Total,VG_G,Very good or good,EU,"European Union (EU6-1958, EU9-1973, EU10-1981, EU12-1986, EU15-1995, EU25-2004, EU27-2007, EU28-2013, EU27-2020)",2009,,67.8,,,,,
dataflow,ESTAT:SDG_03_20(1.0),Share of people with good or very good perceived health by sex,A,Annual,PC,Percentage,TOTAL,Total,Y_GE16,16 years or over,T,Total,VG_G,Very good or good,EU,"European Union (EU6-1958, EU9-1973, EU10-1981, EU12-1986, EU15-1995, EU25-2004, EU27-2007, EU28-2013, EU27-2020)",2010,,68.2,,,,,
dataflow,ESTAT:SDG_03_20(1.0),Share of people with good or very good perceived health by sex,A,Annual,PC,Percentage,TOTAL,Total,Y_GE16,16 years or over,T,Total,VG_G,Very good or good,EU,"European Union (EU6-1958, EU9-1973, EU10-1981, EU12-1986, EU15-1995, EU25-2004, EU27-2007, EU28-2013, EU27-2020)",2011,,67.9,,,,,
dataflow,ESTAT:SDG_03_20(1.0),Share of people with good or very good perceived health by sex,A,Annual,PC,Percentage,TOTAL,Total,Y_GE16,16 years or over,T,Total,VG_G,Very good or good,EU,"European Union (EU6-1958, EU9-1973, EU10-1981, EU12-1986, EU15-1995, EU25-2004, EU27-2007, EU28-2013, EU27-2020)",2012,,68.3,,,,,
dataflow,ESTAT:SDG_03_20(1.0),Share of people with good or very good perceived health by sex,A,Annual,PC,Percentage,TOTAL,Total,Y_GE16,16 years or over,T,Total,VG_G,Very good or good,EU,"European Union (EU6-1958, EU9-1973, EU10-1981, EU12-1986, EU15-1995, EU25-2004, EU27-2007, EU28-2013, EU27-2020)",2013,,67.3,,,,,
dataflow,ESTAT:SDG_03_20(1.0),Share of people with good or very good perceived health by sex,A,Annual,PC,Percentage,TOTAL,Total,Y_GE16,16 years or over,T,Total,VG_G,Very good or good,EU,"European Union (EU6-1958, EU9-1973, EU10-1981, EU12-1986, EU15-1995, EU25-2004, EU27-2007, EU28-2013, EU27-2020)",2014,,67.5,,,,,
dataflow,ESTAT:SDG_03_20(1.0),Share of people with good or very good perceived health by sex,A,Annual,PC,Percentage,TOTAL,Total,Y_GE16,16 years or over,T,Total,VG_G,Very good or good,EU,"European Union (EU6-1958, EU9-1973, EU10-1981, EU12-1986, EU15-1995, EU25-2004, EU27-2007, EU28-2013, EU27-2020)",2015,,67.1,,,,,
dataflow,ESTAT:SDG_03_20(1.0),Share of people with good or very good perceived health by sex,A,Annual,PC,Percentage,TOTAL,Total,Y_GE16,16 years or over,T,Total,VG_G,Very good or good,EU,"European Union (EU6-1958, EU9-1973, EU10-1981, EU12-1986, EU15-1995, EU25-2004, EU27-2007, EU28-2013, EU27-2020)",2016,,67.6,,,,,
dataflow,ESTAT:SDG_03_20(1.0),Share of people with good or very good perceived health by sex,A,Annual,PC,Percentage,TOTAL,Total,Y_GE16,16 years or over,T,Total,VG_G,Very good or good,EU,"European Union (EU6-1958, EU9-1973, EU10-1981, EU12-1986, EU15-1995, EU25-2004, EU27-2007, EU28-2013, EU27-2020)",2017,,69.7,,,,,
dataflow,ESTAT:SDG_03_20(1.0),Share of people with good or very good perceived health by sex,A,Annual,PC,Percentage,TOTAL,Total,Y_GE16,16 years or over,T,Total,VG_G,Very good or good,EU,"European Union (EU6-1958, EU9-1973, EU10-1981, EU12-1986, EU15-1995, EU25-2004, EU27-2007, EU28-2013, EU27-2020)",2018,,69.2,,,,,
dataflow,ESTAT:SDG_03_20(1.0),Share of people with good or very good perceived health by sex,A,Annual,PC,Percentage,TOTAL,Total,Y_GE16,16 years or over,T,Total,VG_G,Very good or good,EU,"European Union (EU6-1958, EU9-1973, EU10-1981, EU12-1986, EU15-1995, EU25-2004, EU27-2007, EU28-2013, EU27-2020)",2019,,69.2,,e,estimated,,
dataflow,ESTAT:SDG_03_20(1.0),Share of people with good or very good perceived health by sex,A,Annual,PC,Percentage,TOTAL,Total,Y_GE16,16 years or over,T,Total,VG_G,Very good or good,EU27_2007,European Union - 27 countries (2007-2013),2007,,66.0,,,,,
dataflow,ESTAT:SDG_03_20(1.0),Share of people with good or very good perceived health by sex,A,Annual,PC,Percentage,TOTAL,Total,Y_GE16,16 years or over,T,Total,VG_G,Very good or good,EU27_2007,European Union - 27 countries (2007-2013),2008,,67.9,,,,,
dataflow,ESTAT:SDG_03_20(1.0),Share of people with good or very good perceived health by sex,A,Annual,PC,Percentage,TOTAL,Total,Y_GE16,16 years or over,T,Total,VG_G,Very good or good,EU27_2007,European Union - 27 countries (2007-2013),2009,,67.8,,,,,
dataflow,ESTAT:SDG_03_20(1.0),Share of people with good or very good perceived health by sex,A,Annual,PC,Percentage,TOTAL,Total,Y_GE16,16 years or over,T,Total,VG_G,Very good or good,EU27_2007,European Union - 27 countries (2007-2013),2010,,68.3,,,,,
dataflow,ESTAT:SDG_03_20(1.0),Share of people with good or very good perceived health by sex,A,Annual,PC,Percentage,TOTAL,Total,Y_GE16,16 years or over,T,Total,VG_G,Very good or good,EU27_2007,European Union - 27 countries (2007-2013),2011,,68.0,,,,,
dataflow,ESTAT:SDG_03_20(1.0),Share of people with good or very good perceived health by sex,A,Annual,PC,Percentage,TOTAL,Total,Y_GE16,16 years or over,T,Total,VG_G,Very good or good,EU27_2007,European Union - 27 countries (2007-2013),2012,,68.4,,,,,
dataflow,ESTAT:SDG_03_20(1.0),Share of people with good or very good perceived health by sex,A,Annual,PC,Percentage,TOTAL,Total,Y_GE16,16 years or over,T,Total,VG_G,Very good or good,EU27_2007,European Union - 27 countries (2007-2013),2013,,67.4,,,,,
dataflow,ESTAT:SDG_03_20(1.0),Share of people with good or very good perceived health by sex,A,Annual,PC,Percentage,TOTAL,Total,Y_GE16,16 years or over,T,Total,VG_G,Very good or good,EU27_2007,European Union - 27 countries (2007-2013),2014,,67.6,,,,,
dataflow,ESTAT:SDG_03_20(1.0),Share of people with good or very good perceived health by sex,A,Annual,PC,Percentage,TOTAL,Total,Y_GE16,16 years or over,T,Total,VG_G,Very good or good,EU27_2007,European Union - 27 countries (2007-2013),2015,,67.1,,,,,
dataflow,ESTAT:SDG_03_20(1.0),Share of people with good or very good perceived health by sex,A,Annual,PC,Percentage,TOTAL,Total,Y_GE16,16 years or over,T,Total,VG_G,Very good or good,EU27_2007,European Union - 27 countries (2007-2013),2016,,67.7,,,,,
dataflow,ESTAT:SDG_03_20(1.0),Share of people with good or very good perceived health by sex,A,Annual,PC,Percentage,TOTAL,Total,Y_GE16,16 years or over,T,Total,VG_G,Very good or good,EU27_2007,European Union - 27 countries (2007-2013),2017,,69.8,,,,,
dataflow,ESTAT:SDG_03_20(1.0),Share of people with good or very good perceived health by sex,A,Annual,PC,Percentage,TOTAL,Total,Y_GE16,16 years or over,T,Total,VG_G,Very good or good,EU27_2007,European Union - 27 countries (2007-2013),2018,,69.3,,,,,
dataflow,ESTAT:SDG_03_20(1.0),Share of people with good or very good perceived health by sex,A,Annual,PC,Percentage,TOTAL,Total,Y_GE16,16 years or over,T,Total,VG_G,Very good or good,EU27_2007,European Union - 27 countries (2007-2013),2019,,69.3,,e,estimated,,
dataflow,ESTAT:SDG_03_20(1.0),Share of people with good or very good perceived health by sex,A,Annual,PC,Percentage,TOTAL,Total,Y_GE16,16 years or over,T,Total,VG_G,Very good or good,EU27_2020,European Union - 27 countries (from 2020),2010,,66.8,,e,estimated,,
dataflow,ESTAT:SDG_03_20(1.0),Share of people with good or very good perceived health by sex,A,Annual,PC,Percentage,TOTAL,Total,Y_GE16,16 years or over,T,Total,VG_G,Very good or good,EU27_2020,European Union - 27 countries (from 2020),2011,,66.7,,e,estimated,,
dataflow,ESTAT:SDG_03_20(1.0),Share of people with good or very good perceived health by sex,A,Annual,PC,Percentage,TOTAL,Total,Y_GE16,16 years or over,T,Total,VG_G,Very good or good,EU27_2020,European Union - 27 countries (from 2020),2012,,67.3,,e,estimated,,
dataflow,ESTAT:SDG_03_20(1.0),Share of people with good or very good perceived health by sex,A,Annual,PC,Percentage,TOTAL,Total,Y_GE16,16 years or over,T,Total,VG_G,Very good or good,EU27_2020,European Union - 27 countries (from 2020),2013,,66.5,,e,estimated,,
dataflow,ESTAT:SDG_03_20(1.0),Share of people with good or very good perceived health by sex,A,Annual,PC,Percentage,TOTAL,Total,Y_GE16,16 years or over,T,Total,VG_G,Very good or good,EU27_2020,European Union - 27 countries (from 2020),2014,,67.3,,e,estimated,,
dataflow,ESTAT:SDG_03_20(1.0),Share of people with good or very good perceived health by sex,A,Annual,PC,Percentage,TOTAL,Total,Y_GE16,16 years or over,T,Total,VG_G,Very good or good,EU27_2020,European Union - 27 countries (from 2020),2015,,66.7,,e,estimated,,
dataflow,ESTAT:SDG_03_20(1.0),Share of people with good or very good perceived health by sex,A,Annual,PC,Percentage,TOTAL,Total,Y_GE16,16 years or over,T,Total,VG_G,Very good or good,EU27_2020,European Union - 27 countries (from 2020),2016,,67.5,,e,estimated,,
dataflow,ESTAT:SDG_03_20(1.0),Share of people with good or very good perceived health by sex,A,Annual,PC,Percentage,TOTAL,Total,Y_GE16,16 years or over,T,Total,VG_G,Very good or good,EU27_2020,European Union - 27 countries (from 2020),2017,,69.0,,,,,
dataflow,ESTAT:SDG_03_20(1.0),Share of people with good or very good perceived health by sex,A,Annual,PC,Percentage,TOTAL,Total,Y_GE16,16 years or over,T,Total,VG_G,Very good or good,EU27_2020,European Union - 27 countries (from 2020),2018,,68.6,,,,,
dataflow,ESTAT:SDG_03_20(1.0),Share of people with good or very good perceived health by sex,A,Annual,PC,Percentage,TOTAL,Total,Y_GE16,16 years or over,T,Total,VG_G,Very good or good,EU27_2020,European Union - 27 countries (from 2020),2019,,68.6,,,,,
dataflow,ESTAT:SDG_03_20(1.0),Share of people with good or very good perceived health by sex,A,Annual,PC,Percentage,TOTAL,Total,Y_GE16,16 years or over,T,Total,VG_G,Very good or good,EU27_2020,European Union - 27 countries (from 2020),2020,,68.9,,,,,
dataflow,ESTAT:SDG_03_20(1.0),Share of people with good or very good perceived health by sex,A,Annual,PC,Percentage,TOTAL,Total,Y_GE16,16 years or over,T,Total,VG_G,Very good or good,EU27_2020,European Union - 27 countries (from 2020),2021,,69.0,,,,,
dataflow,ESTAT:SDG_03_20(1.0),Share of people with good or very good perceived health by sex,A,Annual,PC,Percentage,TOTAL,Total,Y_GE16,16 years or over,T,Total,VG_G,Very good or good,EU27_2020,European Union - 27 countries (from 2020),2022,,67.8,,,,,
dataflow,ESTAT:SDG_03_20(1.0),Share of people with good or very good perceived health by sex,A,Annual,PC,Percentage,TOTAL,Total,Y_GE16,16 years or over,T,Total,VG_G,Very good or good,EU27_2020,European Union - 27 countries (from 2020),2023,,67.9,,,,,
dataflow,ESTAT:SDG_03_20(1.0),Share of people with good or very good perceived health by sex,A,Annual,PC,Percentage,TOTAL,Total,Y_GE16,16 years or over,T,Total,VG_G,Very good or good,EU27_2020,European Union - 27 countries (from 2020),2024,,68.5,,,,,
dataflow,ESTAT:SDG_03_20(1.0),Share of people with good or very good perceived health by sex,A,Annual,PC,Percentage,TOTAL,Total,Y_GE16,16 years or over,T,Total,VG_G,Very good or good,EU27_2020,European Union - 27 countries (from 2020),2025,,67.9,,,,,
dataflow,ESTAT:SDG_03_20(1.0),Share of people with good or very good perceived health by sex,A,Annual,PC,Percentage,TOTAL,Total,Y_GE16,16 years or over,T,Total,VG_G,Very good or good,FI,Finland,2005,,68.6,,,,,
dataflow,ESTAT:SDG_03_20(1.0),Share of people with good or very good perceived health by sex,A,Annual,PC,Percentage,TOTAL,Total,Y_GE16,16 years or over,T,Total,VG_G,Very good or good,FI,Finland,2006,,68.7,,,,,
dataflow,ESTAT:SDG_03_20(1.0),Share of people with good or very good perceived health by sex,A,Annual,PC,Percentage,TOTAL,Total,Y_GE16,16 years or over,T,Total,VG_G,Very good or good,FI,Finland,2007,,68.4,,,,,
dataflow,ESTAT:SDG_03_20(1.0),Share of people with good or very good perceived health by sex,A,Annual,PC,Percentage,TOTAL,Total,Y_GE16,16 years or over,T,Total,VG_G,Very good or good,FI,Finland,2008,,68.6,,,,,
dataflow,ESTAT:SDG_03_20(1.0),Share of people with good or very good perceived health by sex,A,Annual,PC,Percentage,TOTAL,Total,Y_GE16,16 years or over,T,Total,VG_G,Very good or good,FI,Finland,2009,,69.0,,,,,
dataflow,ESTAT:SDG_03_20(1.0),Share of people with good or very good perceived health by sex,A,Annual,PC,Percentage,TOTAL,Total,Y_GE16,16 years or over,T,Total,VG_G,Very good or good,FI,Finland,2010,,68.5,,,,,
dataflow,ESTAT:SDG_03_20(1.0),Share of people with good or very good perceived health by sex,A,Annual,PC,Percentage,TOTAL,Total,Y_GE16,16 years or over,T,Total,VG_G,Very good or good,FI,Finland,2011,,69.1,,,,,
dataflow,ESTAT:SDG_03_20(1.0),Share of people with good or very good perceived health by sex,A,Annual,PC,Percentage,TOTAL,Total,Y_GE16,16 years or over,T,Total,VG_G,Very good or good,FI,Finland,2012,,67.2,,,,,
dataflow,ESTAT:SDG_03_20(1.0),Share of people with good or very good perceived health by sex,A,Annual,PC,Percentage,TOTAL,Total,Y_GE16,16 years or over,T,Total,VG_G,Very good or good,FI,Finland,2013,,64.7,,,,,
dataflow,ESTAT:SDG_03_20(1.0),Share of people with good or very good perceived health by sex,A,Annual,PC,Percentage,TOTAL,Total,Y_GE16,16 years or over,T,Total,VG_G,Very good or good,FI,Finland,2014,,69.4,,,,,
dataflow,ESTAT:SDG_03_20(1.0),Share of people with good or very good perceived health by sex,A,Annual,PC,Percentage,TOTAL,Total,Y_GE16,16 years or over,T,Total,VG_G,Very good or good,FI,Finland,2015,,69.9,,,,,
dataflow,ESTAT:SDG_03_20(1.0),Share of people with good or very good perceived health by sex,A,Annual,PC,Percentage,TOTAL,Total,Y_GE16,16 years or over,T,Total,VG_G,Very good or good,FI,Finland,2016,,70.3,,,,,
dataflow,ESTAT:SDG_03_20(1.0),Share of people with good or very good perceived health by sex,A,Annual,PC,Percentage,TOTAL,Total,Y_GE16,16 years or over,T,Total,VG_G,Very good or good,FI,Finland,2017,,70.2,,,,,
dataflow,ESTAT:SDG_03_20(1.0),Share of people with good or very good perceived health by sex,A,Annual,PC,Percentage,TOTAL,Total,Y_GE16,16 years or over,T,Total,VG_G,Very good or good,FI,Finland,2018,,69.0,,,,,
dataflow,ESTAT:SDG_03_20(1.0),Share of people with good or very good perceived health by sex,A,Annual,PC,Percentage,TOTAL,Total,Y_GE16,16 years or over,T,Total,VG_G,Very good or good,FI,Finland,2019,,68.6,,,,,
dataflow,ESTAT:SDG_03_20(1.0),Share of people with good or very good perceived health by sex,A,Annual,PC,Percentage,TOTAL,Total,Y_GE16,16 years or over,T,Total,VG_G,Very good or good,FI,Finland,2020,,70.0,,,,,
dataflow,ESTAT:SDG_03_20(1.0),Share of people with good or very good perceived health by sex,A,Annual,PC,Percentage,TOTAL,Total,Y_GE16,16 years or over,T,Total,VG_G,Very good or good,FI,Finland,2021,,70.2,,,,,
dataflow,ESTAT:SDG_03_20(1.0),Share of people with good or very good perceived health by sex,A,Annual,PC,Percentage,TOTAL,Total,Y_GE16,16 years or over,T,Total,VG_G,Very good or good,FI,Finland,2022,,64.5,,,,,
dataflow,ESTAT:SDG_03_20(1.0),Share of people with good or very good perceived health by sex,A,Annual,PC,Percentage,TOTAL,Total,Y_GE16,16 years or over,T,Total,VG_G,Very good or good,FI,Finland,2023,,66.3,,,,,
dataflow,ESTAT:SDG_03_20(1.0),Share of people with good or very good perceived health by sex,A,Annual,PC,Percentage,TOTAL,Total,Y_GE16,16 years or over,T,Total,VG_G,Very good or good,FI,Finland,2024,,66.5,,,,,
dataflow,ESTAT:SDG_03_20(1.0),Share of people with good or very good perceived health by sex,A,Annual,PC,Percentage,TOTAL,Total,Y_GE16,16 years or over,T,Total,VG_G,Very good or good,FI,Finland,2025,,67.3,,,,,
dataflow,ESTAT:SDG_03_20(1.0),Share of people with good or very good perceived health by sex,A,Annual,PC,Percentage,TOTAL,Total,Y_GE16,16 years or over,T,Total,VG_G,Very good or good,FR,France,2005,,68.8,,,,,
dataflow,ESTAT:SDG_03_20(1.0),Share of people with good or very good perceived health by sex,A,Annual,PC,Percentage,TOTAL,Total,Y_GE16,16 years or over,T,Total,VG_G,Very good or good,FR,France,2006,,69.4,,,,,
dataflow,ESTAT:SDG_03_20(1.0),Share of people with good or very good perceived health by sex,A,Annual,PC,Percentage,TOTAL,Total,Y_GE16,16 years or over,T,Total,VG_G,Very good or good,FR,France,2007,,71.3,,,,,
dataflow,ESTAT:SDG_03_20(1.0),Share of people with good or very good perceived health by sex,A,Annual,PC,Percentage,TOTAL,Total,Y_GE16,16 years or over,T,Total,VG_G,Very good or good,FR,France,2008,,69.3,,,,,
dataflow,ESTAT:SDG_03_20(1.0),Share of people with good or very good perceived health by sex,A,Annual,PC,Percentage,TOTAL,Total,Y_GE16,16 years or over,T,Total,VG_G,Very good or good,FR,France,2009,,68.7,,,,,
dataflow,ESTAT:SDG_03_20(1.0),Share of people with good or very good perceived health by sex,A,Annual,PC,Percentage,TOTAL,Total,Y_GE16,16 years or over,T,Total,VG_G,Very good or good,FR,France,2010,,67.4,,,,,
dataflow,ESTAT:SDG_03_20(1.0),Share of people with good or very good perceived health by sex,A,Annual,PC,Percentage,TOTAL,Total,Y_GE16,16 years or over,T,Total,VG_G,Very good or good,FR,France,2011,,67.6,,,,,
dataflow,ESTAT:SDG_03_20(1.0),Share of people with good or very good perceived health by sex,A,Annual,PC,Percentage,TOTAL,Total,Y_GE16,16 years or over,T,Total,VG_G,Very good or good,FR,France,2012,,68.2,,,,,
dataflow,ESTAT:SDG_03_20(1.0),Share of people with good or very good perceived health by sex,A,Annual,PC,Percentage,TOTAL,Total,Y_GE16,16 years or over,T,Total,VG_G,Very good or good,FR,France,2013,,67.2,,,,,
dataflow,ESTAT:SDG_03_20(1.0),Share of people with good or very good perceived health by sex,A,Annual,PC,Percentage,TOTAL,Total,Y_GE16,16 years or over,T,Total,VG_G,Very good or good,FR,France,2014,,68.3,,,,,
dataflow,ESTAT:SDG_03_20(1.0),Share of people with good or very good perceived health by sex,A,Annual,PC,Percentage,TOTAL,Total,Y_GE16,16 years or over,T,Total,VG_G,Very good or good,FR,France,2015,,67.9,,,,,
dataflow,ESTAT:SDG_03_20(1.0),Share of people with good or very good perceived health by sex,A,Annual,PC,Percentage,TOTAL,Total,Y_GE16,16 years or over,T,Total,VG_G,Very good or good,FR,France,2016,,66.4,,,,,
dataflow,ESTAT:SDG_03_20(1.0),Share of people with good or very good perceived health by sex,A,Annual,PC,Percentage,TOTAL,Total,Y_GE16,16 years or over,T,Total,VG_G,Very good or good,FR,France,2017,,67.4,,,,,
dataflow,ESTAT:SDG_03_20(1.0),Share of people with good or very good perceived health by sex,A,Annual,PC,Percentage,TOTAL,Total,Y_GE16,16 years or over,T,Total,VG_G,Very good or good,FR,France,2018,,67.7,,,,,
dataflow,ESTAT:SDG_03_20(1.0),Share of people with good or very good perceived health by sex,A,Annual,PC,Percentage,TOTAL,Total,Y_GE16,16 years or over,T,Total,VG_G,Very good or good,FR,France,2019,,66.7,,,,,
dataflow,ESTAT:SDG_03_20(1.0),Share of people with good or very good perceived health by sex,A,Annual,PC,Percentage,TOTAL,Total,Y_GE16,16 years or over,T,Total,VG_G,Very good or good,FR,France,2020,,68.4,,b,break in time series,,
dataflow,ESTAT:SDG_03_20(1.0),Share of people with good or very good perceived health by sex,A,Annual,PC,Percentage,TOTAL,Total,Y_GE16,16 years or over,T,Total,VG_G,Very good or good,FR,France,2021,,67.9,,,,,
dataflow,ESTAT:SDG_03_20(1.0),Share of people with good or very good perceived health by sex,A,Annual,PC,Percentage,TOTAL,Total,Y_GE16,16 years or over,T,Total,VG_G,Very good or good,FR,France,2022,,65.2,,b,break in time series,,
dataflow,ESTAT:SDG_03_20(1.0),Share of people with good or very good perceived health by sex,A,Annual,PC,Percentage,TOTAL,Total,Y_GE16,16 years or over,T,Total,VG_G,Very good or good,FR,France,2023,,64.9,,,,,
dataflow,ESTAT:SDG_03_20(1.0),Share of people with good or very good perceived health by sex,A,Annual,PC,Percentage,TOTAL,Total,Y_GE16,16 years or over,T,Total,VG_G,Very good or good,FR,France,2024,,66.3,,,,,
dataflow,ESTAT:SDG_03_20(1.0),Share of people with good or very good perceived health by sex,A,Annual,PC,Percentage,TOTAL,Total,Y_GE16,16 years or over,T,Total,VG_G,Very good or good,FR,France,2025,,64.7,,,,,
dataflow,ESTAT:SDG_03_20(1.0),Share of people with good or very good perceived health by sex,A,Annual,PC,Percentage,TOTAL,Total,Y_GE16,16 years or over,T,Total,VG_G,Very good or good,HR,Croatia,2010,,48.2,,,,,
dataflow,ESTAT:SDG_03_20(1.0),Share of people with good or very good perceived health by sex,A,Annual,PC,Percentage,TOTAL,Total,Y_GE16,16 years or over,T,Total,VG_G,Very good or good,HR,Croatia,2011,,46.6,,,,,
dataflow,ESTAT:SDG_03_20(1.0),Share of people with good or very good perceived health by sex,A,Annual,PC,Percentage,TOTAL,Total,Y_GE16,16 years or over,T,Total,VG_G,Very good or good,HR,Croatia,2012,,46.9,,,,,
dataflow,ESTAT:SDG_03_20(1.0),Share of people with good or very good perceived health by sex,A,Annual,PC,Percentage,TOTAL,Total,Y_GE16,16 years or over,T,Total,VG_G,Very good or good,HR,Croatia,2013,,46.6,,,,,
dataflow,ESTAT:SDG_03_20(1.0),Share of people with good or very good perceived health by sex,A,Annual,PC,Percentage,TOTAL,Total,Y_GE16,16 years or over,T,Total,VG_G,Very good or good,HR,Croatia,2014,,58.1,,,,,
dataflow,ESTAT:SDG_03_20(1.0),Share of people with good or very good perceived health by sex,A,Annual,PC,Percentage,TOTAL,Total,Y_GE16,16 years or over,T,Total,VG_G,Very good or good,HR,Croatia,2015,,58.2,,,,,
dataflow,ESTAT:SDG_03_20(1.0),Share of people with good or very good perceived health by sex,A,Annual,PC,Percentage,TOTAL,Total,Y_GE16,16 years or over,T,Total,VG_G,Very good or good,HR,Croatia,2016,,59.2,,,,,
dataflow,ESTAT:SDG_03_20(1.0),Share of people with good or very good perceived health by sex,A,Annual,PC,Percentage,TOTAL,Total,Y_GE16,16 years or over,T,Total,VG_G,Very good or good,HR,Croatia,2017,,60.9,,,,,
dataflow,ESTAT:SDG_03_20(1.0),Share of people with good or very good perceived health by sex,A,Annual,PC,Percentage,TOTAL,Total,Y_GE16,16 years or over,T,Total,VG_G,Very good or good,HR,Croatia,2018,,60.7,,,,,
dataflow,ESTAT:SDG_03_20(1.0),Share of people with good or very good perceived health by sex,A,Annual,PC,Percentage,TOTAL,Total,Y_GE16,16 years or over,T,Total,VG_G,Very good or good,HR,Croatia,2019,,60.5,,,,,
dataflow,ESTAT:SDG_03_20(1.0),Share of people with good or very good perceived health by sex,A,Annual,PC,Percentage,TOTAL,Total,Y_GE16,16 years or over,T,Total,VG_G,Very good or good,HR,Croatia,2020,,63.7,,,,,
dataflow,ESTAT:SDG_03_20(1.0),Share of people with good or very good perceived health by sex,A,Annual,PC,Percentage,TOTAL,Total,Y_GE16,16 years or over,T,Total,VG_G,Very good or good,HR,Croatia,2021,,62.8,,,,,
dataflow,ESTAT:SDG_03_20(1.0),Share of people with good or very good perceived health by sex,A,Annual,PC,Percentage,TOTAL,Total,Y_GE16,16 years or over,T,Total,VG_G,Very good or good,HR,Croatia,2022,,63.2,,,,,
dataflow,ESTAT:SDG_03_20(1.0),Share of people with good or very good perceived health by sex,A,Annual,PC,Percentage,TOTAL,Total,Y_GE16,16 years or over,T,Total,VG_G,Very good or good,HR,Croatia,2023,,65.0,,b,break in time series,,
dataflow,ESTAT:SDG_03_20(1.0),Share of people with good or very good perceived health by sex,A,Annual,PC,Percentage,TOTAL,Total,Y_GE16,16 years or over,T,Total,VG_G,Very good or good,HR,Croatia,2024,,67.2,,,,,
dataflow,ESTAT:SDG_03_20(1.0),Share of people with good or very good perceived health by sex,A,Annual,PC,Percentage,TOTAL,Total,Y_GE16,16 years or over,T,Total,VG_G,Very good or good,HR,Croatia,2025,,68.5,,,,,
dataflow,ESTAT:SDG_03_20(1.0),Share of people with good or very good perceived health by sex,A,Annual,PC,Percentage,TOTAL,Total,Y_GE16,16 years or over,T,Total,VG_G,Very good or good,HU,Hungary,2005,,45.4,,,,,
dataflow,ESTAT:SDG_03_20(1.0),Share of people with good or very good perceived health by sex,A,Annual,PC,Percentage,TOTAL,Total,Y_GE16,16 years or over,T,Total,VG_G,Very good or good,HU,Hungary,2006,,48.3,,,,,
dataflow,ESTAT:SDG_03_20(1.0),Share of people with good or very good perceived health by sex,A,Annual,PC,Percentage,TOTAL,Total,Y_GE16,16 years or over,T,Total,VG_G,Very good or good,HU,Hungary,2007,,46.8,,,,,
dataflow,ESTAT:SDG_03_20(1.0),Share of people with good or very good perceived health by sex,A,Annual,PC,Percentage,TOTAL,Total,Y_GE16,16 years or over,T,Total,VG_G,Very good or good,HU,Hungary,2008,,55.2,,,,,
dataflow,ESTAT:SDG_03_20(1.0),Share of people with good or very good perceived health by sex,A,Annual,PC,Percentage,TOTAL,Total,Y_GE16,16 years or over,T,Total,VG_G,Very good or good,HU,Hungary,2009,,56.0,,,,,
dataflow,ESTAT:SDG_03_20(1.0),Share of people with good or very good perceived health by sex,A,Annual,PC,Percentage,TOTAL,Total,Y_GE16,16 years or over,T,Total,VG_G,Very good or good,HU,Hungary,2010,,55.1,,,,,
dataflow,ESTAT:SDG_03_20(1.0),Share of people with good or very good perceived health by sex,A,Annual,PC,Percentage,TOTAL,Total,Y_GE16,16 years or over,T,Total,VG_G,Very good or good,HU,Hungary,2011,,55.7,,,,,
dataflow,ESTAT:SDG_03_20(1.0),Share of people with good or very good perceived health by sex,A,Annual,PC,Percentage,TOTAL,Total,Y_GE16,16 years or over,T,Total,VG_G,Very good or good,HU,Hungary,2012,,57.2,,,,,
dataflow,ESTAT:SDG_03_20(1.0),Share of people with good or very good perceived health by sex,A,Annual,PC,Percentage,TOTAL,Total,Y_GE16,16 years or over,T,Total,VG_G,Very good or good,HU,Hungary,2013,,56.2,,,,,
dataflow,ESTAT:SDG_03_20(1.0),Share of people with good or very good perceived health by sex,A,Annual,PC,Percentage,TOTAL,Total,Y_GE16,16 years or over,T,Total,VG_G,Very good or good,HU,Hungary,2014,,57.0,,,,,
dataflow,ESTAT:SDG_03_20(1.0),Share of people with good or very good perceived health by sex,A,Annual,PC,Percentage,TOTAL,Total,Y_GE16,16 years or over,T,Total,VG_G,Very good or good,HU,Hungary,2015,,56.4,,,,,
dataflow,ESTAT:SDG_03_20(1.0),Share of people with good or very good perceived health by sex,A,Annual,PC,Percentage,TOTAL,Total,Y_GE16,16 years or over,T,Total,VG_G,Very good or good,HU,Hungary,2016,,59.6,,,,,
dataflow,ESTAT:SDG_03_20(1.0),Share of people with good or very good perceived health by sex,A,Annual,PC,Percentage,TOTAL,Total,Y_GE16,16 years or over,T,Total,VG_G,Very good or good,HU,Hungary,2017,,59.3,,,,,
dataflow,ESTAT:SDG_03_20(1.0),Share of people with good or very good perceived health by sex,A,Annual,PC,Percentage,TOTAL,Total,Y_GE16,16 years or over,T,Total,VG_G,Very good or good,HU,Hungary,2018,,60.7,,,,,
dataflow,ESTAT:SDG_03_20(1.0),Share of people with good or very good perceived health by sex,A,Annual,PC,Percentage,TOTAL,Total,Y_GE16,16 years or over,T,Total,VG_G,Very good or good,HU,Hungary,2019,,58.5,,b,break in time series,,
dataflow,ESTAT:SDG_03_20(1.0),Share of people with good or very good perceived health by sex,A,Annual,PC,Percentage,TOTAL,Total,Y_GE16,16 years or over,T,Total,VG_G,Very good or good,HU,Hungary,2020,,62.3,,,,,
dataflow,ESTAT:SDG_03_20(1.0),Share of people with good or very good perceived health by sex,A,Annual,PC,Percentage,TOTAL,Total,Y_GE16,16 years or over,T,Total,VG_G,Very good or good,HU,Hungary,2021,,64.6,,,,,
dataflow,ESTAT:SDG_03_20(1.0),Share of people with good or very good perceived health by sex,A,Annual,PC,Percentage,TOTAL,Total,Y_GE16,16 years or over,T,Total,VG_G,Very good or good,HU,Hungary,2022,,63.1,,,,,
dataflow,ESTAT:SDG_03_20(1.0),Share of people with good or very good perceived health by sex,A,Annual,PC,Percentage,TOTAL,Total,Y_GE16,16 years or over,T,Total,VG_G,Very good or good,HU,Hungary,2023,,65.2,,,,,
dataflow,ESTAT:SDG_03_20(1.0),Share of people with good or very good perceived health by sex,A,Annual,PC,Percentage,TOTAL,Total,Y_GE16,16 years or over,T,Total,VG_G,Very good or good,HU,Hungary,2024,,64.6,,,,,
dataflow,ESTAT:SDG_03_20(1.0),Share of people with good or very good perceived health by sex,A,Annual,PC,Percentage,TOTAL,Total,Y_GE16,16 years or over,T,Total,VG_G,Very good or good,HU,Hungary,2025,,64.4,,,,,
dataflow,ESTAT:SDG_03_20(1.0),Share of people with good or very good perceived health by sex,A,Annual,PC,Percentage,TOTAL,Total,Y_GE16,16 years or over,T,Total,VG_G,Very good or good,IE,Ireland,2005,,82.9,,,,,
dataflow,ESTAT:SDG_03_20(1.0),Share of people with good or very good perceived health by sex,A,Annual,PC,Percentage,TOTAL,Total,Y_GE16,16 years or over,T,Total,VG_G,Very good or good,IE,Ireland,2006,,83.1,,,,,
dataflow,ESTAT:SDG_03_20(1.0),Share of people with good or very good perceived health by sex,A,Annual,PC,Percentage,TOTAL,Total,Y_GE16,16 years or over,T,Total,VG_G,Very good or good,IE,Ireland,2007,,84.1,,,,,
dataflow,ESTAT:SDG_03_20(1.0),Share of people with good or very good perceived health by sex,A,Annual,PC,Percentage,TOTAL,Total,Y_GE16,16 years or over,T,Total,VG_G,Very good or good,IE,Ireland,2008,,84.5,,,,,
dataflow,ESTAT:SDG_03_20(1.0),Share of people with good or very good perceived health by sex,A,Annual,PC,Percentage,TOTAL,Total,Y_GE16,16 years or over,T,Total,VG_G,Very good or good,IE,Ireland,2009,,83.4,,,,,
dataflow,ESTAT:SDG_03_20(1.0),Share of people with good or very good perceived health by sex,A,Annual,PC,Percentage,TOTAL,Total,Y_GE16,16 years or over,T,Total,VG_G,Very good or good,IE,Ireland,2010,,83.3,,,,,
dataflow,ESTAT:SDG_03_20(1.0),Share of people with good or very good perceived health by sex,A,Annual,PC,Percentage,TOTAL,Total,Y_GE16,16 years or over,T,Total,VG_G,Very good or good,IE,Ireland,2011,,83.3,,,,,
dataflow,ESTAT:SDG_03_20(1.0),Share of people with good or very good perceived health by sex,A,Annual,PC,Percentage,TOTAL,Total,Y_GE16,16 years or over,T,Total,VG_G,Very good or good,IE,Ireland,2012,,82.8,,,,,
dataflow,ESTAT:SDG_03_20(1.0),Share of people with good or very good perceived health by sex,A,Annual,PC,Percentage,TOTAL,Total,Y_GE16,16 years or over,T,Total,VG_G,Very good or good,IE,Ireland,2013,,82.0,,,,,
dataflow,ESTAT:SDG_03_20(1.0),Share of people with good or very good perceived health by sex,A,Annual,PC,Percentage,TOTAL,Total,Y_GE16,16 years or over,T,Total,VG_G,Very good or good,IE,Ireland,2014,,82.7,,,,,
dataflow,ESTAT:SDG_03_20(1.0),Share of people with good or very good perceived health by sex,A,Annual,PC,Percentage,TOTAL,Total,Y_GE16,16 years or over,T,Total,VG_G,Very good or good,IE,Ireland,2015,,82.6,,,,,
dataflow,ESTAT:SDG_03_20(1.0),Share of people with good or very good perceived health by sex,A,Annual,PC,Percentage,TOTAL,Total,Y_GE16,16 years or over,T,Total,VG_G,Very good or good,IE,Ireland,2016,,82.9,,,,,
dataflow,ESTAT:SDG_03_20(1.0),Share of people with good or very good perceived health by sex,A,Annual,PC,Percentage,TOTAL,Total,Y_GE16,16 years or over,T,Total,VG_G,Very good or good,IE,Ireland,2017,,83.3,,,,,
dataflow,ESTAT:SDG_03_20(1.0),Share of people with good or very good perceived health by sex,A,Annual,PC,Percentage,TOTAL,Total,Y_GE16,16 years or over,T,Total,VG_G,Very good or good,IE,Ireland,2018,,84.1,,,,,
dataflow,ESTAT:SDG_03_20(1.0),Share of people with good or very good perceived health by sex,A,Annual,PC,Percentage,TOTAL,Total,Y_GE16,16 years or over,T,Total,VG_G,Very good or good,IE,Ireland,2019,,84.3,,b,break in time series,,
dataflow,ESTAT:SDG_03_20(1.0),Share of people with good or very good perceived health by sex,A,Annual,PC,Percentage,TOTAL,Total,Y_GE16,16 years or over,T,Total,VG_G,Very good or good,IE,Ireland,2020,,84.5,,b,break in time series,,
dataflow,ESTAT:SDG_03_20(1.0),Share of people with good or very good perceived health by sex,A,Annual,PC,Percentage,TOTAL,Total,Y_GE16,16 years or over,T,Total,VG_G,Very good or good,IE,Ireland,2021,,81.7,,,,,
dataflow,ESTAT:SDG_03_20(1.0),Share of people with good or very good perceived health by sex,A,Annual,PC,Percentage,TOTAL,Total,Y_GE16,16 years or over,T,Total,VG_G,Very good or good,IE,Ireland,2022,,80.8,,,,,
dataflow,ESTAT:SDG_03_20(1.0),Share of people with good or very good perceived health by sex,A,Annual,PC,Percentage,TOTAL,Total,Y_GE16,16 years or over,T,Total,VG_G,Very good or good,IE,Ireland,2023,,79.5,,,,,
dataflow,ESTAT:SDG_03_20(1.0),Share of people with good or very good perceived health by sex,A,Annual,PC,Percentage,TOTAL,Total,Y_GE16,16 years or over,T,Total,VG_G,Very good or good,IE,Ireland,2024,,79.9,,,,,
dataflow,ESTAT:SDG_03_20(1.0),Share of people with good or very good perceived health by sex,A,Annual,PC,Percentage,TOTAL,Total,Y_GE16,16 years or over,T,Total,VG_G,Very good or good,IE,Ireland,2025,,79.3,,,,,
dataflow,ESTAT:SDG_03_20(1.0),Share of people with good or very good perceived health by sex,A,Annual,PC,Percentage,TOTAL,Total,Y_GE16,16 years or over,T,Total,VG_G,Very good or good,IS,Iceland,2005,,79.5,,,,,
dataflow,ESTAT:SDG_03_20(1.0),Share of people with good or very good perceived health by sex,A,Annual,PC,Percentage,TOTAL,Total,Y_GE16,16 years or over,T,Total,VG_G,Very good or good,IS,Iceland,2006,,80.9,,,,,
dataflow,ESTAT:SDG_03_20(1.0),Share of people with good or very good perceived health by sex,A,Annual,PC,Percentage,TOTAL,Total,Y_GE16,16 years or over,T,Total,VG_G,Very good or good,IS,Iceland,2007,,79.2,,,,,
dataflow,ESTAT:SDG_03_20(1.0),Share of people with good or very good perceived health by sex,A,Annual,PC,Percentage,TOTAL,Total,Y_GE16,16 years or over,T,Total,VG_G,Very good or good,IS,Iceland,2008,,80.6,,,,,
dataflow,ESTAT:SDG_03_20(1.0),Share of people with good or very good perceived health by sex,A,Annual,PC,Percentage,TOTAL,Total,Y_GE16,16 years or over,T,Total,VG_G,Very good or good,IS,Iceland,2009,,80.3,,,,,
dataflow,ESTAT:SDG_03_20(1.0),Share of people with good or very good perceived health by sex,A,Annual,PC,Percentage,TOTAL,Total,Y_GE16,16 years or over,T,Total,VG_G,Very good or good,IS,Iceland,2010,,77.8,,,,,
dataflow,ESTAT:SDG_03_20(1.0),Share of people with good or very good perceived health by sex,A,Annual,PC,Percentage,TOTAL,Total,Y_GE16,16 years or over,T,Total,VG_G,Very good or good,IS,Iceland,2011,,77.8,,,,,
dataflow,ESTAT:SDG_03_20(1.0),Share of people with good or very good perceived health by sex,A,Annual,PC,Percentage,TOTAL,Total,Y_GE16,16 years or over,T,Total,VG_G,Very good or good,IS,Iceland,2012,,76.9,,,,,
dataflow,ESTAT:SDG_03_20(1.0),Share of people with good or very good perceived health by sex,A,Annual,PC,Percentage,TOTAL,Total,Y_GE16,16 years or over,T,Total,VG_G,Very good or good,IS,Iceland,2013,,76.8,,,,,
dataflow,ESTAT:SDG_03_20(1.0),Share of people with good or very good perceived health by sex,A,Annual,PC,Percentage,TOTAL,Total,Y_GE16,16 years or over,T,Total,VG_G,Very good or good,IS,Iceland,2014,,76.1,,,,,
dataflow,ESTAT:SDG_03_20(1.0),Share of people with good or very good perceived health by sex,A,Annual,PC,Percentage,TOTAL,Total,Y_GE16,16 years or over,T,Total,VG_G,Very good or good,IS,Iceland,2015,,76.4,,,,,
dataflow,ESTAT:SDG_03_20(1.0),Share of people with good or very good perceived health by sex,A,Annual,PC,Percentage,TOTAL,Total,Y_GE16,16 years or over,T,Total,VG_G,Very good or good,IS,Iceland,2016,,76.1,,,,,
dataflow,ESTAT:SDG_03_20(1.0),Share of people with good or very good perceived health by sex,A,Annual,PC,Percentage,TOTAL,Total,Y_GE16,16 years or over,T,Total,VG_G,Very good or good,IS,Iceland,2017,,77.1,,,,,
dataflow,ESTAT:SDG_03_20(1.0),Share of people with good or very good perceived health by sex,A,Annual,PC,Percentage,TOTAL,Total,Y_GE16,16 years or over,T,Total,VG_G,Very good or good,IS,Iceland,2018,,76.7,,,,,
dataflow,ESTAT:SDG_03_20(1.0),Share of people with good or very good perceived health by sex,A,Annual,PC,Percentage,TOTAL,Total,Y_GE16,16 years or over,T,Total,VG_G,Very good or good,IS,Iceland,2019,,75.1,,,,,
dataflow,ESTAT:SDG_03_20(1.0),Share of people with good or very good perceived health by sex,A,Annual,PC,Percentage,TOTAL,Total,Y_GE16,16 years or over,T,Total,VG_G,Very good or good,IS,Iceland,2020,,74.9,,,,,
dataflow,ESTAT:SDG_03_20(1.0),Share of people with good or very good perceived health by sex,A,Annual,PC,Percentage,TOTAL,Total,Y_GE16,16 years or over,T,Total,VG_G,Very good or good,IT,Italy,2005,,57.6,,,,,
dataflow,ESTAT:SDG_03_20(1.0),Share of people with good or very good perceived health by sex,A,Annual,PC,Percentage,TOTAL,Total,Y_GE16,16 years or over,T,Total,VG_G,Very good or good,IT,Italy,2006,,56.7,,,,,
dataflow,ESTAT:SDG_03_20(1.0),Share of people with good or very good perceived health by sex,A,Annual,PC,Percentage,TOTAL,Total,Y_GE16,16 years or over,T,Total,VG_G,Very good or good,IT,Italy,2007,,63.3,,,,,
dataflow,ESTAT:SDG_03_20(1.0),Share of people with good or very good perceived health by sex,A,Annual,PC,Percentage,TOTAL,Total,Y_GE16,16 years or over,T,Total,VG_G,Very good or good,IT,Italy,2008,,63.4,,,,,
dataflow,ESTAT:SDG_03_20(1.0),Share of people with good or very good perceived health by sex,A,Annual,PC,Percentage,TOTAL,Total,Y_GE16,16 years or over,T,Total,VG_G,Very good or good,IT,Italy,2009,,63.5,,,,,
dataflow,ESTAT:SDG_03_20(1.0),Share of people with good or very good perceived health by sex,A,Annual,PC,Percentage,TOTAL,Total,Y_GE16,16 years or over,T,Total,VG_G,Very good or good,IT,Italy,2010,,66.4,,,,,
dataflow,ESTAT:SDG_03_20(1.0),Share of people with good or very good perceived health by sex,A,Annual,PC,Percentage,TOTAL,Total,Y_GE16,16 years or over,T,Total,VG_G,Very good or good,IT,Italy,2011,,64.6,,,,,
dataflow,ESTAT:SDG_03_20(1.0),Share of people with good or very good perceived health by sex,A,Annual,PC,Percentage,TOTAL,Total,Y_GE16,16 years or over,T,Total,VG_G,Very good or good,IT,Italy,2012,,68.1,,,,,
dataflow,ESTAT:SDG_03_20(1.0),Share of people with good or very good perceived health by sex,A,Annual,PC,Percentage,TOTAL,Total,Y_GE16,16 years or over,T,Total,VG_G,Very good or good,IT,Italy,2013,,66.3,,,,,
dataflow,ESTAT:SDG_03_20(1.0),Share of people with good or very good perceived health by sex,A,Annual,PC,Percentage,TOTAL,Total,Y_GE16,16 years or over,T,Total,VG_G,Very good or good,IT,Italy,2014,,68.0,,,,,
dataflow,ESTAT:SDG_03_20(1.0),Share of people with good or very good perceived health by sex,A,Annual,PC,Percentage,TOTAL,Total,Y_GE16,16 years or over,T,Total,VG_G,Very good or good,IT,Italy,2015,,65.8,,,,,
dataflow,ESTAT:SDG_03_20(1.0),Share of people with good or very good perceived health by sex,A,Annual,PC,Percentage,TOTAL,Total,Y_GE16,16 years or over,T,Total,VG_G,Very good or good,IT,Italy,2016,,70.9,,,,,
dataflow,ESTAT:SDG_03_20(1.0),Share of people with good or very good perceived health by sex,A,Annual,PC,Percentage,TOTAL,Total,Y_GE16,16 years or over,T,Total,VG_G,Very good or good,IT,Italy,2017,,77.0,,,,,
dataflow,ESTAT:SDG_03_20(1.0),Share of people with good or very good perceived health by sex,A,Annual,PC,Percentage,TOTAL,Total,Y_GE16,16 years or over,T,Total,VG_G,Very good or good,IT,Italy,2018,,73.3,,,,,
dataflow,ESTAT:SDG_03_20(1.0),Share of people with good or very good perceived health by sex,A,Annual,PC,Percentage,TOTAL,Total,Y_GE16,16 years or over,T,Total,VG_G,Very good or good,IT,Italy,2019,,72.9,,,,,
dataflow,ESTAT:SDG_03_20(1.0),Share of people with good or very good perceived health by sex,A,Annual,PC,Percentage,TOTAL,Total,Y_GE16,16 years or over,T,Total,VG_G,Very good or good,IT,Italy,2021,,73.6,,,,,
dataflow,ESTAT:SDG_03_20(1.0),Share of people with good or very good perceived health by sex,A,Annual,PC,Percentage,TOTAL,Total,Y_GE16,16 years or over,T,Total,VG_G,Very good or good,IT,Italy,2022,,72.9,,,,,
dataflow,ESTAT:SDG_03_20(1.0),Share of people with good or very good perceived health by sex,A,Annual,PC,Percentage,TOTAL,Total,Y_GE16,16 years or over,T,Total,VG_G,Very good or good,IT,Italy,2023,,73.9,,,,,
dataflow,ESTAT:SDG_03_20(1.0),Share of people with good or very good perceived health by sex,A,Annual,PC,Percentage,TOTAL,Total,Y_GE16,16 years or over,T,Total,VG_G,Very good or good,IT,Italy,2024,,75.5,,,,,
dataflow,ESTAT:SDG_03_20(1.0),Share of people with good or very good perceived health by sex,A,Annual,PC,Percentage,TOTAL,Total,Y_GE16,16 years or over,T,Total,VG_G,Very good or good,IT,Italy,2025,,73.7,,,,,
dataflow,ESTAT:SDG_03_20(1.0),Share of people with good or very good perceived health by sex,A,Annual,PC,Percentage,TOTAL,Total,Y_GE16,16 years or over,T,Total,VG_G,Very good or good,LT,Lithuania,2005,,42.6,,,,,
dataflow,ESTAT:SDG_03_20(1.0),Share of people with good or very good perceived health by sex,A,Annual,PC,Percentage,TOTAL,Total,Y_GE16,16 years or over,T,Total,VG_G,Very good or good,LT,Lithuania,2006,,43.5,,,,,
dataflow,ESTAT:SDG_03_20(1.0),Share of people with good or very good perceived health by sex,A,Annual,PC,Percentage,TOTAL,Total,Y_GE16,16 years or over,T,Total,VG_G,Very good or good,LT,Lithuania,2007,,48.8,,,,,
dataflow,ESTAT:SDG_03_20(1.0),Share of people with good or very good perceived health by sex,A,Annual,PC,Percentage,TOTAL,Total,Y_GE16,16 years or over,T,Total,VG_G,Very good or good,LT,Lithuania,2008,,46.6,,,,,
dataflow,ESTAT:SDG_03_20(1.0),Share of people with good or very good perceived health by sex,A,Annual,PC,Percentage,TOTAL,Total,Y_GE16,16 years or over,T,Total,VG_G,Very good or good,LT,Lithuania,2009,,48.3,,,,,
dataflow,ESTAT:SDG_03_20(1.0),Share of people with good or very good perceived health by sex,A,Annual,PC,Percentage,TOTAL,Total,Y_GE16,16 years or over,T,Total,VG_G,Very good or good,LT,Lithuania,2010,,50.2,,,,,
dataflow,ESTAT:SDG_03_20(1.0),Share of people with good or very good perceived health by sex,A,Annual,PC,Percentage,TOTAL,Total,Y_GE16,16 years or over,T,Total,VG_G,Very good or good,LT,Lithuania,2011,,44.2,,,,,
dataflow,ESTAT:SDG_03_20(1.0),Share of people with good or very good perceived health by sex,A,Annual,PC,Percentage,TOTAL,Total,Y_GE16,16 years or over,T,Total,VG_G,Very good or good,LT,Lithuania,2012,,44.6,,,,,
dataflow,ESTAT:SDG_03_20(1.0),Share of people with good or very good perceived health by sex,A,Annual,PC,Percentage,TOTAL,Total,Y_GE16,16 years or over,T,Total,VG_G,Very good or good,LT,Lithuania,2013,,46.3,,,,,
dataflow,ESTAT:SDG_03_20(1.0),Share of people with good or very good perceived health by sex,A,Annual,PC,Percentage,TOTAL,Total,Y_GE16,16 years or over,T,Total,VG_G,Very good or good,LT,Lithuania,2014,,45.0,,,,,
dataflow,ESTAT:SDG_03_20(1.0),Share of people with good or very good perceived health by sex,A,Annual,PC,Percentage,TOTAL,Total,Y_GE16,16 years or over,T,Total,VG_G,Very good or good,LT,Lithuania,2015,,42.8,,,,,
dataflow,ESTAT:SDG_03_20(1.0),Share of people with good or very good perceived health by sex,A,Annual,PC,Percentage,TOTAL,Total,Y_GE16,16 years or over,T,Total,VG_G,Very good or good,LT,Lithuania,2016,,43.4,,,,,
dataflow,ESTAT:SDG_03_20(1.0),Share of people with good or very good perceived health by sex,A,Annual,PC,Percentage,TOTAL,Total,Y_GE16,16 years or over,T,Total,VG_G,Very good or good,LT,Lithuania,2017,,43.9,,,,,
dataflow,ESTAT:SDG_03_20(1.0),Share of people with good or very good perceived health by sex,A,Annual,PC,Percentage,TOTAL,Total,Y_GE16,16 years or over,T,Total,VG_G,Very good or good,LT,Lithuania,2018,,44.0,,,,,
dataflow,ESTAT:SDG_03_20(1.0),Share of people with good or very good perceived health by sex,A,Annual,PC,Percentage,TOTAL,Total,Y_GE16,16 years or over,T,Total,VG_G,Very good or good,LT,Lithuania,2019,,46.2,,,,,
dataflow,ESTAT:SDG_03_20(1.0),Share of people with good or very good perceived health by sex,A,Annual,PC,Percentage,TOTAL,Total,Y_GE16,16 years or over,T,Total,VG_G,Very good or good,LT,Lithuania,2020,,44.3,,,,,
dataflow,ESTAT:SDG_03_20(1.0),Share of people with good or very good perceived health by sex,A,Annual,PC,Percentage,TOTAL,Total,Y_GE16,16 years or over,T,Total,VG_G,Very good or good,LT,Lithuania,2021,,47.9,,,,,
dataflow,ESTAT:SDG_03_20(1.0),Share of people with good or very good perceived health by sex,A,Annual,PC,Percentage,TOTAL,Total,Y_GE16,16 years or over,T,Total,VG_G,Very good or good,LT,Lithuania,2022,,48.1,,,,,
dataflow,ESTAT:SDG_03_20(1.0),Share of people with good or very good perceived health by sex,A,Annual,PC,Percentage,TOTAL,Total,Y_GE16,16 years or over,T,Total,VG_G,Very good or good,LT,Lithuania,2023,,47.6,,,,,
dataflow,ESTAT:SDG_03_20(1.0),Share of people with good or very good perceived health by sex,A,Annual,PC,Percentage,TOTAL,Total,Y_GE16,16 years or over,T,Total,VG_G,Very good or good,LT,Lithuania,2024,,48.9,,p,provisional,,
dataflow,ESTAT:SDG_03_20(1.0),Share of people with good or very good perceived health by sex,A,Annual,PC,Percentage,TOTAL,Total,Y_GE16,16 years or over,T,Total,VG_G,Very good or good,LT,Lithuania,2025,,49.2,,p,provisional,,
dataflow,ESTAT:SDG_03_20(1.0),Share of people with good or very good perceived health by sex,A,Annual,PC,Percentage,TOTAL,Total,Y_GE16,16 years or over,T,Total,VG_G,Very good or good,LU,Luxembourg,2005,,73.7,,,,,
dataflow,ESTAT:SDG_03_20(1.0),Share of people with good or very good perceived health by sex,A,Annual,PC,Percentage,TOTAL,Total,Y_GE16,16 years or over,T,Total,VG_G,Very good or good,LU,Luxembourg,2006,,74.2,,,,,
dataflow,ESTAT:SDG_03_20(1.0),Share of people with good or very good perceived health by sex,A,Annual,PC,Percentage,TOTAL,Total,Y_GE16,16 years or over,T,Total,VG_G,Very good or good,LU,Luxembourg,2007,,74.5,,,,,
dataflow,ESTAT:SDG_03_20(1.0),Share of people with good or very good perceived health by sex,A,Annual,PC,Percentage,TOTAL,Total,Y_GE16,16 years or over,T,Total,VG_G,Very good or good,LU,Luxembourg,2008,,74.1,,,,,
dataflow,ESTAT:SDG_03_20(1.0),Share of people with good or very good perceived health by sex,A,Annual,PC,Percentage,TOTAL,Total,Y_GE16,16 years or over,T,Total,VG_G,Very good or good,LU,Luxembourg,2009,,73.9,,,,,
dataflow,ESTAT:SDG_03_20(1.0),Share of people with good or very good perceived health by sex,A,Annual,PC,Percentage,TOTAL,Total,Y_GE16,16 years or over,T,Total,VG_G,Very good or good,LU,Luxembourg,2010,,75.3,,,,,
dataflow,ESTAT:SDG_03_20(1.0),Share of people with good or very good perceived health by sex,A,Annual,PC,Percentage,TOTAL,Total,Y_GE16,16 years or over,T,Total,VG_G,Very good or good,LU,Luxembourg,2011,,72.6,,,,,
dataflow,ESTAT:SDG_03_20(1.0),Share of people with good or very good perceived health by sex,A,Annual,PC,Percentage,TOTAL,Total,Y_GE16,16 years or over,T,Total,VG_G,Very good or good,LU,Luxembourg,2012,,73.9,,,,,
dataflow,ESTAT:SDG_03_20(1.0),Share of people with good or very good perceived health by sex,A,Annual,PC,Percentage,TOTAL,Total,Y_GE16,16 years or over,T,Total,VG_G,Very good or good,LU,Luxembourg,2013,,71.9,,,,,
dataflow,ESTAT:SDG_03_20(1.0),Share of people with good or very good perceived health by sex,A,Annual,PC,Percentage,TOTAL,Total,Y_GE16,16 years or over,T,Total,VG_G,Very good or good,LU,Luxembourg,2014,,72.9,,,,,
dataflow,ESTAT:SDG_03_20(1.0),Share of people with good or very good perceived health by sex,A,Annual,PC,Percentage,TOTAL,Total,Y_GE16,16 years or over,T,Total,VG_G,Very good or good,LU,Luxembourg,2015,,70.5,,,,,
dataflow,ESTAT:SDG_03_20(1.0),Share of people with good or very good perceived health by sex,A,Annual,PC,Percentage,TOTAL,Total,Y_GE16,16 years or over,T,Total,VG_G,Very good or good,LU,Luxembourg,2016,,69.2,,,,,
dataflow,ESTAT:SDG_03_20(1.0),Share of people with good or very good perceived health by sex,A,Annual,PC,Percentage,TOTAL,Total,Y_GE16,16 years or over,T,Total,VG_G,Very good or good,LU,Luxembourg,2017,,71.1,,,,,
dataflow,ESTAT:SDG_03_20(1.0),Share of people with good or very good perceived health by sex,A,Annual,PC,Percentage,TOTAL,Total,Y_GE16,16 years or over,T,Total,VG_G,Very good or good,LU,Luxembourg,2018,,68.6,,,,,
dataflow,ESTAT:SDG_03_20(1.0),Share of people with good or very good perceived health by sex,A,Annual,PC,Percentage,TOTAL,Total,Y_GE16,16 years or over,T,Total,VG_G,Very good or good,LU,Luxembourg,2019,,71.9,,,,,
dataflow,ESTAT:SDG_03_20(1.0),Share of people with good or very good perceived health by sex,A,Annual,PC,Percentage,TOTAL,Total,Y_GE16,16 years or over,T,Total,VG_G,Very good or good,LU,Luxembourg,2020,,73.6,,b,break in time series,,
dataflow,ESTAT:SDG_03_20(1.0),Share of people with good or very good perceived health by sex,A,Annual,PC,Percentage,TOTAL,Total,Y_GE16,16 years or over,T,Total,VG_G,Very good or good,LU,Luxembourg,2021,,76.5,,b,break in time series,,
dataflow,ESTAT:SDG_03_20(1.0),Share of people with good or very good perceived health by sex,A,Annual,PC,Percentage,TOTAL,Total,Y_GE16,16 years or over,T,Total,VG_G,Very good or good,LU,Luxembourg,2022,,74.4,,b,break in time series,,
dataflow,ESTAT:SDG_03_20(1.0),Share of people with good or very good perceived health by sex,A,Annual,PC,Percentage,TOTAL,Total,Y_GE16,16 years or over,T,Total,VG_G,Very good or good,LU,Luxembourg,2023,,74.1,,,,,
dataflow,ESTAT:SDG_03_20(1.0),Share of people with good or very good perceived health by sex,A,Annual,PC,Percentage,TOTAL,Total,Y_GE16,16 years or over,T,Total,VG_G,Very good or good,LU,Luxembourg,2024,,73.1,,,,,
dataflow,ESTAT:SDG_03_20(1.0),Share of people with good or very good perceived health by sex,A,Annual,PC,Percentage,TOTAL,Total,Y_GE16,16 years or over,T,Total,VG_G,Very good or good,LU,Luxembourg,2025,,74.0,,b,break in time series,,
dataflow,ESTAT:SDG_03_20(1.0),Share of people with good or very good perceived health by sex,A,Annual,PC,Percentage,TOTAL,Total,Y_GE16,16 years or over,T,Total,VG_G,Very good or good,LV,Latvia,2005,,35.0,,,,,
dataflow,ESTAT:SDG_03_20(1.0),Share of people with good or very good perceived health by sex,A,Annual,PC,Percentage,TOTAL,Total,Y_GE16,16 years or over,T,Total,VG_G,Very good or good,LV,Latvia,2006,,40.4,,,,,
dataflow,ESTAT:SDG_03_20(1.0),Share of people with good or very good perceived health by sex,A,Annual,PC,Percentage,TOTAL,Total,Y_GE16,16 years or over,T,Total,VG_G,Very good or good,LV,Latvia,2007,,42.5,,,,,
dataflow,ESTAT:SDG_03_20(1.0),Share of people with good or very good perceived health by sex,A,Annual,PC,Percentage,TOTAL,Total,Y_GE16,16 years or over,T,Total,VG_G,Very good or good,LV,Latvia,2008,,43.6,,,,,
dataflow,ESTAT:SDG_03_20(1.0),Share of people with good or very good perceived health by sex,A,Annual,PC,Percentage,TOTAL,Total,Y_GE16,16 years or over,T,Total,VG_G,Very good or good,LV,Latvia,2009,,46.1,,,,,
dataflow,ESTAT:SDG_03_20(1.0),Share of people with good or very good perceived health by sex,A,Annual,PC,Percentage,TOTAL,Total,Y_GE16,16 years or over,T,Total,VG_G,Very good or good,LV,Latvia,2010,,47.7,,,,,
dataflow,ESTAT:SDG_03_20(1.0),Share of people with good or very good perceived health by sex,A,Annual,PC,Percentage,TOTAL,Total,Y_GE16,16 years or over,T,Total,VG_G,Very good or good,LV,Latvia,2011,,46.1,,,,,
dataflow,ESTAT:SDG_03_20(1.0),Share of people with good or very good perceived health by sex,A,Annual,PC,Percentage,TOTAL,Total,Y_GE16,16 years or over,T,Total,VG_G,Very good or good,LV,Latvia,2012,,46.8,,,,,
dataflow,ESTAT:SDG_03_20(1.0),Share of people with good or very good perceived health by sex,A,Annual,PC,Percentage,TOTAL,Total,Y_GE16,16 years or over,T,Total,VG_G,Very good or good,LV,Latvia,2013,,45.3,,,,,
dataflow,ESTAT:SDG_03_20(1.0),Share of people with good or very good perceived health by sex,A,Annual,PC,Percentage,TOTAL,Total,Y_GE16,16 years or over,T,Total,VG_G,Very good or good,LV,Latvia,2014,,45.8,,,,,
dataflow,ESTAT:SDG_03_20(1.0),Share of people with good or very good perceived health by sex,A,Annual,PC,Percentage,TOTAL,Total,Y_GE16,16 years or over,T,Total,VG_G,Very good or good,LV,Latvia,2015,,46.3,,,,,
dataflow,ESTAT:SDG_03_20(1.0),Share of people with good or very good perceived health by sex,A,Annual,PC,Percentage,TOTAL,Total,Y_GE16,16 years or over,T,Total,VG_G,Very good or good,LV,Latvia,2016,,47.2,,,,,
dataflow,ESTAT:SDG_03_20(1.0),Share of people with good or very good perceived health by sex,A,Annual,PC,Percentage,TOTAL,Total,Y_GE16,16 years or over,T,Total,VG_G,Very good or good,LV,Latvia,2017,,44.2,,,,,
dataflow,ESTAT:SDG_03_20(1.0),Share of people with good or very good perceived health by sex,A,Annual,PC,Percentage,TOTAL,Total,Y_GE16,16 years or over,T,Total,VG_G,Very good or good,LV,Latvia,2018,,47.0,,,,,
dataflow,ESTAT:SDG_03_20(1.0),Share of people with good or very good perceived health by sex,A,Annual,PC,Percentage,TOTAL,Total,Y_GE16,16 years or over,T,Total,VG_G,Very good or good,LV,Latvia,2019,,47.1,,,,,
dataflow,ESTAT:SDG_03_20(1.0),Share of people with good or very good perceived health by sex,A,Annual,PC,Percentage,TOTAL,Total,Y_GE16,16 years or over,T,Total,VG_G,Very good or good,LV,Latvia,2020,,49.7,,,,,
dataflow,ESTAT:SDG_03_20(1.0),Share of people with good or very good perceived health by sex,A,Annual,PC,Percentage,TOTAL,Total,Y_GE16,16 years or over,T,Total,VG_G,Very good or good,LV,Latvia,2021,,49.8,,,,,
dataflow,ESTAT:SDG_03_20(1.0),Share of people with good or very good perceived health by sex,A,Annual,PC,Percentage,TOTAL,Total,Y_GE16,16 years or over,T,Total,VG_G,Very good or good,LV,Latvia,2022,,50.2,,,,,
dataflow,ESTAT:SDG_03_20(1.0),Share of people with good or very good perceived health by sex,A,Annual,PC,Percentage,TOTAL,Total,Y_GE16,16 years or over,T,Total,VG_G,Very good or good,LV,Latvia,2023,,47.6,,,,,
dataflow,ESTAT:SDG_03_20(1.0),Share of people with good or very good perceived health by sex,A,Annual,PC,Percentage,TOTAL,Total,Y_GE16,16 years or over,T,Total,VG_G,Very good or good,LV,Latvia,2024,,49.1,,,,,
dataflow,ESTAT:SDG_03_20(1.0),Share of people with good or very good perceived health by sex,A,Annual,PC,Percentage,TOTAL,Total,Y_GE16,16 years or over,T,Total,VG_G,Very good or good,LV,Latvia,2025,,48.2,,,,,
dataflow,ESTAT:SDG_03_20(1.0),Share of people with good or very good perceived health by sex,A,Annual,PC,Percentage,TOTAL,Total,Y_GE16,16 years or over,T,Total,VG_G,Very good or good,ME,Montenegro,2013,,69.3,,,,,
dataflow,ESTAT:SDG_03_20(1.0),Share of people with good or very good perceived health by sex,A,Annual,PC,Percentage,TOTAL,Total,Y_GE16,16 years or over,T,Total,VG_G,Very good or good,ME,Montenegro,2014,,71.4,,,,,
dataflow,ESTAT:SDG_03_20(1.0),Share of people with good or very good perceived health by sex,A,Annual,PC,Percentage,TOTAL,Total,Y_GE16,16 years or over,T,Total,VG_G,Very good or good,ME,Montenegro,2015,,68.9,,,,,
dataflow,ESTAT:SDG_03_20(1.0),Share of people with good or very good perceived health by sex,A,Annual,PC,Percentage,TOTAL,Total,Y_GE16,16 years or over,T,Total,VG_G,Very good or good,ME,Montenegro,2016,,69.2,,,,,
dataflow,ESTAT:SDG_03_20(1.0),Share of people with good or very good perceived health by sex,A,Annual,PC,Percentage,TOTAL,Total,Y_GE16,16 years or over,T,Total,VG_G,Very good or good,ME,Montenegro,2017,,69.5,,,,,
dataflow,ESTAT:SDG_03_20(1.0),Share of people with good or very good perceived health by sex,A,Annual,PC,Percentage,TOTAL,Total,Y_GE16,16 years or over,T,Total,VG_G,Very good or good,ME,Montenegro,2018,,71.0,,,,,
dataflow,ESTAT:SDG_03_20(1.0),Share of people with good or very good perceived health by sex,A,Annual,PC,Percentage,TOTAL,Total,Y_GE16,16 years or over,T,Total,VG_G,Very good or good,ME,Montenegro,2019,,69.2,,,,,
dataflow,ESTAT:SDG_03_20(1.0),Share of people with good or very good perceived health by sex,A,Annual,PC,Percentage,TOTAL,Total,Y_GE16,16 years or over,T,Total,VG_G,Very good or good,ME,Montenegro,2020,,70.3,,,,,
dataflow,ESTAT:SDG_03_20(1.0),Share of people with good or very good perceived health by sex,A,Annual,PC,Percentage,TOTAL,Total,Y_GE16,16 years or over,T,Total,VG_G,Very good or good,ME,Montenegro,2021,,73.0,,,,,
dataflow,ESTAT:SDG_03_20(1.0),Share of people with good or very good perceived health by sex,A,Annual,PC,Percentage,TOTAL,Total,Y_GE16,16 years or over,T,Total,VG_G,Very good or good,ME,Montenegro,2022,,75.6,,,,,
dataflow,ESTAT:SDG_03_20(1.0),Share of people with good or very good perceived health by sex,A,Annual,PC,Percentage,TOTAL,Total,Y_GE16,16 years or over,T,Total,VG_G,Very good or good,ME,Montenegro,2023,,79.2,,,,,
dataflow,ESTAT:SDG_03_20(1.0),Share of people with good or very good perceived health by sex,A,Annual,PC,Percentage,TOTAL,Total,Y_GE16,16 years or over,T,Total,VG_G,Very good or good,MK,North Macedonia,2010,,72.7,,,,,
dataflow,ESTAT:SDG_03_20(1.0),Share of people with good or very good perceived health by sex,A,Annual,PC,Percentage,TOTAL,Total,Y_GE16,16 years or over,T,Total,VG_G,Very good or good,MK,North Macedonia,2011,,73.0,,,,,
dataflow,ESTAT:SDG_03_20(1.0),Share of people with good or very good perceived health by sex,A,Annual,PC,Percentage,TOTAL,Total,Y_GE16,16 years or over,T,Total,VG_G,Very good or good,MK,North Macedonia,2012,,76.3,,,,,
dataflow,ESTAT:SDG_03_20(1.0),Share of people with good or very good perceived health by sex,A,Annual,PC,Percentage,TOTAL,Total,Y_GE16,16 years or over,T,Total,VG_G,Very good or good,MK,North Macedonia,2013,,76.2,,,,,
dataflow,ESTAT:SDG_03_20(1.0),Share of people with good or very good perceived health by sex,A,Annual,PC,Percentage,TOTAL,Total,Y_GE16,16 years or over,T,Total,VG_G,Very good or good,MK,North Macedonia,2014,,78.7,,,,,
dataflow,ESTAT:SDG_03_20(1.0),Share of people with good or very good perceived health by sex,A,Annual,PC,Percentage,TOTAL,Total,Y_GE16,16 years or over,T,Total,VG_G,Very good or good,MK,North Macedonia,2015,,77.1,,,,,
dataflow,ESTAT:SDG_03_20(1.0),Share of people with good or very good perceived health by sex,A,Annual,PC,Percentage,TOTAL,Total,Y_GE16,16 years or over,T,Total,VG_G,Very good or good,MK,North Macedonia,2016,,78.4,,,,,
dataflow,ESTAT:SDG_03_20(1.0),Share of people with good or very good perceived health by sex,A,Annual,PC,Percentage,TOTAL,Total,Y_GE16,16 years or over,T,Total,VG_G,Very good or good,MK,North Macedonia,2017,,75.4,,,,,
dataflow,ESTAT:SDG_03_20(1.0),Share of people with good or very good perceived health by sex,A,Annual,PC,Percentage,TOTAL,Total,Y_GE16,16 years or over,T,Total,VG_G,Very good or good,MK,North Macedonia,2018,,75.5,,,,,
dataflow,ESTAT:SDG_03_20(1.0),Share of people with good or very good perceived health by sex,A,Annual,PC,Percentage,TOTAL,Total,Y_GE16,16 years or over,T,Total,VG_G,Very good or good,MK,North Macedonia,2019,,74.7,,,,,
dataflow,ESTAT:SDG_03_20(1.0),Share of people with good or very good perceived health by sex,A,Annual,PC,Percentage,TOTAL,Total,Y_GE16,16 years or over,T,Total,VG_G,Very good or good,MK,North Macedonia,2020,,76.6,,,,,
dataflow,ESTAT:SDG_03_20(1.0),Share of people with good or very good perceived health by sex,A,Annual,PC,Percentage,TOTAL,Total,Y_GE16,16 years or over,T,Total,VG_G,Very good or good,MK,North Macedonia,2021,,77.1,,b,break in time series,,
dataflow,ESTAT:SDG_03_20(1.0),Share of people with good or very good perceived health by sex,A,Annual,PC,Percentage,TOTAL,Total,Y_GE16,16 years or over,T,Total,VG_G,Very good or good,MK,North Macedonia,2022,,74.0,,,,,
dataflow,ESTAT:SDG_03_20(1.0),Share of people with good or very good perceived health by sex,A,Annual,PC,Percentage,TOTAL,Total,Y_GE16,16 years or over,T,Total,VG_G,Very good or good,MK,North Macedonia,2023,,74.8,,,,,
dataflow,ESTAT:SDG_03_20(1.0),Share of people with good or very good perceived health by sex,A,Annual,PC,Percentage,TOTAL,Total,Y_GE16,16 years or over,T,Total,VG_G,Very good or good,MK,North Macedonia,2024,,76.4,,,,,
dataflow,ESTAT:SDG_03_20(1.0),Share of people with good or very good perceived health by sex,A,Annual,PC,Percentage,TOTAL,Total,Y_GE16,16 years or over,T,Total,VG_G,Very good or good,MT,Malta,2005,,71.4,,,,,
dataflow,ESTAT:SDG_03_20(1.0),Share of people with good or very good perceived health by sex,A,Annual,PC,Percentage,TOTAL,Total,Y_GE16,16 years or over,T,Total,VG_G,Very good or good,MT,Malta,2006,,74.6,,,,,
dataflow,ESTAT:SDG_03_20(1.0),Share of people with good or very good perceived health by sex,A,Annual,PC,Percentage,TOTAL,Total,Y_GE16,16 years or over,T,Total,VG_G,Very good or good,MT,Malta,2007,,74.3,,,,,
dataflow,ESTAT:SDG_03_20(1.0),Share of people with good or very good perceived health by sex,A,Annual,PC,Percentage,TOTAL,Total,Y_GE16,16 years or over,T,Total,VG_G,Very good or good,MT,Malta,2008,,73.8,,,,,
dataflow,ESTAT:SDG_03_20(1.0),Share of people with good or very good perceived health by sex,A,Annual,PC,Percentage,TOTAL,Total,Y_GE16,16 years or over,T,Total,VG_G,Very good or good,MT,Malta,2009,,68.7,,,,,
dataflow,ESTAT:SDG_03_20(1.0),Share of people with good or very good perceived health by sex,A,Annual,PC,Percentage,TOTAL,Total,Y_GE16,16 years or over,T,Total,VG_G,Very good or good,MT,Malta,2010,,67.6,,,,,
dataflow,ESTAT:SDG_03_20(1.0),Share of people with good or very good perceived health by sex,A,Annual,PC,Percentage,TOTAL,Total,Y_GE16,16 years or over,T,Total,VG_G,Very good or good,MT,Malta,2011,,70.0,,,,,
dataflow,ESTAT:SDG_03_20(1.0),Share of people with good or very good perceived health by sex,A,Annual,PC,Percentage,TOTAL,Total,Y_GE16,16 years or over,T,Total,VG_G,Very good or good,MT,Malta,2012,,72.1,,,,,
dataflow,ESTAT:SDG_03_20(1.0),Share of people with good or very good perceived health by sex,A,Annual,PC,Percentage,TOTAL,Total,Y_GE16,16 years or over,T,Total,VG_G,Very good or good,MT,Malta,2013,,71.8,,,,,
dataflow,ESTAT:SDG_03_20(1.0),Share of people with good or very good perceived health by sex,A,Annual,PC,Percentage,TOTAL,Total,Y_GE16,16 years or over,T,Total,VG_G,Very good or good,MT,Malta,2014,,75.0,,,,,
dataflow,ESTAT:SDG_03_20(1.0),Share of people with good or very good perceived health by sex,A,Annual,PC,Percentage,TOTAL,Total,Y_GE16,16 years or over,T,Total,VG_G,Very good or good,MT,Malta,2015,,71.2,,,,,
dataflow,ESTAT:SDG_03_20(1.0),Share of people with good or very good perceived health by sex,A,Annual,PC,Percentage,TOTAL,Total,Y_GE16,16 years or over,T,Total,VG_G,Very good or good,MT,Malta,2016,,72.9,,,,,
dataflow,ESTAT:SDG_03_20(1.0),Share of people with good or very good perceived health by sex,A,Annual,PC,Percentage,TOTAL,Total,Y_GE16,16 years or over,T,Total,VG_G,Very good or good,MT,Malta,2017,,75.4,,,,,
dataflow,ESTAT:SDG_03_20(1.0),Share of people with good or very good perceived health by sex,A,Annual,PC,Percentage,TOTAL,Total,Y_GE16,16 years or over,T,Total,VG_G,Very good or good,MT,Malta,2018,,75.0,,,,,
dataflow,ESTAT:SDG_03_20(1.0),Share of people with good or very good perceived health by sex,A,Annual,PC,Percentage,TOTAL,Total,Y_GE16,16 years or over,T,Total,VG_G,Very good or good,MT,Malta,2019,,74.2,,,,,
dataflow,ESTAT:SDG_03_20(1.0),Share of people with good or very good perceived health by sex,A,Annual,PC,Percentage,TOTAL,Total,Y_GE16,16 years or over,T,Total,VG_G,Very good or good,MT,Malta,2020,,75.7,,,,,
dataflow,ESTAT:SDG_03_20(1.0),Share of people with good or very good perceived health by sex,A,Annual,PC,Percentage,TOTAL,Total,Y_GE16,16 years or over,T,Total,VG_G,Very good or good,MT,Malta,2021,,73.0,,,,,
dataflow,ESTAT:SDG_03_20(1.0),Share of people with good or very good perceived health by sex,A,Annual,PC,Percentage,TOTAL,Total,Y_GE16,16 years or over,T,Total,VG_G,Very good or good,MT,Malta,2022,,76.7,,,,,
dataflow,ESTAT:SDG_03_20(1.0),Share of people with good or very good perceived health by sex,A,Annual,PC,Percentage,TOTAL,Total,Y_GE16,16 years or over,T,Total,VG_G,Very good or good,MT,Malta,2023,,79.5,,,,,
dataflow,ESTAT:SDG_03_20(1.0),Share of people with good or very good perceived health by sex,A,Annual,PC,Percentage,TOTAL,Total,Y_GE16,16 years or over,T,Total,VG_G,Very good or good,MT,Malta,2024,,79.1,,,,,
dataflow,ESTAT:SDG_03_20(1.0),Share of people with good or very good perceived health by sex,A,Annual,PC,Percentage,TOTAL,Total,Y_GE16,16 years or over,T,Total,VG_G,Very good or good,MT,Malta,2025,,78.7,,,,,
dataflow,ESTAT:SDG_03_20(1.0),Share of people with good or very good perceived health by sex,A,Annual,PC,Percentage,TOTAL,Total,Y_GE16,16 years or over,T,Total,VG_G,Very good or good,NL,Netherlands,2005,,76.4,,,,,
dataflow,ESTAT:SDG_03_20(1.0),Share of people with good or very good perceived health by sex,A,Annual,PC,Percentage,TOTAL,Total,Y_GE16,16 years or over,T,Total,VG_G,Very good or good,NL,Netherlands,2006,,76.9,,,,,
dataflow,ESTAT:SDG_03_20(1.0),Share of people with good or very good perceived health by sex,A,Annual,PC,Percentage,TOTAL,Total,Y_GE16,16 years or over,T,Total,VG_G,Very good or good,NL,Netherlands,2007,,76.3,,,,,
dataflow,ESTAT:SDG_03_20(1.0),Share of people with good or very good perceived health by sex,A,Annual,PC,Percentage,TOTAL,Total,Y_GE16,16 years or over,T,Total,VG_G,Very good or good,NL,Netherlands,2008,,77.3,,,,,
dataflow,ESTAT:SDG_03_20(1.0),Share of people with good or very good perceived health by sex,A,Annual,PC,Percentage,TOTAL,Total,Y_GE16,16 years or over,T,Total,VG_G,Very good or good,NL,Netherlands,2009,,77.7,,,,,
dataflow,ESTAT:SDG_03_20(1.0),Share of people with good or very good perceived health by sex,A,Annual,PC,Percentage,TOTAL,Total,Y_GE16,16 years or over,T,Total,VG_G,Very good or good,NL,Netherlands,2010,,77.9,,,,,
dataflow,ESTAT:SDG_03_20(1.0),Share of people with good or very good perceived health by sex,A,Annual,PC,Percentage,TOTAL,Total,Y_GE16,16 years or over,T,Total,VG_G,Very good or good,NL,Netherlands,2011,,76.4,,,,,
dataflow,ESTAT:SDG_03_20(1.0),Share of people with good or very good perceived health by sex,A,Annual,PC,Percentage,TOTAL,Total,Y_GE16,16 years or over,T,Total,VG_G,Very good or good,NL,Netherlands,2012,,75.7,,,,,
dataflow,ESTAT:SDG_03_20(1.0),Share of people with good or very good perceived health by sex,A,Annual,PC,Percentage,TOTAL,Total,Y_GE16,16 years or over,T,Total,VG_G,Very good or good,NL,Netherlands,2013,,75.5,,,,,
dataflow,ESTAT:SDG_03_20(1.0),Share of people with good or very good perceived health by sex,A,Annual,PC,Percentage,TOTAL,Total,Y_GE16,16 years or over,T,Total,VG_G,Very good or good,NL,Netherlands,2014,,77.3,,,,,
dataflow,ESTAT:SDG_03_20(1.0),Share of people with good or very good perceived health by sex,A,Annual,PC,Percentage,TOTAL,Total,Y_GE16,16 years or over,T,Total,VG_G,Very good or good,NL,Netherlands,2015,,76.2,,,,,
dataflow,ESTAT:SDG_03_20(1.0),Share of people with good or very good perceived health by sex,A,Annual,PC,Percentage,TOTAL,Total,Y_GE16,16 years or over,T,Total,VG_G,Very good or good,NL,Netherlands,2016,,75.9,,,,,
dataflow,ESTAT:SDG_03_20(1.0),Share of people with good or very good perceived health by sex,A,Annual,PC,Percentage,TOTAL,Total,Y_GE16,16 years or over,T,Total,VG_G,Very good or good,NL,Netherlands,2017,,76.1,,,,,
dataflow,ESTAT:SDG_03_20(1.0),Share of people with good or very good perceived health by sex,A,Annual,PC,Percentage,TOTAL,Total,Y_GE16,16 years or over,T,Total,VG_G,Very good or good,NL,Netherlands,2018,,75.7,,,,,
dataflow,ESTAT:SDG_03_20(1.0),Share of people with good or very good perceived health by sex,A,Annual,PC,Percentage,TOTAL,Total,Y_GE16,16 years or over,T,Total,VG_G,Very good or good,NL,Netherlands,2019,,74.8,,,,,
dataflow,ESTAT:SDG_03_20(1.0),Share of people with good or very good perceived health by sex,A,Annual,PC,Percentage,TOTAL,Total,Y_GE16,16 years or over,T,Total,VG_G,Very good or good,NL,Netherlands,2020,,77.9,,,,,
dataflow,ESTAT:SDG_03_20(1.0),Share of people with good or very good perceived health by sex,A,Annual,PC,Percentage,TOTAL,Total,Y_GE16,16 years or over,T,Total,VG_G,Very good or good,NL,Netherlands,2021,,73.2,,,,,
dataflow,ESTAT:SDG_03_20(1.0),Share of people with good or very good perceived health by sex,A,Annual,PC,Percentage,TOTAL,Total,Y_GE16,16 years or over,T,Total,VG_G,Very good or good,NL,Netherlands,2022,,71.2,,,,,
dataflow,ESTAT:SDG_03_20(1.0),Share of people with good or very good perceived health by sex,A,Annual,PC,Percentage,TOTAL,Total,Y_GE16,16 years or over,T,Total,VG_G,Very good or good,NL,Netherlands,2023,,69.5,,,,,
dataflow,ESTAT:SDG_03_20(1.0),Share of people with good or very good perceived health by sex,A,Annual,PC,Percentage,TOTAL,Total,Y_GE16,16 years or over,T,Total,VG_G,Very good or good,NL,Netherlands,2024,,69.8,,,,,
dataflow,ESTAT:SDG_03_20(1.0),Share of people with good or very good perceived health by sex,A,Annual,PC,Percentage,TOTAL,Total,Y_GE16,16 years or over,T,Total,VG_G,Very good or good,NL,Netherlands,2025,,68.6,,,,,
dataflow,ESTAT:SDG_03_20(1.0),Share of people with good or very good perceived health by sex,A,Annual,PC,Percentage,TOTAL,Total,Y_GE16,16 years or over,T,Total,VG_G,Very good or good,NO,Norway,2005,,73.6,,,,,
dataflow,ESTAT:SDG_03_20(1.0),Share of people with good or very good perceived health by sex,A,Annual,PC,Percentage,TOTAL,Total,Y_GE16,16 years or over,T,Total,VG_G,Very good or good,NO,Norway,2006,,74.4,,,,,
dataflow,ESTAT:SDG_03_20(1.0),Share of people with good or very good perceived health by sex,A,Annual,PC,Percentage,TOTAL,Total,Y_GE16,16 years or over,T,Total,VG_G,Very good or good,NO,Norway,2007,,76.4,,,,,
dataflow,ESTAT:SDG_03_20(1.0),Share of people with good or very good perceived health by sex,A,Annual,PC,Percentage,TOTAL,Total,Y_GE16,16 years or over,T,Total,VG_G,Very good or good,NO,Norway,2008,,76.6,,,,,
dataflow,ESTAT:SDG_03_20(1.0),Share of people with good or very good perceived health by sex,A,Annual,PC,Percentage,TOTAL,Total,Y_GE16,16 years or over,T,Total,VG_G,Very good or good,NO,Norway,2009,,76.5,,,,,
dataflow,ESTAT:SDG_03_20(1.0),Share of people with good or very good perceived health by sex,A,Annual,PC,Percentage,TOTAL,Total,Y_GE16,16 years or over,T,Total,VG_G,Very good or good,NO,Norway,2010,,76.8,,,,,
dataflow,ESTAT:SDG_03_20(1.0),Share of people with good or very good perceived health by sex,A,Annual,PC,Percentage,TOTAL,Total,Y_GE16,16 years or over,T,Total,VG_G,Very good or good,NO,Norway,2011,,73.3,,,,,
dataflow,ESTAT:SDG_03_20(1.0),Share of people with good or very good perceived health by sex,A,Annual,PC,Percentage,TOTAL,Total,Y_GE16,16 years or over,T,Total,VG_G,Very good or good,NO,Norway,2012,,78.8,,,,,
dataflow,ESTAT:SDG_03_20(1.0),Share of people with good or very good perceived health by sex,A,Annual,PC,Percentage,TOTAL,Total,Y_GE16,16 years or over,T,Total,VG_G,Very good or good,NO,Norway,2013,,76.2,,,,,
dataflow,ESTAT:SDG_03_20(1.0),Share of people with good or very good perceived health by sex,A,Annual,PC,Percentage,TOTAL,Total,Y_GE16,16 years or over,T,Total,VG_G,Very good or good,NO,Norway,2014,,78.5,,,,,
dataflow,ESTAT:SDG_03_20(1.0),Share of people with good or very good perceived health by sex,A,Annual,PC,Percentage,TOTAL,Total,Y_GE16,16 years or over,T,Total,VG_G,Very good or good,NO,Norway,2015,,78.4,,,,,
dataflow,ESTAT:SDG_03_20(1.0),Share of people with good or very good perceived health by sex,A,Annual,PC,Percentage,TOTAL,Total,Y_GE16,16 years or over,T,Total,VG_G,Very good or good,NO,Norway,2016,,77.1,,,,,
dataflow,ESTAT:SDG_03_20(1.0),Share of people with good or very good perceived health by sex,A,Annual,PC,Percentage,TOTAL,Total,Y_GE16,16 years or over,T,Total,VG_G,Very good or good,NO,Norway,2017,,77.4,,,,,
dataflow,ESTAT:SDG_03_20(1.0),Share of people with good or very good perceived health by sex,A,Annual,PC,Percentage,TOTAL,Total,Y_GE16,16 years or over,T,Total,VG_G,Very good or good,NO,Norway,2018,,76.6,,,,,
dataflow,ESTAT:SDG_03_20(1.0),Share of people with good or very good perceived health by sex,A,Annual,PC,Percentage,TOTAL,Total,Y_GE16,16 years or over,T,Total,VG_G,Very good or good,NO,Norway,2019,,72.7,,,,,
dataflow,ESTAT:SDG_03_20(1.0),Share of people with good or very good perceived health by sex,A,Annual,PC,Percentage,TOTAL,Total,Y_GE16,16 years or over,T,Total,VG_G,Very good or good,NO,Norway,2020,,74.7,,,,,
dataflow,ESTAT:SDG_03_20(1.0),Share of people with good or very good perceived health by sex,A,Annual,PC,Percentage,TOTAL,Total,Y_GE16,16 years or over,T,Total,VG_G,Very good or good,NO,Norway,2021,,74.6,,b,break in time series,,
dataflow,ESTAT:SDG_03_20(1.0),Share of people with good or very good perceived health by sex,A,Annual,PC,Percentage,TOTAL,Total,Y_GE16,16 years or over,T,Total,VG_G,Very good or good,NO,Norway,2022,,74.0,,,,,
dataflow,ESTAT:SDG_03_20(1.0),Share of people with good or very good perceived health by sex,A,Annual,PC,Percentage,TOTAL,Total,Y_GE16,16 years or over,T,Total,VG_G,Very good or good,NO,Norway,2023,,73.9,,,,,
dataflow,ESTAT:SDG_03_20(1.0),Share of people with good or very good perceived health by sex,A,Annual,PC,Percentage,TOTAL,Total,Y_GE16,16 years or over,T,Total,VG_G,Very good or good,NO,Norway,2024,,74.3,,,,,
dataflow,ESTAT:SDG_03_20(1.0),Share of people with good or very good perceived health by sex,A,Annual,PC,Percentage,TOTAL,Total,Y_GE16,16 years or over,T,Total,VG_G,Very good or good,NO,Norway,2025,,73.7,,,,,
dataflow,ESTAT:SDG_03_20(1.0),Share of people with good or very good perceived health by sex,A,Annual,PC,Percentage,TOTAL,Total,Y_GE16,16 years or over,T,Total,VG_G,Very good or good,PL,Poland,2005,,54.5,,,,,
dataflow,ESTAT:SDG_03_20(1.0),Share of people with good or very good perceived health by sex,A,Annual,PC,Percentage,TOTAL,Total,Y_GE16,16 years or over,T,Total,VG_G,Very good or good,PL,Poland,2006,,54.7,,,,,
dataflow,ESTAT:SDG_03_20(1.0),Share of people with good or very good perceived health by sex,A,Annual,PC,Percentage,TOTAL,Total,Y_GE16,16 years or over,T,Total,VG_G,Very good or good,PL,Poland,2007,,57.0,,,,,
dataflow,ESTAT:SDG_03_20(1.0),Share of people with good or very good perceived health by sex,A,Annual,PC,Percentage,TOTAL,Total,Y_GE16,16 years or over,T,Total,VG_G,Very good or good,PL,Poland,2008,,57.7,,,,,
dataflow,ESTAT:SDG_03_20(1.0),Share of people with good or very good perceived health by sex,A,Annual,PC,Percentage,TOTAL,Total,Y_GE16,16 years or over,T,Total,VG_G,Very good or good,PL,Poland,2009,,56.3,,,,,
dataflow,ESTAT:SDG_03_20(1.0),Share of people with good or very good perceived health by sex,A,Annual,PC,Percentage,TOTAL,Total,Y_GE16,16 years or over,T,Total,VG_G,Very good or good,PL,Poland,2010,,57.9,,,,,
dataflow,ESTAT:SDG_03_20(1.0),Share of people with good or very good perceived health by sex,A,Annual,PC,Percentage,TOTAL,Total,Y_GE16,16 years or over,T,Total,VG_G,Very good or good,PL,Poland,2011,,57.8,,,,,
dataflow,ESTAT:SDG_03_20(1.0),Share of people with good or very good perceived health by sex,A,Annual,PC,Percentage,TOTAL,Total,Y_GE16,16 years or over,T,Total,VG_G,Very good or good,PL,Poland,2012,,57.8,,,,,
dataflow,ESTAT:SDG_03_20(1.0),Share of people with good or very good perceived health by sex,A,Annual,PC,Percentage,TOTAL,Total,Y_GE16,16 years or over,T,Total,VG_G,Very good or good,PL,Poland,2013,,58.4,,,,,
dataflow,ESTAT:SDG_03_20(1.0),Share of people with good or very good perceived health by sex,A,Annual,PC,Percentage,TOTAL,Total,Y_GE16,16 years or over,T,Total,VG_G,Very good or good,PL,Poland,2014,,58.3,,,,,
dataflow,ESTAT:SDG_03_20(1.0),Share of people with good or very good perceived health by sex,A,Annual,PC,Percentage,TOTAL,Total,Y_GE16,16 years or over,T,Total,VG_G,Very good or good,PL,Poland,2015,,57.9,,,,,
dataflow,ESTAT:SDG_03_20(1.0),Share of people with good or very good perceived health by sex,A,Annual,PC,Percentage,TOTAL,Total,Y_GE16,16 years or over,T,Total,VG_G,Very good or good,PL,Poland,2016,,58.5,,,,,
dataflow,ESTAT:SDG_03_20(1.0),Share of people with good or very good perceived health by sex,A,Annual,PC,Percentage,TOTAL,Total,Y_GE16,16 years or over,T,Total,VG_G,Very good or good,PL,Poland,2017,,58.9,,,,,
dataflow,ESTAT:SDG_03_20(1.0),Share of people with good or very good perceived health by sex,A,Annual,PC,Percentage,TOTAL,Total,Y_GE16,16 years or over,T,Total,VG_G,Very good or good,PL,Poland,2018,,59.2,,,,,
dataflow,ESTAT:SDG_03_20(1.0),Share of people with good or very good perceived health by sex,A,Annual,PC,Percentage,TOTAL,Total,Y_GE16,16 years or over,T,Total,VG_G,Very good or good,PL,Poland,2019,,59.9,,,,,
dataflow,ESTAT:SDG_03_20(1.0),Share of people with good or very good perceived health by sex,A,Annual,PC,Percentage,TOTAL,Total,Y_GE16,16 years or over,T,Total,VG_G,Very good or good,PL,Poland,2020,,61.6,,,,,
dataflow,ESTAT:SDG_03_20(1.0),Share of people with good or very good perceived health by sex,A,Annual,PC,Percentage,TOTAL,Total,Y_GE16,16 years or over,T,Total,VG_G,Very good or good,PL,Poland,2021,,64.4,,,,,
dataflow,ESTAT:SDG_03_20(1.0),Share of people with good or very good perceived health by sex,A,Annual,PC,Percentage,TOTAL,Total,Y_GE16,16 years or over,T,Total,VG_G,Very good or good,PL,Poland,2022,,62.3,,,,,
dataflow,ESTAT:SDG_03_20(1.0),Share of people with good or very good perceived health by sex,A,Annual,PC,Percentage,TOTAL,Total,Y_GE16,16 years or over,T,Total,VG_G,Very good or good,PL,Poland,2023,,62.7,,,,,
dataflow,ESTAT:SDG_03_20(1.0),Share of people with good or very good perceived health by sex,A,Annual,PC,Percentage,TOTAL,Total,Y_GE16,16 years or over,T,Total,VG_G,Very good or good,PL,Poland,2024,,64.3,,,,,
dataflow,ESTAT:SDG_03_20(1.0),Share of people with good or very good perceived health by sex,A,Annual,PC,Percentage,TOTAL,Total,Y_GE16,16 years or over,T,Total,VG_G,Very good or good,PL,Poland,2025,,64.2,,,,,
dataflow,ESTAT:SDG_03_20(1.0),Share of people with good or very good perceived health by sex,A,Annual,PC,Percentage,TOTAL,Total,Y_GE16,16 years or over,T,Total,VG_G,Very good or good,PT,Portugal,2005,,45.9,,,,,
dataflow,ESTAT:SDG_03_20(1.0),Share of people with good or very good perceived health by sex,A,Annual,PC,Percentage,TOTAL,Total,Y_GE16,16 years or over,T,Total,VG_G,Very good or good,PT,Portugal,2006,,48.1,,,,,
dataflow,ESTAT:SDG_03_20(1.0),Share of people with good or very good perceived health by sex,A,Annual,PC,Percentage,TOTAL,Total,Y_GE16,16 years or over,T,Total,VG_G,Very good or good,PT,Portugal,2007,,45.9,,,,,
dataflow,ESTAT:SDG_03_20(1.0),Share of people with good or very good perceived health by sex,A,Annual,PC,Percentage,TOTAL,Total,Y_GE16,16 years or over,T,Total,VG_G,Very good or good,PT,Portugal,2008,,48.5,,,,,
dataflow,ESTAT:SDG_03_20(1.0),Share of people with good or very good perceived health by sex,A,Annual,PC,Percentage,TOTAL,Total,Y_GE16,16 years or over,T,Total,VG_G,Very good or good,PT,Portugal,2009,,47.8,,,,,
dataflow,ESTAT:SDG_03_20(1.0),Share of people with good or very good perceived health by sex,A,Annual,PC,Percentage,TOTAL,Total,Y_GE16,16 years or over,T,Total,VG_G,Very good or good,PT,Portugal,2010,,49.3,,,,,
dataflow,ESTAT:SDG_03_20(1.0),Share of people with good or very good perceived health by sex,A,Annual,PC,Percentage,TOTAL,Total,Y_GE16,16 years or over,T,Total,VG_G,Very good or good,PT,Portugal,2011,,49.7,,,,,
dataflow,ESTAT:SDG_03_20(1.0),Share of people with good or very good perceived health by sex,A,Annual,PC,Percentage,TOTAL,Total,Y_GE16,16 years or over,T,Total,VG_G,Very good or good,PT,Portugal,2012,,48.1,,,,,
dataflow,ESTAT:SDG_03_20(1.0),Share of people with good or very good perceived health by sex,A,Annual,PC,Percentage,TOTAL,Total,Y_GE16,16 years or over,T,Total,VG_G,Very good or good,PT,Portugal,2013,,46.2,,,,,
dataflow,ESTAT:SDG_03_20(1.0),Share of people with good or very good perceived health by sex,A,Annual,PC,Percentage,TOTAL,Total,Y_GE16,16 years or over,T,Total,VG_G,Very good or good,PT,Portugal,2014,,46.0,,,,,
dataflow,ESTAT:SDG_03_20(1.0),Share of people with good or very good perceived health by sex,A,Annual,PC,Percentage,TOTAL,Total,Y_GE16,16 years or over,T,Total,VG_G,Very good or good,PT,Portugal,2015,,46.5,,,,,
dataflow,ESTAT:SDG_03_20(1.0),Share of people with good or very good perceived health by sex,A,Annual,PC,Percentage,TOTAL,Total,Y_GE16,16 years or over,T,Total,VG_G,Very good or good,PT,Portugal,2016,,47.7,,,,,
dataflow,ESTAT:SDG_03_20(1.0),Share of people with good or very good perceived health by sex,A,Annual,PC,Percentage,TOTAL,Total,Y_GE16,16 years or over,T,Total,VG_G,Very good or good,PT,Portugal,2017,,48.9,,,,,
dataflow,ESTAT:SDG_03_20(1.0),Share of people with good or very good perceived health by sex,A,Annual,PC,Percentage,TOTAL,Total,Y_GE16,16 years or over,T,Total,VG_G,Very good or good,PT,Portugal,2018,,49.3,,,,,
dataflow,ESTAT:SDG_03_20(1.0),Share of people with good or very good perceived health by sex,A,Annual,PC,Percentage,TOTAL,Total,Y_GE16,16 years or over,T,Total,VG_G,Very good or good,PT,Portugal,2019,,50.1,,,,,
dataflow,ESTAT:SDG_03_20(1.0),Share of people with good or very good perceived health by sex,A,Annual,PC,Percentage,TOTAL,Total,Y_GE16,16 years or over,T,Total,VG_G,Very good or good,PT,Portugal,2020,,51.3,,,,,
dataflow,ESTAT:SDG_03_20(1.0),Share of people with good or very good perceived health by sex,A,Annual,PC,Percentage,TOTAL,Total,Y_GE16,16 years or over,T,Total,VG_G,Very good or good,PT,Portugal,2021,,50.2,,,,,
dataflow,ESTAT:SDG_03_20(1.0),Share of people with good or very good perceived health by sex,A,Annual,PC,Percentage,TOTAL,Total,Y_GE16,16 years or over,T,Total,VG_G,Very good or good,PT,Portugal,2022,,49.5,,,,,
dataflow,ESTAT:SDG_03_20(1.0),Share of people with good or very good perceived health by sex,A,Annual,PC,Percentage,TOTAL,Total,Y_GE16,16 years or over,T,Total,VG_G,Very good or good,PT,Portugal,2023,,51.0,,,,,
dataflow,ESTAT:SDG_03_20(1.0),Share of people with good or very good perceived health by sex,A,Annual,PC,Percentage,TOTAL,Total,Y_GE16,16 years or over,T,Total,VG_G,Very good or good,PT,Portugal,2024,,53.6,,,,,
dataflow,ESTAT:SDG_03_20(1.0),Share of people with good or very good perceived health by sex,A,Annual,PC,Percentage,TOTAL,Total,Y_GE16,16 years or over,T,Total,VG_G,Very good or good,PT,Portugal,2025,,52.7,,,,,
dataflow,ESTAT:SDG_03_20(1.0),Share of people with good or very good perceived health by sex,A,Annual,PC,Percentage,TOTAL,Total,Y_GE16,16 years or over,T,Total,VG_G,Very good or good,RO,Romania,2005,,69.0,,,,,
dataflow,ESTAT:SDG_03_20(1.0),Share of people with good or very good perceived health by sex,A,Annual,PC,Percentage,TOTAL,Total,Y_GE16,16 years or over,T,Total,VG_G,Very good or good,RO,Romania,2006,,69.0,,,,,
dataflow,ESTAT:SDG_03_20(1.0),Share of people with good or very good perceived health by sex,A,Annual,PC,Percentage,TOTAL,Total,Y_GE16,16 years or over,T,Total,VG_G,Very good or good,RO,Romania,2007,,67.7,,,,,
dataflow,ESTAT:SDG_03_20(1.0),Share of people with good or very good perceived health by sex,A,Annual,PC,Percentage,TOTAL,Total,Y_GE16,16 years or over,T,Total,VG_G,Very good or good,RO,Romania,2008,,68.3,,,,,
dataflow,ESTAT:SDG_03_20(1.0),Share of people with good or very good perceived health by sex,A,Annual,PC,Percentage,TOTAL,Total,Y_GE16,16 years or over,T,Total,VG_G,Very good or good,RO,Romania,2009,,68.3,,,,,
dataflow,ESTAT:SDG_03_20(1.0),Share of people with good or very good perceived health by sex,A,Annual,PC,Percentage,TOTAL,Total,Y_GE16,16 years or over,T,Total,VG_G,Very good or good,RO,Romania,2010,,68.6,,,,,
dataflow,ESTAT:SDG_03_20(1.0),Share of people with good or very good perceived health by sex,A,Annual,PC,Percentage,TOTAL,Total,Y_GE16,16 years or over,T,Total,VG_G,Very good or good,RO,Romania,2011,,68.0,,,,,
dataflow,ESTAT:SDG_03_20(1.0),Share of people with good or very good perceived health by sex,A,Annual,PC,Percentage,TOTAL,Total,Y_GE16,16 years or over,T,Total,VG_G,Very good or good,RO,Romania,2012,,68.0,,,,,
dataflow,ESTAT:SDG_03_20(1.0),Share of people with good or very good perceived health by sex,A,Annual,PC,Percentage,TOTAL,Total,Y_GE16,16 years or over,T,Total,VG_G,Very good or good,RO,Romania,2013,,68.8,,,,,
dataflow,ESTAT:SDG_03_20(1.0),Share of people with good or very good perceived health by sex,A,Annual,PC,Percentage,TOTAL,Total,Y_GE16,16 years or over,T,Total,VG_G,Very good or good,RO,Romania,2014,,69.2,,,,,
dataflow,ESTAT:SDG_03_20(1.0),Share of people with good or very good perceived health by sex,A,Annual,PC,Percentage,TOTAL,Total,Y_GE16,16 years or over,T,Total,VG_G,Very good or good,RO,Romania,2015,,70.0,,,,,
dataflow,ESTAT:SDG_03_20(1.0),Share of people with good or very good perceived health by sex,A,Annual,PC,Percentage,TOTAL,Total,Y_GE16,16 years or over,T,Total,VG_G,Very good or good,RO,Romania,2016,,70.5,,,,,
dataflow,ESTAT:SDG_03_20(1.0),Share of people with good or very good perceived health by sex,A,Annual,PC,Percentage,TOTAL,Total,Y_GE16,16 years or over,T,Total,VG_G,Very good or good,RO,Romania,2017,,70.9,,,,,
dataflow,ESTAT:SDG_03_20(1.0),Share of people with good or very good perceived health by sex,A,Annual,PC,Percentage,TOTAL,Total,Y_GE16,16 years or over,T,Total,VG_G,Very good or good,RO,Romania,2018,,70.6,,,,,
dataflow,ESTAT:SDG_03_20(1.0),Share of people with good or very good perceived health by sex,A,Annual,PC,Percentage,TOTAL,Total,Y_GE16,16 years or over,T,Total,VG_G,Very good or good,RO,Romania,2019,,71.2,,,,,
dataflow,ESTAT:SDG_03_20(1.0),Share of people with good or very good perceived health by sex,A,Annual,PC,Percentage,TOTAL,Total,Y_GE16,16 years or over,T,Total,VG_G,Very good or good,RO,Romania,2020,,73.0,,,,,
dataflow,ESTAT:SDG_03_20(1.0),Share of people with good or very good perceived health by sex,A,Annual,PC,Percentage,TOTAL,Total,Y_GE16,16 years or over,T,Total,VG_G,Very good or good,RO,Romania,2021,,72.8,,,,,
dataflow,ESTAT:SDG_03_20(1.0),Share of people with good or very good perceived health by sex,A,Annual,PC,Percentage,TOTAL,Total,Y_GE16,16 years or over,T,Total,VG_G,Very good or good,RO,Romania,2022,,73.3,,,,,
dataflow,ESTAT:SDG_03_20(1.0),Share of people with good or very good perceived health by sex,A,Annual,PC,Percentage,TOTAL,Total,Y_GE16,16 years or over,T,Total,VG_G,Very good or good,RO,Romania,2023,,72.1,,,,,
dataflow,ESTAT:SDG_03_20(1.0),Share of people with good or very good perceived health by sex,A,Annual,PC,Percentage,TOTAL,Total,Y_GE16,16 years or over,T,Total,VG_G,Very good or good,RO,Romania,2024,,75.5,,,,,
dataflow,ESTAT:SDG_03_20(1.0),Share of people with good or very good perceived health by sex,A,Annual,PC,Percentage,TOTAL,Total,Y_GE16,16 years or over,T,Total,VG_G,Very good or good,RO,Romania,2025,,73.3,,,,,
dataflow,ESTAT:SDG_03_20(1.0),Share of people with good or very good perceived health by sex,A,Annual,PC,Percentage,TOTAL,Total,Y_GE16,16 years or over,T,Total,VG_G,Very good or good,RS,Serbia,2013,,49.5,,,,,
dataflow,ESTAT:SDG_03_20(1.0),Share of people with good or very good perceived health by sex,A,Annual,PC,Percentage,TOTAL,Total,Y_GE16,16 years or over,T,Total,VG_G,Very good or good,RS,Serbia,2014,,57.4,,,,,
dataflow,ESTAT:SDG_03_20(1.0),Share of people with good or very good perceived health by sex,A,Annual,PC,Percentage,TOTAL,Total,Y_GE16,16 years or over,T,Total,VG_G,Very good or good,RS,Serbia,2015,,56.8,,,,,
dataflow,ESTAT:SDG_03_20(1.0),Share of people with good or very good perceived health by sex,A,Annual,PC,Percentage,TOTAL,Total,Y_GE16,16 years or over,T,Total,VG_G,Very good or good,RS,Serbia,2016,,57.2,,,,,
dataflow,ESTAT:SDG_03_20(1.0),Share of people with good or very good perceived health by sex,A,Annual,PC,Percentage,TOTAL,Total,Y_GE16,16 years or over,T,Total,VG_G,Very good or good,RS,Serbia,2017,,54.5,,,,,
dataflow,ESTAT:SDG_03_20(1.0),Share of people with good or very good perceived health by sex,A,Annual,PC,Percentage,TOTAL,Total,Y_GE16,16 years or over,T,Total,VG_G,Very good or good,RS,Serbia,2018,,56.4,,,,,
dataflow,ESTAT:SDG_03_20(1.0),Share of people with good or very good perceived health by sex,A,Annual,PC,Percentage,TOTAL,Total,Y_GE16,16 years or over,T,Total,VG_G,Very good or good,RS,Serbia,2019,,57.8,,,,,
dataflow,ESTAT:SDG_03_20(1.0),Share of people with good or very good perceived health by sex,A,Annual,PC,Percentage,TOTAL,Total,Y_GE16,16 years or over,T,Total,VG_G,Very good or good,RS,Serbia,2020,,62.7,,,,,
dataflow,ESTAT:SDG_03_20(1.0),Share of people with good or very good perceived health by sex,A,Annual,PC,Percentage,TOTAL,Total,Y_GE16,16 years or over,T,Total,VG_G,Very good or good,RS,Serbia,2021,,62.6,,,,,
dataflow,ESTAT:SDG_03_20(1.0),Share of people with good or very good perceived health by sex,A,Annual,PC,Percentage,TOTAL,Total,Y_GE16,16 years or over,T,Total,VG_G,Very good or good,RS,Serbia,2022,,64.5,,,,,
dataflow,ESTAT:SDG_03_20(1.0),Share of people with good or very good perceived health by sex,A,Annual,PC,Percentage,TOTAL,Total,Y_GE16,16 years or over,T,Total,VG_G,Very good or good,RS,Serbia,2023,,63.4,,,,,
dataflow,ESTAT:SDG_03_20(1.0),Share of people with good or very good perceived health by sex,A,Annual,PC,Percentage,TOTAL,Total,Y_GE16,16 years or over,T,Total,VG_G,Very good or good,RS,Serbia,2024,,64.2,,,,,
dataflow,ESTAT:SDG_03_20(1.0),Share of people with good or very good perceived health by sex,A,Annual,PC,Percentage,TOTAL,Total,Y_GE16,16 years or over,T,Total,VG_G,Very good or good,RS,Serbia,2025,,63.0,,,,,
dataflow,ESTAT:SDG_03_20(1.0),Share of people with good or very good perceived health by sex,A,Annual,PC,Percentage,TOTAL,Total,Y_GE16,16 years or over,T,Total,VG_G,Very good or good,SE,Sweden,2005,,75.3,,,,,
dataflow,ESTAT:SDG_03_20(1.0),Share of people with good or very good perceived health by sex,A,Annual,PC,Percentage,TOTAL,Total,Y_GE16,16 years or over,T,Total,VG_G,Very good or good,SE,Sweden,2006,,76.0,,,,,
dataflow,ESTAT:SDG_03_20(1.0),Share of people with good or very good perceived health by sex,A,Annual,PC,Percentage,TOTAL,Total,Y_GE16,16 years or over,T,Total,VG_G,Very good or good,SE,Sweden,2007,,77.7,,,,,
dataflow,ESTAT:SDG_03_20(1.0),Share of people with good or very good perceived health by sex,A,Annual,PC,Percentage,TOTAL,Total,Y_GE16,16 years or over,T,Total,VG_G,Very good or good,SE,Sweden,2008,,76.9,,,,,
dataflow,ESTAT:SDG_03_20(1.0),Share of people with good or very good perceived health by sex,A,Annual,PC,Percentage,TOTAL,Total,Y_GE16,16 years or over,T,Total,VG_G,Very good or good,SE,Sweden,2009,,78.2,,,,,
dataflow,ESTAT:SDG_03_20(1.0),Share of people with good or very good perceived health by sex,A,Annual,PC,Percentage,TOTAL,Total,Y_GE16,16 years or over,T,Total,VG_G,Very good or good,SE,Sweden,2010,,78.4,,,,,
dataflow,ESTAT:SDG_03_20(1.0),Share of people with good or very good perceived health by sex,A,Annual,PC,Percentage,TOTAL,Total,Y_GE16,16 years or over,T,Total,VG_G,Very good or good,SE,Sweden,2011,,78.4,,,,,
dataflow,ESTAT:SDG_03_20(1.0),Share of people with good or very good perceived health by sex,A,Annual,PC,Percentage,TOTAL,Total,Y_GE16,16 years or over,T,Total,VG_G,Very good or good,SE,Sweden,2012,,79.7,,,,,
dataflow,ESTAT:SDG_03_20(1.0),Share of people with good or very good perceived health by sex,A,Annual,PC,Percentage,TOTAL,Total,Y_GE16,16 years or over,T,Total,VG_G,Very good or good,SE,Sweden,2013,,79.7,,,,,
dataflow,ESTAT:SDG_03_20(1.0),Share of people with good or very good perceived health by sex,A,Annual,PC,Percentage,TOTAL,Total,Y_GE16,16 years or over,T,Total,VG_G,Very good or good,SE,Sweden,2014,,78.5,,,,,
dataflow,ESTAT:SDG_03_20(1.0),Share of people with good or very good perceived health by sex,A,Annual,PC,Percentage,TOTAL,Total,Y_GE16,16 years or over,T,Total,VG_G,Very good or good,SE,Sweden,2015,,77.6,,,,,
dataflow,ESTAT:SDG_03_20(1.0),Share of people with good or very good perceived health by sex,A,Annual,PC,Percentage,TOTAL,Total,Y_GE16,16 years or over,T,Total,VG_G,Very good or good,SE,Sweden,2016,,75.1,,,,,
dataflow,ESTAT:SDG_03_20(1.0),Share of people with good or very good perceived health by sex,A,Annual,PC,Percentage,TOTAL,Total,Y_GE16,16 years or over,T,Total,VG_G,Very good or good,SE,Sweden,2017,,76.6,,,,,
dataflow,ESTAT:SDG_03_20(1.0),Share of people with good or very good perceived health by sex,A,Annual,PC,Percentage,TOTAL,Total,Y_GE16,16 years or over,T,Total,VG_G,Very good or good,SE,Sweden,2018,,76.1,,,,,
dataflow,ESTAT:SDG_03_20(1.0),Share of people with good or very good perceived health by sex,A,Annual,PC,Percentage,TOTAL,Total,Y_GE16,16 years or over,T,Total,VG_G,Very good or good,SE,Sweden,2019,,76.0,,,,,
dataflow,ESTAT:SDG_03_20(1.0),Share of people with good or very good perceived health by sex,A,Annual,PC,Percentage,TOTAL,Total,Y_GE16,16 years or over,T,Total,VG_G,Very good or good,SE,Sweden,2020,,76.5,,,,,
dataflow,ESTAT:SDG_03_20(1.0),Share of people with good or very good perceived health by sex,A,Annual,PC,Percentage,TOTAL,Total,Y_GE16,16 years or over,T,Total,VG_G,Very good or good,SE,Sweden,2021,,72.4,,,,,
dataflow,ESTAT:SDG_03_20(1.0),Share of people with good or very good perceived health by sex,A,Annual,PC,Percentage,TOTAL,Total,Y_GE16,16 years or over,T,Total,VG_G,Very good or good,SE,Sweden,2022,,66.7,,,,,
dataflow,ESTAT:SDG_03_20(1.0),Share of people with good or very good perceived health by sex,A,Annual,PC,Percentage,TOTAL,Total,Y_GE16,16 years or over,T,Total,VG_G,Very good or good,SE,Sweden,2023,,67.3,,,,,
dataflow,ESTAT:SDG_03_20(1.0),Share of people with good or very good perceived health by sex,A,Annual,PC,Percentage,TOTAL,Total,Y_GE16,16 years or over,T,Total,VG_G,Very good or good,SE,Sweden,2024,,66.6,,,,,
dataflow,ESTAT:SDG_03_20(1.0),Share of people with good or very good perceived health by sex,A,Annual,PC,Percentage,TOTAL,Total,Y_GE16,16 years or over,T,Total,VG_G,Very good or good,SE,Sweden,2025,,64.3,,,,,
dataflow,ESTAT:SDG_03_20(1.0),Share of people with good or very good perceived health by sex,A,Annual,PC,Percentage,TOTAL,Total,Y_GE16,16 years or over,T,Total,VG_G,Very good or good,SI,Slovenia,2005,,53.6,,,,,
dataflow,ESTAT:SDG_03_20(1.0),Share of people with good or very good perceived health by sex,A,Annual,PC,Percentage,TOTAL,Total,Y_GE16,16 years or over,T,Total,VG_G,Very good or good,SI,Slovenia,2006,,56.4,,,,,
dataflow,ESTAT:SDG_03_20(1.0),Share of people with good or very good perceived health by sex,A,Annual,PC,Percentage,TOTAL,Total,Y_GE16,16 years or over,T,Total,VG_G,Very good or good,SI,Slovenia,2007,,57.9,,,,,
dataflow,ESTAT:SDG_03_20(1.0),Share of people with good or very good perceived health by sex,A,Annual,PC,Percentage,TOTAL,Total,Y_GE16,16 years or over,T,Total,VG_G,Very good or good,SI,Slovenia,2008,,58.8,,,,,
dataflow,ESTAT:SDG_03_20(1.0),Share of people with good or very good perceived health by sex,A,Annual,PC,Percentage,TOTAL,Total,Y_GE16,16 years or over,T,Total,VG_G,Very good or good,SI,Slovenia,2009,,60.0,,,,,
dataflow,ESTAT:SDG_03_20(1.0),Share of people with good or very good perceived health by sex,A,Annual,PC,Percentage,TOTAL,Total,Y_GE16,16 years or over,T,Total,VG_G,Very good or good,SI,Slovenia,2010,,59.7,,,,,
dataflow,ESTAT:SDG_03_20(1.0),Share of people with good or very good perceived health by sex,A,Annual,PC,Percentage,TOTAL,Total,Y_GE16,16 years or over,T,Total,VG_G,Very good or good,SI,Slovenia,2011,,60.5,,,,,
dataflow,ESTAT:SDG_03_20(1.0),Share of people with good or very good perceived health by sex,A,Annual,PC,Percentage,TOTAL,Total,Y_GE16,16 years or over,T,Total,VG_G,Very good or good,SI,Slovenia,2012,,63.1,,,,,
dataflow,ESTAT:SDG_03_20(1.0),Share of people with good or very good perceived health by sex,A,Annual,PC,Percentage,TOTAL,Total,Y_GE16,16 years or over,T,Total,VG_G,Very good or good,SI,Slovenia,2013,,64.8,,,,,
dataflow,ESTAT:SDG_03_20(1.0),Share of people with good or very good perceived health by sex,A,Annual,PC,Percentage,TOTAL,Total,Y_GE16,16 years or over,T,Total,VG_G,Very good or good,SI,Slovenia,2014,,64.8,,,,,
dataflow,ESTAT:SDG_03_20(1.0),Share of people with good or very good perceived health by sex,A,Annual,PC,Percentage,TOTAL,Total,Y_GE16,16 years or over,T,Total,VG_G,Very good or good,SI,Slovenia,2015,,64.8,,,,,
dataflow,ESTAT:SDG_03_20(1.0),Share of people with good or very good perceived health by sex,A,Annual,PC,Percentage,TOTAL,Total,Y_GE16,16 years or over,T,Total,VG_G,Very good or good,SI,Slovenia,2016,,64.5,,,,,
dataflow,ESTAT:SDG_03_20(1.0),Share of people with good or very good perceived health by sex,A,Annual,PC,Percentage,TOTAL,Total,Y_GE16,16 years or over,T,Total,VG_G,Very good or good,SI,Slovenia,2017,,65.3,,,,,
dataflow,ESTAT:SDG_03_20(1.0),Share of people with good or very good perceived health by sex,A,Annual,PC,Percentage,TOTAL,Total,Y_GE16,16 years or over,T,Total,VG_G,Very good or good,SI,Slovenia,2018,,65.4,,,,,
dataflow,ESTAT:SDG_03_20(1.0),Share of people with good or very good perceived health by sex,A,Annual,PC,Percentage,TOTAL,Total,Y_GE16,16 years or over,T,Total,VG_G,Very good or good,SI,Slovenia,2019,,66.7,,,,,
dataflow,ESTAT:SDG_03_20(1.0),Share of people with good or very good perceived health by sex,A,Annual,PC,Percentage,TOTAL,Total,Y_GE16,16 years or over,T,Total,VG_G,Very good or good,SI,Slovenia,2020,,67.2,,,,,
dataflow,ESTAT:SDG_03_20(1.0),Share of people with good or very good perceived health by sex,A,Annual,PC,Percentage,TOTAL,Total,Y_GE16,16 years or over,T,Total,VG_G,Very good or good,SI,Slovenia,2021,,69.1,,,,,
dataflow,ESTAT:SDG_03_20(1.0),Share of people with good or very good perceived health by sex,A,Annual,PC,Percentage,TOTAL,Total,Y_GE16,16 years or over,T,Total,VG_G,Very good or good,SI,Slovenia,2022,,67.8,,,,,
dataflow,ESTAT:SDG_03_20(1.0),Share of people with good or very good perceived health by sex,A,Annual,PC,Percentage,TOTAL,Total,Y_GE16,16 years or over,T,Total,VG_G,Very good or good,SI,Slovenia,2023,,65.7,,,,,
dataflow,ESTAT:SDG_03_20(1.0),Share of people with good or very good perceived health by sex,A,Annual,PC,Percentage,TOTAL,Total,Y_GE16,16 years or over,T,Total,VG_G,Very good or good,SI,Slovenia,2024,,66.2,,,,,
dataflow,ESTAT:SDG_03_20(1.0),Share of people with good or very good perceived health by sex,A,Annual,PC,Percentage,TOTAL,Total,Y_GE16,16 years or over,T,Total,VG_G,Very good or good,SI,Slovenia,2025,,63.3,,,,,
dataflow,ESTAT:SDG_03_20(1.0),Share of people with good or very good perceived health by sex,A,Annual,PC,Percentage,TOTAL,Total,Y_GE16,16 years or over,T,Total,VG_G,Very good or good,SK,Slovakia,2005,,52.2,,,,,
dataflow,ESTAT:SDG_03_20(1.0),Share of people with good or very good perceived health by sex,A,Annual,PC,Percentage,TOTAL,Total,Y_GE16,16 years or over,T,Total,VG_G,Very good or good,SK,Slovakia,2006,,52.2,,,,,
dataflow,ESTAT:SDG_03_20(1.0),Share of people with good or very good perceived health by sex,A,Annual,PC,Percentage,TOTAL,Total,Y_GE16,16 years or over,T,Total,VG_G,Very good or good,SK,Slovakia,2007,,53.1,,,,,
dataflow,ESTAT:SDG_03_20(1.0),Share of people with good or very good perceived health by sex,A,Annual,PC,Percentage,TOTAL,Total,Y_GE16,16 years or over,T,Total,VG_G,Very good or good,SK,Slovakia,2008,,59.7,,,,,
dataflow,ESTAT:SDG_03_20(1.0),Share of people with good or very good perceived health by sex,A,Annual,PC,Percentage,TOTAL,Total,Y_GE16,16 years or over,T,Total,VG_G,Very good or good,SK,Slovakia,2009,,62.1,,,,,
dataflow,ESTAT:SDG_03_20(1.0),Share of people with good or very good perceived health by sex,A,Annual,PC,Percentage,TOTAL,Total,Y_GE16,16 years or over,T,Total,VG_G,Very good or good,SK,Slovakia,2010,,63.7,,,,,
dataflow,ESTAT:SDG_03_20(1.0),Share of people with good or very good perceived health by sex,A,Annual,PC,Percentage,TOTAL,Total,Y_GE16,16 years or over,T,Total,VG_G,Very good or good,SK,Slovakia,2011,,63.4,,,,,
dataflow,ESTAT:SDG_03_20(1.0),Share of people with good or very good perceived health by sex,A,Annual,PC,Percentage,TOTAL,Total,Y_GE16,16 years or over,T,Total,VG_G,Very good or good,SK,Slovakia,2012,,65.8,,,,,
dataflow,ESTAT:SDG_03_20(1.0),Share of people with good or very good perceived health by sex,A,Annual,PC,Percentage,TOTAL,Total,Y_GE16,16 years or over,T,Total,VG_G,Very good or good,SK,Slovakia,2013,,66.1,,,,,
dataflow,ESTAT:SDG_03_20(1.0),Share of people with good or very good perceived health by sex,A,Annual,PC,Percentage,TOTAL,Total,Y_GE16,16 years or over,T,Total,VG_G,Very good or good,SK,Slovakia,2014,,64.7,,,,,
dataflow,ESTAT:SDG_03_20(1.0),Share of people with good or very good perceived health by sex,A,Annual,PC,Percentage,TOTAL,Total,Y_GE16,16 years or over,T,Total,VG_G,Very good or good,SK,Slovakia,2015,,66.0,,,,,
dataflow,ESTAT:SDG_03_20(1.0),Share of people with good or very good perceived health by sex,A,Annual,PC,Percentage,TOTAL,Total,Y_GE16,16 years or over,T,Total,VG_G,Very good or good,SK,Slovakia,2016,,66.5,,,,,
dataflow,ESTAT:SDG_03_20(1.0),Share of people with good or very good perceived health by sex,A,Annual,PC,Percentage,TOTAL,Total,Y_GE16,16 years or over,T,Total,VG_G,Very good or good,SK,Slovakia,2017,,67.1,,,,,
dataflow,ESTAT:SDG_03_20(1.0),Share of people with good or very good perceived health by sex,A,Annual,PC,Percentage,TOTAL,Total,Y_GE16,16 years or over,T,Total,VG_G,Very good or good,SK,Slovakia,2018,,66.7,,,,,
dataflow,ESTAT:SDG_03_20(1.0),Share of people with good or very good perceived health by sex,A,Annual,PC,Percentage,TOTAL,Total,Y_GE16,16 years or over,T,Total,VG_G,Very good or good,SK,Slovakia,2019,,65.2,,,,,
dataflow,ESTAT:SDG_03_20(1.0),Share of people with good or very good perceived health by sex,A,Annual,PC,Percentage,TOTAL,Total,Y_GE16,16 years or over,T,Total,VG_G,Very good or good,SK,Slovakia,2020,,65.3,,,,,
dataflow,ESTAT:SDG_03_20(1.0),Share of people with good or very good perceived health by sex,A,Annual,PC,Percentage,TOTAL,Total,Y_GE16,16 years or over,T,Total,VG_G,Very good or good,SK,Slovakia,2021,,65.2,,,,,
dataflow,ESTAT:SDG_03_20(1.0),Share of people with good or very good perceived health by sex,A,Annual,PC,Percentage,TOTAL,Total,Y_GE16,16 years or over,T,Total,VG_G,Very good or good,SK,Slovakia,2022,,66.1,,,,,
dataflow,ESTAT:SDG_03_20(1.0),Share of people with good or very good perceived health by sex,A,Annual,PC,Percentage,TOTAL,Total,Y_GE16,16 years or over,T,Total,VG_G,Very good or good,SK,Slovakia,2023,,68.0,,,,,
dataflow,ESTAT:SDG_03_20(1.0),Share of people with good or very good perceived health by sex,A,Annual,PC,Percentage,TOTAL,Total,Y_GE16,16 years or over,T,Total,VG_G,Very good or good,SK,Slovakia,2024,,66.8,,,,,
dataflow,ESTAT:SDG_03_20(1.0),Share of people with good or very good perceived health by sex,A,Annual,PC,Percentage,TOTAL,Total,Y_GE16,16 years or over,T,Total,VG_G,Very good or good,SK,Slovakia,2025,,68.2,,,,,
dataflow,ESTAT:SDG_03_20(1.0),Share of people with good or very good perceived health by sex,A,Annual,PC,Percentage,TOTAL,Total,Y_GE16,16 years or over,T,Total,VG_G,Very good or good,TR,Türkiye,2006,,62.7,,,,,
dataflow,ESTAT:SDG_03_20(1.0),Share of people with good or very good perceived health by sex,A,Annual,PC,Percentage,TOTAL,Total,Y_GE16,16 years or over,T,Total,VG_G,Very good or good,TR,Türkiye,2007,,66.1,,,,,
dataflow,ESTAT:SDG_03_20(1.0),Share of people with good or very good perceived health by sex,A,Annual,PC,Percentage,TOTAL,Total,Y_GE16,16 years or over,T,Total,VG_G,Very good or good,TR,Türkiye,2008,,67.3,,,,,
dataflow,ESTAT:SDG_03_20(1.0),Share of people with good or very good perceived health by sex,A,Annual,PC,Percentage,TOTAL,Total,Y_GE16,16 years or over,T,Total,VG_G,Very good or good,TR,Türkiye,2009,,64.4,,,,,
dataflow,ESTAT:SDG_03_20(1.0),Share of people with good or very good perceived health by sex,A,Annual,PC,Percentage,TOTAL,Total,Y_GE16,16 years or over,T,Total,VG_G,Very good or good,TR,Türkiye,2010,,65.3,,,,,
dataflow,ESTAT:SDG_03_20(1.0),Share of people with good or very good perceived health by sex,A,Annual,PC,Percentage,TOTAL,Total,Y_GE16,16 years or over,T,Total,VG_G,Very good or good,TR,Türkiye,2011,,66.6,,,,,
dataflow,ESTAT:SDG_03_20(1.0),Share of people with good or very good perceived health by sex,A,Annual,PC,Percentage,TOTAL,Total,Y_GE16,16 years or over,T,Total,VG_G,Very good or good,TR,Türkiye,2012,,68.0,,,,,
dataflow,ESTAT:SDG_03_20(1.0),Share of people with good or very good perceived health by sex,A,Annual,PC,Percentage,TOTAL,Total,Y_GE16,16 years or over,T,Total,VG_G,Very good or good,TR,Türkiye,2013,,67.2,,,,,
dataflow,ESTAT:SDG_03_20(1.0),Share of people with good or very good perceived health by sex,A,Annual,PC,Percentage,TOTAL,Total,Y_GE16,16 years or over,T,Total,VG_G,Very good or good,TR,Türkiye,2014,,67.5,,,,,
dataflow,ESTAT:SDG_03_20(1.0),Share of people with good or very good perceived health by sex,A,Annual,PC,Percentage,TOTAL,Total,Y_GE16,16 years or over,T,Total,VG_G,Very good or good,TR,Türkiye,2015,,65.7,,,,,
dataflow,ESTAT:SDG_03_20(1.0),Share of people with good or very good perceived health by sex,A,Annual,PC,Percentage,TOTAL,Total,Y_GE16,16 years or over,T,Total,VG_G,Very good or good,TR,Türkiye,2016,,68.8,,,,,
dataflow,ESTAT:SDG_03_20(1.0),Share of people with good or very good perceived health by sex,A,Annual,PC,Percentage,TOTAL,Total,Y_GE16,16 years or over,T,Total,VG_G,Very good or good,TR,Türkiye,2017,,68.2,,,,,
dataflow,ESTAT:SDG_03_20(1.0),Share of people with good or very good perceived health by sex,A,Annual,PC,Percentage,TOTAL,Total,Y_GE16,16 years or over,T,Total,VG_G,Very good or good,TR,Türkiye,2018,,67.1,,,,,
dataflow,ESTAT:SDG_03_20(1.0),Share of people with good or very good perceived health by sex,A,Annual,PC,Percentage,TOTAL,Total,Y_GE16,16 years or over,T,Total,VG_G,Very good or good,TR,Türkiye,2019,,66.4,,,,,
dataflow,ESTAT:SDG_03_20(1.0),Share of people with good or very good perceived health by sex,A,Annual,PC,Percentage,TOTAL,Total,Y_GE16,16 years or over,T,Total,VG_G,Very good or good,TR,Türkiye,2020,,68.8,,,,,
dataflow,ESTAT:SDG_03_20(1.0),Share of people with good or very good perceived health by sex,A,Annual,PC,Percentage,TOTAL,Total,Y_GE16,16 years or over,T,Total,VG_G,Very good or good,TR,Türkiye,2021,,67.3,,,,,
dataflow,ESTAT:SDG_03_20(1.0),Share of people with good or very good perceived health by sex,A,Annual,PC,Percentage,TOTAL,Total,Y_GE16,16 years or over,T,Total,VG_G,Very good or good,TR,Türkiye,2022,,66.2,,,,,
dataflow,ESTAT:SDG_03_20(1.0),Share of people with good or very good perceived health by sex,A,Annual,PC,Percentage,TOTAL,Total,Y_GE16,16 years or over,T,Total,VG_G,Very good or good,TR,Türkiye,2023,,64.3,,,,,
dataflow,ESTAT:SDG_03_20(1.0),Share of people with good or very good perceived health by sex,A,Annual,PC,Percentage,TOTAL,Total,Y_GE16,16 years or over,T,Total,VG_G,Very good or good,TR,Türkiye,2024,,63.8,,,,,
dataflow,ESTAT:SDG_03_20(1.0),Share of people with good or very good perceived health by sex,A,Annual,PC,Percentage,TOTAL,Total,Y_GE16,16 years or over,T,Total,VG_G,Very good or good,TR,Türkiye,2025,,62.5,,,,,
dataflow,ESTAT:SDG_03_20(1.0),Share of people with good or very good perceived health by sex,A,Annual,PC,Percentage,TOTAL,Total,Y_GE16,16 years or over,T,Total,VG_G,Very good or good,UK,United Kingdom,2005,,74.9,,,,,
dataflow,ESTAT:SDG_03_20(1.0),Share of people with good or very good perceived health by sex,A,Annual,PC,Percentage,TOTAL,Total,Y_GE16,16 years or over,T,Total,VG_G,Very good or good,UK,United Kingdom,2006,,76.6,,,,,
dataflow,ESTAT:SDG_03_20(1.0),Share of people with good or very good perceived health by sex,A,Annual,PC,Percentage,TOTAL,Total,Y_GE16,16 years or over,T,Total,VG_G,Very good or good,UK,United Kingdom,2007,,77.4,,,,,
dataflow,ESTAT:SDG_03_20(1.0),Share of people with good or very good perceived health by sex,A,Annual,PC,Percentage,TOTAL,Total,Y_GE16,16 years or over,T,Total,VG_G,Very good or good,UK,United Kingdom,2008,,80.1,,,,,
dataflow,ESTAT:SDG_03_20(1.0),Share of people with good or very good perceived health by sex,A,Annual,PC,Percentage,TOTAL,Total,Y_GE16,16 years or over,T,Total,VG_G,Very good or good,UK,United Kingdom,2009,,79.9,,,,,
dataflow,ESTAT:SDG_03_20(1.0),Share of people with good or very good perceived health by sex,A,Annual,PC,Percentage,TOTAL,Total,Y_GE16,16 years or over,T,Total,VG_G,Very good or good,UK,United Kingdom,2010,,79.7,,,,,
dataflow,ESTAT:SDG_03_20(1.0),Share of people with good or very good perceived health by sex,A,Annual,PC,Percentage,TOTAL,Total,Y_GE16,16 years or over,T,Total,VG_G,Very good or good,UK,United Kingdom,2011,,77.5,,,,,
dataflow,ESTAT:SDG_03_20(1.0),Share of people with good or very good perceived health by sex,A,Annual,PC,Percentage,TOTAL,Total,Y_GE16,16 years or over,T,Total,VG_G,Very good or good,UK,United Kingdom,2012,,74.8,,,,,
dataflow,ESTAT:SDG_03_20(1.0),Share of people with good or very good perceived health by sex,A,Annual,PC,Percentage,TOTAL,Total,Y_GE16,16 years or over,T,Total,VG_G,Very good or good,UK,United Kingdom,2013,,73.7,,,,,
dataflow,ESTAT:SDG_03_20(1.0),Share of people with good or very good perceived health by sex,A,Annual,PC,Percentage,TOTAL,Total,Y_GE16,16 years or over,T,Total,VG_G,Very good or good,UK,United Kingdom,2014,,69.9,,,,,
dataflow,ESTAT:SDG_03_20(1.0),Share of people with good or very good perceived health by sex,A,Annual,PC,Percentage,TOTAL,Total,Y_GE16,16 years or over,T,Total,VG_G,Very good or good,UK,United Kingdom,2015,,69.8,,,,,
dataflow,ESTAT:SDG_03_20(1.0),Share of people with good or very good perceived health by sex,A,Annual,PC,Percentage,TOTAL,Total,Y_GE16,16 years or over,T,Total,VG_G,Very good or good,UK,United Kingdom,2016,,69.0,,,,,
dataflow,ESTAT:SDG_03_20(1.0),Share of people with good or very good perceived health by sex,A,Annual,PC,Percentage,TOTAL,Total,Y_GE16,16 years or over,T,Total,VG_G,Very good or good,UK,United Kingdom,2017,,74.8,,b,break in time series,,
dataflow,ESTAT:SDG_03_20(1.0),Share of people with good or very good perceived health by sex,A,Annual,PC,Percentage,TOTAL,Total,Y_GE16,16 years or over,T,Total,VG_G,Very good or good,UK,United Kingdom,2018,,73.2,,,,,
dataflow,ESTAT:SDG_03_20(1.0),Share of people with good or very good perceived health by sex,A,Annual,PC,Percentage,TOTAL,Total,Y_GE16,16 years or over,T,Total,VG_G,Very good or good,XK,Kosovo*,2018,,82.0,,,,,
