STRUCTURE,STRUCTURE_ID,STRUCTURE_NAME,freq,Time frequency,sex,Sex,age,Age class,unit,Unit of measure,isced11,International Standard Classification of Education (ISCED 2011),geo,Geopolitical entity (reporting),TIME_PERIOD,Time,OBS_VALUE,Observation value,OBS_FLAG,Observation status (Flag) V2 structure,CONF_STATUS,Confidentiality status (flag)
dataflow,ESTAT:SDG_04_20(1.0),Persons aged 25-34 with tertiary educational attainment level,A,Annual,T,Total,Y25-34,From 25 to 34 years,PC,Percentage,ED5-8,Tertiary education (levels 5-8),AT,Austria,2000,,,,u,low reliability,,
dataflow,ESTAT:SDG_04_20(1.0),Persons aged 25-34 with tertiary educational attainment level,A,Annual,T,Total,Y25-34,From 25 to 34 years,PC,Percentage,ED5-8,Tertiary education (levels 5-8),AT,Austria,2001,,,,u,low reliability,,
dataflow,ESTAT:SDG_04_20(1.0),Persons aged 25-34 with tertiary educational attainment level,A,Annual,T,Total,Y25-34,From 25 to 34 years,PC,Percentage,ED5-8,Tertiary education (levels 5-8),AT,Austria,2002,,,,u,low reliability,,
dataflow,ESTAT:SDG_04_20(1.0),Persons aged 25-34 with tertiary educational attainment level,A,Annual,T,Total,Y25-34,From 25 to 34 years,PC,Percentage,ED5-8,Tertiary education (levels 5-8),AT,Austria,2003,,,,u,low reliability,,
dataflow,ESTAT:SDG_04_20(1.0),Persons aged 25-34 with tertiary educational attainment level,A,Annual,T,Total,Y25-34,From 25 to 34 years,PC,Percentage,ED5-8,Tertiary education (levels 5-8),AT,Austria,2004,,20.1,,b,break in time series,,
dataflow,ESTAT:SDG_04_20(1.0),Persons aged 25-34 with tertiary educational attainment level,A,Annual,T,Total,Y25-34,From 25 to 34 years,PC,Percentage,ED5-8,Tertiary education (levels 5-8),AT,Austria,2005,,19.7,,,,,
dataflow,ESTAT:SDG_04_20(1.0),Persons aged 25-34 with tertiary educational attainment level,A,Annual,T,Total,Y25-34,From 25 to 34 years,PC,Percentage,ED5-8,Tertiary education (levels 5-8),AT,Austria,2006,,19.0,,b,break in time series,,
dataflow,ESTAT:SDG_04_20(1.0),Persons aged 25-34 with tertiary educational attainment level,A,Annual,T,Total,Y25-34,From 25 to 34 years,PC,Percentage,ED5-8,Tertiary education (levels 5-8),AT,Austria,2007,,18.7,,,,,
dataflow,ESTAT:SDG_04_20(1.0),Persons aged 25-34 with tertiary educational attainment level,A,Annual,T,Total,Y25-34,From 25 to 34 years,PC,Percentage,ED5-8,Tertiary education (levels 5-8),AT,Austria,2008,,19.2,,,,,
dataflow,ESTAT:SDG_04_20(1.0),Persons aged 25-34 with tertiary educational attainment level,A,Annual,T,Total,Y25-34,From 25 to 34 years,PC,Percentage,ED5-8,Tertiary education (levels 5-8),AT,Austria,2009,,21.0,,,,,
dataflow,ESTAT:SDG_04_20(1.0),Persons aged 25-34 with tertiary educational attainment level,A,Annual,T,Total,Y25-34,From 25 to 34 years,PC,Percentage,ED5-8,Tertiary education (levels 5-8),AT,Austria,2010,,20.7,,,,,
dataflow,ESTAT:SDG_04_20(1.0),Persons aged 25-34 with tertiary educational attainment level,A,Annual,T,Total,Y25-34,From 25 to 34 years,PC,Percentage,ED5-8,Tertiary education (levels 5-8),AT,Austria,2011,,20.9,,,,,
dataflow,ESTAT:SDG_04_20(1.0),Persons aged 25-34 with tertiary educational attainment level,A,Annual,T,Total,Y25-34,From 25 to 34 years,PC,Percentage,ED5-8,Tertiary education (levels 5-8),AT,Austria,2012,,22.8,,,,,
dataflow,ESTAT:SDG_04_20(1.0),Persons aged 25-34 with tertiary educational attainment level,A,Annual,T,Total,Y25-34,From 25 to 34 years,PC,Percentage,ED5-8,Tertiary education (levels 5-8),AT,Austria,2013,,24.9,,,,,
dataflow,ESTAT:SDG_04_20(1.0),Persons aged 25-34 with tertiary educational attainment level,A,Annual,T,Total,Y25-34,From 25 to 34 years,PC,Percentage,ED5-8,Tertiary education (levels 5-8),AT,Austria,2014,,38.4,,b,break in time series,,
dataflow,ESTAT:SDG_04_20(1.0),Persons aged 25-34 with tertiary educational attainment level,A,Annual,T,Total,Y25-34,From 25 to 34 years,PC,Percentage,ED5-8,Tertiary education (levels 5-8),AT,Austria,2015,,38.6,,,,,
dataflow,ESTAT:SDG_04_20(1.0),Persons aged 25-34 with tertiary educational attainment level,A,Annual,T,Total,Y25-34,From 25 to 34 years,PC,Percentage,ED5-8,Tertiary education (levels 5-8),AT,Austria,2016,,39.7,,,,,
dataflow,ESTAT:SDG_04_20(1.0),Persons aged 25-34 with tertiary educational attainment level,A,Annual,T,Total,Y25-34,From 25 to 34 years,PC,Percentage,ED5-8,Tertiary education (levels 5-8),AT,Austria,2017,,40.3,,,,,
dataflow,ESTAT:SDG_04_20(1.0),Persons aged 25-34 with tertiary educational attainment level,A,Annual,T,Total,Y25-34,From 25 to 34 years,PC,Percentage,ED5-8,Tertiary education (levels 5-8),AT,Austria,2018,,40.5,,,,,
dataflow,ESTAT:SDG_04_20(1.0),Persons aged 25-34 with tertiary educational attainment level,A,Annual,T,Total,Y25-34,From 25 to 34 years,PC,Percentage,ED5-8,Tertiary education (levels 5-8),AT,Austria,2019,,41.6,,,,,
dataflow,ESTAT:SDG_04_20(1.0),Persons aged 25-34 with tertiary educational attainment level,A,Annual,T,Total,Y25-34,From 25 to 34 years,PC,Percentage,ED5-8,Tertiary education (levels 5-8),AT,Austria,2020,,41.4,,,,,
dataflow,ESTAT:SDG_04_20(1.0),Persons aged 25-34 with tertiary educational attainment level,A,Annual,T,Total,Y25-34,From 25 to 34 years,PC,Percentage,ED5-8,Tertiary education (levels 5-8),AT,Austria,2021,,42.4,,b,break in time series,,
dataflow,ESTAT:SDG_04_20(1.0),Persons aged 25-34 with tertiary educational attainment level,A,Annual,T,Total,Y25-34,From 25 to 34 years,PC,Percentage,ED5-8,Tertiary education (levels 5-8),AT,Austria,2022,,43.1,,,,,
dataflow,ESTAT:SDG_04_20(1.0),Persons aged 25-34 with tertiary educational attainment level,A,Annual,T,Total,Y25-34,From 25 to 34 years,PC,Percentage,ED5-8,Tertiary education (levels 5-8),AT,Austria,2023,,43.5,,,,,
dataflow,ESTAT:SDG_04_20(1.0),Persons aged 25-34 with tertiary educational attainment level,A,Annual,T,Total,Y25-34,From 25 to 34 years,PC,Percentage,ED5-8,Tertiary education (levels 5-8),AT,Austria,2024,,44.1,,,,,
dataflow,ESTAT:SDG_04_20(1.0),Persons aged 25-34 with tertiary educational attainment level,A,Annual,T,Total,Y25-34,From 25 to 34 years,PC,Percentage,ED5-8,Tertiary education (levels 5-8),AT,Austria,2025,,43.7,,,,,
dataflow,ESTAT:SDG_04_20(1.0),Persons aged 25-34 with tertiary educational attainment level,A,Annual,T,Total,Y25-34,From 25 to 34 years,PC,Percentage,ED5-8,Tertiary education (levels 5-8),BA,Bosnia and Herzegovina,2021,,27.1,,b,break in time series,,
dataflow,ESTAT:SDG_04_20(1.0),Persons aged 25-34 with tertiary educational attainment level,A,Annual,T,Total,Y25-34,From 25 to 34 years,PC,Percentage,ED5-8,Tertiary education (levels 5-8),BA,Bosnia and Herzegovina,2022,,26.4,,,,,
dataflow,ESTAT:SDG_04_20(1.0),Persons aged 25-34 with tertiary educational attainment level,A,Annual,T,Total,Y25-34,From 25 to 34 years,PC,Percentage,ED5-8,Tertiary education (levels 5-8),BA,Bosnia and Herzegovina,2023,,26.6,,,,,
dataflow,ESTAT:SDG_04_20(1.0),Persons aged 25-34 with tertiary educational attainment level,A,Annual,T,Total,Y25-34,From 25 to 34 years,PC,Percentage,ED5-8,Tertiary education (levels 5-8),BA,Bosnia and Herzegovina,2024,,26.7,,,,,
dataflow,ESTAT:SDG_04_20(1.0),Persons aged 25-34 with tertiary educational attainment level,A,Annual,T,Total,Y25-34,From 25 to 34 years,PC,Percentage,ED5-8,Tertiary education (levels 5-8),BA,Bosnia and Herzegovina,2025,,27.5,,,,,
dataflow,ESTAT:SDG_04_20(1.0),Persons aged 25-34 with tertiary educational attainment level,A,Annual,T,Total,Y25-34,From 25 to 34 years,PC,Percentage,ED5-8,Tertiary education (levels 5-8),BE,Belgium,2000,,36.0,,,,,
dataflow,ESTAT:SDG_04_20(1.0),Persons aged 25-34 with tertiary educational attainment level,A,Annual,T,Total,Y25-34,From 25 to 34 years,PC,Percentage,ED5-8,Tertiary education (levels 5-8),BE,Belgium,2001,,37.5,,,,,
dataflow,ESTAT:SDG_04_20(1.0),Persons aged 25-34 with tertiary educational attainment level,A,Annual,T,Total,Y25-34,From 25 to 34 years,PC,Percentage,ED5-8,Tertiary education (levels 5-8),BE,Belgium,2002,,37.6,,,,,
dataflow,ESTAT:SDG_04_20(1.0),Persons aged 25-34 with tertiary educational attainment level,A,Annual,T,Total,Y25-34,From 25 to 34 years,PC,Percentage,ED5-8,Tertiary education (levels 5-8),BE,Belgium,2003,,38.9,,,,,
dataflow,ESTAT:SDG_04_20(1.0),Persons aged 25-34 with tertiary educational attainment level,A,Annual,T,Total,Y25-34,From 25 to 34 years,PC,Percentage,ED5-8,Tertiary education (levels 5-8),BE,Belgium,2004,,40.7,,,,,
dataflow,ESTAT:SDG_04_20(1.0),Persons aged 25-34 with tertiary educational attainment level,A,Annual,T,Total,Y25-34,From 25 to 34 years,PC,Percentage,ED5-8,Tertiary education (levels 5-8),BE,Belgium,2005,,40.6,,,,,
dataflow,ESTAT:SDG_04_20(1.0),Persons aged 25-34 with tertiary educational attainment level,A,Annual,T,Total,Y25-34,From 25 to 34 years,PC,Percentage,ED5-8,Tertiary education (levels 5-8),BE,Belgium,2006,,41.9,,,,,
dataflow,ESTAT:SDG_04_20(1.0),Persons aged 25-34 with tertiary educational attainment level,A,Annual,T,Total,Y25-34,From 25 to 34 years,PC,Percentage,ED5-8,Tertiary education (levels 5-8),BE,Belgium,2007,,41.3,,,,,
dataflow,ESTAT:SDG_04_20(1.0),Persons aged 25-34 with tertiary educational attainment level,A,Annual,T,Total,Y25-34,From 25 to 34 years,PC,Percentage,ED5-8,Tertiary education (levels 5-8),BE,Belgium,2008,,42.3,,b,break in time series,,
dataflow,ESTAT:SDG_04_20(1.0),Persons aged 25-34 with tertiary educational attainment level,A,Annual,T,Total,Y25-34,From 25 to 34 years,PC,Percentage,ED5-8,Tertiary education (levels 5-8),BE,Belgium,2009,,42.5,,,,,
dataflow,ESTAT:SDG_04_20(1.0),Persons aged 25-34 with tertiary educational attainment level,A,Annual,T,Total,Y25-34,From 25 to 34 years,PC,Percentage,ED5-8,Tertiary education (levels 5-8),BE,Belgium,2010,,43.8,,,,,
dataflow,ESTAT:SDG_04_20(1.0),Persons aged 25-34 with tertiary educational attainment level,A,Annual,T,Total,Y25-34,From 25 to 34 years,PC,Percentage,ED5-8,Tertiary education (levels 5-8),BE,Belgium,2011,,42.5,,,,,
dataflow,ESTAT:SDG_04_20(1.0),Persons aged 25-34 with tertiary educational attainment level,A,Annual,T,Total,Y25-34,From 25 to 34 years,PC,Percentage,ED5-8,Tertiary education (levels 5-8),BE,Belgium,2012,,43.0,,,,,
dataflow,ESTAT:SDG_04_20(1.0),Persons aged 25-34 with tertiary educational attainment level,A,Annual,T,Total,Y25-34,From 25 to 34 years,PC,Percentage,ED5-8,Tertiary education (levels 5-8),BE,Belgium,2013,,42.7,,,,,
dataflow,ESTAT:SDG_04_20(1.0),Persons aged 25-34 with tertiary educational attainment level,A,Annual,T,Total,Y25-34,From 25 to 34 years,PC,Percentage,ED5-8,Tertiary education (levels 5-8),BE,Belgium,2014,,44.2,,b,break in time series,,
dataflow,ESTAT:SDG_04_20(1.0),Persons aged 25-34 with tertiary educational attainment level,A,Annual,T,Total,Y25-34,From 25 to 34 years,PC,Percentage,ED5-8,Tertiary education (levels 5-8),BE,Belgium,2015,,43.1,,,,,
dataflow,ESTAT:SDG_04_20(1.0),Persons aged 25-34 with tertiary educational attainment level,A,Annual,T,Total,Y25-34,From 25 to 34 years,PC,Percentage,ED5-8,Tertiary education (levels 5-8),BE,Belgium,2016,,44.3,,,,,
dataflow,ESTAT:SDG_04_20(1.0),Persons aged 25-34 with tertiary educational attainment level,A,Annual,T,Total,Y25-34,From 25 to 34 years,PC,Percentage,ED5-8,Tertiary education (levels 5-8),BE,Belgium,2017,,45.7,,b,break in time series,,
dataflow,ESTAT:SDG_04_20(1.0),Persons aged 25-34 with tertiary educational attainment level,A,Annual,T,Total,Y25-34,From 25 to 34 years,PC,Percentage,ED5-8,Tertiary education (levels 5-8),BE,Belgium,2018,,47.4,,,,,
dataflow,ESTAT:SDG_04_20(1.0),Persons aged 25-34 with tertiary educational attainment level,A,Annual,T,Total,Y25-34,From 25 to 34 years,PC,Percentage,ED5-8,Tertiary education (levels 5-8),BE,Belgium,2019,,47.3,,,,,
dataflow,ESTAT:SDG_04_20(1.0),Persons aged 25-34 with tertiary educational attainment level,A,Annual,T,Total,Y25-34,From 25 to 34 years,PC,Percentage,ED5-8,Tertiary education (levels 5-8),BE,Belgium,2020,,48.5,,,,,
dataflow,ESTAT:SDG_04_20(1.0),Persons aged 25-34 with tertiary educational attainment level,A,Annual,T,Total,Y25-34,From 25 to 34 years,PC,Percentage,ED5-8,Tertiary education (levels 5-8),BE,Belgium,2021,,50.9,,b,break in time series,,
dataflow,ESTAT:SDG_04_20(1.0),Persons aged 25-34 with tertiary educational attainment level,A,Annual,T,Total,Y25-34,From 25 to 34 years,PC,Percentage,ED5-8,Tertiary education (levels 5-8),BE,Belgium,2022,,51.4,,,,,
dataflow,ESTAT:SDG_04_20(1.0),Persons aged 25-34 with tertiary educational attainment level,A,Annual,T,Total,Y25-34,From 25 to 34 years,PC,Percentage,ED5-8,Tertiary education (levels 5-8),BE,Belgium,2023,,50.0,,,,,
dataflow,ESTAT:SDG_04_20(1.0),Persons aged 25-34 with tertiary educational attainment level,A,Annual,T,Total,Y25-34,From 25 to 34 years,PC,Percentage,ED5-8,Tertiary education (levels 5-8),BE,Belgium,2024,,50.7,,,,,
dataflow,ESTAT:SDG_04_20(1.0),Persons aged 25-34 with tertiary educational attainment level,A,Annual,T,Total,Y25-34,From 25 to 34 years,PC,Percentage,ED5-8,Tertiary education (levels 5-8),BE,Belgium,2025,,52.7,,,,,
dataflow,ESTAT:SDG_04_20(1.0),Persons aged 25-34 with tertiary educational attainment level,A,Annual,T,Total,Y25-34,From 25 to 34 years,PC,Percentage,ED5-8,Tertiary education (levels 5-8),BG,Bulgaria,2000,,18.9,,,,,
dataflow,ESTAT:SDG_04_20(1.0),Persons aged 25-34 with tertiary educational attainment level,A,Annual,T,Total,Y25-34,From 25 to 34 years,PC,Percentage,ED5-8,Tertiary education (levels 5-8),BG,Bulgaria,2001,,23.0,,b,break in time series,,
dataflow,ESTAT:SDG_04_20(1.0),Persons aged 25-34 with tertiary educational attainment level,A,Annual,T,Total,Y25-34,From 25 to 34 years,PC,Percentage,ED5-8,Tertiary education (levels 5-8),BG,Bulgaria,2002,,23.1,,,,,
dataflow,ESTAT:SDG_04_20(1.0),Persons aged 25-34 with tertiary educational attainment level,A,Annual,T,Total,Y25-34,From 25 to 34 years,PC,Percentage,ED5-8,Tertiary education (levels 5-8),BG,Bulgaria,2003,,23.6,,,,,
dataflow,ESTAT:SDG_04_20(1.0),Persons aged 25-34 with tertiary educational attainment level,A,Annual,T,Total,Y25-34,From 25 to 34 years,PC,Percentage,ED5-8,Tertiary education (levels 5-8),BG,Bulgaria,2004,,24.3,,,,,
dataflow,ESTAT:SDG_04_20(1.0),Persons aged 25-34 with tertiary educational attainment level,A,Annual,T,Total,Y25-34,From 25 to 34 years,PC,Percentage,ED5-8,Tertiary education (levels 5-8),BG,Bulgaria,2005,,23.7,,,,,
dataflow,ESTAT:SDG_04_20(1.0),Persons aged 25-34 with tertiary educational attainment level,A,Annual,T,Total,Y25-34,From 25 to 34 years,PC,Percentage,ED5-8,Tertiary education (levels 5-8),BG,Bulgaria,2006,,24.5,,b,break in time series,,
dataflow,ESTAT:SDG_04_20(1.0),Persons aged 25-34 with tertiary educational attainment level,A,Annual,T,Total,Y25-34,From 25 to 34 years,PC,Percentage,ED5-8,Tertiary education (levels 5-8),BG,Bulgaria,2007,,24.9,,,,,
dataflow,ESTAT:SDG_04_20(1.0),Persons aged 25-34 with tertiary educational attainment level,A,Annual,T,Total,Y25-34,From 25 to 34 years,PC,Percentage,ED5-8,Tertiary education (levels 5-8),BG,Bulgaria,2008,,26.0,,,,,
dataflow,ESTAT:SDG_04_20(1.0),Persons aged 25-34 with tertiary educational attainment level,A,Annual,T,Total,Y25-34,From 25 to 34 years,PC,Percentage,ED5-8,Tertiary education (levels 5-8),BG,Bulgaria,2009,,26.9,,,,,
dataflow,ESTAT:SDG_04_20(1.0),Persons aged 25-34 with tertiary educational attainment level,A,Annual,T,Total,Y25-34,From 25 to 34 years,PC,Percentage,ED5-8,Tertiary education (levels 5-8),BG,Bulgaria,2010,,27.5,,b,break in time series,,
dataflow,ESTAT:SDG_04_20(1.0),Persons aged 25-34 with tertiary educational attainment level,A,Annual,T,Total,Y25-34,From 25 to 34 years,PC,Percentage,ED5-8,Tertiary education (levels 5-8),BG,Bulgaria,2011,,27.2,,b,break in time series,,
dataflow,ESTAT:SDG_04_20(1.0),Persons aged 25-34 with tertiary educational attainment level,A,Annual,T,Total,Y25-34,From 25 to 34 years,PC,Percentage,ED5-8,Tertiary education (levels 5-8),BG,Bulgaria,2012,,27.2,,,,,
dataflow,ESTAT:SDG_04_20(1.0),Persons aged 25-34 with tertiary educational attainment level,A,Annual,T,Total,Y25-34,From 25 to 34 years,PC,Percentage,ED5-8,Tertiary education (levels 5-8),BG,Bulgaria,2013,,29.6,,,,,
dataflow,ESTAT:SDG_04_20(1.0),Persons aged 25-34 with tertiary educational attainment level,A,Annual,T,Total,Y25-34,From 25 to 34 years,PC,Percentage,ED5-8,Tertiary education (levels 5-8),BG,Bulgaria,2014,,31.3,,b,break in time series,,
dataflow,ESTAT:SDG_04_20(1.0),Persons aged 25-34 with tertiary educational attainment level,A,Annual,T,Total,Y25-34,From 25 to 34 years,PC,Percentage,ED5-8,Tertiary education (levels 5-8),BG,Bulgaria,2015,,31.8,,,,,
dataflow,ESTAT:SDG_04_20(1.0),Persons aged 25-34 with tertiary educational attainment level,A,Annual,T,Total,Y25-34,From 25 to 34 years,PC,Percentage,ED5-8,Tertiary education (levels 5-8),BG,Bulgaria,2016,,32.8,,,,,
dataflow,ESTAT:SDG_04_20(1.0),Persons aged 25-34 with tertiary educational attainment level,A,Annual,T,Total,Y25-34,From 25 to 34 years,PC,Percentage,ED5-8,Tertiary education (levels 5-8),BG,Bulgaria,2017,,33.4,,,,,
dataflow,ESTAT:SDG_04_20(1.0),Persons aged 25-34 with tertiary educational attainment level,A,Annual,T,Total,Y25-34,From 25 to 34 years,PC,Percentage,ED5-8,Tertiary education (levels 5-8),BG,Bulgaria,2018,,34.0,,,,,
dataflow,ESTAT:SDG_04_20(1.0),Persons aged 25-34 with tertiary educational attainment level,A,Annual,T,Total,Y25-34,From 25 to 34 years,PC,Percentage,ED5-8,Tertiary education (levels 5-8),BG,Bulgaria,2019,,32.6,,b,break in time series,,
dataflow,ESTAT:SDG_04_20(1.0),Persons aged 25-34 with tertiary educational attainment level,A,Annual,T,Total,Y25-34,From 25 to 34 years,PC,Percentage,ED5-8,Tertiary education (levels 5-8),BG,Bulgaria,2020,,33.1,,,,,
dataflow,ESTAT:SDG_04_20(1.0),Persons aged 25-34 with tertiary educational attainment level,A,Annual,T,Total,Y25-34,From 25 to 34 years,PC,Percentage,ED5-8,Tertiary education (levels 5-8),BG,Bulgaria,2021,,33.8,,b,break in time series,,
dataflow,ESTAT:SDG_04_20(1.0),Persons aged 25-34 with tertiary educational attainment level,A,Annual,T,Total,Y25-34,From 25 to 34 years,PC,Percentage,ED5-8,Tertiary education (levels 5-8),BG,Bulgaria,2022,,34.0,,,,,
dataflow,ESTAT:SDG_04_20(1.0),Persons aged 25-34 with tertiary educational attainment level,A,Annual,T,Total,Y25-34,From 25 to 34 years,PC,Percentage,ED5-8,Tertiary education (levels 5-8),BG,Bulgaria,2023,,35.8,,,,,
dataflow,ESTAT:SDG_04_20(1.0),Persons aged 25-34 with tertiary educational attainment level,A,Annual,T,Total,Y25-34,From 25 to 34 years,PC,Percentage,ED5-8,Tertiary education (levels 5-8),BG,Bulgaria,2024,,40.5,,b,break in time series,,
dataflow,ESTAT:SDG_04_20(1.0),Persons aged 25-34 with tertiary educational attainment level,A,Annual,T,Total,Y25-34,From 25 to 34 years,PC,Percentage,ED5-8,Tertiary education (levels 5-8),BG,Bulgaria,2025,,41.2,,,,,
dataflow,ESTAT:SDG_04_20(1.0),Persons aged 25-34 with tertiary educational attainment level,A,Annual,T,Total,Y25-34,From 25 to 34 years,PC,Percentage,ED5-8,Tertiary education (levels 5-8),CH,Switzerland,2000,,25.6,,,,,
dataflow,ESTAT:SDG_04_20(1.0),Persons aged 25-34 with tertiary educational attainment level,A,Annual,T,Total,Y25-34,From 25 to 34 years,PC,Percentage,ED5-8,Tertiary education (levels 5-8),CH,Switzerland,2001,,25.6,,,,,
dataflow,ESTAT:SDG_04_20(1.0),Persons aged 25-34 with tertiary educational attainment level,A,Annual,T,Total,Y25-34,From 25 to 34 years,PC,Percentage,ED5-8,Tertiary education (levels 5-8),CH,Switzerland,2002,,26.7,,,,,
dataflow,ESTAT:SDG_04_20(1.0),Persons aged 25-34 with tertiary educational attainment level,A,Annual,T,Total,Y25-34,From 25 to 34 years,PC,Percentage,ED5-8,Tertiary education (levels 5-8),CH,Switzerland,2003,,29.2,,,,,
dataflow,ESTAT:SDG_04_20(1.0),Persons aged 25-34 with tertiary educational attainment level,A,Annual,T,Total,Y25-34,From 25 to 34 years,PC,Percentage,ED5-8,Tertiary education (levels 5-8),CH,Switzerland,2004,,30.4,,,,,
dataflow,ESTAT:SDG_04_20(1.0),Persons aged 25-34 with tertiary educational attainment level,A,Annual,T,Total,Y25-34,From 25 to 34 years,PC,Percentage,ED5-8,Tertiary education (levels 5-8),CH,Switzerland,2005,,31.0,,,,,
dataflow,ESTAT:SDG_04_20(1.0),Persons aged 25-34 with tertiary educational attainment level,A,Annual,T,Total,Y25-34,From 25 to 34 years,PC,Percentage,ED5-8,Tertiary education (levels 5-8),CH,Switzerland,2006,,32.2,,,,,
dataflow,ESTAT:SDG_04_20(1.0),Persons aged 25-34 with tertiary educational attainment level,A,Annual,T,Total,Y25-34,From 25 to 34 years,PC,Percentage,ED5-8,Tertiary education (levels 5-8),CH,Switzerland,2007,,35.0,,,,,
dataflow,ESTAT:SDG_04_20(1.0),Persons aged 25-34 with tertiary educational attainment level,A,Annual,T,Total,Y25-34,From 25 to 34 years,PC,Percentage,ED5-8,Tertiary education (levels 5-8),CH,Switzerland,2008,,38.5,,,,,
dataflow,ESTAT:SDG_04_20(1.0),Persons aged 25-34 with tertiary educational attainment level,A,Annual,T,Total,Y25-34,From 25 to 34 years,PC,Percentage,ED5-8,Tertiary education (levels 5-8),CH,Switzerland,2009,,40.0,,,,,
dataflow,ESTAT:SDG_04_20(1.0),Persons aged 25-34 with tertiary educational attainment level,A,Annual,T,Total,Y25-34,From 25 to 34 years,PC,Percentage,ED5-8,Tertiary education (levels 5-8),CH,Switzerland,2010,,37.4,,b,break in time series,,
dataflow,ESTAT:SDG_04_20(1.0),Persons aged 25-34 with tertiary educational attainment level,A,Annual,T,Total,Y25-34,From 25 to 34 years,PC,Percentage,ED5-8,Tertiary education (levels 5-8),CH,Switzerland,2011,,38.0,,,,,
dataflow,ESTAT:SDG_04_20(1.0),Persons aged 25-34 with tertiary educational attainment level,A,Annual,T,Total,Y25-34,From 25 to 34 years,PC,Percentage,ED5-8,Tertiary education (levels 5-8),CH,Switzerland,2012,,39.3,,,,,
dataflow,ESTAT:SDG_04_20(1.0),Persons aged 25-34 with tertiary educational attainment level,A,Annual,T,Total,Y25-34,From 25 to 34 years,PC,Percentage,ED5-8,Tertiary education (levels 5-8),CH,Switzerland,2013,,41.9,,,,,
dataflow,ESTAT:SDG_04_20(1.0),Persons aged 25-34 with tertiary educational attainment level,A,Annual,T,Total,Y25-34,From 25 to 34 years,PC,Percentage,ED5-8,Tertiary education (levels 5-8),CH,Switzerland,2014,,44.2,,b,break in time series,,
dataflow,ESTAT:SDG_04_20(1.0),Persons aged 25-34 with tertiary educational attainment level,A,Annual,T,Total,Y25-34,From 25 to 34 years,PC,Percentage,ED5-8,Tertiary education (levels 5-8),CH,Switzerland,2015,,46.5,,,,,
dataflow,ESTAT:SDG_04_20(1.0),Persons aged 25-34 with tertiary educational attainment level,A,Annual,T,Total,Y25-34,From 25 to 34 years,PC,Percentage,ED5-8,Tertiary education (levels 5-8),CH,Switzerland,2016,,48.8,,,,,
dataflow,ESTAT:SDG_04_20(1.0),Persons aged 25-34 with tertiary educational attainment level,A,Annual,T,Total,Y25-34,From 25 to 34 years,PC,Percentage,ED5-8,Tertiary education (levels 5-8),CH,Switzerland,2017,,50.1,,,,,
dataflow,ESTAT:SDG_04_20(1.0),Persons aged 25-34 with tertiary educational attainment level,A,Annual,T,Total,Y25-34,From 25 to 34 years,PC,Percentage,ED5-8,Tertiary education (levels 5-8),CH,Switzerland,2018,,51.2,,,,,
dataflow,ESTAT:SDG_04_20(1.0),Persons aged 25-34 with tertiary educational attainment level,A,Annual,T,Total,Y25-34,From 25 to 34 years,PC,Percentage,ED5-8,Tertiary education (levels 5-8),CH,Switzerland,2019,,52.7,,,,,
dataflow,ESTAT:SDG_04_20(1.0),Persons aged 25-34 with tertiary educational attainment level,A,Annual,T,Total,Y25-34,From 25 to 34 years,PC,Percentage,ED5-8,Tertiary education (levels 5-8),CH,Switzerland,2020,,53.0,,,,,
dataflow,ESTAT:SDG_04_20(1.0),Persons aged 25-34 with tertiary educational attainment level,A,Annual,T,Total,Y25-34,From 25 to 34 years,PC,Percentage,ED5-8,Tertiary education (levels 5-8),CH,Switzerland,2021,,52.3,,b,break in time series,,
dataflow,ESTAT:SDG_04_20(1.0),Persons aged 25-34 with tertiary educational attainment level,A,Annual,T,Total,Y25-34,From 25 to 34 years,PC,Percentage,ED5-8,Tertiary education (levels 5-8),CH,Switzerland,2022,,51.2,,,,,
dataflow,ESTAT:SDG_04_20(1.0),Persons aged 25-34 with tertiary educational attainment level,A,Annual,T,Total,Y25-34,From 25 to 34 years,PC,Percentage,ED5-8,Tertiary education (levels 5-8),CH,Switzerland,2023,,51.9,,,,,
dataflow,ESTAT:SDG_04_20(1.0),Persons aged 25-34 with tertiary educational attainment level,A,Annual,T,Total,Y25-34,From 25 to 34 years,PC,Percentage,ED5-8,Tertiary education (levels 5-8),CH,Switzerland,2024,,51.0,,,,,
dataflow,ESTAT:SDG_04_20(1.0),Persons aged 25-34 with tertiary educational attainment level,A,Annual,T,Total,Y25-34,From 25 to 34 years,PC,Percentage,ED5-8,Tertiary education (levels 5-8),CH,Switzerland,2025,,50.6,,,,,
dataflow,ESTAT:SDG_04_20(1.0),Persons aged 25-34 with tertiary educational attainment level,A,Annual,T,Total,Y25-34,From 25 to 34 years,PC,Percentage,ED5-8,Tertiary education (levels 5-8),CY,Cyprus,2000,,32.7,,,,,
dataflow,ESTAT:SDG_04_20(1.0),Persons aged 25-34 with tertiary educational attainment level,A,Annual,T,Total,Y25-34,From 25 to 34 years,PC,Percentage,ED5-8,Tertiary education (levels 5-8),CY,Cyprus,2001,,36.2,,,,,
dataflow,ESTAT:SDG_04_20(1.0),Persons aged 25-34 with tertiary educational attainment level,A,Annual,T,Total,Y25-34,From 25 to 34 years,PC,Percentage,ED5-8,Tertiary education (levels 5-8),CY,Cyprus,2002,,41.0,,,,,
dataflow,ESTAT:SDG_04_20(1.0),Persons aged 25-34 with tertiary educational attainment level,A,Annual,T,Total,Y25-34,From 25 to 34 years,PC,Percentage,ED5-8,Tertiary education (levels 5-8),CY,Cyprus,2003,,43.9,,,,,
dataflow,ESTAT:SDG_04_20(1.0),Persons aged 25-34 with tertiary educational attainment level,A,Annual,T,Total,Y25-34,From 25 to 34 years,PC,Percentage,ED5-8,Tertiary education (levels 5-8),CY,Cyprus,2004,,42.7,,,,,
dataflow,ESTAT:SDG_04_20(1.0),Persons aged 25-34 with tertiary educational attainment level,A,Annual,T,Total,Y25-34,From 25 to 34 years,PC,Percentage,ED5-8,Tertiary education (levels 5-8),CY,Cyprus,2005,,41.3,,,,,
dataflow,ESTAT:SDG_04_20(1.0),Persons aged 25-34 with tertiary educational attainment level,A,Annual,T,Total,Y25-34,From 25 to 34 years,PC,Percentage,ED5-8,Tertiary education (levels 5-8),CY,Cyprus,2006,,44.6,,,,,
dataflow,ESTAT:SDG_04_20(1.0),Persons aged 25-34 with tertiary educational attainment level,A,Annual,T,Total,Y25-34,From 25 to 34 years,PC,Percentage,ED5-8,Tertiary education (levels 5-8),CY,Cyprus,2007,,47.0,,,,,
dataflow,ESTAT:SDG_04_20(1.0),Persons aged 25-34 with tertiary educational attainment level,A,Annual,T,Total,Y25-34,From 25 to 34 years,PC,Percentage,ED5-8,Tertiary education (levels 5-8),CY,Cyprus,2008,,48.0,,,,,
dataflow,ESTAT:SDG_04_20(1.0),Persons aged 25-34 with tertiary educational attainment level,A,Annual,T,Total,Y25-34,From 25 to 34 years,PC,Percentage,ED5-8,Tertiary education (levels 5-8),CY,Cyprus,2009,,47.8,,b,break in time series,,
dataflow,ESTAT:SDG_04_20(1.0),Persons aged 25-34 with tertiary educational attainment level,A,Annual,T,Total,Y25-34,From 25 to 34 years,PC,Percentage,ED5-8,Tertiary education (levels 5-8),CY,Cyprus,2010,,48.1,,,,,
dataflow,ESTAT:SDG_04_20(1.0),Persons aged 25-34 with tertiary educational attainment level,A,Annual,T,Total,Y25-34,From 25 to 34 years,PC,Percentage,ED5-8,Tertiary education (levels 5-8),CY,Cyprus,2011,,50.5,,,,,
dataflow,ESTAT:SDG_04_20(1.0),Persons aged 25-34 with tertiary educational attainment level,A,Annual,T,Total,Y25-34,From 25 to 34 years,PC,Percentage,ED5-8,Tertiary education (levels 5-8),CY,Cyprus,2012,,53.6,,,,,
dataflow,ESTAT:SDG_04_20(1.0),Persons aged 25-34 with tertiary educational attainment level,A,Annual,T,Total,Y25-34,From 25 to 34 years,PC,Percentage,ED5-8,Tertiary education (levels 5-8),CY,Cyprus,2013,,51.4,,,,,
dataflow,ESTAT:SDG_04_20(1.0),Persons aged 25-34 with tertiary educational attainment level,A,Annual,T,Total,Y25-34,From 25 to 34 years,PC,Percentage,ED5-8,Tertiary education (levels 5-8),CY,Cyprus,2014,,54.0,,b,break in time series,,
dataflow,ESTAT:SDG_04_20(1.0),Persons aged 25-34 with tertiary educational attainment level,A,Annual,T,Total,Y25-34,From 25 to 34 years,PC,Percentage,ED5-8,Tertiary education (levels 5-8),CY,Cyprus,2015,,54.7,,,,,
dataflow,ESTAT:SDG_04_20(1.0),Persons aged 25-34 with tertiary educational attainment level,A,Annual,T,Total,Y25-34,From 25 to 34 years,PC,Percentage,ED5-8,Tertiary education (levels 5-8),CY,Cyprus,2016,,56.2,,,,,
dataflow,ESTAT:SDG_04_20(1.0),Persons aged 25-34 with tertiary educational attainment level,A,Annual,T,Total,Y25-34,From 25 to 34 years,PC,Percentage,ED5-8,Tertiary education (levels 5-8),CY,Cyprus,2017,,57.0,,,,,
dataflow,ESTAT:SDG_04_20(1.0),Persons aged 25-34 with tertiary educational attainment level,A,Annual,T,Total,Y25-34,From 25 to 34 years,PC,Percentage,ED5-8,Tertiary education (levels 5-8),CY,Cyprus,2018,,58.5,,,,,
dataflow,ESTAT:SDG_04_20(1.0),Persons aged 25-34 with tertiary educational attainment level,A,Annual,T,Total,Y25-34,From 25 to 34 years,PC,Percentage,ED5-8,Tertiary education (levels 5-8),CY,Cyprus,2019,,59.1,,,,,
dataflow,ESTAT:SDG_04_20(1.0),Persons aged 25-34 with tertiary educational attainment level,A,Annual,T,Total,Y25-34,From 25 to 34 years,PC,Percentage,ED5-8,Tertiary education (levels 5-8),CY,Cyprus,2020,,57.4,,,,,
dataflow,ESTAT:SDG_04_20(1.0),Persons aged 25-34 with tertiary educational attainment level,A,Annual,T,Total,Y25-34,From 25 to 34 years,PC,Percentage,ED5-8,Tertiary education (levels 5-8),CY,Cyprus,2021,,58.8,,b,break in time series,,
dataflow,ESTAT:SDG_04_20(1.0),Persons aged 25-34 with tertiary educational attainment level,A,Annual,T,Total,Y25-34,From 25 to 34 years,PC,Percentage,ED5-8,Tertiary education (levels 5-8),CY,Cyprus,2022,,59.2,,,,,
dataflow,ESTAT:SDG_04_20(1.0),Persons aged 25-34 with tertiary educational attainment level,A,Annual,T,Total,Y25-34,From 25 to 34 years,PC,Percentage,ED5-8,Tertiary education (levels 5-8),CY,Cyprus,2023,,61.7,,,,,
dataflow,ESTAT:SDG_04_20(1.0),Persons aged 25-34 with tertiary educational attainment level,A,Annual,T,Total,Y25-34,From 25 to 34 years,PC,Percentage,ED5-8,Tertiary education (levels 5-8),CY,Cyprus,2024,,60.3,,,,,
dataflow,ESTAT:SDG_04_20(1.0),Persons aged 25-34 with tertiary educational attainment level,A,Annual,T,Total,Y25-34,From 25 to 34 years,PC,Percentage,ED5-8,Tertiary education (levels 5-8),CY,Cyprus,2025,,60.0,,,,,
dataflow,ESTAT:SDG_04_20(1.0),Persons aged 25-34 with tertiary educational attainment level,A,Annual,T,Total,Y25-34,From 25 to 34 years,PC,Percentage,ED5-8,Tertiary education (levels 5-8),CZ,Czechia,2000,,11.7,,,,,
dataflow,ESTAT:SDG_04_20(1.0),Persons aged 25-34 with tertiary educational attainment level,A,Annual,T,Total,Y25-34,From 25 to 34 years,PC,Percentage,ED5-8,Tertiary education (levels 5-8),CZ,Czechia,2001,,11.8,,,,,
dataflow,ESTAT:SDG_04_20(1.0),Persons aged 25-34 with tertiary educational attainment level,A,Annual,T,Total,Y25-34,From 25 to 34 years,PC,Percentage,ED5-8,Tertiary education (levels 5-8),CZ,Czechia,2002,,12.1,,,,,
dataflow,ESTAT:SDG_04_20(1.0),Persons aged 25-34 with tertiary educational attainment level,A,Annual,T,Total,Y25-34,From 25 to 34 years,PC,Percentage,ED5-8,Tertiary education (levels 5-8),CZ,Czechia,2003,,12.1,,b,break in time series,,
dataflow,ESTAT:SDG_04_20(1.0),Persons aged 25-34 with tertiary educational attainment level,A,Annual,T,Total,Y25-34,From 25 to 34 years,PC,Percentage,ED5-8,Tertiary education (levels 5-8),CZ,Czechia,2004,,12.9,,,,,
dataflow,ESTAT:SDG_04_20(1.0),Persons aged 25-34 with tertiary educational attainment level,A,Annual,T,Total,Y25-34,From 25 to 34 years,PC,Percentage,ED5-8,Tertiary education (levels 5-8),CZ,Czechia,2005,,14.2,,,,,
dataflow,ESTAT:SDG_04_20(1.0),Persons aged 25-34 with tertiary educational attainment level,A,Annual,T,Total,Y25-34,From 25 to 34 years,PC,Percentage,ED5-8,Tertiary education (levels 5-8),CZ,Czechia,2006,,15.2,,,,,
dataflow,ESTAT:SDG_04_20(1.0),Persons aged 25-34 with tertiary educational attainment level,A,Annual,T,Total,Y25-34,From 25 to 34 years,PC,Percentage,ED5-8,Tertiary education (levels 5-8),CZ,Czechia,2007,,15.5,,,,,
dataflow,ESTAT:SDG_04_20(1.0),Persons aged 25-34 with tertiary educational attainment level,A,Annual,T,Total,Y25-34,From 25 to 34 years,PC,Percentage,ED5-8,Tertiary education (levels 5-8),CZ,Czechia,2008,,17.7,,,,,
dataflow,ESTAT:SDG_04_20(1.0),Persons aged 25-34 with tertiary educational attainment level,A,Annual,T,Total,Y25-34,From 25 to 34 years,PC,Percentage,ED5-8,Tertiary education (levels 5-8),CZ,Czechia,2009,,20.2,,,,,
dataflow,ESTAT:SDG_04_20(1.0),Persons aged 25-34 with tertiary educational attainment level,A,Annual,T,Total,Y25-34,From 25 to 34 years,PC,Percentage,ED5-8,Tertiary education (levels 5-8),CZ,Czechia,2010,,22.6,,,,,
dataflow,ESTAT:SDG_04_20(1.0),Persons aged 25-34 with tertiary educational attainment level,A,Annual,T,Total,Y25-34,From 25 to 34 years,PC,Percentage,ED5-8,Tertiary education (levels 5-8),CZ,Czechia,2011,,25.1,,b,break in time series,,
dataflow,ESTAT:SDG_04_20(1.0),Persons aged 25-34 with tertiary educational attainment level,A,Annual,T,Total,Y25-34,From 25 to 34 years,PC,Percentage,ED5-8,Tertiary education (levels 5-8),CZ,Czechia,2012,,27.8,,,,,
dataflow,ESTAT:SDG_04_20(1.0),Persons aged 25-34 with tertiary educational attainment level,A,Annual,T,Total,Y25-34,From 25 to 34 years,PC,Percentage,ED5-8,Tertiary education (levels 5-8),CZ,Czechia,2013,,29.2,,,,,
dataflow,ESTAT:SDG_04_20(1.0),Persons aged 25-34 with tertiary educational attainment level,A,Annual,T,Total,Y25-34,From 25 to 34 years,PC,Percentage,ED5-8,Tertiary education (levels 5-8),CZ,Czechia,2014,,29.9,,b,break in time series,,
dataflow,ESTAT:SDG_04_20(1.0),Persons aged 25-34 with tertiary educational attainment level,A,Annual,T,Total,Y25-34,From 25 to 34 years,PC,Percentage,ED5-8,Tertiary education (levels 5-8),CZ,Czechia,2015,,31.0,,,,,
dataflow,ESTAT:SDG_04_20(1.0),Persons aged 25-34 with tertiary educational attainment level,A,Annual,T,Total,Y25-34,From 25 to 34 years,PC,Percentage,ED5-8,Tertiary education (levels 5-8),CZ,Czechia,2016,,32.6,,,,,
dataflow,ESTAT:SDG_04_20(1.0),Persons aged 25-34 with tertiary educational attainment level,A,Annual,T,Total,Y25-34,From 25 to 34 years,PC,Percentage,ED5-8,Tertiary education (levels 5-8),CZ,Czechia,2017,,33.8,,,,,
dataflow,ESTAT:SDG_04_20(1.0),Persons aged 25-34 with tertiary educational attainment level,A,Annual,T,Total,Y25-34,From 25 to 34 years,PC,Percentage,ED5-8,Tertiary education (levels 5-8),CZ,Czechia,2018,,33.3,,,,,
dataflow,ESTAT:SDG_04_20(1.0),Persons aged 25-34 with tertiary educational attainment level,A,Annual,T,Total,Y25-34,From 25 to 34 years,PC,Percentage,ED5-8,Tertiary education (levels 5-8),CZ,Czechia,2019,,32.6,,,,,
dataflow,ESTAT:SDG_04_20(1.0),Persons aged 25-34 with tertiary educational attainment level,A,Annual,T,Total,Y25-34,From 25 to 34 years,PC,Percentage,ED5-8,Tertiary education (levels 5-8),CZ,Czechia,2020,,33.0,,,,,
dataflow,ESTAT:SDG_04_20(1.0),Persons aged 25-34 with tertiary educational attainment level,A,Annual,T,Total,Y25-34,From 25 to 34 years,PC,Percentage,ED5-8,Tertiary education (levels 5-8),CZ,Czechia,2021,,34.9,,b,break in time series,,
dataflow,ESTAT:SDG_04_20(1.0),Persons aged 25-34 with tertiary educational attainment level,A,Annual,T,Total,Y25-34,From 25 to 34 years,PC,Percentage,ED5-8,Tertiary education (levels 5-8),CZ,Czechia,2022,,34.6,,,,,
dataflow,ESTAT:SDG_04_20(1.0),Persons aged 25-34 with tertiary educational attainment level,A,Annual,T,Total,Y25-34,From 25 to 34 years,PC,Percentage,ED5-8,Tertiary education (levels 5-8),CZ,Czechia,2023,,33.7,,,,,
dataflow,ESTAT:SDG_04_20(1.0),Persons aged 25-34 with tertiary educational attainment level,A,Annual,T,Total,Y25-34,From 25 to 34 years,PC,Percentage,ED5-8,Tertiary education (levels 5-8),CZ,Czechia,2024,,33.5,,,,,
dataflow,ESTAT:SDG_04_20(1.0),Persons aged 25-34 with tertiary educational attainment level,A,Annual,T,Total,Y25-34,From 25 to 34 years,PC,Percentage,ED5-8,Tertiary education (levels 5-8),CZ,Czechia,2025,,36.0,,,,,
dataflow,ESTAT:SDG_04_20(1.0),Persons aged 25-34 with tertiary educational attainment level,A,Annual,T,Total,Y25-34,From 25 to 34 years,PC,Percentage,ED5-8,Tertiary education (levels 5-8),DE,Germany,2000,,22.4,,,,,
dataflow,ESTAT:SDG_04_20(1.0),Persons aged 25-34 with tertiary educational attainment level,A,Annual,T,Total,Y25-34,From 25 to 34 years,PC,Percentage,ED5-8,Tertiary education (levels 5-8),DE,Germany,2001,,22.2,,,,,
dataflow,ESTAT:SDG_04_20(1.0),Persons aged 25-34 with tertiary educational attainment level,A,Annual,T,Total,Y25-34,From 25 to 34 years,PC,Percentage,ED5-8,Tertiary education (levels 5-8),DE,Germany,2002,,21.0,,,,,
dataflow,ESTAT:SDG_04_20(1.0),Persons aged 25-34 with tertiary educational attainment level,A,Annual,T,Total,Y25-34,From 25 to 34 years,PC,Percentage,ED5-8,Tertiary education (levels 5-8),DE,Germany,2003,,21.8,,,,,
dataflow,ESTAT:SDG_04_20(1.0),Persons aged 25-34 with tertiary educational attainment level,A,Annual,T,Total,Y25-34,From 25 to 34 years,PC,Percentage,ED5-8,Tertiary education (levels 5-8),DE,Germany,2004,,22.9,,,,,
dataflow,ESTAT:SDG_04_20(1.0),Persons aged 25-34 with tertiary educational attainment level,A,Annual,T,Total,Y25-34,From 25 to 34 years,PC,Percentage,ED5-8,Tertiary education (levels 5-8),DE,Germany,2005,,22.5,,b,break in time series,,
dataflow,ESTAT:SDG_04_20(1.0),Persons aged 25-34 with tertiary educational attainment level,A,Annual,T,Total,Y25-34,From 25 to 34 years,PC,Percentage,ED5-8,Tertiary education (levels 5-8),DE,Germany,2006,,22.0,,,,,
dataflow,ESTAT:SDG_04_20(1.0),Persons aged 25-34 with tertiary educational attainment level,A,Annual,T,Total,Y25-34,From 25 to 34 years,PC,Percentage,ED5-8,Tertiary education (levels 5-8),DE,Germany,2007,,22.6,,,,,
dataflow,ESTAT:SDG_04_20(1.0),Persons aged 25-34 with tertiary educational attainment level,A,Annual,T,Total,Y25-34,From 25 to 34 years,PC,Percentage,ED5-8,Tertiary education (levels 5-8),DE,Germany,2008,,23.9,,,,,
dataflow,ESTAT:SDG_04_20(1.0),Persons aged 25-34 with tertiary educational attainment level,A,Annual,T,Total,Y25-34,From 25 to 34 years,PC,Percentage,ED5-8,Tertiary education (levels 5-8),DE,Germany,2009,,25.7,,,,,
dataflow,ESTAT:SDG_04_20(1.0),Persons aged 25-34 with tertiary educational attainment level,A,Annual,T,Total,Y25-34,From 25 to 34 years,PC,Percentage,ED5-8,Tertiary education (levels 5-8),DE,Germany,2010,,26.0,,b,break in time series,,
dataflow,ESTAT:SDG_04_20(1.0),Persons aged 25-34 with tertiary educational attainment level,A,Annual,T,Total,Y25-34,From 25 to 34 years,PC,Percentage,ED5-8,Tertiary education (levels 5-8),DE,Germany,2011,,27.6,,,,,
dataflow,ESTAT:SDG_04_20(1.0),Persons aged 25-34 with tertiary educational attainment level,A,Annual,T,Total,Y25-34,From 25 to 34 years,PC,Percentage,ED5-8,Tertiary education (levels 5-8),DE,Germany,2012,,28.9,,b,break in time series,,
dataflow,ESTAT:SDG_04_20(1.0),Persons aged 25-34 with tertiary educational attainment level,A,Annual,T,Total,Y25-34,From 25 to 34 years,PC,Percentage,ED5-8,Tertiary education (levels 5-8),DE,Germany,2013,,29.9,,,,,
dataflow,ESTAT:SDG_04_20(1.0),Persons aged 25-34 with tertiary educational attainment level,A,Annual,T,Total,Y25-34,From 25 to 34 years,PC,Percentage,ED5-8,Tertiary education (levels 5-8),DE,Germany,2014,,28.4,,b,break in time series,,
dataflow,ESTAT:SDG_04_20(1.0),Persons aged 25-34 with tertiary educational attainment level,A,Annual,T,Total,Y25-34,From 25 to 34 years,PC,Percentage,ED5-8,Tertiary education (levels 5-8),DE,Germany,2015,,29.6,,,,,
dataflow,ESTAT:SDG_04_20(1.0),Persons aged 25-34 with tertiary educational attainment level,A,Annual,T,Total,Y25-34,From 25 to 34 years,PC,Percentage,ED5-8,Tertiary education (levels 5-8),DE,Germany,2016,,30.5,,,,,
dataflow,ESTAT:SDG_04_20(1.0),Persons aged 25-34 with tertiary educational attainment level,A,Annual,T,Total,Y25-34,From 25 to 34 years,PC,Percentage,ED5-8,Tertiary education (levels 5-8),DE,Germany,2017,,31.3,,,,,
dataflow,ESTAT:SDG_04_20(1.0),Persons aged 25-34 with tertiary educational attainment level,A,Annual,T,Total,Y25-34,From 25 to 34 years,PC,Percentage,ED5-8,Tertiary education (levels 5-8),DE,Germany,2018,,32.3,,,,,
dataflow,ESTAT:SDG_04_20(1.0),Persons aged 25-34 with tertiary educational attainment level,A,Annual,T,Total,Y25-34,From 25 to 34 years,PC,Percentage,ED5-8,Tertiary education (levels 5-8),DE,Germany,2019,,33.3,,,,,
dataflow,ESTAT:SDG_04_20(1.0),Persons aged 25-34 with tertiary educational attainment level,A,Annual,T,Total,Y25-34,From 25 to 34 years,PC,Percentage,ED5-8,Tertiary education (levels 5-8),DE,Germany,2020,,35.3,,b,break in time series,,
dataflow,ESTAT:SDG_04_20(1.0),Persons aged 25-34 with tertiary educational attainment level,A,Annual,T,Total,Y25-34,From 25 to 34 years,PC,Percentage,ED5-8,Tertiary education (levels 5-8),DE,Germany,2021,,36.9,,b,break in time series,,
dataflow,ESTAT:SDG_04_20(1.0),Persons aged 25-34 with tertiary educational attainment level,A,Annual,T,Total,Y25-34,From 25 to 34 years,PC,Percentage,ED5-8,Tertiary education (levels 5-8),DE,Germany,2022,,36.8,,,,,
dataflow,ESTAT:SDG_04_20(1.0),Persons aged 25-34 with tertiary educational attainment level,A,Annual,T,Total,Y25-34,From 25 to 34 years,PC,Percentage,ED5-8,Tertiary education (levels 5-8),DE,Germany,2023,,37.9,,,,,
dataflow,ESTAT:SDG_04_20(1.0),Persons aged 25-34 with tertiary educational attainment level,A,Annual,T,Total,Y25-34,From 25 to 34 years,PC,Percentage,ED5-8,Tertiary education (levels 5-8),DE,Germany,2024,,39.1,,,,,
dataflow,ESTAT:SDG_04_20(1.0),Persons aged 25-34 with tertiary educational attainment level,A,Annual,T,Total,Y25-34,From 25 to 34 years,PC,Percentage,ED5-8,Tertiary education (levels 5-8),DE,Germany,2025,,40.9,,,,,
dataflow,ESTAT:SDG_04_20(1.0),Persons aged 25-34 with tertiary educational attainment level,A,Annual,T,Total,Y25-34,From 25 to 34 years,PC,Percentage,ED5-8,Tertiary education (levels 5-8),DK,Denmark,2000,,28.9,,,,,
dataflow,ESTAT:SDG_04_20(1.0),Persons aged 25-34 with tertiary educational attainment level,A,Annual,T,Total,Y25-34,From 25 to 34 years,PC,Percentage,ED5-8,Tertiary education (levels 5-8),DK,Denmark,2001,,31.1,,,,,
dataflow,ESTAT:SDG_04_20(1.0),Persons aged 25-34 with tertiary educational attainment level,A,Annual,T,Total,Y25-34,From 25 to 34 years,PC,Percentage,ED5-8,Tertiary education (levels 5-8),DK,Denmark,2002,,32.3,,,,,
dataflow,ESTAT:SDG_04_20(1.0),Persons aged 25-34 with tertiary educational attainment level,A,Annual,T,Total,Y25-34,From 25 to 34 years,PC,Percentage,ED5-8,Tertiary education (levels 5-8),DK,Denmark,2003,,35.1,,b,break in time series,,
dataflow,ESTAT:SDG_04_20(1.0),Persons aged 25-34 with tertiary educational attainment level,A,Annual,T,Total,Y25-34,From 25 to 34 years,PC,Percentage,ED5-8,Tertiary education (levels 5-8),DK,Denmark,2004,,37.6,,,,,
dataflow,ESTAT:SDG_04_20(1.0),Persons aged 25-34 with tertiary educational attainment level,A,Annual,T,Total,Y25-34,From 25 to 34 years,PC,Percentage,ED5-8,Tertiary education (levels 5-8),DK,Denmark,2005,,39.8,,,,,
dataflow,ESTAT:SDG_04_20(1.0),Persons aged 25-34 with tertiary educational attainment level,A,Annual,T,Total,Y25-34,From 25 to 34 years,PC,Percentage,ED5-8,Tertiary education (levels 5-8),DK,Denmark,2006,,40.8,,,,,
dataflow,ESTAT:SDG_04_20(1.0),Persons aged 25-34 with tertiary educational attainment level,A,Annual,T,Total,Y25-34,From 25 to 34 years,PC,Percentage,ED5-8,Tertiary education (levels 5-8),DK,Denmark,2007,,36.2,,b,break in time series,,
dataflow,ESTAT:SDG_04_20(1.0),Persons aged 25-34 with tertiary educational attainment level,A,Annual,T,Total,Y25-34,From 25 to 34 years,PC,Percentage,ED5-8,Tertiary education (levels 5-8),DK,Denmark,2008,,36.2,,b,break in time series,,
dataflow,ESTAT:SDG_04_20(1.0),Persons aged 25-34 with tertiary educational attainment level,A,Annual,T,Total,Y25-34,From 25 to 34 years,PC,Percentage,ED5-8,Tertiary education (levels 5-8),DK,Denmark,2009,,37.4,,,,,
dataflow,ESTAT:SDG_04_20(1.0),Persons aged 25-34 with tertiary educational attainment level,A,Annual,T,Total,Y25-34,From 25 to 34 years,PC,Percentage,ED5-8,Tertiary education (levels 5-8),DK,Denmark,2010,,37.6,,,,,
dataflow,ESTAT:SDG_04_20(1.0),Persons aged 25-34 with tertiary educational attainment level,A,Annual,T,Total,Y25-34,From 25 to 34 years,PC,Percentage,ED5-8,Tertiary education (levels 5-8),DK,Denmark,2011,,38.6,,,,,
dataflow,ESTAT:SDG_04_20(1.0),Persons aged 25-34 with tertiary educational attainment level,A,Annual,T,Total,Y25-34,From 25 to 34 years,PC,Percentage,ED5-8,Tertiary education (levels 5-8),DK,Denmark,2012,,40.2,,,,,
dataflow,ESTAT:SDG_04_20(1.0),Persons aged 25-34 with tertiary educational attainment level,A,Annual,T,Total,Y25-34,From 25 to 34 years,PC,Percentage,ED5-8,Tertiary education (levels 5-8),DK,Denmark,2013,,40.9,,,,,
dataflow,ESTAT:SDG_04_20(1.0),Persons aged 25-34 with tertiary educational attainment level,A,Annual,T,Total,Y25-34,From 25 to 34 years,PC,Percentage,ED5-8,Tertiary education (levels 5-8),DK,Denmark,2014,,41.6,,b,break in time series,,
dataflow,ESTAT:SDG_04_20(1.0),Persons aged 25-34 with tertiary educational attainment level,A,Annual,T,Total,Y25-34,From 25 to 34 years,PC,Percentage,ED5-8,Tertiary education (levels 5-8),DK,Denmark,2015,,43.0,,,,,
dataflow,ESTAT:SDG_04_20(1.0),Persons aged 25-34 with tertiary educational attainment level,A,Annual,T,Total,Y25-34,From 25 to 34 years,PC,Percentage,ED5-8,Tertiary education (levels 5-8),DK,Denmark,2016,,44.6,,b,break in time series,,
dataflow,ESTAT:SDG_04_20(1.0),Persons aged 25-34 with tertiary educational attainment level,A,Annual,T,Total,Y25-34,From 25 to 34 years,PC,Percentage,ED5-8,Tertiary education (levels 5-8),DK,Denmark,2017,,45.5,,b,break in time series,,
dataflow,ESTAT:SDG_04_20(1.0),Persons aged 25-34 with tertiary educational attainment level,A,Annual,T,Total,Y25-34,From 25 to 34 years,PC,Percentage,ED5-8,Tertiary education (levels 5-8),DK,Denmark,2018,,45.8,,,,,
dataflow,ESTAT:SDG_04_20(1.0),Persons aged 25-34 with tertiary educational attainment level,A,Annual,T,Total,Y25-34,From 25 to 34 years,PC,Percentage,ED5-8,Tertiary education (levels 5-8),DK,Denmark,2019,,47.1,,,,,
dataflow,ESTAT:SDG_04_20(1.0),Persons aged 25-34 with tertiary educational attainment level,A,Annual,T,Total,Y25-34,From 25 to 34 years,PC,Percentage,ED5-8,Tertiary education (levels 5-8),DK,Denmark,2020,,47.1,,,,,
dataflow,ESTAT:SDG_04_20(1.0),Persons aged 25-34 with tertiary educational attainment level,A,Annual,T,Total,Y25-34,From 25 to 34 years,PC,Percentage,ED5-8,Tertiary education (levels 5-8),DK,Denmark,2021,,49.1,,b,break in time series,,
dataflow,ESTAT:SDG_04_20(1.0),Persons aged 25-34 with tertiary educational attainment level,A,Annual,T,Total,Y25-34,From 25 to 34 years,PC,Percentage,ED5-8,Tertiary education (levels 5-8),DK,Denmark,2022,,49.0,,,,,
dataflow,ESTAT:SDG_04_20(1.0),Persons aged 25-34 with tertiary educational attainment level,A,Annual,T,Total,Y25-34,From 25 to 34 years,PC,Percentage,ED5-8,Tertiary education (levels 5-8),DK,Denmark,2023,,49.0,,,,,
dataflow,ESTAT:SDG_04_20(1.0),Persons aged 25-34 with tertiary educational attainment level,A,Annual,T,Total,Y25-34,From 25 to 34 years,PC,Percentage,ED5-8,Tertiary education (levels 5-8),DK,Denmark,2024,,51.2,,,,,
dataflow,ESTAT:SDG_04_20(1.0),Persons aged 25-34 with tertiary educational attainment level,A,Annual,T,Total,Y25-34,From 25 to 34 years,PC,Percentage,ED5-8,Tertiary education (levels 5-8),DK,Denmark,2025,,52.5,,,,,
dataflow,ESTAT:SDG_04_20(1.0),Persons aged 25-34 with tertiary educational attainment level,A,Annual,T,Total,Y25-34,From 25 to 34 years,PC,Percentage,ED5-8,Tertiary education (levels 5-8),EA21,Euro area – 21 countries (from 2026),2002,,25.2,,,,,
dataflow,ESTAT:SDG_04_20(1.0),Persons aged 25-34 with tertiary educational attainment level,A,Annual,T,Total,Y25-34,From 25 to 34 years,PC,Percentage,ED5-8,Tertiary education (levels 5-8),EA21,Euro area – 21 countries (from 2026),2003,,26.5,,,,,
dataflow,ESTAT:SDG_04_20(1.0),Persons aged 25-34 with tertiary educational attainment level,A,Annual,T,Total,Y25-34,From 25 to 34 years,PC,Percentage,ED5-8,Tertiary education (levels 5-8),EA21,Euro area – 21 countries (from 2026),2004,,28.0,,,,,
dataflow,ESTAT:SDG_04_20(1.0),Persons aged 25-34 with tertiary educational attainment level,A,Annual,T,Total,Y25-34,From 25 to 34 years,PC,Percentage,ED5-8,Tertiary education (levels 5-8),EA21,Euro area – 21 countries (from 2026),2005,,28.7,,,,,
dataflow,ESTAT:SDG_04_20(1.0),Persons aged 25-34 with tertiary educational attainment level,A,Annual,T,Total,Y25-34,From 25 to 34 years,PC,Percentage,ED5-8,Tertiary education (levels 5-8),EA21,Euro area – 21 countries (from 2026),2006,,29.4,,,,,
dataflow,ESTAT:SDG_04_20(1.0),Persons aged 25-34 with tertiary educational attainment level,A,Annual,T,Total,Y25-34,From 25 to 34 years,PC,Percentage,ED5-8,Tertiary education (levels 5-8),EA21,Euro area – 21 countries (from 2026),2007,,30.0,,,,,
dataflow,ESTAT:SDG_04_20(1.0),Persons aged 25-34 with tertiary educational attainment level,A,Annual,T,Total,Y25-34,From 25 to 34 years,PC,Percentage,ED5-8,Tertiary education (levels 5-8),EA21,Euro area – 21 countries (from 2026),2008,,30.7,,,,,
dataflow,ESTAT:SDG_04_20(1.0),Persons aged 25-34 with tertiary educational attainment level,A,Annual,T,Total,Y25-34,From 25 to 34 years,PC,Percentage,ED5-8,Tertiary education (levels 5-8),EA21,Euro area – 21 countries (from 2026),2009,,31.7,,,,,
dataflow,ESTAT:SDG_04_20(1.0),Persons aged 25-34 with tertiary educational attainment level,A,Annual,T,Total,Y25-34,From 25 to 34 years,PC,Percentage,ED5-8,Tertiary education (levels 5-8),EA21,Euro area – 21 countries (from 2026),2010,,32.5,,,,,
dataflow,ESTAT:SDG_04_20(1.0),Persons aged 25-34 with tertiary educational attainment level,A,Annual,T,Total,Y25-34,From 25 to 34 years,PC,Percentage,ED5-8,Tertiary education (levels 5-8),EA21,Euro area – 21 countries (from 2026),2011,,33.1,,,,,
dataflow,ESTAT:SDG_04_20(1.0),Persons aged 25-34 with tertiary educational attainment level,A,Annual,T,Total,Y25-34,From 25 to 34 years,PC,Percentage,ED5-8,Tertiary education (levels 5-8),EA21,Euro area – 21 countries (from 2026),2012,,33.9,,,,,
dataflow,ESTAT:SDG_04_20(1.0),Persons aged 25-34 with tertiary educational attainment level,A,Annual,T,Total,Y25-34,From 25 to 34 years,PC,Percentage,ED5-8,Tertiary education (levels 5-8),EA21,Euro area – 21 countries (from 2026),2013,,35.0,,,,,
dataflow,ESTAT:SDG_04_20(1.0),Persons aged 25-34 with tertiary educational attainment level,A,Annual,T,Total,Y25-34,From 25 to 34 years,PC,Percentage,ED5-8,Tertiary education (levels 5-8),EA21,Euro area – 21 countries (from 2026),2014,,35.7,,b,break in time series,,
dataflow,ESTAT:SDG_04_20(1.0),Persons aged 25-34 with tertiary educational attainment level,A,Annual,T,Total,Y25-34,From 25 to 34 years,PC,Percentage,ED5-8,Tertiary education (levels 5-8),EA21,Euro area – 21 countries (from 2026),2015,,36.2,,,,,
dataflow,ESTAT:SDG_04_20(1.0),Persons aged 25-34 with tertiary educational attainment level,A,Annual,T,Total,Y25-34,From 25 to 34 years,PC,Percentage,ED5-8,Tertiary education (levels 5-8),EA21,Euro area – 21 countries (from 2026),2016,,36.6,,,,,
dataflow,ESTAT:SDG_04_20(1.0),Persons aged 25-34 with tertiary educational attainment level,A,Annual,T,Total,Y25-34,From 25 to 34 years,PC,Percentage,ED5-8,Tertiary education (levels 5-8),EA21,Euro area – 21 countries (from 2026),2017,,37.5,,,,,
dataflow,ESTAT:SDG_04_20(1.0),Persons aged 25-34 with tertiary educational attainment level,A,Annual,T,Total,Y25-34,From 25 to 34 years,PC,Percentage,ED5-8,Tertiary education (levels 5-8),EA21,Euro area – 21 countries (from 2026),2018,,38.9,,,,,
dataflow,ESTAT:SDG_04_20(1.0),Persons aged 25-34 with tertiary educational attainment level,A,Annual,T,Total,Y25-34,From 25 to 34 years,PC,Percentage,ED5-8,Tertiary education (levels 5-8),EA21,Euro area – 21 countries (from 2026),2019,,39.9,,,,,
dataflow,ESTAT:SDG_04_20(1.0),Persons aged 25-34 with tertiary educational attainment level,A,Annual,T,Total,Y25-34,From 25 to 34 years,PC,Percentage,ED5-8,Tertiary education (levels 5-8),EA21,Euro area – 21 countries (from 2026),2020,,41.3,,,,,
dataflow,ESTAT:SDG_04_20(1.0),Persons aged 25-34 with tertiary educational attainment level,A,Annual,T,Total,Y25-34,From 25 to 34 years,PC,Percentage,ED5-8,Tertiary education (levels 5-8),EA21,Euro area – 21 countries (from 2026),2021,,42.6,,b,break in time series,,
dataflow,ESTAT:SDG_04_20(1.0),Persons aged 25-34 with tertiary educational attainment level,A,Annual,T,Total,Y25-34,From 25 to 34 years,PC,Percentage,ED5-8,Tertiary education (levels 5-8),EA21,Euro area – 21 countries (from 2026),2022,,43.0,,,,,
dataflow,ESTAT:SDG_04_20(1.0),Persons aged 25-34 with tertiary educational attainment level,A,Annual,T,Total,Y25-34,From 25 to 34 years,PC,Percentage,ED5-8,Tertiary education (levels 5-8),EA21,Euro area – 21 countries (from 2026),2023,,43.9,,,,,
dataflow,ESTAT:SDG_04_20(1.0),Persons aged 25-34 with tertiary educational attainment level,A,Annual,T,Total,Y25-34,From 25 to 34 years,PC,Percentage,ED5-8,Tertiary education (levels 5-8),EA21,Euro area – 21 countries (from 2026),2024,,44.9,,,,,
dataflow,ESTAT:SDG_04_20(1.0),Persons aged 25-34 with tertiary educational attainment level,A,Annual,T,Total,Y25-34,From 25 to 34 years,PC,Percentage,ED5-8,Tertiary education (levels 5-8),EA21,Euro area – 21 countries (from 2026),2025,,45.9,,,,,
dataflow,ESTAT:SDG_04_20(1.0),Persons aged 25-34 with tertiary educational attainment level,A,Annual,T,Total,Y25-34,From 25 to 34 years,PC,Percentage,ED5-8,Tertiary education (levels 5-8),EE,Estonia,2000,,28.4,,b,break in time series,,
dataflow,ESTAT:SDG_04_20(1.0),Persons aged 25-34 with tertiary educational attainment level,A,Annual,T,Total,Y25-34,From 25 to 34 years,PC,Percentage,ED5-8,Tertiary education (levels 5-8),EE,Estonia,2001,,27.0,,,,,
dataflow,ESTAT:SDG_04_20(1.0),Persons aged 25-34 with tertiary educational attainment level,A,Annual,T,Total,Y25-34,From 25 to 34 years,PC,Percentage,ED5-8,Tertiary education (levels 5-8),EE,Estonia,2002,,26.3,,,,,
dataflow,ESTAT:SDG_04_20(1.0),Persons aged 25-34 with tertiary educational attainment level,A,Annual,T,Total,Y25-34,From 25 to 34 years,PC,Percentage,ED5-8,Tertiary education (levels 5-8),EE,Estonia,2003,,27.4,,,,,
dataflow,ESTAT:SDG_04_20(1.0),Persons aged 25-34 with tertiary educational attainment level,A,Annual,T,Total,Y25-34,From 25 to 34 years,PC,Percentage,ED5-8,Tertiary education (levels 5-8),EE,Estonia,2004,,27.7,,,,,
dataflow,ESTAT:SDG_04_20(1.0),Persons aged 25-34 with tertiary educational attainment level,A,Annual,T,Total,Y25-34,From 25 to 34 years,PC,Percentage,ED5-8,Tertiary education (levels 5-8),EE,Estonia,2005,,33.1,,,,,
dataflow,ESTAT:SDG_04_20(1.0),Persons aged 25-34 with tertiary educational attainment level,A,Annual,T,Total,Y25-34,From 25 to 34 years,PC,Percentage,ED5-8,Tertiary education (levels 5-8),EE,Estonia,2006,,34.5,,,,,
dataflow,ESTAT:SDG_04_20(1.0),Persons aged 25-34 with tertiary educational attainment level,A,Annual,T,Total,Y25-34,From 25 to 34 years,PC,Percentage,ED5-8,Tertiary education (levels 5-8),EE,Estonia,2007,,34.4,,,,,
dataflow,ESTAT:SDG_04_20(1.0),Persons aged 25-34 with tertiary educational attainment level,A,Annual,T,Total,Y25-34,From 25 to 34 years,PC,Percentage,ED5-8,Tertiary education (levels 5-8),EE,Estonia,2008,,35.8,,,,,
dataflow,ESTAT:SDG_04_20(1.0),Persons aged 25-34 with tertiary educational attainment level,A,Annual,T,Total,Y25-34,From 25 to 34 years,PC,Percentage,ED5-8,Tertiary education (levels 5-8),EE,Estonia,2009,,36.8,,,,,
dataflow,ESTAT:SDG_04_20(1.0),Persons aged 25-34 with tertiary educational attainment level,A,Annual,T,Total,Y25-34,From 25 to 34 years,PC,Percentage,ED5-8,Tertiary education (levels 5-8),EE,Estonia,2010,,38.2,,,,,
dataflow,ESTAT:SDG_04_20(1.0),Persons aged 25-34 with tertiary educational attainment level,A,Annual,T,Total,Y25-34,From 25 to 34 years,PC,Percentage,ED5-8,Tertiary education (levels 5-8),EE,Estonia,2011,,39.0,,,,,
dataflow,ESTAT:SDG_04_20(1.0),Persons aged 25-34 with tertiary educational attainment level,A,Annual,T,Total,Y25-34,From 25 to 34 years,PC,Percentage,ED5-8,Tertiary education (levels 5-8),EE,Estonia,2012,,40.1,,,,,
dataflow,ESTAT:SDG_04_20(1.0),Persons aged 25-34 with tertiary educational attainment level,A,Annual,T,Total,Y25-34,From 25 to 34 years,PC,Percentage,ED5-8,Tertiary education (levels 5-8),EE,Estonia,2013,,40.6,,,,,
dataflow,ESTAT:SDG_04_20(1.0),Persons aged 25-34 with tertiary educational attainment level,A,Annual,T,Total,Y25-34,From 25 to 34 years,PC,Percentage,ED5-8,Tertiary education (levels 5-8),EE,Estonia,2014,,40.6,,b,break in time series,,
dataflow,ESTAT:SDG_04_20(1.0),Persons aged 25-34 with tertiary educational attainment level,A,Annual,T,Total,Y25-34,From 25 to 34 years,PC,Percentage,ED5-8,Tertiary education (levels 5-8),EE,Estonia,2015,,38.5,,,,,
dataflow,ESTAT:SDG_04_20(1.0),Persons aged 25-34 with tertiary educational attainment level,A,Annual,T,Total,Y25-34,From 25 to 34 years,PC,Percentage,ED5-8,Tertiary education (levels 5-8),EE,Estonia,2016,,39.1,,,,,
dataflow,ESTAT:SDG_04_20(1.0),Persons aged 25-34 with tertiary educational attainment level,A,Annual,T,Total,Y25-34,From 25 to 34 years,PC,Percentage,ED5-8,Tertiary education (levels 5-8),EE,Estonia,2017,,40.9,,,,,
dataflow,ESTAT:SDG_04_20(1.0),Persons aged 25-34 with tertiary educational attainment level,A,Annual,T,Total,Y25-34,From 25 to 34 years,PC,Percentage,ED5-8,Tertiary education (levels 5-8),EE,Estonia,2018,,41.1,,,,,
dataflow,ESTAT:SDG_04_20(1.0),Persons aged 25-34 with tertiary educational attainment level,A,Annual,T,Total,Y25-34,From 25 to 34 years,PC,Percentage,ED5-8,Tertiary education (levels 5-8),EE,Estonia,2019,,40.6,,,,,
dataflow,ESTAT:SDG_04_20(1.0),Persons aged 25-34 with tertiary educational attainment level,A,Annual,T,Total,Y25-34,From 25 to 34 years,PC,Percentage,ED5-8,Tertiary education (levels 5-8),EE,Estonia,2020,,40.1,,,,,
dataflow,ESTAT:SDG_04_20(1.0),Persons aged 25-34 with tertiary educational attainment level,A,Annual,T,Total,Y25-34,From 25 to 34 years,PC,Percentage,ED5-8,Tertiary education (levels 5-8),EE,Estonia,2021,,43.2,,b,break in time series,,
dataflow,ESTAT:SDG_04_20(1.0),Persons aged 25-34 with tertiary educational attainment level,A,Annual,T,Total,Y25-34,From 25 to 34 years,PC,Percentage,ED5-8,Tertiary education (levels 5-8),EE,Estonia,2022,,43.9,,,,,
dataflow,ESTAT:SDG_04_20(1.0),Persons aged 25-34 with tertiary educational attainment level,A,Annual,T,Total,Y25-34,From 25 to 34 years,PC,Percentage,ED5-8,Tertiary education (levels 5-8),EE,Estonia,2023,,43.5,,,,,
dataflow,ESTAT:SDG_04_20(1.0),Persons aged 25-34 with tertiary educational attainment level,A,Annual,T,Total,Y25-34,From 25 to 34 years,PC,Percentage,ED5-8,Tertiary education (levels 5-8),EE,Estonia,2024,,42.7,,,,,
dataflow,ESTAT:SDG_04_20(1.0),Persons aged 25-34 with tertiary educational attainment level,A,Annual,T,Total,Y25-34,From 25 to 34 years,PC,Percentage,ED5-8,Tertiary education (levels 5-8),EE,Estonia,2025,,44.3,,,,,
dataflow,ESTAT:SDG_04_20(1.0),Persons aged 25-34 with tertiary educational attainment level,A,Annual,T,Total,Y25-34,From 25 to 34 years,PC,Percentage,ED5-8,Tertiary education (levels 5-8),EL,Greece,2000,,23.3,,,,,
dataflow,ESTAT:SDG_04_20(1.0),Persons aged 25-34 with tertiary educational attainment level,A,Annual,T,Total,Y25-34,From 25 to 34 years,PC,Percentage,ED5-8,Tertiary education (levels 5-8),EL,Greece,2001,,22.9,,b,break in time series,,
dataflow,ESTAT:SDG_04_20(1.0),Persons aged 25-34 with tertiary educational attainment level,A,Annual,T,Total,Y25-34,From 25 to 34 years,PC,Percentage,ED5-8,Tertiary education (levels 5-8),EL,Greece,2002,,23.1,,,,,
dataflow,ESTAT:SDG_04_20(1.0),Persons aged 25-34 with tertiary educational attainment level,A,Annual,T,Total,Y25-34,From 25 to 34 years,PC,Percentage,ED5-8,Tertiary education (levels 5-8),EL,Greece,2003,,23.1,,,,,
dataflow,ESTAT:SDG_04_20(1.0),Persons aged 25-34 with tertiary educational attainment level,A,Annual,T,Total,Y25-34,From 25 to 34 years,PC,Percentage,ED5-8,Tertiary education (levels 5-8),EL,Greece,2004,,24.8,,b,break in time series,,
dataflow,ESTAT:SDG_04_20(1.0),Persons aged 25-34 with tertiary educational attainment level,A,Annual,T,Total,Y25-34,From 25 to 34 years,PC,Percentage,ED5-8,Tertiary education (levels 5-8),EL,Greece,2005,,24.9,,,,,
dataflow,ESTAT:SDG_04_20(1.0),Persons aged 25-34 with tertiary educational attainment level,A,Annual,T,Total,Y25-34,From 25 to 34 years,PC,Percentage,ED5-8,Tertiary education (levels 5-8),EL,Greece,2006,,26.3,,,,,
dataflow,ESTAT:SDG_04_20(1.0),Persons aged 25-34 with tertiary educational attainment level,A,Annual,T,Total,Y25-34,From 25 to 34 years,PC,Percentage,ED5-8,Tertiary education (levels 5-8),EL,Greece,2007,,27.3,,,,,
dataflow,ESTAT:SDG_04_20(1.0),Persons aged 25-34 with tertiary educational attainment level,A,Annual,T,Total,Y25-34,From 25 to 34 years,PC,Percentage,ED5-8,Tertiary education (levels 5-8),EL,Greece,2008,,27.7,,,,,
dataflow,ESTAT:SDG_04_20(1.0),Persons aged 25-34 with tertiary educational attainment level,A,Annual,T,Total,Y25-34,From 25 to 34 years,PC,Percentage,ED5-8,Tertiary education (levels 5-8),EL,Greece,2009,,28.9,,b,break in time series,,
dataflow,ESTAT:SDG_04_20(1.0),Persons aged 25-34 with tertiary educational attainment level,A,Annual,T,Total,Y25-34,From 25 to 34 years,PC,Percentage,ED5-8,Tertiary education (levels 5-8),EL,Greece,2010,,30.6,,,,,
dataflow,ESTAT:SDG_04_20(1.0),Persons aged 25-34 with tertiary educational attainment level,A,Annual,T,Total,Y25-34,From 25 to 34 years,PC,Percentage,ED5-8,Tertiary education (levels 5-8),EL,Greece,2011,,32.3,,,,,
dataflow,ESTAT:SDG_04_20(1.0),Persons aged 25-34 with tertiary educational attainment level,A,Annual,T,Total,Y25-34,From 25 to 34 years,PC,Percentage,ED5-8,Tertiary education (levels 5-8),EL,Greece,2012,,34.5,,,,,
dataflow,ESTAT:SDG_04_20(1.0),Persons aged 25-34 with tertiary educational attainment level,A,Annual,T,Total,Y25-34,From 25 to 34 years,PC,Percentage,ED5-8,Tertiary education (levels 5-8),EL,Greece,2013,,37.2,,,,,
dataflow,ESTAT:SDG_04_20(1.0),Persons aged 25-34 with tertiary educational attainment level,A,Annual,T,Total,Y25-34,From 25 to 34 years,PC,Percentage,ED5-8,Tertiary education (levels 5-8),EL,Greece,2014,,38.7,,b,break in time series,,
dataflow,ESTAT:SDG_04_20(1.0),Persons aged 25-34 with tertiary educational attainment level,A,Annual,T,Total,Y25-34,From 25 to 34 years,PC,Percentage,ED5-8,Tertiary education (levels 5-8),EL,Greece,2015,,40.1,,,,,
dataflow,ESTAT:SDG_04_20(1.0),Persons aged 25-34 with tertiary educational attainment level,A,Annual,T,Total,Y25-34,From 25 to 34 years,PC,Percentage,ED5-8,Tertiary education (levels 5-8),EL,Greece,2016,,41.0,,,,,
dataflow,ESTAT:SDG_04_20(1.0),Persons aged 25-34 with tertiary educational attainment level,A,Annual,T,Total,Y25-34,From 25 to 34 years,PC,Percentage,ED5-8,Tertiary education (levels 5-8),EL,Greece,2017,,42.5,,,,,
dataflow,ESTAT:SDG_04_20(1.0),Persons aged 25-34 with tertiary educational attainment level,A,Annual,T,Total,Y25-34,From 25 to 34 years,PC,Percentage,ED5-8,Tertiary education (levels 5-8),EL,Greece,2018,,42.8,,,,,
dataflow,ESTAT:SDG_04_20(1.0),Persons aged 25-34 with tertiary educational attainment level,A,Annual,T,Total,Y25-34,From 25 to 34 years,PC,Percentage,ED5-8,Tertiary education (levels 5-8),EL,Greece,2019,,42.4,,,,,
dataflow,ESTAT:SDG_04_20(1.0),Persons aged 25-34 with tertiary educational attainment level,A,Annual,T,Total,Y25-34,From 25 to 34 years,PC,Percentage,ED5-8,Tertiary education (levels 5-8),EL,Greece,2020,,43.7,,,,,
dataflow,ESTAT:SDG_04_20(1.0),Persons aged 25-34 with tertiary educational attainment level,A,Annual,T,Total,Y25-34,From 25 to 34 years,PC,Percentage,ED5-8,Tertiary education (levels 5-8),EL,Greece,2021,,44.2,,b,break in time series,,
dataflow,ESTAT:SDG_04_20(1.0),Persons aged 25-34 with tertiary educational attainment level,A,Annual,T,Total,Y25-34,From 25 to 34 years,PC,Percentage,ED5-8,Tertiary education (levels 5-8),EL,Greece,2022,,45.2,,,,,
dataflow,ESTAT:SDG_04_20(1.0),Persons aged 25-34 with tertiary educational attainment level,A,Annual,T,Total,Y25-34,From 25 to 34 years,PC,Percentage,ED5-8,Tertiary education (levels 5-8),EL,Greece,2023,,44.5,,,,,
dataflow,ESTAT:SDG_04_20(1.0),Persons aged 25-34 with tertiary educational attainment level,A,Annual,T,Total,Y25-34,From 25 to 34 years,PC,Percentage,ED5-8,Tertiary education (levels 5-8),EL,Greece,2024,,44.5,,,,,
dataflow,ESTAT:SDG_04_20(1.0),Persons aged 25-34 with tertiary educational attainment level,A,Annual,T,Total,Y25-34,From 25 to 34 years,PC,Percentage,ED5-8,Tertiary education (levels 5-8),EL,Greece,2025,,42.8,,,,,
dataflow,ESTAT:SDG_04_20(1.0),Persons aged 25-34 with tertiary educational attainment level,A,Annual,T,Total,Y25-34,From 25 to 34 years,PC,Percentage,ED5-8,Tertiary education (levels 5-8),ES,Spain,2000,,33.9,,,,,
dataflow,ESTAT:SDG_04_20(1.0),Persons aged 25-34 with tertiary educational attainment level,A,Annual,T,Total,Y25-34,From 25 to 34 years,PC,Percentage,ED5-8,Tertiary education (levels 5-8),ES,Spain,2001,,35.4,,,,,
dataflow,ESTAT:SDG_04_20(1.0),Persons aged 25-34 with tertiary educational attainment level,A,Annual,T,Total,Y25-34,From 25 to 34 years,PC,Percentage,ED5-8,Tertiary education (levels 5-8),ES,Spain,2002,,37.5,,,,,
dataflow,ESTAT:SDG_04_20(1.0),Persons aged 25-34 with tertiary educational attainment level,A,Annual,T,Total,Y25-34,From 25 to 34 years,PC,Percentage,ED5-8,Tertiary education (levels 5-8),ES,Spain,2003,,37.9,,,,,
dataflow,ESTAT:SDG_04_20(1.0),Persons aged 25-34 with tertiary educational attainment level,A,Annual,T,Total,Y25-34,From 25 to 34 years,PC,Percentage,ED5-8,Tertiary education (levels 5-8),ES,Spain,2004,,39.0,,,,,
dataflow,ESTAT:SDG_04_20(1.0),Persons aged 25-34 with tertiary educational attainment level,A,Annual,T,Total,Y25-34,From 25 to 34 years,PC,Percentage,ED5-8,Tertiary education (levels 5-8),ES,Spain,2005,,40.7,,b,break in time series,,
dataflow,ESTAT:SDG_04_20(1.0),Persons aged 25-34 with tertiary educational attainment level,A,Annual,T,Total,Y25-34,From 25 to 34 years,PC,Percentage,ED5-8,Tertiary education (levels 5-8),ES,Spain,2006,,40.3,,,,,
dataflow,ESTAT:SDG_04_20(1.0),Persons aged 25-34 with tertiary educational attainment level,A,Annual,T,Total,Y25-34,From 25 to 34 years,PC,Percentage,ED5-8,Tertiary education (levels 5-8),ES,Spain,2007,,40.0,,,,,
dataflow,ESTAT:SDG_04_20(1.0),Persons aged 25-34 with tertiary educational attainment level,A,Annual,T,Total,Y25-34,From 25 to 34 years,PC,Percentage,ED5-8,Tertiary education (levels 5-8),ES,Spain,2008,,40.0,,,,,
dataflow,ESTAT:SDG_04_20(1.0),Persons aged 25-34 with tertiary educational attainment level,A,Annual,T,Total,Y25-34,From 25 to 34 years,PC,Percentage,ED5-8,Tertiary education (levels 5-8),ES,Spain,2009,,39.5,,,,,
dataflow,ESTAT:SDG_04_20(1.0),Persons aged 25-34 with tertiary educational attainment level,A,Annual,T,Total,Y25-34,From 25 to 34 years,PC,Percentage,ED5-8,Tertiary education (levels 5-8),ES,Spain,2010,,40.3,,,,,
dataflow,ESTAT:SDG_04_20(1.0),Persons aged 25-34 with tertiary educational attainment level,A,Annual,T,Total,Y25-34,From 25 to 34 years,PC,Percentage,ED5-8,Tertiary education (levels 5-8),ES,Spain,2011,,40.3,,,,,
dataflow,ESTAT:SDG_04_20(1.0),Persons aged 25-34 with tertiary educational attainment level,A,Annual,T,Total,Y25-34,From 25 to 34 years,PC,Percentage,ED5-8,Tertiary education (levels 5-8),ES,Spain,2012,,40.4,,,,,
dataflow,ESTAT:SDG_04_20(1.0),Persons aged 25-34 with tertiary educational attainment level,A,Annual,T,Total,Y25-34,From 25 to 34 years,PC,Percentage,ED5-8,Tertiary education (levels 5-8),ES,Spain,2013,,41.1,,,,,
dataflow,ESTAT:SDG_04_20(1.0),Persons aged 25-34 with tertiary educational attainment level,A,Annual,T,Total,Y25-34,From 25 to 34 years,PC,Percentage,ED5-8,Tertiary education (levels 5-8),ES,Spain,2014,,41.5,,b,break in time series,,
dataflow,ESTAT:SDG_04_20(1.0),Persons aged 25-34 with tertiary educational attainment level,A,Annual,T,Total,Y25-34,From 25 to 34 years,PC,Percentage,ED5-8,Tertiary education (levels 5-8),ES,Spain,2015,,41.0,,,,,
dataflow,ESTAT:SDG_04_20(1.0),Persons aged 25-34 with tertiary educational attainment level,A,Annual,T,Total,Y25-34,From 25 to 34 years,PC,Percentage,ED5-8,Tertiary education (levels 5-8),ES,Spain,2016,,41.0,,,,,
dataflow,ESTAT:SDG_04_20(1.0),Persons aged 25-34 with tertiary educational attainment level,A,Annual,T,Total,Y25-34,From 25 to 34 years,PC,Percentage,ED5-8,Tertiary education (levels 5-8),ES,Spain,2017,,42.6,,,,,
dataflow,ESTAT:SDG_04_20(1.0),Persons aged 25-34 with tertiary educational attainment level,A,Annual,T,Total,Y25-34,From 25 to 34 years,PC,Percentage,ED5-8,Tertiary education (levels 5-8),ES,Spain,2018,,44.3,,,,,
dataflow,ESTAT:SDG_04_20(1.0),Persons aged 25-34 with tertiary educational attainment level,A,Annual,T,Total,Y25-34,From 25 to 34 years,PC,Percentage,ED5-8,Tertiary education (levels 5-8),ES,Spain,2019,,46.5,,,,,
dataflow,ESTAT:SDG_04_20(1.0),Persons aged 25-34 with tertiary educational attainment level,A,Annual,T,Total,Y25-34,From 25 to 34 years,PC,Percentage,ED5-8,Tertiary education (levels 5-8),ES,Spain,2020,,47.4,,,,,
dataflow,ESTAT:SDG_04_20(1.0),Persons aged 25-34 with tertiary educational attainment level,A,Annual,T,Total,Y25-34,From 25 to 34 years,PC,Percentage,ED5-8,Tertiary education (levels 5-8),ES,Spain,2021,,48.5,,b,break in time series,,
dataflow,ESTAT:SDG_04_20(1.0),Persons aged 25-34 with tertiary educational attainment level,A,Annual,T,Total,Y25-34,From 25 to 34 years,PC,Percentage,ED5-8,Tertiary education (levels 5-8),ES,Spain,2022,,50.2,,,,,
dataflow,ESTAT:SDG_04_20(1.0),Persons aged 25-34 with tertiary educational attainment level,A,Annual,T,Total,Y25-34,From 25 to 34 years,PC,Percentage,ED5-8,Tertiary education (levels 5-8),ES,Spain,2023,,52.0,,,,,
dataflow,ESTAT:SDG_04_20(1.0),Persons aged 25-34 with tertiary educational attainment level,A,Annual,T,Total,Y25-34,From 25 to 34 years,PC,Percentage,ED5-8,Tertiary education (levels 5-8),ES,Spain,2024,,52.6,,,,,
dataflow,ESTAT:SDG_04_20(1.0),Persons aged 25-34 with tertiary educational attainment level,A,Annual,T,Total,Y25-34,From 25 to 34 years,PC,Percentage,ED5-8,Tertiary education (levels 5-8),ES,Spain,2025,,52.5,,,,,
dataflow,ESTAT:SDG_04_20(1.0),Persons aged 25-34 with tertiary educational attainment level,A,Annual,T,Total,Y25-34,From 25 to 34 years,PC,Percentage,ED5-8,Tertiary education (levels 5-8),EU27_2020,European Union - 27 countries (from 2020),2002,,23.1,,,,,
dataflow,ESTAT:SDG_04_20(1.0),Persons aged 25-34 with tertiary educational attainment level,A,Annual,T,Total,Y25-34,From 25 to 34 years,PC,Percentage,ED5-8,Tertiary education (levels 5-8),EU27_2020,European Union - 27 countries (from 2020),2003,,24.6,,,,,
dataflow,ESTAT:SDG_04_20(1.0),Persons aged 25-34 with tertiary educational attainment level,A,Annual,T,Total,Y25-34,From 25 to 34 years,PC,Percentage,ED5-8,Tertiary education (levels 5-8),EU27_2020,European Union - 27 countries (from 2020),2004,,26.3,,,,,
dataflow,ESTAT:SDG_04_20(1.0),Persons aged 25-34 with tertiary educational attainment level,A,Annual,T,Total,Y25-34,From 25 to 34 years,PC,Percentage,ED5-8,Tertiary education (levels 5-8),EU27_2020,European Union - 27 countries (from 2020),2005,,27.2,,,,,
dataflow,ESTAT:SDG_04_20(1.0),Persons aged 25-34 with tertiary educational attainment level,A,Annual,T,Total,Y25-34,From 25 to 34 years,PC,Percentage,ED5-8,Tertiary education (levels 5-8),EU27_2020,European Union - 27 countries (from 2020),2006,,28.1,,,,,
dataflow,ESTAT:SDG_04_20(1.0),Persons aged 25-34 with tertiary educational attainment level,A,Annual,T,Total,Y25-34,From 25 to 34 years,PC,Percentage,ED5-8,Tertiary education (levels 5-8),EU27_2020,European Union - 27 countries (from 2020),2007,,28.9,,,,,
dataflow,ESTAT:SDG_04_20(1.0),Persons aged 25-34 with tertiary educational attainment level,A,Annual,T,Total,Y25-34,From 25 to 34 years,PC,Percentage,ED5-8,Tertiary education (levels 5-8),EU27_2020,European Union - 27 countries (from 2020),2008,,29.9,,,,,
dataflow,ESTAT:SDG_04_20(1.0),Persons aged 25-34 with tertiary educational attainment level,A,Annual,T,Total,Y25-34,From 25 to 34 years,PC,Percentage,ED5-8,Tertiary education (levels 5-8),EU27_2020,European Union - 27 countries (from 2020),2009,,31.2,,,,,
dataflow,ESTAT:SDG_04_20(1.0),Persons aged 25-34 with tertiary educational attainment level,A,Annual,T,Total,Y25-34,From 25 to 34 years,PC,Percentage,ED5-8,Tertiary education (levels 5-8),EU27_2020,European Union - 27 countries (from 2020),2010,,32.2,,,,,
dataflow,ESTAT:SDG_04_20(1.0),Persons aged 25-34 with tertiary educational attainment level,A,Annual,T,Total,Y25-34,From 25 to 34 years,PC,Percentage,ED5-8,Tertiary education (levels 5-8),EU27_2020,European Union - 27 countries (from 2020),2011,,33.1,,,,,
dataflow,ESTAT:SDG_04_20(1.0),Persons aged 25-34 with tertiary educational attainment level,A,Annual,T,Total,Y25-34,From 25 to 34 years,PC,Percentage,ED5-8,Tertiary education (levels 5-8),EU27_2020,European Union - 27 countries (from 2020),2012,,34.1,,,,,
dataflow,ESTAT:SDG_04_20(1.0),Persons aged 25-34 with tertiary educational attainment level,A,Annual,T,Total,Y25-34,From 25 to 34 years,PC,Percentage,ED5-8,Tertiary education (levels 5-8),EU27_2020,European Union - 27 countries (from 2020),2013,,35.2,,,,,
dataflow,ESTAT:SDG_04_20(1.0),Persons aged 25-34 with tertiary educational attainment level,A,Annual,T,Total,Y25-34,From 25 to 34 years,PC,Percentage,ED5-8,Tertiary education (levels 5-8),EU27_2020,European Union - 27 countries (from 2020),2014,,35.9,,b,break in time series,,
dataflow,ESTAT:SDG_04_20(1.0),Persons aged 25-34 with tertiary educational attainment level,A,Annual,T,Total,Y25-34,From 25 to 34 years,PC,Percentage,ED5-8,Tertiary education (levels 5-8),EU27_2020,European Union - 27 countries (from 2020),2015,,36.5,,,,,
dataflow,ESTAT:SDG_04_20(1.0),Persons aged 25-34 with tertiary educational attainment level,A,Annual,T,Total,Y25-34,From 25 to 34 years,PC,Percentage,ED5-8,Tertiary education (levels 5-8),EU27_2020,European Union - 27 countries (from 2020),2016,,36.8,,,,,
dataflow,ESTAT:SDG_04_20(1.0),Persons aged 25-34 with tertiary educational attainment level,A,Annual,T,Total,Y25-34,From 25 to 34 years,PC,Percentage,ED5-8,Tertiary education (levels 5-8),EU27_2020,European Union - 27 countries (from 2020),2017,,37.6,,,,,
dataflow,ESTAT:SDG_04_20(1.0),Persons aged 25-34 with tertiary educational attainment level,A,Annual,T,Total,Y25-34,From 25 to 34 years,PC,Percentage,ED5-8,Tertiary education (levels 5-8),EU27_2020,European Union - 27 countries (from 2020),2018,,38.7,,,,,
dataflow,ESTAT:SDG_04_20(1.0),Persons aged 25-34 with tertiary educational attainment level,A,Annual,T,Total,Y25-34,From 25 to 34 years,PC,Percentage,ED5-8,Tertiary education (levels 5-8),EU27_2020,European Union - 27 countries (from 2020),2019,,39.6,,,,,
dataflow,ESTAT:SDG_04_20(1.0),Persons aged 25-34 with tertiary educational attainment level,A,Annual,T,Total,Y25-34,From 25 to 34 years,PC,Percentage,ED5-8,Tertiary education (levels 5-8),EU27_2020,European Union - 27 countries (from 2020),2020,,40.7,,,,,
dataflow,ESTAT:SDG_04_20(1.0),Persons aged 25-34 with tertiary educational attainment level,A,Annual,T,Total,Y25-34,From 25 to 34 years,PC,Percentage,ED5-8,Tertiary education (levels 5-8),EU27_2020,European Union - 27 countries (from 2020),2021,,41.5,,b,break in time series,,
dataflow,ESTAT:SDG_04_20(1.0),Persons aged 25-34 with tertiary educational attainment level,A,Annual,T,Total,Y25-34,From 25 to 34 years,PC,Percentage,ED5-8,Tertiary education (levels 5-8),EU27_2020,European Union - 27 countries (from 2020),2022,,42.0,,,,,
dataflow,ESTAT:SDG_04_20(1.0),Persons aged 25-34 with tertiary educational attainment level,A,Annual,T,Total,Y25-34,From 25 to 34 years,PC,Percentage,ED5-8,Tertiary education (levels 5-8),EU27_2020,European Union - 27 countries (from 2020),2023,,43.1,,,,,
dataflow,ESTAT:SDG_04_20(1.0),Persons aged 25-34 with tertiary educational attainment level,A,Annual,T,Total,Y25-34,From 25 to 34 years,PC,Percentage,ED5-8,Tertiary education (levels 5-8),EU27_2020,European Union - 27 countries (from 2020),2024,,43.9,,,,,
dataflow,ESTAT:SDG_04_20(1.0),Persons aged 25-34 with tertiary educational attainment level,A,Annual,T,Total,Y25-34,From 25 to 34 years,PC,Percentage,ED5-8,Tertiary education (levels 5-8),EU27_2020,European Union - 27 countries (from 2020),2025,,44.8,,,,,
dataflow,ESTAT:SDG_04_20(1.0),Persons aged 25-34 with tertiary educational attainment level,A,Annual,T,Total,Y25-34,From 25 to 34 years,PC,Percentage,ED5-8,Tertiary education (levels 5-8),FI,Finland,2000,,37.8,,b,break in time series,,
dataflow,ESTAT:SDG_04_20(1.0),Persons aged 25-34 with tertiary educational attainment level,A,Annual,T,Total,Y25-34,From 25 to 34 years,PC,Percentage,ED5-8,Tertiary education (levels 5-8),FI,Finland,2001,,38.2,,,,,
dataflow,ESTAT:SDG_04_20(1.0),Persons aged 25-34 with tertiary educational attainment level,A,Annual,T,Total,Y25-34,From 25 to 34 years,PC,Percentage,ED5-8,Tertiary education (levels 5-8),FI,Finland,2002,,37.8,,,,,
dataflow,ESTAT:SDG_04_20(1.0),Persons aged 25-34 with tertiary educational attainment level,A,Annual,T,Total,Y25-34,From 25 to 34 years,PC,Percentage,ED5-8,Tertiary education (levels 5-8),FI,Finland,2003,,37.9,,,,,
dataflow,ESTAT:SDG_04_20(1.0),Persons aged 25-34 with tertiary educational attainment level,A,Annual,T,Total,Y25-34,From 25 to 34 years,PC,Percentage,ED5-8,Tertiary education (levels 5-8),FI,Finland,2004,,38.2,,,,,
dataflow,ESTAT:SDG_04_20(1.0),Persons aged 25-34 with tertiary educational attainment level,A,Annual,T,Total,Y25-34,From 25 to 34 years,PC,Percentage,ED5-8,Tertiary education (levels 5-8),FI,Finland,2005,,37.5,,,,,
dataflow,ESTAT:SDG_04_20(1.0),Persons aged 25-34 with tertiary educational attainment level,A,Annual,T,Total,Y25-34,From 25 to 34 years,PC,Percentage,ED5-8,Tertiary education (levels 5-8),FI,Finland,2006,,38.5,,,,,
dataflow,ESTAT:SDG_04_20(1.0),Persons aged 25-34 with tertiary educational attainment level,A,Annual,T,Total,Y25-34,From 25 to 34 years,PC,Percentage,ED5-8,Tertiary education (levels 5-8),FI,Finland,2007,,39.3,,,,,
dataflow,ESTAT:SDG_04_20(1.0),Persons aged 25-34 with tertiary educational attainment level,A,Annual,T,Total,Y25-34,From 25 to 34 years,PC,Percentage,ED5-8,Tertiary education (levels 5-8),FI,Finland,2008,,38.3,,,,,
dataflow,ESTAT:SDG_04_20(1.0),Persons aged 25-34 with tertiary educational attainment level,A,Annual,T,Total,Y25-34,From 25 to 34 years,PC,Percentage,ED5-8,Tertiary education (levels 5-8),FI,Finland,2009,,39.4,,,,,
dataflow,ESTAT:SDG_04_20(1.0),Persons aged 25-34 with tertiary educational attainment level,A,Annual,T,Total,Y25-34,From 25 to 34 years,PC,Percentage,ED5-8,Tertiary education (levels 5-8),FI,Finland,2010,,39.2,,,,,
dataflow,ESTAT:SDG_04_20(1.0),Persons aged 25-34 with tertiary educational attainment level,A,Annual,T,Total,Y25-34,From 25 to 34 years,PC,Percentage,ED5-8,Tertiary education (levels 5-8),FI,Finland,2011,,39.4,,,,,
dataflow,ESTAT:SDG_04_20(1.0),Persons aged 25-34 with tertiary educational attainment level,A,Annual,T,Total,Y25-34,From 25 to 34 years,PC,Percentage,ED5-8,Tertiary education (levels 5-8),FI,Finland,2012,,39.7,,,,,
dataflow,ESTAT:SDG_04_20(1.0),Persons aged 25-34 with tertiary educational attainment level,A,Annual,T,Total,Y25-34,From 25 to 34 years,PC,Percentage,ED5-8,Tertiary education (levels 5-8),FI,Finland,2013,,40.0,,,,,
dataflow,ESTAT:SDG_04_20(1.0),Persons aged 25-34 with tertiary educational attainment level,A,Annual,T,Total,Y25-34,From 25 to 34 years,PC,Percentage,ED5-8,Tertiary education (levels 5-8),FI,Finland,2014,,40.3,,b,break in time series,,
dataflow,ESTAT:SDG_04_20(1.0),Persons aged 25-34 with tertiary educational attainment level,A,Annual,T,Total,Y25-34,From 25 to 34 years,PC,Percentage,ED5-8,Tertiary education (levels 5-8),FI,Finland,2015,,40.2,,,,,
dataflow,ESTAT:SDG_04_20(1.0),Persons aged 25-34 with tertiary educational attainment level,A,Annual,T,Total,Y25-34,From 25 to 34 years,PC,Percentage,ED5-8,Tertiary education (levels 5-8),FI,Finland,2016,,40.7,,,,,
dataflow,ESTAT:SDG_04_20(1.0),Persons aged 25-34 with tertiary educational attainment level,A,Annual,T,Total,Y25-34,From 25 to 34 years,PC,Percentage,ED5-8,Tertiary education (levels 5-8),FI,Finland,2017,,40.3,,,,,
dataflow,ESTAT:SDG_04_20(1.0),Persons aged 25-34 with tertiary educational attainment level,A,Annual,T,Total,Y25-34,From 25 to 34 years,PC,Percentage,ED5-8,Tertiary education (levels 5-8),FI,Finland,2018,,40.3,,,,,
dataflow,ESTAT:SDG_04_20(1.0),Persons aged 25-34 with tertiary educational attainment level,A,Annual,T,Total,Y25-34,From 25 to 34 years,PC,Percentage,ED5-8,Tertiary education (levels 5-8),FI,Finland,2019,,42.0,,,,,
dataflow,ESTAT:SDG_04_20(1.0),Persons aged 25-34 with tertiary educational attainment level,A,Annual,T,Total,Y25-34,From 25 to 34 years,PC,Percentage,ED5-8,Tertiary education (levels 5-8),FI,Finland,2020,,43.8,,,,,
dataflow,ESTAT:SDG_04_20(1.0),Persons aged 25-34 with tertiary educational attainment level,A,Annual,T,Total,Y25-34,From 25 to 34 years,PC,Percentage,ED5-8,Tertiary education (levels 5-8),FI,Finland,2021,,40.1,,b,break in time series,,
dataflow,ESTAT:SDG_04_20(1.0),Persons aged 25-34 with tertiary educational attainment level,A,Annual,T,Total,Y25-34,From 25 to 34 years,PC,Percentage,ED5-8,Tertiary education (levels 5-8),FI,Finland,2022,,40.7,,,,,
dataflow,ESTAT:SDG_04_20(1.0),Persons aged 25-34 with tertiary educational attainment level,A,Annual,T,Total,Y25-34,From 25 to 34 years,PC,Percentage,ED5-8,Tertiary education (levels 5-8),FI,Finland,2023,,39.2,,,,,
dataflow,ESTAT:SDG_04_20(1.0),Persons aged 25-34 with tertiary educational attainment level,A,Annual,T,Total,Y25-34,From 25 to 34 years,PC,Percentage,ED5-8,Tertiary education (levels 5-8),FI,Finland,2024,,39.1,,,,,
dataflow,ESTAT:SDG_04_20(1.0),Persons aged 25-34 with tertiary educational attainment level,A,Annual,T,Total,Y25-34,From 25 to 34 years,PC,Percentage,ED5-8,Tertiary education (levels 5-8),FI,Finland,2025,,38.2,,,,,
dataflow,ESTAT:SDG_04_20(1.0),Persons aged 25-34 with tertiary educational attainment level,A,Annual,T,Total,Y25-34,From 25 to 34 years,PC,Percentage,ED5-8,Tertiary education (levels 5-8),FR,France,2000,,31.4,,,,,
dataflow,ESTAT:SDG_04_20(1.0),Persons aged 25-34 with tertiary educational attainment level,A,Annual,T,Total,Y25-34,From 25 to 34 years,PC,Percentage,ED5-8,Tertiary education (levels 5-8),FR,France,2001,,33.3,,,,,
dataflow,ESTAT:SDG_04_20(1.0),Persons aged 25-34 with tertiary educational attainment level,A,Annual,T,Total,Y25-34,From 25 to 34 years,PC,Percentage,ED5-8,Tertiary education (levels 5-8),FR,France,2002,,35.2,,,,,
dataflow,ESTAT:SDG_04_20(1.0),Persons aged 25-34 with tertiary educational attainment level,A,Annual,T,Total,Y25-34,From 25 to 34 years,PC,Percentage,ED5-8,Tertiary education (levels 5-8),FR,France,2003,,38.0,,b,break in time series,,
dataflow,ESTAT:SDG_04_20(1.0),Persons aged 25-34 with tertiary educational attainment level,A,Annual,T,Total,Y25-34,From 25 to 34 years,PC,Percentage,ED5-8,Tertiary education (levels 5-8),FR,France,2004,,38.5,,,,,
dataflow,ESTAT:SDG_04_20(1.0),Persons aged 25-34 with tertiary educational attainment level,A,Annual,T,Total,Y25-34,From 25 to 34 years,PC,Percentage,ED5-8,Tertiary education (levels 5-8),FR,France,2005,,39.9,,,,,
dataflow,ESTAT:SDG_04_20(1.0),Persons aged 25-34 with tertiary educational attainment level,A,Annual,T,Total,Y25-34,From 25 to 34 years,PC,Percentage,ED5-8,Tertiary education (levels 5-8),FR,France,2006,,41.5,,,,,
dataflow,ESTAT:SDG_04_20(1.0),Persons aged 25-34 with tertiary educational attainment level,A,Annual,T,Total,Y25-34,From 25 to 34 years,PC,Percentage,ED5-8,Tertiary education (levels 5-8),FR,France,2007,,41.4,,,,,
dataflow,ESTAT:SDG_04_20(1.0),Persons aged 25-34 with tertiary educational attainment level,A,Annual,T,Total,Y25-34,From 25 to 34 years,PC,Percentage,ED5-8,Tertiary education (levels 5-8),FR,France,2008,,40.6,,,,,
dataflow,ESTAT:SDG_04_20(1.0),Persons aged 25-34 with tertiary educational attainment level,A,Annual,T,Total,Y25-34,From 25 to 34 years,PC,Percentage,ED5-8,Tertiary education (levels 5-8),FR,France,2009,,42.9,,,,,
dataflow,ESTAT:SDG_04_20(1.0),Persons aged 25-34 with tertiary educational attainment level,A,Annual,T,Total,Y25-34,From 25 to 34 years,PC,Percentage,ED5-8,Tertiary education (levels 5-8),FR,France,2010,,42.7,,,,,
dataflow,ESTAT:SDG_04_20(1.0),Persons aged 25-34 with tertiary educational attainment level,A,Annual,T,Total,Y25-34,From 25 to 34 years,PC,Percentage,ED5-8,Tertiary education (levels 5-8),FR,France,2011,,42.8,,,,,
dataflow,ESTAT:SDG_04_20(1.0),Persons aged 25-34 with tertiary educational attainment level,A,Annual,T,Total,Y25-34,From 25 to 34 years,PC,Percentage,ED5-8,Tertiary education (levels 5-8),FR,France,2012,,42.6,,,,,
dataflow,ESTAT:SDG_04_20(1.0),Persons aged 25-34 with tertiary educational attainment level,A,Annual,T,Total,Y25-34,From 25 to 34 years,PC,Percentage,ED5-8,Tertiary education (levels 5-8),FR,France,2013,,43.9,,b,break in time series,,
dataflow,ESTAT:SDG_04_20(1.0),Persons aged 25-34 with tertiary educational attainment level,A,Annual,T,Total,Y25-34,From 25 to 34 years,PC,Percentage,ED5-8,Tertiary education (levels 5-8),FR,France,2014,,44.3,,b,break in time series,,
dataflow,ESTAT:SDG_04_20(1.0),Persons aged 25-34 with tertiary educational attainment level,A,Annual,T,Total,Y25-34,From 25 to 34 years,PC,Percentage,ED5-8,Tertiary education (levels 5-8),FR,France,2015,,44.8,,,,,
dataflow,ESTAT:SDG_04_20(1.0),Persons aged 25-34 with tertiary educational attainment level,A,Annual,T,Total,Y25-34,From 25 to 34 years,PC,Percentage,ED5-8,Tertiary education (levels 5-8),FR,France,2016,,44.2,,,,,
dataflow,ESTAT:SDG_04_20(1.0),Persons aged 25-34 with tertiary educational attainment level,A,Annual,T,Total,Y25-34,From 25 to 34 years,PC,Percentage,ED5-8,Tertiary education (levels 5-8),FR,France,2017,,44.5,,,,,
dataflow,ESTAT:SDG_04_20(1.0),Persons aged 25-34 with tertiary educational attainment level,A,Annual,T,Total,Y25-34,From 25 to 34 years,PC,Percentage,ED5-8,Tertiary education (levels 5-8),FR,France,2018,,47.0,,,,,
dataflow,ESTAT:SDG_04_20(1.0),Persons aged 25-34 with tertiary educational attainment level,A,Annual,T,Total,Y25-34,From 25 to 34 years,PC,Percentage,ED5-8,Tertiary education (levels 5-8),FR,France,2019,,48.2,,,,,
dataflow,ESTAT:SDG_04_20(1.0),Persons aged 25-34 with tertiary educational attainment level,A,Annual,T,Total,Y25-34,From 25 to 34 years,PC,Percentage,ED5-8,Tertiary education (levels 5-8),FR,France,2020,,49.4,,,,,
dataflow,ESTAT:SDG_04_20(1.0),Persons aged 25-34 with tertiary educational attainment level,A,Annual,T,Total,Y25-34,From 25 to 34 years,PC,Percentage,ED5-8,Tertiary education (levels 5-8),FR,France,2021,,50.3,,b,break in time series,,
dataflow,ESTAT:SDG_04_20(1.0),Persons aged 25-34 with tertiary educational attainment level,A,Annual,T,Total,Y25-34,From 25 to 34 years,PC,Percentage,ED5-8,Tertiary education (levels 5-8),FR,France,2022,,50.4,,,,,
dataflow,ESTAT:SDG_04_20(1.0),Persons aged 25-34 with tertiary educational attainment level,A,Annual,T,Total,Y25-34,From 25 to 34 years,PC,Percentage,ED5-8,Tertiary education (levels 5-8),FR,France,2023,,51.9,,,,,
dataflow,ESTAT:SDG_04_20(1.0),Persons aged 25-34 with tertiary educational attainment level,A,Annual,T,Total,Y25-34,From 25 to 34 years,PC,Percentage,ED5-8,Tertiary education (levels 5-8),FR,France,2024,,53.1,,b,break in time series,,
dataflow,ESTAT:SDG_04_20(1.0),Persons aged 25-34 with tertiary educational attainment level,A,Annual,T,Total,Y25-34,From 25 to 34 years,PC,Percentage,ED5-8,Tertiary education (levels 5-8),FR,France,2025,,55.8,,,,,
dataflow,ESTAT:SDG_04_20(1.0),Persons aged 25-34 with tertiary educational attainment level,A,Annual,T,Total,Y25-34,From 25 to 34 years,PC,Percentage,ED5-8,Tertiary education (levels 5-8),HR,Croatia,2002,,16.9,,,,,
dataflow,ESTAT:SDG_04_20(1.0),Persons aged 25-34 with tertiary educational attainment level,A,Annual,T,Total,Y25-34,From 25 to 34 years,PC,Percentage,ED5-8,Tertiary education (levels 5-8),HR,Croatia,2003,,17.7,,,,,
dataflow,ESTAT:SDG_04_20(1.0),Persons aged 25-34 with tertiary educational attainment level,A,Annual,T,Total,Y25-34,From 25 to 34 years,PC,Percentage,ED5-8,Tertiary education (levels 5-8),HR,Croatia,2004,,17.4,,,,,
dataflow,ESTAT:SDG_04_20(1.0),Persons aged 25-34 with tertiary educational attainment level,A,Annual,T,Total,Y25-34,From 25 to 34 years,PC,Percentage,ED5-8,Tertiary education (levels 5-8),HR,Croatia,2005,,18.0,,,,,
dataflow,ESTAT:SDG_04_20(1.0),Persons aged 25-34 with tertiary educational attainment level,A,Annual,T,Total,Y25-34,From 25 to 34 years,PC,Percentage,ED5-8,Tertiary education (levels 5-8),HR,Croatia,2006,,17.7,,,,,
dataflow,ESTAT:SDG_04_20(1.0),Persons aged 25-34 with tertiary educational attainment level,A,Annual,T,Total,Y25-34,From 25 to 34 years,PC,Percentage,ED5-8,Tertiary education (levels 5-8),HR,Croatia,2007,,18.1,,b,break in time series,,
dataflow,ESTAT:SDG_04_20(1.0),Persons aged 25-34 with tertiary educational attainment level,A,Annual,T,Total,Y25-34,From 25 to 34 years,PC,Percentage,ED5-8,Tertiary education (levels 5-8),HR,Croatia,2008,,20.1,,,,,
dataflow,ESTAT:SDG_04_20(1.0),Persons aged 25-34 with tertiary educational attainment level,A,Annual,T,Total,Y25-34,From 25 to 34 years,PC,Percentage,ED5-8,Tertiary education (levels 5-8),HR,Croatia,2009,,21.1,,,,,
dataflow,ESTAT:SDG_04_20(1.0),Persons aged 25-34 with tertiary educational attainment level,A,Annual,T,Total,Y25-34,From 25 to 34 years,PC,Percentage,ED5-8,Tertiary education (levels 5-8),HR,Croatia,2010,,25.6,,b,break in time series,,
dataflow,ESTAT:SDG_04_20(1.0),Persons aged 25-34 with tertiary educational attainment level,A,Annual,T,Total,Y25-34,From 25 to 34 years,PC,Percentage,ED5-8,Tertiary education (levels 5-8),HR,Croatia,2011,,25.0,,,,,
dataflow,ESTAT:SDG_04_20(1.0),Persons aged 25-34 with tertiary educational attainment level,A,Annual,T,Total,Y25-34,From 25 to 34 years,PC,Percentage,ED5-8,Tertiary education (levels 5-8),HR,Croatia,2012,,24.7,,,,,
dataflow,ESTAT:SDG_04_20(1.0),Persons aged 25-34 with tertiary educational attainment level,A,Annual,T,Total,Y25-34,From 25 to 34 years,PC,Percentage,ED5-8,Tertiary education (levels 5-8),HR,Croatia,2013,,28.9,,,,,
dataflow,ESTAT:SDG_04_20(1.0),Persons aged 25-34 with tertiary educational attainment level,A,Annual,T,Total,Y25-34,From 25 to 34 years,PC,Percentage,ED5-8,Tertiary education (levels 5-8),HR,Croatia,2014,,32.3,,b,break in time series,,
dataflow,ESTAT:SDG_04_20(1.0),Persons aged 25-34 with tertiary educational attainment level,A,Annual,T,Total,Y25-34,From 25 to 34 years,PC,Percentage,ED5-8,Tertiary education (levels 5-8),HR,Croatia,2015,,30.8,,,,,
dataflow,ESTAT:SDG_04_20(1.0),Persons aged 25-34 with tertiary educational attainment level,A,Annual,T,Total,Y25-34,From 25 to 34 years,PC,Percentage,ED5-8,Tertiary education (levels 5-8),HR,Croatia,2016,,32.8,,,,,
dataflow,ESTAT:SDG_04_20(1.0),Persons aged 25-34 with tertiary educational attainment level,A,Annual,T,Total,Y25-34,From 25 to 34 years,PC,Percentage,ED5-8,Tertiary education (levels 5-8),HR,Croatia,2017,,32.7,,,,,
dataflow,ESTAT:SDG_04_20(1.0),Persons aged 25-34 with tertiary educational attainment level,A,Annual,T,Total,Y25-34,From 25 to 34 years,PC,Percentage,ED5-8,Tertiary education (levels 5-8),HR,Croatia,2018,,35.3,,,,,
dataflow,ESTAT:SDG_04_20(1.0),Persons aged 25-34 with tertiary educational attainment level,A,Annual,T,Total,Y25-34,From 25 to 34 years,PC,Percentage,ED5-8,Tertiary education (levels 5-8),HR,Croatia,2019,,35.4,,,,,
dataflow,ESTAT:SDG_04_20(1.0),Persons aged 25-34 with tertiary educational attainment level,A,Annual,T,Total,Y25-34,From 25 to 34 years,PC,Percentage,ED5-8,Tertiary education (levels 5-8),HR,Croatia,2020,,37.0,,,,,
dataflow,ESTAT:SDG_04_20(1.0),Persons aged 25-34 with tertiary educational attainment level,A,Annual,T,Total,Y25-34,From 25 to 34 years,PC,Percentage,ED5-8,Tertiary education (levels 5-8),HR,Croatia,2021,,36.2,,b,break in time series,,
dataflow,ESTAT:SDG_04_20(1.0),Persons aged 25-34 with tertiary educational attainment level,A,Annual,T,Total,Y25-34,From 25 to 34 years,PC,Percentage,ED5-8,Tertiary education (levels 5-8),HR,Croatia,2022,,36.0,,,,,
dataflow,ESTAT:SDG_04_20(1.0),Persons aged 25-34 with tertiary educational attainment level,A,Annual,T,Total,Y25-34,From 25 to 34 years,PC,Percentage,ED5-8,Tertiary education (levels 5-8),HR,Croatia,2023,,38.8,,,,,
dataflow,ESTAT:SDG_04_20(1.0),Persons aged 25-34 with tertiary educational attainment level,A,Annual,T,Total,Y25-34,From 25 to 34 years,PC,Percentage,ED5-8,Tertiary education (levels 5-8),HR,Croatia,2024,,39.4,,,,,
dataflow,ESTAT:SDG_04_20(1.0),Persons aged 25-34 with tertiary educational attainment level,A,Annual,T,Total,Y25-34,From 25 to 34 years,PC,Percentage,ED5-8,Tertiary education (levels 5-8),HR,Croatia,2025,,42.0,,,,,
dataflow,ESTAT:SDG_04_20(1.0),Persons aged 25-34 with tertiary educational attainment level,A,Annual,T,Total,Y25-34,From 25 to 34 years,PC,Percentage,ED5-8,Tertiary education (levels 5-8),HU,Hungary,2000,,14.6,,,,,
dataflow,ESTAT:SDG_04_20(1.0),Persons aged 25-34 with tertiary educational attainment level,A,Annual,T,Total,Y25-34,From 25 to 34 years,PC,Percentage,ED5-8,Tertiary education (levels 5-8),HU,Hungary,2001,,14.8,,b,break in time series,,
dataflow,ESTAT:SDG_04_20(1.0),Persons aged 25-34 with tertiary educational attainment level,A,Annual,T,Total,Y25-34,From 25 to 34 years,PC,Percentage,ED5-8,Tertiary education (levels 5-8),HU,Hungary,2002,,15.0,,,,,
dataflow,ESTAT:SDG_04_20(1.0),Persons aged 25-34 with tertiary educational attainment level,A,Annual,T,Total,Y25-34,From 25 to 34 years,PC,Percentage,ED5-8,Tertiary education (levels 5-8),HU,Hungary,2003,,16.8,,,,,
dataflow,ESTAT:SDG_04_20(1.0),Persons aged 25-34 with tertiary educational attainment level,A,Annual,T,Total,Y25-34,From 25 to 34 years,PC,Percentage,ED5-8,Tertiary education (levels 5-8),HU,Hungary,2004,,18.9,,,,,
dataflow,ESTAT:SDG_04_20(1.0),Persons aged 25-34 with tertiary educational attainment level,A,Annual,T,Total,Y25-34,From 25 to 34 years,PC,Percentage,ED5-8,Tertiary education (levels 5-8),HU,Hungary,2005,,19.6,,,,,
dataflow,ESTAT:SDG_04_20(1.0),Persons aged 25-34 with tertiary educational attainment level,A,Annual,T,Total,Y25-34,From 25 to 34 years,PC,Percentage,ED5-8,Tertiary education (levels 5-8),HU,Hungary,2006,,20.7,,,,,
dataflow,ESTAT:SDG_04_20(1.0),Persons aged 25-34 with tertiary educational attainment level,A,Annual,T,Total,Y25-34,From 25 to 34 years,PC,Percentage,ED5-8,Tertiary education (levels 5-8),HU,Hungary,2007,,22.0,,,,,
dataflow,ESTAT:SDG_04_20(1.0),Persons aged 25-34 with tertiary educational attainment level,A,Annual,T,Total,Y25-34,From 25 to 34 years,PC,Percentage,ED5-8,Tertiary education (levels 5-8),HU,Hungary,2008,,24.1,,,,,
dataflow,ESTAT:SDG_04_20(1.0),Persons aged 25-34 with tertiary educational attainment level,A,Annual,T,Total,Y25-34,From 25 to 34 years,PC,Percentage,ED5-8,Tertiary education (levels 5-8),HU,Hungary,2009,,25.1,,,,,
dataflow,ESTAT:SDG_04_20(1.0),Persons aged 25-34 with tertiary educational attainment level,A,Annual,T,Total,Y25-34,From 25 to 34 years,PC,Percentage,ED5-8,Tertiary education (levels 5-8),HU,Hungary,2010,,26.1,,,,,
dataflow,ESTAT:SDG_04_20(1.0),Persons aged 25-34 with tertiary educational attainment level,A,Annual,T,Total,Y25-34,From 25 to 34 years,PC,Percentage,ED5-8,Tertiary education (levels 5-8),HU,Hungary,2011,,28.2,,,,,
dataflow,ESTAT:SDG_04_20(1.0),Persons aged 25-34 with tertiary educational attainment level,A,Annual,T,Total,Y25-34,From 25 to 34 years,PC,Percentage,ED5-8,Tertiary education (levels 5-8),HU,Hungary,2012,,30.5,,,,,
dataflow,ESTAT:SDG_04_20(1.0),Persons aged 25-34 with tertiary educational attainment level,A,Annual,T,Total,Y25-34,From 25 to 34 years,PC,Percentage,ED5-8,Tertiary education (levels 5-8),HU,Hungary,2013,,31.2,,,,,
dataflow,ESTAT:SDG_04_20(1.0),Persons aged 25-34 with tertiary educational attainment level,A,Annual,T,Total,Y25-34,From 25 to 34 years,PC,Percentage,ED5-8,Tertiary education (levels 5-8),HU,Hungary,2014,,32.1,,b,break in time series,,
dataflow,ESTAT:SDG_04_20(1.0),Persons aged 25-34 with tertiary educational attainment level,A,Annual,T,Total,Y25-34,From 25 to 34 years,PC,Percentage,ED5-8,Tertiary education (levels 5-8),HU,Hungary,2015,,32.1,,,,,
dataflow,ESTAT:SDG_04_20(1.0),Persons aged 25-34 with tertiary educational attainment level,A,Annual,T,Total,Y25-34,From 25 to 34 years,PC,Percentage,ED5-8,Tertiary education (levels 5-8),HU,Hungary,2016,,30.4,,,,,
dataflow,ESTAT:SDG_04_20(1.0),Persons aged 25-34 with tertiary educational attainment level,A,Annual,T,Total,Y25-34,From 25 to 34 years,PC,Percentage,ED5-8,Tertiary education (levels 5-8),HU,Hungary,2017,,30.2,,,,,
dataflow,ESTAT:SDG_04_20(1.0),Persons aged 25-34 with tertiary educational attainment level,A,Annual,T,Total,Y25-34,From 25 to 34 years,PC,Percentage,ED5-8,Tertiary education (levels 5-8),HU,Hungary,2018,,30.9,,b,break in time series,,
dataflow,ESTAT:SDG_04_20(1.0),Persons aged 25-34 with tertiary educational attainment level,A,Annual,T,Total,Y25-34,From 25 to 34 years,PC,Percentage,ED5-8,Tertiary education (levels 5-8),HU,Hungary,2019,,30.9,,,,,
dataflow,ESTAT:SDG_04_20(1.0),Persons aged 25-34 with tertiary educational attainment level,A,Annual,T,Total,Y25-34,From 25 to 34 years,PC,Percentage,ED5-8,Tertiary education (levels 5-8),HU,Hungary,2020,,31.0,,,,,
dataflow,ESTAT:SDG_04_20(1.0),Persons aged 25-34 with tertiary educational attainment level,A,Annual,T,Total,Y25-34,From 25 to 34 years,PC,Percentage,ED5-8,Tertiary education (levels 5-8),HU,Hungary,2021,,33.4,,b,break in time series,,
dataflow,ESTAT:SDG_04_20(1.0),Persons aged 25-34 with tertiary educational attainment level,A,Annual,T,Total,Y25-34,From 25 to 34 years,PC,Percentage,ED5-8,Tertiary education (levels 5-8),HU,Hungary,2022,,32.5,,,,,
dataflow,ESTAT:SDG_04_20(1.0),Persons aged 25-34 with tertiary educational attainment level,A,Annual,T,Total,Y25-34,From 25 to 34 years,PC,Percentage,ED5-8,Tertiary education (levels 5-8),HU,Hungary,2023,,30.1,,,,,
dataflow,ESTAT:SDG_04_20(1.0),Persons aged 25-34 with tertiary educational attainment level,A,Annual,T,Total,Y25-34,From 25 to 34 years,PC,Percentage,ED5-8,Tertiary education (levels 5-8),HU,Hungary,2024,,32.3,,,,,
dataflow,ESTAT:SDG_04_20(1.0),Persons aged 25-34 with tertiary educational attainment level,A,Annual,T,Total,Y25-34,From 25 to 34 years,PC,Percentage,ED5-8,Tertiary education (levels 5-8),HU,Hungary,2025,,32.6,,,,,
dataflow,ESTAT:SDG_04_20(1.0),Persons aged 25-34 with tertiary educational attainment level,A,Annual,T,Total,Y25-34,From 25 to 34 years,PC,Percentage,ED5-8,Tertiary education (levels 5-8),IE,Ireland,2000,,30.6,,,,,
dataflow,ESTAT:SDG_04_20(1.0),Persons aged 25-34 with tertiary educational attainment level,A,Annual,T,Total,Y25-34,From 25 to 34 years,PC,Percentage,ED5-8,Tertiary education (levels 5-8),IE,Ireland,2001,,34.1,,,,,
dataflow,ESTAT:SDG_04_20(1.0),Persons aged 25-34 with tertiary educational attainment level,A,Annual,T,Total,Y25-34,From 25 to 34 years,PC,Percentage,ED5-8,Tertiary education (levels 5-8),IE,Ireland,2002,,35.5,,,,,
dataflow,ESTAT:SDG_04_20(1.0),Persons aged 25-34 with tertiary educational attainment level,A,Annual,T,Total,Y25-34,From 25 to 34 years,PC,Percentage,ED5-8,Tertiary education (levels 5-8),IE,Ireland,2003,,37.7,,,,,
dataflow,ESTAT:SDG_04_20(1.0),Persons aged 25-34 with tertiary educational attainment level,A,Annual,T,Total,Y25-34,From 25 to 34 years,PC,Percentage,ED5-8,Tertiary education (levels 5-8),IE,Ireland,2004,,40.1,,,,,
dataflow,ESTAT:SDG_04_20(1.0),Persons aged 25-34 with tertiary educational attainment level,A,Annual,T,Total,Y25-34,From 25 to 34 years,PC,Percentage,ED5-8,Tertiary education (levels 5-8),IE,Ireland,2005,,40.9,,,,,
dataflow,ESTAT:SDG_04_20(1.0),Persons aged 25-34 with tertiary educational attainment level,A,Annual,T,Total,Y25-34,From 25 to 34 years,PC,Percentage,ED5-8,Tertiary education (levels 5-8),IE,Ireland,2006,,43.5,,,,,
dataflow,ESTAT:SDG_04_20(1.0),Persons aged 25-34 with tertiary educational attainment level,A,Annual,T,Total,Y25-34,From 25 to 34 years,PC,Percentage,ED5-8,Tertiary education (levels 5-8),IE,Ireland,2007,,46.2,,b,break in time series,,
dataflow,ESTAT:SDG_04_20(1.0),Persons aged 25-34 with tertiary educational attainment level,A,Annual,T,Total,Y25-34,From 25 to 34 years,PC,Percentage,ED5-8,Tertiary education (levels 5-8),IE,Ireland,2008,,47.2,,,,,
dataflow,ESTAT:SDG_04_20(1.0),Persons aged 25-34 with tertiary educational attainment level,A,Annual,T,Total,Y25-34,From 25 to 34 years,PC,Percentage,ED5-8,Tertiary education (levels 5-8),IE,Ireland,2009,,49.1,,,,,
dataflow,ESTAT:SDG_04_20(1.0),Persons aged 25-34 with tertiary educational attainment level,A,Annual,T,Total,Y25-34,From 25 to 34 years,PC,Percentage,ED5-8,Tertiary education (levels 5-8),IE,Ireland,2010,,49.6,,,,,
dataflow,ESTAT:SDG_04_20(1.0),Persons aged 25-34 with tertiary educational attainment level,A,Annual,T,Total,Y25-34,From 25 to 34 years,PC,Percentage,ED5-8,Tertiary education (levels 5-8),IE,Ireland,2011,,48.6,,,,,
dataflow,ESTAT:SDG_04_20(1.0),Persons aged 25-34 with tertiary educational attainment level,A,Annual,T,Total,Y25-34,From 25 to 34 years,PC,Percentage,ED5-8,Tertiary education (levels 5-8),IE,Ireland,2012,,50.3,,,,,
dataflow,ESTAT:SDG_04_20(1.0),Persons aged 25-34 with tertiary educational attainment level,A,Annual,T,Total,Y25-34,From 25 to 34 years,PC,Percentage,ED5-8,Tertiary education (levels 5-8),IE,Ireland,2013,,52.1,,,,,
dataflow,ESTAT:SDG_04_20(1.0),Persons aged 25-34 with tertiary educational attainment level,A,Annual,T,Total,Y25-34,From 25 to 34 years,PC,Percentage,ED5-8,Tertiary education (levels 5-8),IE,Ireland,2014,,53.4,,b,break in time series,,
dataflow,ESTAT:SDG_04_20(1.0),Persons aged 25-34 with tertiary educational attainment level,A,Annual,T,Total,Y25-34,From 25 to 34 years,PC,Percentage,ED5-8,Tertiary education (levels 5-8),IE,Ireland,2015,,54.0,,,,,
dataflow,ESTAT:SDG_04_20(1.0),Persons aged 25-34 with tertiary educational attainment level,A,Annual,T,Total,Y25-34,From 25 to 34 years,PC,Percentage,ED5-8,Tertiary education (levels 5-8),IE,Ireland,2016,,54.3,,,,,
dataflow,ESTAT:SDG_04_20(1.0),Persons aged 25-34 with tertiary educational attainment level,A,Annual,T,Total,Y25-34,From 25 to 34 years,PC,Percentage,ED5-8,Tertiary education (levels 5-8),IE,Ireland,2017,,54.7,,b,break in time series,,
dataflow,ESTAT:SDG_04_20(1.0),Persons aged 25-34 with tertiary educational attainment level,A,Annual,T,Total,Y25-34,From 25 to 34 years,PC,Percentage,ED5-8,Tertiary education (levels 5-8),IE,Ireland,2018,,56.2,,,,,
dataflow,ESTAT:SDG_04_20(1.0),Persons aged 25-34 with tertiary educational attainment level,A,Annual,T,Total,Y25-34,From 25 to 34 years,PC,Percentage,ED5-8,Tertiary education (levels 5-8),IE,Ireland,2019,,55.4,,,,,
dataflow,ESTAT:SDG_04_20(1.0),Persons aged 25-34 with tertiary educational attainment level,A,Annual,T,Total,Y25-34,From 25 to 34 years,PC,Percentage,ED5-8,Tertiary education (levels 5-8),IE,Ireland,2020,,58.4,,,,,
dataflow,ESTAT:SDG_04_20(1.0),Persons aged 25-34 with tertiary educational attainment level,A,Annual,T,Total,Y25-34,From 25 to 34 years,PC,Percentage,ED5-8,Tertiary education (levels 5-8),IE,Ireland,2021,,62.2,,b,break in time series,,
dataflow,ESTAT:SDG_04_20(1.0),Persons aged 25-34 with tertiary educational attainment level,A,Annual,T,Total,Y25-34,From 25 to 34 years,PC,Percentage,ED5-8,Tertiary education (levels 5-8),IE,Ireland,2022,,63.0,,,,,
dataflow,ESTAT:SDG_04_20(1.0),Persons aged 25-34 with tertiary educational attainment level,A,Annual,T,Total,Y25-34,From 25 to 34 years,PC,Percentage,ED5-8,Tertiary education (levels 5-8),IE,Ireland,2023,,62.7,,,,,
dataflow,ESTAT:SDG_04_20(1.0),Persons aged 25-34 with tertiary educational attainment level,A,Annual,T,Total,Y25-34,From 25 to 34 years,PC,Percentage,ED5-8,Tertiary education (levels 5-8),IE,Ireland,2024,,65.2,,,,,
dataflow,ESTAT:SDG_04_20(1.0),Persons aged 25-34 with tertiary educational attainment level,A,Annual,T,Total,Y25-34,From 25 to 34 years,PC,Percentage,ED5-8,Tertiary education (levels 5-8),IE,Ireland,2025,,66.8,,,,,
dataflow,ESTAT:SDG_04_20(1.0),Persons aged 25-34 with tertiary educational attainment level,A,Annual,T,Total,Y25-34,From 25 to 34 years,PC,Percentage,ED5-8,Tertiary education (levels 5-8),IS,Iceland,2000,,29.5,,,,,
dataflow,ESTAT:SDG_04_20(1.0),Persons aged 25-34 with tertiary educational attainment level,A,Annual,T,Total,Y25-34,From 25 to 34 years,PC,Percentage,ED5-8,Tertiary education (levels 5-8),IS,Iceland,2001,,27.2,,,,,
dataflow,ESTAT:SDG_04_20(1.0),Persons aged 25-34 with tertiary educational attainment level,A,Annual,T,Total,Y25-34,From 25 to 34 years,PC,Percentage,ED5-8,Tertiary education (levels 5-8),IS,Iceland,2002,,28.1,,,,,
dataflow,ESTAT:SDG_04_20(1.0),Persons aged 25-34 with tertiary educational attainment level,A,Annual,T,Total,Y25-34,From 25 to 34 years,PC,Percentage,ED5-8,Tertiary education (levels 5-8),IS,Iceland,2003,,32.7,,b,break in time series,,
dataflow,ESTAT:SDG_04_20(1.0),Persons aged 25-34 with tertiary educational attainment level,A,Annual,T,Total,Y25-34,From 25 to 34 years,PC,Percentage,ED5-8,Tertiary education (levels 5-8),IS,Iceland,2004,,33.3,,,,,
dataflow,ESTAT:SDG_04_20(1.0),Persons aged 25-34 with tertiary educational attainment level,A,Annual,T,Total,Y25-34,From 25 to 34 years,PC,Percentage,ED5-8,Tertiary education (levels 5-8),IS,Iceland,2005,,35.8,,,,,
dataflow,ESTAT:SDG_04_20(1.0),Persons aged 25-34 with tertiary educational attainment level,A,Annual,T,Total,Y25-34,From 25 to 34 years,PC,Percentage,ED5-8,Tertiary education (levels 5-8),IS,Iceland,2006,,31.4,,u,low reliability,,
dataflow,ESTAT:SDG_04_20(1.0),Persons aged 25-34 with tertiary educational attainment level,A,Annual,T,Total,Y25-34,From 25 to 34 years,PC,Percentage,ED5-8,Tertiary education (levels 5-8),IS,Iceland,2007,,32.5,,,,,
dataflow,ESTAT:SDG_04_20(1.0),Persons aged 25-34 with tertiary educational attainment level,A,Annual,T,Total,Y25-34,From 25 to 34 years,PC,Percentage,ED5-8,Tertiary education (levels 5-8),IS,Iceland,2008,,32.8,,,,,
dataflow,ESTAT:SDG_04_20(1.0),Persons aged 25-34 with tertiary educational attainment level,A,Annual,T,Total,Y25-34,From 25 to 34 years,PC,Percentage,ED5-8,Tertiary education (levels 5-8),IS,Iceland,2009,,35.8,,,,,
dataflow,ESTAT:SDG_04_20(1.0),Persons aged 25-34 with tertiary educational attainment level,A,Annual,T,Total,Y25-34,From 25 to 34 years,PC,Percentage,ED5-8,Tertiary education (levels 5-8),IS,Iceland,2010,,36.2,,,,,
dataflow,ESTAT:SDG_04_20(1.0),Persons aged 25-34 with tertiary educational attainment level,A,Annual,T,Total,Y25-34,From 25 to 34 years,PC,Percentage,ED5-8,Tertiary education (levels 5-8),IS,Iceland,2011,,39.4,,,,,
dataflow,ESTAT:SDG_04_20(1.0),Persons aged 25-34 with tertiary educational attainment level,A,Annual,T,Total,Y25-34,From 25 to 34 years,PC,Percentage,ED5-8,Tertiary education (levels 5-8),IS,Iceland,2012,,38.4,,,,,
dataflow,ESTAT:SDG_04_20(1.0),Persons aged 25-34 with tertiary educational attainment level,A,Annual,T,Total,Y25-34,From 25 to 34 years,PC,Percentage,ED5-8,Tertiary education (levels 5-8),IS,Iceland,2013,,40.0,,,,,
dataflow,ESTAT:SDG_04_20(1.0),Persons aged 25-34 with tertiary educational attainment level,A,Annual,T,Total,Y25-34,From 25 to 34 years,PC,Percentage,ED5-8,Tertiary education (levels 5-8),IS,Iceland,2014,,40.8,,b,break in time series,,
dataflow,ESTAT:SDG_04_20(1.0),Persons aged 25-34 with tertiary educational attainment level,A,Annual,T,Total,Y25-34,From 25 to 34 years,PC,Percentage,ED5-8,Tertiary education (levels 5-8),IS,Iceland,2015,,40.2,,,,,
dataflow,ESTAT:SDG_04_20(1.0),Persons aged 25-34 with tertiary educational attainment level,A,Annual,T,Total,Y25-34,From 25 to 34 years,PC,Percentage,ED5-8,Tertiary education (levels 5-8),IS,Iceland,2016,,43.4,,,,,
dataflow,ESTAT:SDG_04_20(1.0),Persons aged 25-34 with tertiary educational attainment level,A,Annual,T,Total,Y25-34,From 25 to 34 years,PC,Percentage,ED5-8,Tertiary education (levels 5-8),IS,Iceland,2017,,47.6,,,,,
dataflow,ESTAT:SDG_04_20(1.0),Persons aged 25-34 with tertiary educational attainment level,A,Annual,T,Total,Y25-34,From 25 to 34 years,PC,Percentage,ED5-8,Tertiary education (levels 5-8),IS,Iceland,2018,,47.1,,,,,
dataflow,ESTAT:SDG_04_20(1.0),Persons aged 25-34 with tertiary educational attainment level,A,Annual,T,Total,Y25-34,From 25 to 34 years,PC,Percentage,ED5-8,Tertiary education (levels 5-8),IS,Iceland,2019,,47.2,,,,,
dataflow,ESTAT:SDG_04_20(1.0),Persons aged 25-34 with tertiary educational attainment level,A,Annual,T,Total,Y25-34,From 25 to 34 years,PC,Percentage,ED5-8,Tertiary education (levels 5-8),IS,Iceland,2020,,41.7,,b,break in time series,,
dataflow,ESTAT:SDG_04_20(1.0),Persons aged 25-34 with tertiary educational attainment level,A,Annual,T,Total,Y25-34,From 25 to 34 years,PC,Percentage,ED5-8,Tertiary education (levels 5-8),IS,Iceland,2021,,41.5,,b,break in time series,,
dataflow,ESTAT:SDG_04_20(1.0),Persons aged 25-34 with tertiary educational attainment level,A,Annual,T,Total,Y25-34,From 25 to 34 years,PC,Percentage,ED5-8,Tertiary education (levels 5-8),IS,Iceland,2022,,40.2,,,,,
dataflow,ESTAT:SDG_04_20(1.0),Persons aged 25-34 with tertiary educational attainment level,A,Annual,T,Total,Y25-34,From 25 to 34 years,PC,Percentage,ED5-8,Tertiary education (levels 5-8),IS,Iceland,2023,,43.4,,,,,
dataflow,ESTAT:SDG_04_20(1.0),Persons aged 25-34 with tertiary educational attainment level,A,Annual,T,Total,Y25-34,From 25 to 34 years,PC,Percentage,ED5-8,Tertiary education (levels 5-8),IS,Iceland,2024,,46.8,,,,,
dataflow,ESTAT:SDG_04_20(1.0),Persons aged 25-34 with tertiary educational attainment level,A,Annual,T,Total,Y25-34,From 25 to 34 years,PC,Percentage,ED5-8,Tertiary education (levels 5-8),IS,Iceland,2025,,44.8,,,,,
dataflow,ESTAT:SDG_04_20(1.0),Persons aged 25-34 with tertiary educational attainment level,A,Annual,T,Total,Y25-34,From 25 to 34 years,PC,Percentage,ED5-8,Tertiary education (levels 5-8),IT,Italy,2000,,10.6,,,,,
dataflow,ESTAT:SDG_04_20(1.0),Persons aged 25-34 with tertiary educational attainment level,A,Annual,T,Total,Y25-34,From 25 to 34 years,PC,Percentage,ED5-8,Tertiary education (levels 5-8),IT,Italy,2001,,11.3,,,,,
dataflow,ESTAT:SDG_04_20(1.0),Persons aged 25-34 with tertiary educational attainment level,A,Annual,T,Total,Y25-34,From 25 to 34 years,PC,Percentage,ED5-8,Tertiary education (levels 5-8),IT,Italy,2002,,12.2,,,,,
dataflow,ESTAT:SDG_04_20(1.0),Persons aged 25-34 with tertiary educational attainment level,A,Annual,T,Total,Y25-34,From 25 to 34 years,PC,Percentage,ED5-8,Tertiary education (levels 5-8),IT,Italy,2003,,13.0,,,,,
dataflow,ESTAT:SDG_04_20(1.0),Persons aged 25-34 with tertiary educational attainment level,A,Annual,T,Total,Y25-34,From 25 to 34 years,PC,Percentage,ED5-8,Tertiary education (levels 5-8),IT,Italy,2004,,14.7,,b,break in time series,,
dataflow,ESTAT:SDG_04_20(1.0),Persons aged 25-34 with tertiary educational attainment level,A,Annual,T,Total,Y25-34,From 25 to 34 years,PC,Percentage,ED5-8,Tertiary education (levels 5-8),IT,Italy,2005,,16.2,,,,,
dataflow,ESTAT:SDG_04_20(1.0),Persons aged 25-34 with tertiary educational attainment level,A,Annual,T,Total,Y25-34,From 25 to 34 years,PC,Percentage,ED5-8,Tertiary education (levels 5-8),IT,Italy,2006,,17.3,,,,,
dataflow,ESTAT:SDG_04_20(1.0),Persons aged 25-34 with tertiary educational attainment level,A,Annual,T,Total,Y25-34,From 25 to 34 years,PC,Percentage,ED5-8,Tertiary education (levels 5-8),IT,Italy,2007,,18.8,,,,,
dataflow,ESTAT:SDG_04_20(1.0),Persons aged 25-34 with tertiary educational attainment level,A,Annual,T,Total,Y25-34,From 25 to 34 years,PC,Percentage,ED5-8,Tertiary education (levels 5-8),IT,Italy,2008,,19.9,,,,,
dataflow,ESTAT:SDG_04_20(1.0),Persons aged 25-34 with tertiary educational attainment level,A,Annual,T,Total,Y25-34,From 25 to 34 years,PC,Percentage,ED5-8,Tertiary education (levels 5-8),IT,Italy,2009,,20.2,,,,,
dataflow,ESTAT:SDG_04_20(1.0),Persons aged 25-34 with tertiary educational attainment level,A,Annual,T,Total,Y25-34,From 25 to 34 years,PC,Percentage,ED5-8,Tertiary education (levels 5-8),IT,Italy,2010,,20.8,,,,,
dataflow,ESTAT:SDG_04_20(1.0),Persons aged 25-34 with tertiary educational attainment level,A,Annual,T,Total,Y25-34,From 25 to 34 years,PC,Percentage,ED5-8,Tertiary education (levels 5-8),IT,Italy,2011,,21.1,,,,,
dataflow,ESTAT:SDG_04_20(1.0),Persons aged 25-34 with tertiary educational attainment level,A,Annual,T,Total,Y25-34,From 25 to 34 years,PC,Percentage,ED5-8,Tertiary education (levels 5-8),IT,Italy,2012,,22.5,,,,,
dataflow,ESTAT:SDG_04_20(1.0),Persons aged 25-34 with tertiary educational attainment level,A,Annual,T,Total,Y25-34,From 25 to 34 years,PC,Percentage,ED5-8,Tertiary education (levels 5-8),IT,Italy,2013,,22.9,,,,,
dataflow,ESTAT:SDG_04_20(1.0),Persons aged 25-34 with tertiary educational attainment level,A,Annual,T,Total,Y25-34,From 25 to 34 years,PC,Percentage,ED5-8,Tertiary education (levels 5-8),IT,Italy,2014,,24.2,,b,break in time series,,
dataflow,ESTAT:SDG_04_20(1.0),Persons aged 25-34 with tertiary educational attainment level,A,Annual,T,Total,Y25-34,From 25 to 34 years,PC,Percentage,ED5-8,Tertiary education (levels 5-8),IT,Italy,2015,,25.2,,,,,
dataflow,ESTAT:SDG_04_20(1.0),Persons aged 25-34 with tertiary educational attainment level,A,Annual,T,Total,Y25-34,From 25 to 34 years,PC,Percentage,ED5-8,Tertiary education (levels 5-8),IT,Italy,2016,,25.6,,,,,
dataflow,ESTAT:SDG_04_20(1.0),Persons aged 25-34 with tertiary educational attainment level,A,Annual,T,Total,Y25-34,From 25 to 34 years,PC,Percentage,ED5-8,Tertiary education (levels 5-8),IT,Italy,2017,,26.9,,,,,
dataflow,ESTAT:SDG_04_20(1.0),Persons aged 25-34 with tertiary educational attainment level,A,Annual,T,Total,Y25-34,From 25 to 34 years,PC,Percentage,ED5-8,Tertiary education (levels 5-8),IT,Italy,2018,,27.9,,b,break in time series,,
dataflow,ESTAT:SDG_04_20(1.0),Persons aged 25-34 with tertiary educational attainment level,A,Annual,T,Total,Y25-34,From 25 to 34 years,PC,Percentage,ED5-8,Tertiary education (levels 5-8),IT,Italy,2019,,27.9,,,,,
dataflow,ESTAT:SDG_04_20(1.0),Persons aged 25-34 with tertiary educational attainment level,A,Annual,T,Total,Y25-34,From 25 to 34 years,PC,Percentage,ED5-8,Tertiary education (levels 5-8),IT,Italy,2020,,28.6,,,,,
dataflow,ESTAT:SDG_04_20(1.0),Persons aged 25-34 with tertiary educational attainment level,A,Annual,T,Total,Y25-34,From 25 to 34 years,PC,Percentage,ED5-8,Tertiary education (levels 5-8),IT,Italy,2021,,28.3,,b,break in time series,,
dataflow,ESTAT:SDG_04_20(1.0),Persons aged 25-34 with tertiary educational attainment level,A,Annual,T,Total,Y25-34,From 25 to 34 years,PC,Percentage,ED5-8,Tertiary education (levels 5-8),IT,Italy,2022,,29.2,,,,,
dataflow,ESTAT:SDG_04_20(1.0),Persons aged 25-34 with tertiary educational attainment level,A,Annual,T,Total,Y25-34,From 25 to 34 years,PC,Percentage,ED5-8,Tertiary education (levels 5-8),IT,Italy,2023,,30.6,,,,,
dataflow,ESTAT:SDG_04_20(1.0),Persons aged 25-34 with tertiary educational attainment level,A,Annual,T,Total,Y25-34,From 25 to 34 years,PC,Percentage,ED5-8,Tertiary education (levels 5-8),IT,Italy,2024,,31.6,,,,,
dataflow,ESTAT:SDG_04_20(1.0),Persons aged 25-34 with tertiary educational attainment level,A,Annual,T,Total,Y25-34,From 25 to 34 years,PC,Percentage,ED5-8,Tertiary education (levels 5-8),IT,Italy,2025,,31.1,,,,,
dataflow,ESTAT:SDG_04_20(1.0),Persons aged 25-34 with tertiary educational attainment level,A,Annual,T,Total,Y25-34,From 25 to 34 years,PC,Percentage,ED5-8,Tertiary education (levels 5-8),LT,Lithuania,2000,,39.9,,,,,
dataflow,ESTAT:SDG_04_20(1.0),Persons aged 25-34 with tertiary educational attainment level,A,Annual,T,Total,Y25-34,From 25 to 34 years,PC,Percentage,ED5-8,Tertiary education (levels 5-8),LT,Lithuania,2001,,26.7,,,,,
dataflow,ESTAT:SDG_04_20(1.0),Persons aged 25-34 with tertiary educational attainment level,A,Annual,T,Total,Y25-34,From 25 to 34 years,PC,Percentage,ED5-8,Tertiary education (levels 5-8),LT,Lithuania,2002,,28.0,,b,break in time series,,
dataflow,ESTAT:SDG_04_20(1.0),Persons aged 25-34 with tertiary educational attainment level,A,Annual,T,Total,Y25-34,From 25 to 34 years,PC,Percentage,ED5-8,Tertiary education (levels 5-8),LT,Lithuania,2003,,29.3,,,,,
dataflow,ESTAT:SDG_04_20(1.0),Persons aged 25-34 with tertiary educational attainment level,A,Annual,T,Total,Y25-34,From 25 to 34 years,PC,Percentage,ED5-8,Tertiary education (levels 5-8),LT,Lithuania,2004,,35.7,,,,,
dataflow,ESTAT:SDG_04_20(1.0),Persons aged 25-34 with tertiary educational attainment level,A,Annual,T,Total,Y25-34,From 25 to 34 years,PC,Percentage,ED5-8,Tertiary education (levels 5-8),LT,Lithuania,2005,,36.9,,,,,
dataflow,ESTAT:SDG_04_20(1.0),Persons aged 25-34 with tertiary educational attainment level,A,Annual,T,Total,Y25-34,From 25 to 34 years,PC,Percentage,ED5-8,Tertiary education (levels 5-8),LT,Lithuania,2006,,38.2,,,,,
dataflow,ESTAT:SDG_04_20(1.0),Persons aged 25-34 with tertiary educational attainment level,A,Annual,T,Total,Y25-34,From 25 to 34 years,PC,Percentage,ED5-8,Tertiary education (levels 5-8),LT,Lithuania,2007,,38.1,,,,,
dataflow,ESTAT:SDG_04_20(1.0),Persons aged 25-34 with tertiary educational attainment level,A,Annual,T,Total,Y25-34,From 25 to 34 years,PC,Percentage,ED5-8,Tertiary education (levels 5-8),LT,Lithuania,2008,,41.5,,,,,
dataflow,ESTAT:SDG_04_20(1.0),Persons aged 25-34 with tertiary educational attainment level,A,Annual,T,Total,Y25-34,From 25 to 34 years,PC,Percentage,ED5-8,Tertiary education (levels 5-8),LT,Lithuania,2009,,43.5,,,,,
dataflow,ESTAT:SDG_04_20(1.0),Persons aged 25-34 with tertiary educational attainment level,A,Annual,T,Total,Y25-34,From 25 to 34 years,PC,Percentage,ED5-8,Tertiary education (levels 5-8),LT,Lithuania,2010,,46.3,,,,,
dataflow,ESTAT:SDG_04_20(1.0),Persons aged 25-34 with tertiary educational attainment level,A,Annual,T,Total,Y25-34,From 25 to 34 years,PC,Percentage,ED5-8,Tertiary education (levels 5-8),LT,Lithuania,2011,,48.2,,,,,
dataflow,ESTAT:SDG_04_20(1.0),Persons aged 25-34 with tertiary educational attainment level,A,Annual,T,Total,Y25-34,From 25 to 34 years,PC,Percentage,ED5-8,Tertiary education (levels 5-8),LT,Lithuania,2012,,48.6,,,,,
dataflow,ESTAT:SDG_04_20(1.0),Persons aged 25-34 with tertiary educational attainment level,A,Annual,T,Total,Y25-34,From 25 to 34 years,PC,Percentage,ED5-8,Tertiary education (levels 5-8),LT,Lithuania,2013,,50.5,,,,,
dataflow,ESTAT:SDG_04_20(1.0),Persons aged 25-34 with tertiary educational attainment level,A,Annual,T,Total,Y25-34,From 25 to 34 years,PC,Percentage,ED5-8,Tertiary education (levels 5-8),LT,Lithuania,2014,,52.6,,b,break in time series,,
dataflow,ESTAT:SDG_04_20(1.0),Persons aged 25-34 with tertiary educational attainment level,A,Annual,T,Total,Y25-34,From 25 to 34 years,PC,Percentage,ED5-8,Tertiary education (levels 5-8),LT,Lithuania,2015,,54.8,,,,,
dataflow,ESTAT:SDG_04_20(1.0),Persons aged 25-34 with tertiary educational attainment level,A,Annual,T,Total,Y25-34,From 25 to 34 years,PC,Percentage,ED5-8,Tertiary education (levels 5-8),LT,Lithuania,2016,,54.9,,,,,
dataflow,ESTAT:SDG_04_20(1.0),Persons aged 25-34 with tertiary educational attainment level,A,Annual,T,Total,Y25-34,From 25 to 34 years,PC,Percentage,ED5-8,Tertiary education (levels 5-8),LT,Lithuania,2017,,55.6,,,,,
dataflow,ESTAT:SDG_04_20(1.0),Persons aged 25-34 with tertiary educational attainment level,A,Annual,T,Total,Y25-34,From 25 to 34 years,PC,Percentage,ED5-8,Tertiary education (levels 5-8),LT,Lithuania,2018,,55.6,,,,,
dataflow,ESTAT:SDG_04_20(1.0),Persons aged 25-34 with tertiary educational attainment level,A,Annual,T,Total,Y25-34,From 25 to 34 years,PC,Percentage,ED5-8,Tertiary education (levels 5-8),LT,Lithuania,2019,,55.2,,,,,
dataflow,ESTAT:SDG_04_20(1.0),Persons aged 25-34 with tertiary educational attainment level,A,Annual,T,Total,Y25-34,From 25 to 34 years,PC,Percentage,ED5-8,Tertiary education (levels 5-8),LT,Lithuania,2020,,56.2,,,,,
dataflow,ESTAT:SDG_04_20(1.0),Persons aged 25-34 with tertiary educational attainment level,A,Annual,T,Total,Y25-34,From 25 to 34 years,PC,Percentage,ED5-8,Tertiary education (levels 5-8),LT,Lithuania,2021,,57.5,,b,break in time series,,
dataflow,ESTAT:SDG_04_20(1.0),Persons aged 25-34 with tertiary educational attainment level,A,Annual,T,Total,Y25-34,From 25 to 34 years,PC,Percentage,ED5-8,Tertiary education (levels 5-8),LT,Lithuania,2022,,58.2,,,,,
dataflow,ESTAT:SDG_04_20(1.0),Persons aged 25-34 with tertiary educational attainment level,A,Annual,T,Total,Y25-34,From 25 to 34 years,PC,Percentage,ED5-8,Tertiary education (levels 5-8),LT,Lithuania,2023,,57.4,,,,,
dataflow,ESTAT:SDG_04_20(1.0),Persons aged 25-34 with tertiary educational attainment level,A,Annual,T,Total,Y25-34,From 25 to 34 years,PC,Percentage,ED5-8,Tertiary education (levels 5-8),LT,Lithuania,2024,,58.2,,,,,
dataflow,ESTAT:SDG_04_20(1.0),Persons aged 25-34 with tertiary educational attainment level,A,Annual,T,Total,Y25-34,From 25 to 34 years,PC,Percentage,ED5-8,Tertiary education (levels 5-8),LT,Lithuania,2025,,60.8,,,,,
dataflow,ESTAT:SDG_04_20(1.0),Persons aged 25-34 with tertiary educational attainment level,A,Annual,T,Total,Y25-34,From 25 to 34 years,PC,Percentage,ED5-8,Tertiary education (levels 5-8),LU,Luxembourg,2000,,22.9,,,,,
dataflow,ESTAT:SDG_04_20(1.0),Persons aged 25-34 with tertiary educational attainment level,A,Annual,T,Total,Y25-34,From 25 to 34 years,PC,Percentage,ED5-8,Tertiary education (levels 5-8),LU,Luxembourg,2001,,23.4,,,,,
dataflow,ESTAT:SDG_04_20(1.0),Persons aged 25-34 with tertiary educational attainment level,A,Annual,T,Total,Y25-34,From 25 to 34 years,PC,Percentage,ED5-8,Tertiary education (levels 5-8),LU,Luxembourg,2002,,22.6,,,,,
dataflow,ESTAT:SDG_04_20(1.0),Persons aged 25-34 with tertiary educational attainment level,A,Annual,T,Total,Y25-34,From 25 to 34 years,PC,Percentage,ED5-8,Tertiary education (levels 5-8),LU,Luxembourg,2003,,18.8,,b,break in time series,,
dataflow,ESTAT:SDG_04_20(1.0),Persons aged 25-34 with tertiary educational attainment level,A,Annual,T,Total,Y25-34,From 25 to 34 years,PC,Percentage,ED5-8,Tertiary education (levels 5-8),LU,Luxembourg,2004,,32.4,,,,,
dataflow,ESTAT:SDG_04_20(1.0),Persons aged 25-34 with tertiary educational attainment level,A,Annual,T,Total,Y25-34,From 25 to 34 years,PC,Percentage,ED5-8,Tertiary education (levels 5-8),LU,Luxembourg,2005,,37.0,,,,,
dataflow,ESTAT:SDG_04_20(1.0),Persons aged 25-34 with tertiary educational attainment level,A,Annual,T,Total,Y25-34,From 25 to 34 years,PC,Percentage,ED5-8,Tertiary education (levels 5-8),LU,Luxembourg,2006,,33.5,,,,,
dataflow,ESTAT:SDG_04_20(1.0),Persons aged 25-34 with tertiary educational attainment level,A,Annual,T,Total,Y25-34,From 25 to 34 years,PC,Percentage,ED5-8,Tertiary education (levels 5-8),LU,Luxembourg,2007,,35.7,,b,break in time series,,
dataflow,ESTAT:SDG_04_20(1.0),Persons aged 25-34 with tertiary educational attainment level,A,Annual,T,Total,Y25-34,From 25 to 34 years,PC,Percentage,ED5-8,Tertiary education (levels 5-8),LU,Luxembourg,2008,,38.7,,,,,
dataflow,ESTAT:SDG_04_20(1.0),Persons aged 25-34 with tertiary educational attainment level,A,Annual,T,Total,Y25-34,From 25 to 34 years,PC,Percentage,ED5-8,Tertiary education (levels 5-8),LU,Luxembourg,2009,,44.5,,b,break in time series,,
dataflow,ESTAT:SDG_04_20(1.0),Persons aged 25-34 with tertiary educational attainment level,A,Annual,T,Total,Y25-34,From 25 to 34 years,PC,Percentage,ED5-8,Tertiary education (levels 5-8),LU,Luxembourg,2010,,44.2,,,,,
dataflow,ESTAT:SDG_04_20(1.0),Persons aged 25-34 with tertiary educational attainment level,A,Annual,T,Total,Y25-34,From 25 to 34 years,PC,Percentage,ED5-8,Tertiary education (levels 5-8),LU,Luxembourg,2011,,46.6,,,,,
dataflow,ESTAT:SDG_04_20(1.0),Persons aged 25-34 with tertiary educational attainment level,A,Annual,T,Total,Y25-34,From 25 to 34 years,PC,Percentage,ED5-8,Tertiary education (levels 5-8),LU,Luxembourg,2012,,49.9,,,,,
dataflow,ESTAT:SDG_04_20(1.0),Persons aged 25-34 with tertiary educational attainment level,A,Annual,T,Total,Y25-34,From 25 to 34 years,PC,Percentage,ED5-8,Tertiary education (levels 5-8),LU,Luxembourg,2013,,48.1,,,,,
dataflow,ESTAT:SDG_04_20(1.0),Persons aged 25-34 with tertiary educational attainment level,A,Annual,T,Total,Y25-34,From 25 to 34 years,PC,Percentage,ED5-8,Tertiary education (levels 5-8),LU,Luxembourg,2014,,52.9,,b,break in time series,,
dataflow,ESTAT:SDG_04_20(1.0),Persons aged 25-34 with tertiary educational attainment level,A,Annual,T,Total,Y25-34,From 25 to 34 years,PC,Percentage,ED5-8,Tertiary education (levels 5-8),LU,Luxembourg,2015,,50.3,,b,break in time series,,
dataflow,ESTAT:SDG_04_20(1.0),Persons aged 25-34 with tertiary educational attainment level,A,Annual,T,Total,Y25-34,From 25 to 34 years,PC,Percentage,ED5-8,Tertiary education (levels 5-8),LU,Luxembourg,2016,,51.5,,,,,
dataflow,ESTAT:SDG_04_20(1.0),Persons aged 25-34 with tertiary educational attainment level,A,Annual,T,Total,Y25-34,From 25 to 34 years,PC,Percentage,ED5-8,Tertiary education (levels 5-8),LU,Luxembourg,2017,,51.3,,u,low reliability,,
dataflow,ESTAT:SDG_04_20(1.0),Persons aged 25-34 with tertiary educational attainment level,A,Annual,T,Total,Y25-34,From 25 to 34 years,PC,Percentage,ED5-8,Tertiary education (levels 5-8),LU,Luxembourg,2018,,53.7,,,,,
dataflow,ESTAT:SDG_04_20(1.0),Persons aged 25-34 with tertiary educational attainment level,A,Annual,T,Total,Y25-34,From 25 to 34 years,PC,Percentage,ED5-8,Tertiary education (levels 5-8),LU,Luxembourg,2019,,56.1,,,,,
dataflow,ESTAT:SDG_04_20(1.0),Persons aged 25-34 with tertiary educational attainment level,A,Annual,T,Total,Y25-34,From 25 to 34 years,PC,Percentage,ED5-8,Tertiary education (levels 5-8),LU,Luxembourg,2020,,60.6,,,,,
dataflow,ESTAT:SDG_04_20(1.0),Persons aged 25-34 with tertiary educational attainment level,A,Annual,T,Total,Y25-34,From 25 to 34 years,PC,Percentage,ED5-8,Tertiary education (levels 5-8),LU,Luxembourg,2021,,62.6,,b,break in time series,,
dataflow,ESTAT:SDG_04_20(1.0),Persons aged 25-34 with tertiary educational attainment level,A,Annual,T,Total,Y25-34,From 25 to 34 years,PC,Percentage,ED5-8,Tertiary education (levels 5-8),LU,Luxembourg,2022,,61.0,,,,,
dataflow,ESTAT:SDG_04_20(1.0),Persons aged 25-34 with tertiary educational attainment level,A,Annual,T,Total,Y25-34,From 25 to 34 years,PC,Percentage,ED5-8,Tertiary education (levels 5-8),LU,Luxembourg,2023,,60.2,,,,,
dataflow,ESTAT:SDG_04_20(1.0),Persons aged 25-34 with tertiary educational attainment level,A,Annual,T,Total,Y25-34,From 25 to 34 years,PC,Percentage,ED5-8,Tertiary education (levels 5-8),LU,Luxembourg,2024,,63.8,,,,,
dataflow,ESTAT:SDG_04_20(1.0),Persons aged 25-34 with tertiary educational attainment level,A,Annual,T,Total,Y25-34,From 25 to 34 years,PC,Percentage,ED5-8,Tertiary education (levels 5-8),LU,Luxembourg,2025,,65.0,,,,,
dataflow,ESTAT:SDG_04_20(1.0),Persons aged 25-34 with tertiary educational attainment level,A,Annual,T,Total,Y25-34,From 25 to 34 years,PC,Percentage,ED5-8,Tertiary education (levels 5-8),LV,Latvia,2000,,17.3,,,,,
dataflow,ESTAT:SDG_04_20(1.0),Persons aged 25-34 with tertiary educational attainment level,A,Annual,T,Total,Y25-34,From 25 to 34 years,PC,Percentage,ED5-8,Tertiary education (levels 5-8),LV,Latvia,2001,,16.6,,,,,
dataflow,ESTAT:SDG_04_20(1.0),Persons aged 25-34 with tertiary educational attainment level,A,Annual,T,Total,Y25-34,From 25 to 34 years,PC,Percentage,ED5-8,Tertiary education (levels 5-8),LV,Latvia,2002,,17.3,,b,break in time series,,
dataflow,ESTAT:SDG_04_20(1.0),Persons aged 25-34 with tertiary educational attainment level,A,Annual,T,Total,Y25-34,From 25 to 34 years,PC,Percentage,ED5-8,Tertiary education (levels 5-8),LV,Latvia,2003,,18.5,,,,,
dataflow,ESTAT:SDG_04_20(1.0),Persons aged 25-34 with tertiary educational attainment level,A,Annual,T,Total,Y25-34,From 25 to 34 years,PC,Percentage,ED5-8,Tertiary education (levels 5-8),LV,Latvia,2004,,19.7,,,,,
dataflow,ESTAT:SDG_04_20(1.0),Persons aged 25-34 with tertiary educational attainment level,A,Annual,T,Total,Y25-34,From 25 to 34 years,PC,Percentage,ED5-8,Tertiary education (levels 5-8),LV,Latvia,2005,,21.7,,,,,
dataflow,ESTAT:SDG_04_20(1.0),Persons aged 25-34 with tertiary educational attainment level,A,Annual,T,Total,Y25-34,From 25 to 34 years,PC,Percentage,ED5-8,Tertiary education (levels 5-8),LV,Latvia,2006,,23.0,,,,,
dataflow,ESTAT:SDG_04_20(1.0),Persons aged 25-34 with tertiary educational attainment level,A,Annual,T,Total,Y25-34,From 25 to 34 years,PC,Percentage,ED5-8,Tertiary education (levels 5-8),LV,Latvia,2007,,25.7,,,,,
dataflow,ESTAT:SDG_04_20(1.0),Persons aged 25-34 with tertiary educational attainment level,A,Annual,T,Total,Y25-34,From 25 to 34 years,PC,Percentage,ED5-8,Tertiary education (levels 5-8),LV,Latvia,2008,,28.8,,,,,
dataflow,ESTAT:SDG_04_20(1.0),Persons aged 25-34 with tertiary educational attainment level,A,Annual,T,Total,Y25-34,From 25 to 34 years,PC,Percentage,ED5-8,Tertiary education (levels 5-8),LV,Latvia,2009,,31.6,,,,,
dataflow,ESTAT:SDG_04_20(1.0),Persons aged 25-34 with tertiary educational attainment level,A,Annual,T,Total,Y25-34,From 25 to 34 years,PC,Percentage,ED5-8,Tertiary education (levels 5-8),LV,Latvia,2010,,34.7,,,,,
dataflow,ESTAT:SDG_04_20(1.0),Persons aged 25-34 with tertiary educational attainment level,A,Annual,T,Total,Y25-34,From 25 to 34 years,PC,Percentage,ED5-8,Tertiary education (levels 5-8),LV,Latvia,2011,,35.1,,,,,
dataflow,ESTAT:SDG_04_20(1.0),Persons aged 25-34 with tertiary educational attainment level,A,Annual,T,Total,Y25-34,From 25 to 34 years,PC,Percentage,ED5-8,Tertiary education (levels 5-8),LV,Latvia,2012,,38.7,,,,,
dataflow,ESTAT:SDG_04_20(1.0),Persons aged 25-34 with tertiary educational attainment level,A,Annual,T,Total,Y25-34,From 25 to 34 years,PC,Percentage,ED5-8,Tertiary education (levels 5-8),LV,Latvia,2013,,40.7,,,,,
dataflow,ESTAT:SDG_04_20(1.0),Persons aged 25-34 with tertiary educational attainment level,A,Annual,T,Total,Y25-34,From 25 to 34 years,PC,Percentage,ED5-8,Tertiary education (levels 5-8),LV,Latvia,2014,,39.4,,b,break in time series,,
dataflow,ESTAT:SDG_04_20(1.0),Persons aged 25-34 with tertiary educational attainment level,A,Annual,T,Total,Y25-34,From 25 to 34 years,PC,Percentage,ED5-8,Tertiary education (levels 5-8),LV,Latvia,2015,,39.9,,,,,
dataflow,ESTAT:SDG_04_20(1.0),Persons aged 25-34 with tertiary educational attainment level,A,Annual,T,Total,Y25-34,From 25 to 34 years,PC,Percentage,ED5-8,Tertiary education (levels 5-8),LV,Latvia,2016,,42.1,,,,,
dataflow,ESTAT:SDG_04_20(1.0),Persons aged 25-34 with tertiary educational attainment level,A,Annual,T,Total,Y25-34,From 25 to 34 years,PC,Percentage,ED5-8,Tertiary education (levels 5-8),LV,Latvia,2017,,41.6,,,,,
dataflow,ESTAT:SDG_04_20(1.0),Persons aged 25-34 with tertiary educational attainment level,A,Annual,T,Total,Y25-34,From 25 to 34 years,PC,Percentage,ED5-8,Tertiary education (levels 5-8),LV,Latvia,2018,,41.6,,,,,
dataflow,ESTAT:SDG_04_20(1.0),Persons aged 25-34 with tertiary educational attainment level,A,Annual,T,Total,Y25-34,From 25 to 34 years,PC,Percentage,ED5-8,Tertiary education (levels 5-8),LV,Latvia,2019,,43.8,,,,,
dataflow,ESTAT:SDG_04_20(1.0),Persons aged 25-34 with tertiary educational attainment level,A,Annual,T,Total,Y25-34,From 25 to 34 years,PC,Percentage,ED5-8,Tertiary education (levels 5-8),LV,Latvia,2020,,44.2,,,,,
dataflow,ESTAT:SDG_04_20(1.0),Persons aged 25-34 with tertiary educational attainment level,A,Annual,T,Total,Y25-34,From 25 to 34 years,PC,Percentage,ED5-8,Tertiary education (levels 5-8),LV,Latvia,2021,,45.5,,b,break in time series,,
dataflow,ESTAT:SDG_04_20(1.0),Persons aged 25-34 with tertiary educational attainment level,A,Annual,T,Total,Y25-34,From 25 to 34 years,PC,Percentage,ED5-8,Tertiary education (levels 5-8),LV,Latvia,2022,,45.9,,,,,
dataflow,ESTAT:SDG_04_20(1.0),Persons aged 25-34 with tertiary educational attainment level,A,Annual,T,Total,Y25-34,From 25 to 34 years,PC,Percentage,ED5-8,Tertiary education (levels 5-8),LV,Latvia,2023,,45.1,,,,,
dataflow,ESTAT:SDG_04_20(1.0),Persons aged 25-34 with tertiary educational attainment level,A,Annual,T,Total,Y25-34,From 25 to 34 years,PC,Percentage,ED5-8,Tertiary education (levels 5-8),LV,Latvia,2024,,45.0,,,,,
dataflow,ESTAT:SDG_04_20(1.0),Persons aged 25-34 with tertiary educational attainment level,A,Annual,T,Total,Y25-34,From 25 to 34 years,PC,Percentage,ED5-8,Tertiary education (levels 5-8),LV,Latvia,2025,,44.7,,,,,
dataflow,ESTAT:SDG_04_20(1.0),Persons aged 25-34 with tertiary educational attainment level,A,Annual,T,Total,Y25-34,From 25 to 34 years,PC,Percentage,ED5-8,Tertiary education (levels 5-8),ME,Montenegro,2011,,25.9,,,,,
dataflow,ESTAT:SDG_04_20(1.0),Persons aged 25-34 with tertiary educational attainment level,A,Annual,T,Total,Y25-34,From 25 to 34 years,PC,Percentage,ED5-8,Tertiary education (levels 5-8),ME,Montenegro,2012,,26.8,,,,,
dataflow,ESTAT:SDG_04_20(1.0),Persons aged 25-34 with tertiary educational attainment level,A,Annual,T,Total,Y25-34,From 25 to 34 years,PC,Percentage,ED5-8,Tertiary education (levels 5-8),ME,Montenegro,2013,,31.5,,,,,
dataflow,ESTAT:SDG_04_20(1.0),Persons aged 25-34 with tertiary educational attainment level,A,Annual,T,Total,Y25-34,From 25 to 34 years,PC,Percentage,ED5-8,Tertiary education (levels 5-8),ME,Montenegro,2014,,32.6,,b,break in time series,,
dataflow,ESTAT:SDG_04_20(1.0),Persons aged 25-34 with tertiary educational attainment level,A,Annual,T,Total,Y25-34,From 25 to 34 years,PC,Percentage,ED5-8,Tertiary education (levels 5-8),ME,Montenegro,2015,,31.9,,,,,
dataflow,ESTAT:SDG_04_20(1.0),Persons aged 25-34 with tertiary educational attainment level,A,Annual,T,Total,Y25-34,From 25 to 34 years,PC,Percentage,ED5-8,Tertiary education (levels 5-8),ME,Montenegro,2016,,34.3,,,,,
dataflow,ESTAT:SDG_04_20(1.0),Persons aged 25-34 with tertiary educational attainment level,A,Annual,T,Total,Y25-34,From 25 to 34 years,PC,Percentage,ED5-8,Tertiary education (levels 5-8),ME,Montenegro,2017,,35.5,,,,,
dataflow,ESTAT:SDG_04_20(1.0),Persons aged 25-34 with tertiary educational attainment level,A,Annual,T,Total,Y25-34,From 25 to 34 years,PC,Percentage,ED5-8,Tertiary education (levels 5-8),ME,Montenegro,2018,,34.2,,,,,
dataflow,ESTAT:SDG_04_20(1.0),Persons aged 25-34 with tertiary educational attainment level,A,Annual,T,Total,Y25-34,From 25 to 34 years,PC,Percentage,ED5-8,Tertiary education (levels 5-8),ME,Montenegro,2019,,39.3,,,,,
dataflow,ESTAT:SDG_04_20(1.0),Persons aged 25-34 with tertiary educational attainment level,A,Annual,T,Total,Y25-34,From 25 to 34 years,PC,Percentage,ED5-8,Tertiary education (levels 5-8),ME,Montenegro,2020,,40.4,,,,,
dataflow,ESTAT:SDG_04_20(1.0),Persons aged 25-34 with tertiary educational attainment level,A,Annual,T,Total,Y25-34,From 25 to 34 years,PC,Percentage,ED5-8,Tertiary education (levels 5-8),MK,North Macedonia,2006,,12.2,,,,,
dataflow,ESTAT:SDG_04_20(1.0),Persons aged 25-34 with tertiary educational attainment level,A,Annual,T,Total,Y25-34,From 25 to 34 years,PC,Percentage,ED5-8,Tertiary education (levels 5-8),MK,North Macedonia,2007,,14.8,,,,,
dataflow,ESTAT:SDG_04_20(1.0),Persons aged 25-34 with tertiary educational attainment level,A,Annual,T,Total,Y25-34,From 25 to 34 years,PC,Percentage,ED5-8,Tertiary education (levels 5-8),MK,North Macedonia,2008,,15.1,,,,,
dataflow,ESTAT:SDG_04_20(1.0),Persons aged 25-34 with tertiary educational attainment level,A,Annual,T,Total,Y25-34,From 25 to 34 years,PC,Percentage,ED5-8,Tertiary education (levels 5-8),MK,North Macedonia,2009,,19.3,,,,,
dataflow,ESTAT:SDG_04_20(1.0),Persons aged 25-34 with tertiary educational attainment level,A,Annual,T,Total,Y25-34,From 25 to 34 years,PC,Percentage,ED5-8,Tertiary education (levels 5-8),MK,North Macedonia,2010,,21.8,,,,,
dataflow,ESTAT:SDG_04_20(1.0),Persons aged 25-34 with tertiary educational attainment level,A,Annual,T,Total,Y25-34,From 25 to 34 years,PC,Percentage,ED5-8,Tertiary education (levels 5-8),MK,North Macedonia,2011,,25.1,,,,,
dataflow,ESTAT:SDG_04_20(1.0),Persons aged 25-34 with tertiary educational attainment level,A,Annual,T,Total,Y25-34,From 25 to 34 years,PC,Percentage,ED5-8,Tertiary education (levels 5-8),MK,North Macedonia,2012,,26.3,,,,,
dataflow,ESTAT:SDG_04_20(1.0),Persons aged 25-34 with tertiary educational attainment level,A,Annual,T,Total,Y25-34,From 25 to 34 years,PC,Percentage,ED5-8,Tertiary education (levels 5-8),MK,North Macedonia,2013,,26.3,,,,,
dataflow,ESTAT:SDG_04_20(1.0),Persons aged 25-34 with tertiary educational attainment level,A,Annual,T,Total,Y25-34,From 25 to 34 years,PC,Percentage,ED5-8,Tertiary education (levels 5-8),MK,North Macedonia,2014,,28.1,,b,break in time series,,
dataflow,ESTAT:SDG_04_20(1.0),Persons aged 25-34 with tertiary educational attainment level,A,Annual,T,Total,Y25-34,From 25 to 34 years,PC,Percentage,ED5-8,Tertiary education (levels 5-8),MK,North Macedonia,2015,,30.6,,,,,
dataflow,ESTAT:SDG_04_20(1.0),Persons aged 25-34 with tertiary educational attainment level,A,Annual,T,Total,Y25-34,From 25 to 34 years,PC,Percentage,ED5-8,Tertiary education (levels 5-8),MK,North Macedonia,2016,,32.2,,,,,
dataflow,ESTAT:SDG_04_20(1.0),Persons aged 25-34 with tertiary educational attainment level,A,Annual,T,Total,Y25-34,From 25 to 34 years,PC,Percentage,ED5-8,Tertiary education (levels 5-8),MK,North Macedonia,2017,,33.0,,,,,
dataflow,ESTAT:SDG_04_20(1.0),Persons aged 25-34 with tertiary educational attainment level,A,Annual,T,Total,Y25-34,From 25 to 34 years,PC,Percentage,ED5-8,Tertiary education (levels 5-8),MK,North Macedonia,2018,,33.6,,,,,
dataflow,ESTAT:SDG_04_20(1.0),Persons aged 25-34 with tertiary educational attainment level,A,Annual,T,Total,Y25-34,From 25 to 34 years,PC,Percentage,ED5-8,Tertiary education (levels 5-8),MK,North Macedonia,2019,,35.8,,,,,
dataflow,ESTAT:SDG_04_20(1.0),Persons aged 25-34 with tertiary educational attainment level,A,Annual,T,Total,Y25-34,From 25 to 34 years,PC,Percentage,ED5-8,Tertiary education (levels 5-8),MK,North Macedonia,2020,,37.7,,,,,
dataflow,ESTAT:SDG_04_20(1.0),Persons aged 25-34 with tertiary educational attainment level,A,Annual,T,Total,Y25-34,From 25 to 34 years,PC,Percentage,ED5-8,Tertiary education (levels 5-8),MK,North Macedonia,2021,,34.3,,b,break in time series,,
dataflow,ESTAT:SDG_04_20(1.0),Persons aged 25-34 with tertiary educational attainment level,A,Annual,T,Total,Y25-34,From 25 to 34 years,PC,Percentage,ED5-8,Tertiary education (levels 5-8),MK,North Macedonia,2022,,35.2,,,,,
dataflow,ESTAT:SDG_04_20(1.0),Persons aged 25-34 with tertiary educational attainment level,A,Annual,T,Total,Y25-34,From 25 to 34 years,PC,Percentage,ED5-8,Tertiary education (levels 5-8),MK,North Macedonia,2023,,32.3,,,,,
dataflow,ESTAT:SDG_04_20(1.0),Persons aged 25-34 with tertiary educational attainment level,A,Annual,T,Total,Y25-34,From 25 to 34 years,PC,Percentage,ED5-8,Tertiary education (levels 5-8),MK,North Macedonia,2024,,35.5,,,,,
dataflow,ESTAT:SDG_04_20(1.0),Persons aged 25-34 with tertiary educational attainment level,A,Annual,T,Total,Y25-34,From 25 to 34 years,PC,Percentage,ED5-8,Tertiary education (levels 5-8),MK,North Macedonia,2025,,35.9,,,,,
dataflow,ESTAT:SDG_04_20(1.0),Persons aged 25-34 with tertiary educational attainment level,A,Annual,T,Total,Y25-34,From 25 to 34 years,PC,Percentage,ED5-8,Tertiary education (levels 5-8),MT,Malta,2000,,8.8,,d,definition differs (see metadata),,
dataflow,ESTAT:SDG_04_20(1.0),Persons aged 25-34 with tertiary educational attainment level,A,Annual,T,Total,Y25-34,From 25 to 34 years,PC,Percentage,ED5-8,Tertiary education (levels 5-8),MT,Malta,2001,,14.8,,d,definition differs (see metadata),,
dataflow,ESTAT:SDG_04_20(1.0),Persons aged 25-34 with tertiary educational attainment level,A,Annual,T,Total,Y25-34,From 25 to 34 years,PC,Percentage,ED5-8,Tertiary education (levels 5-8),MT,Malta,2002,,12.0,,d,definition differs (see metadata),,
dataflow,ESTAT:SDG_04_20(1.0),Persons aged 25-34 with tertiary educational attainment level,A,Annual,T,Total,Y25-34,From 25 to 34 years,PC,Percentage,ED5-8,Tertiary education (levels 5-8),MT,Malta,2003,,16.3,,d,definition differs (see metadata),,
dataflow,ESTAT:SDG_04_20(1.0),Persons aged 25-34 with tertiary educational attainment level,A,Annual,T,Total,Y25-34,From 25 to 34 years,PC,Percentage,ED5-8,Tertiary education (levels 5-8),MT,Malta,2004,,18.4,,d,definition differs (see metadata),,
dataflow,ESTAT:SDG_04_20(1.0),Persons aged 25-34 with tertiary educational attainment level,A,Annual,T,Total,Y25-34,From 25 to 34 years,PC,Percentage,ED5-8,Tertiary education (levels 5-8),MT,Malta,2005,,17.8,,b,break in time series,,
dataflow,ESTAT:SDG_04_20(1.0),Persons aged 25-34 with tertiary educational attainment level,A,Annual,T,Total,Y25-34,From 25 to 34 years,PC,Percentage,ED5-8,Tertiary education (levels 5-8),MT,Malta,2006,,20.8,,,,,
dataflow,ESTAT:SDG_04_20(1.0),Persons aged 25-34 with tertiary educational attainment level,A,Annual,T,Total,Y25-34,From 25 to 34 years,PC,Percentage,ED5-8,Tertiary education (levels 5-8),MT,Malta,2007,,22.2,,,,,
dataflow,ESTAT:SDG_04_20(1.0),Persons aged 25-34 with tertiary educational attainment level,A,Annual,T,Total,Y25-34,From 25 to 34 years,PC,Percentage,ED5-8,Tertiary education (levels 5-8),MT,Malta,2008,,23.1,,,,,
dataflow,ESTAT:SDG_04_20(1.0),Persons aged 25-34 with tertiary educational attainment level,A,Annual,T,Total,Y25-34,From 25 to 34 years,PC,Percentage,ED5-8,Tertiary education (levels 5-8),MT,Malta,2009,,22.8,,,,,
dataflow,ESTAT:SDG_04_20(1.0),Persons aged 25-34 with tertiary educational attainment level,A,Annual,T,Total,Y25-34,From 25 to 34 years,PC,Percentage,ED5-8,Tertiary education (levels 5-8),MT,Malta,2010,,24.3,,,,,
dataflow,ESTAT:SDG_04_20(1.0),Persons aged 25-34 with tertiary educational attainment level,A,Annual,T,Total,Y25-34,From 25 to 34 years,PC,Percentage,ED5-8,Tertiary education (levels 5-8),MT,Malta,2011,,26.2,,b,break in time series,,
dataflow,ESTAT:SDG_04_20(1.0),Persons aged 25-34 with tertiary educational attainment level,A,Annual,T,Total,Y25-34,From 25 to 34 years,PC,Percentage,ED5-8,Tertiary education (levels 5-8),MT,Malta,2012,,28.3,,,,,
dataflow,ESTAT:SDG_04_20(1.0),Persons aged 25-34 with tertiary educational attainment level,A,Annual,T,Total,Y25-34,From 25 to 34 years,PC,Percentage,ED5-8,Tertiary education (levels 5-8),MT,Malta,2013,,31.1,,,,,
dataflow,ESTAT:SDG_04_20(1.0),Persons aged 25-34 with tertiary educational attainment level,A,Annual,T,Total,Y25-34,From 25 to 34 years,PC,Percentage,ED5-8,Tertiary education (levels 5-8),MT,Malta,2014,,31.3,,b,break in time series,,
dataflow,ESTAT:SDG_04_20(1.0),Persons aged 25-34 with tertiary educational attainment level,A,Annual,T,Total,Y25-34,From 25 to 34 years,PC,Percentage,ED5-8,Tertiary education (levels 5-8),MT,Malta,2015,,31.9,,,,,
dataflow,ESTAT:SDG_04_20(1.0),Persons aged 25-34 with tertiary educational attainment level,A,Annual,T,Total,Y25-34,From 25 to 34 years,PC,Percentage,ED5-8,Tertiary education (levels 5-8),MT,Malta,2016,,34.3,,,,,
dataflow,ESTAT:SDG_04_20(1.0),Persons aged 25-34 with tertiary educational attainment level,A,Annual,T,Total,Y25-34,From 25 to 34 years,PC,Percentage,ED5-8,Tertiary education (levels 5-8),MT,Malta,2017,,34.9,,,,,
dataflow,ESTAT:SDG_04_20(1.0),Persons aged 25-34 with tertiary educational attainment level,A,Annual,T,Total,Y25-34,From 25 to 34 years,PC,Percentage,ED5-8,Tertiary education (levels 5-8),MT,Malta,2018,,40.2,,,,,
dataflow,ESTAT:SDG_04_20(1.0),Persons aged 25-34 with tertiary educational attainment level,A,Annual,T,Total,Y25-34,From 25 to 34 years,PC,Percentage,ED5-8,Tertiary education (levels 5-8),MT,Malta,2019,,41.0,,,,,
dataflow,ESTAT:SDG_04_20(1.0),Persons aged 25-34 with tertiary educational attainment level,A,Annual,T,Total,Y25-34,From 25 to 34 years,PC,Percentage,ED5-8,Tertiary education (levels 5-8),MT,Malta,2020,,40.2,,,,,
dataflow,ESTAT:SDG_04_20(1.0),Persons aged 25-34 with tertiary educational attainment level,A,Annual,T,Total,Y25-34,From 25 to 34 years,PC,Percentage,ED5-8,Tertiary education (levels 5-8),MT,Malta,2021,,42.9,,b,break in time series,,
dataflow,ESTAT:SDG_04_20(1.0),Persons aged 25-34 with tertiary educational attainment level,A,Annual,T,Total,Y25-34,From 25 to 34 years,PC,Percentage,ED5-8,Tertiary education (levels 5-8),MT,Malta,2022,,42.5,,,,,
dataflow,ESTAT:SDG_04_20(1.0),Persons aged 25-34 with tertiary educational attainment level,A,Annual,T,Total,Y25-34,From 25 to 34 years,PC,Percentage,ED5-8,Tertiary education (levels 5-8),MT,Malta,2023,,46.2,,,,,
dataflow,ESTAT:SDG_04_20(1.0),Persons aged 25-34 with tertiary educational attainment level,A,Annual,T,Total,Y25-34,From 25 to 34 years,PC,Percentage,ED5-8,Tertiary education (levels 5-8),MT,Malta,2024,,47.1,,,,,
dataflow,ESTAT:SDG_04_20(1.0),Persons aged 25-34 with tertiary educational attainment level,A,Annual,T,Total,Y25-34,From 25 to 34 years,PC,Percentage,ED5-8,Tertiary education (levels 5-8),MT,Malta,2025,,47.7,,,,,
dataflow,ESTAT:SDG_04_20(1.0),Persons aged 25-34 with tertiary educational attainment level,A,Annual,T,Total,Y25-34,From 25 to 34 years,PC,Percentage,ED5-8,Tertiary education (levels 5-8),NL,Netherlands,2000,,26.9,,,,,
dataflow,ESTAT:SDG_04_20(1.0),Persons aged 25-34 with tertiary educational attainment level,A,Annual,T,Total,Y25-34,From 25 to 34 years,PC,Percentage,ED5-8,Tertiary education (levels 5-8),NL,Netherlands,2001,,27.1,,,,,
dataflow,ESTAT:SDG_04_20(1.0),Persons aged 25-34 with tertiary educational attainment level,A,Annual,T,Total,Y25-34,From 25 to 34 years,PC,Percentage,ED5-8,Tertiary education (levels 5-8),NL,Netherlands,2002,,28.3,,,,,
dataflow,ESTAT:SDG_04_20(1.0),Persons aged 25-34 with tertiary educational attainment level,A,Annual,T,Total,Y25-34,From 25 to 34 years,PC,Percentage,ED5-8,Tertiary education (levels 5-8),NL,Netherlands,2003,,32.1,,,,,
dataflow,ESTAT:SDG_04_20(1.0),Persons aged 25-34 with tertiary educational attainment level,A,Annual,T,Total,Y25-34,From 25 to 34 years,PC,Percentage,ED5-8,Tertiary education (levels 5-8),NL,Netherlands,2004,,34.5,,,,,
dataflow,ESTAT:SDG_04_20(1.0),Persons aged 25-34 with tertiary educational attainment level,A,Annual,T,Total,Y25-34,From 25 to 34 years,PC,Percentage,ED5-8,Tertiary education (levels 5-8),NL,Netherlands,2005,,33.3,,b,break in time series,,
dataflow,ESTAT:SDG_04_20(1.0),Persons aged 25-34 with tertiary educational attainment level,A,Annual,T,Total,Y25-34,From 25 to 34 years,PC,Percentage,ED5-8,Tertiary education (levels 5-8),NL,Netherlands,2006,,34.6,,,,,
dataflow,ESTAT:SDG_04_20(1.0),Persons aged 25-34 with tertiary educational attainment level,A,Annual,T,Total,Y25-34,From 25 to 34 years,PC,Percentage,ED5-8,Tertiary education (levels 5-8),NL,Netherlands,2007,,35.7,,,,,
dataflow,ESTAT:SDG_04_20(1.0),Persons aged 25-34 with tertiary educational attainment level,A,Annual,T,Total,Y25-34,From 25 to 34 years,PC,Percentage,ED5-8,Tertiary education (levels 5-8),NL,Netherlands,2008,,38.3,,,,,
dataflow,ESTAT:SDG_04_20(1.0),Persons aged 25-34 with tertiary educational attainment level,A,Annual,T,Total,Y25-34,From 25 to 34 years,PC,Percentage,ED5-8,Tertiary education (levels 5-8),NL,Netherlands,2009,,38.4,,,,,
dataflow,ESTAT:SDG_04_20(1.0),Persons aged 25-34 with tertiary educational attainment level,A,Annual,T,Total,Y25-34,From 25 to 34 years,PC,Percentage,ED5-8,Tertiary education (levels 5-8),NL,Netherlands,2010,,40.3,,,,,
dataflow,ESTAT:SDG_04_20(1.0),Persons aged 25-34 with tertiary educational attainment level,A,Annual,T,Total,Y25-34,From 25 to 34 years,PC,Percentage,ED5-8,Tertiary education (levels 5-8),NL,Netherlands,2011,,40.0,,,,,
dataflow,ESTAT:SDG_04_20(1.0),Persons aged 25-34 with tertiary educational attainment level,A,Annual,T,Total,Y25-34,From 25 to 34 years,PC,Percentage,ED5-8,Tertiary education (levels 5-8),NL,Netherlands,2012,,41.4,,,,,
dataflow,ESTAT:SDG_04_20(1.0),Persons aged 25-34 with tertiary educational attainment level,A,Annual,T,Total,Y25-34,From 25 to 34 years,PC,Percentage,ED5-8,Tertiary education (levels 5-8),NL,Netherlands,2013,,43.0,,b,break in time series,,
dataflow,ESTAT:SDG_04_20(1.0),Persons aged 25-34 with tertiary educational attainment level,A,Annual,T,Total,Y25-34,From 25 to 34 years,PC,Percentage,ED5-8,Tertiary education (levels 5-8),NL,Netherlands,2014,,44.3,,b,break in time series,,
dataflow,ESTAT:SDG_04_20(1.0),Persons aged 25-34 with tertiary educational attainment level,A,Annual,T,Total,Y25-34,From 25 to 34 years,PC,Percentage,ED5-8,Tertiary education (levels 5-8),NL,Netherlands,2015,,45.1,,,,,
dataflow,ESTAT:SDG_04_20(1.0),Persons aged 25-34 with tertiary educational attainment level,A,Annual,T,Total,Y25-34,From 25 to 34 years,PC,Percentage,ED5-8,Tertiary education (levels 5-8),NL,Netherlands,2016,,45.2,,,,,
dataflow,ESTAT:SDG_04_20(1.0),Persons aged 25-34 with tertiary educational attainment level,A,Annual,T,Total,Y25-34,From 25 to 34 years,PC,Percentage,ED5-8,Tertiary education (levels 5-8),NL,Netherlands,2017,,46.6,,,,,
dataflow,ESTAT:SDG_04_20(1.0),Persons aged 25-34 with tertiary educational attainment level,A,Annual,T,Total,Y25-34,From 25 to 34 years,PC,Percentage,ED5-8,Tertiary education (levels 5-8),NL,Netherlands,2018,,47.6,,,,,
dataflow,ESTAT:SDG_04_20(1.0),Persons aged 25-34 with tertiary educational attainment level,A,Annual,T,Total,Y25-34,From 25 to 34 years,PC,Percentage,ED5-8,Tertiary education (levels 5-8),NL,Netherlands,2019,,49.1,,b,break in time series,,
dataflow,ESTAT:SDG_04_20(1.0),Persons aged 25-34 with tertiary educational attainment level,A,Annual,T,Total,Y25-34,From 25 to 34 years,PC,Percentage,ED5-8,Tertiary education (levels 5-8),NL,Netherlands,2020,,52.3,,,,,
dataflow,ESTAT:SDG_04_20(1.0),Persons aged 25-34 with tertiary educational attainment level,A,Annual,T,Total,Y25-34,From 25 to 34 years,PC,Percentage,ED5-8,Tertiary education (levels 5-8),NL,Netherlands,2021,,55.6,,b,break in time series,,
dataflow,ESTAT:SDG_04_20(1.0),Persons aged 25-34 with tertiary educational attainment level,A,Annual,T,Total,Y25-34,From 25 to 34 years,PC,Percentage,ED5-8,Tertiary education (levels 5-8),NL,Netherlands,2022,,56.4,,,,,
dataflow,ESTAT:SDG_04_20(1.0),Persons aged 25-34 with tertiary educational attainment level,A,Annual,T,Total,Y25-34,From 25 to 34 years,PC,Percentage,ED5-8,Tertiary education (levels 5-8),NL,Netherlands,2023,,54.5,,,,,
dataflow,ESTAT:SDG_04_20(1.0),Persons aged 25-34 with tertiary educational attainment level,A,Annual,T,Total,Y25-34,From 25 to 34 years,PC,Percentage,ED5-8,Tertiary education (levels 5-8),NL,Netherlands,2024,,55.1,,,,,
dataflow,ESTAT:SDG_04_20(1.0),Persons aged 25-34 with tertiary educational attainment level,A,Annual,T,Total,Y25-34,From 25 to 34 years,PC,Percentage,ED5-8,Tertiary education (levels 5-8),NL,Netherlands,2025,,56.1,,,,,
dataflow,ESTAT:SDG_04_20(1.0),Persons aged 25-34 with tertiary educational attainment level,A,Annual,T,Total,Y25-34,From 25 to 34 years,PC,Percentage,ED5-8,Tertiary education (levels 5-8),NO,Norway,2000,,38.6,,,,,
dataflow,ESTAT:SDG_04_20(1.0),Persons aged 25-34 with tertiary educational attainment level,A,Annual,T,Total,Y25-34,From 25 to 34 years,PC,Percentage,ED5-8,Tertiary education (levels 5-8),NO,Norway,2001,,42.7,,,,,
dataflow,ESTAT:SDG_04_20(1.0),Persons aged 25-34 with tertiary educational attainment level,A,Annual,T,Total,Y25-34,From 25 to 34 years,PC,Percentage,ED5-8,Tertiary education (levels 5-8),NO,Norway,2002,,42.8,,,,,
dataflow,ESTAT:SDG_04_20(1.0),Persons aged 25-34 with tertiary educational attainment level,A,Annual,T,Total,Y25-34,From 25 to 34 years,PC,Percentage,ED5-8,Tertiary education (levels 5-8),NO,Norway,2003,,39.7,,,,,
dataflow,ESTAT:SDG_04_20(1.0),Persons aged 25-34 with tertiary educational attainment level,A,Annual,T,Total,Y25-34,From 25 to 34 years,PC,Percentage,ED5-8,Tertiary education (levels 5-8),NO,Norway,2004,,39.8,,,,,
dataflow,ESTAT:SDG_04_20(1.0),Persons aged 25-34 with tertiary educational attainment level,A,Annual,T,Total,Y25-34,From 25 to 34 years,PC,Percentage,ED5-8,Tertiary education (levels 5-8),NO,Norway,2005,,39.5,,,,,
dataflow,ESTAT:SDG_04_20(1.0),Persons aged 25-34 with tertiary educational attainment level,A,Annual,T,Total,Y25-34,From 25 to 34 years,PC,Percentage,ED5-8,Tertiary education (levels 5-8),NO,Norway,2006,,41.0,,b,break in time series,,
dataflow,ESTAT:SDG_04_20(1.0),Persons aged 25-34 with tertiary educational attainment level,A,Annual,T,Total,Y25-34,From 25 to 34 years,PC,Percentage,ED5-8,Tertiary education (levels 5-8),NO,Norway,2007,,41.7,,,,,
dataflow,ESTAT:SDG_04_20(1.0),Persons aged 25-34 with tertiary educational attainment level,A,Annual,T,Total,Y25-34,From 25 to 34 years,PC,Percentage,ED5-8,Tertiary education (levels 5-8),NO,Norway,2008,,43.7,,,,,
dataflow,ESTAT:SDG_04_20(1.0),Persons aged 25-34 with tertiary educational attainment level,A,Annual,T,Total,Y25-34,From 25 to 34 years,PC,Percentage,ED5-8,Tertiary education (levels 5-8),NO,Norway,2009,,44.3,,,,,
dataflow,ESTAT:SDG_04_20(1.0),Persons aged 25-34 with tertiary educational attainment level,A,Annual,T,Total,Y25-34,From 25 to 34 years,PC,Percentage,ED5-8,Tertiary education (levels 5-8),NO,Norway,2010,,45.0,,,,,
dataflow,ESTAT:SDG_04_20(1.0),Persons aged 25-34 with tertiary educational attainment level,A,Annual,T,Total,Y25-34,From 25 to 34 years,PC,Percentage,ED5-8,Tertiary education (levels 5-8),NO,Norway,2011,,46.1,,,,,
dataflow,ESTAT:SDG_04_20(1.0),Persons aged 25-34 with tertiary educational attainment level,A,Annual,T,Total,Y25-34,From 25 to 34 years,PC,Percentage,ED5-8,Tertiary education (levels 5-8),NO,Norway,2012,,45.0,,,,,
dataflow,ESTAT:SDG_04_20(1.0),Persons aged 25-34 with tertiary educational attainment level,A,Annual,T,Total,Y25-34,From 25 to 34 years,PC,Percentage,ED5-8,Tertiary education (levels 5-8),NO,Norway,2013,,46.7,,,,,
dataflow,ESTAT:SDG_04_20(1.0),Persons aged 25-34 with tertiary educational attainment level,A,Annual,T,Total,Y25-34,From 25 to 34 years,PC,Percentage,ED5-8,Tertiary education (levels 5-8),NO,Norway,2014,,50.2,,b,break in time series,,
dataflow,ESTAT:SDG_04_20(1.0),Persons aged 25-34 with tertiary educational attainment level,A,Annual,T,Total,Y25-34,From 25 to 34 years,PC,Percentage,ED5-8,Tertiary education (levels 5-8),NO,Norway,2015,,49.0,,,,,
dataflow,ESTAT:SDG_04_20(1.0),Persons aged 25-34 with tertiary educational attainment level,A,Annual,T,Total,Y25-34,From 25 to 34 years,PC,Percentage,ED5-8,Tertiary education (levels 5-8),NO,Norway,2016,,49.2,,,,,
dataflow,ESTAT:SDG_04_20(1.0),Persons aged 25-34 with tertiary educational attainment level,A,Annual,T,Total,Y25-34,From 25 to 34 years,PC,Percentage,ED5-8,Tertiary education (levels 5-8),NO,Norway,2017,,48.3,,,,,
dataflow,ESTAT:SDG_04_20(1.0),Persons aged 25-34 with tertiary educational attainment level,A,Annual,T,Total,Y25-34,From 25 to 34 years,PC,Percentage,ED5-8,Tertiary education (levels 5-8),NO,Norway,2018,,48.5,,,,,
dataflow,ESTAT:SDG_04_20(1.0),Persons aged 25-34 with tertiary educational attainment level,A,Annual,T,Total,Y25-34,From 25 to 34 years,PC,Percentage,ED5-8,Tertiary education (levels 5-8),NO,Norway,2019,,48.4,,,,,
dataflow,ESTAT:SDG_04_20(1.0),Persons aged 25-34 with tertiary educational attainment level,A,Annual,T,Total,Y25-34,From 25 to 34 years,PC,Percentage,ED5-8,Tertiary education (levels 5-8),NO,Norway,2020,,50.9,,,,,
dataflow,ESTAT:SDG_04_20(1.0),Persons aged 25-34 with tertiary educational attainment level,A,Annual,T,Total,Y25-34,From 25 to 34 years,PC,Percentage,ED5-8,Tertiary education (levels 5-8),NO,Norway,2021,,54.6,,b,break in time series,,
dataflow,ESTAT:SDG_04_20(1.0),Persons aged 25-34 with tertiary educational attainment level,A,Annual,T,Total,Y25-34,From 25 to 34 years,PC,Percentage,ED5-8,Tertiary education (levels 5-8),NO,Norway,2022,,55.3,,,,,
dataflow,ESTAT:SDG_04_20(1.0),Persons aged 25-34 with tertiary educational attainment level,A,Annual,T,Total,Y25-34,From 25 to 34 years,PC,Percentage,ED5-8,Tertiary education (levels 5-8),NO,Norway,2023,,56.2,,,,,
dataflow,ESTAT:SDG_04_20(1.0),Persons aged 25-34 with tertiary educational attainment level,A,Annual,T,Total,Y25-34,From 25 to 34 years,PC,Percentage,ED5-8,Tertiary education (levels 5-8),NO,Norway,2024,,56.3,,,,,
dataflow,ESTAT:SDG_04_20(1.0),Persons aged 25-34 with tertiary educational attainment level,A,Annual,T,Total,Y25-34,From 25 to 34 years,PC,Percentage,ED5-8,Tertiary education (levels 5-8),NO,Norway,2025,,56.8,,,,,
dataflow,ESTAT:SDG_04_20(1.0),Persons aged 25-34 with tertiary educational attainment level,A,Annual,T,Total,Y25-34,From 25 to 34 years,PC,Percentage,ED5-8,Tertiary education (levels 5-8),PL,Poland,2000,,14.3,,b,break in time series,,
dataflow,ESTAT:SDG_04_20(1.0),Persons aged 25-34 with tertiary educational attainment level,A,Annual,T,Total,Y25-34,From 25 to 34 years,PC,Percentage,ED5-8,Tertiary education (levels 5-8),PL,Poland,2001,,15.0,,,,,
dataflow,ESTAT:SDG_04_20(1.0),Persons aged 25-34 with tertiary educational attainment level,A,Annual,T,Total,Y25-34,From 25 to 34 years,PC,Percentage,ED5-8,Tertiary education (levels 5-8),PL,Poland,2002,,16.8,,,,,
dataflow,ESTAT:SDG_04_20(1.0),Persons aged 25-34 with tertiary educational attainment level,A,Annual,T,Total,Y25-34,From 25 to 34 years,PC,Percentage,ED5-8,Tertiary education (levels 5-8),PL,Poland,2003,,20.3,,b,break in time series,,
dataflow,ESTAT:SDG_04_20(1.0),Persons aged 25-34 with tertiary educational attainment level,A,Annual,T,Total,Y25-34,From 25 to 34 years,PC,Percentage,ED5-8,Tertiary education (levels 5-8),PL,Poland,2004,,23.0,,,,,
dataflow,ESTAT:SDG_04_20(1.0),Persons aged 25-34 with tertiary educational attainment level,A,Annual,T,Total,Y25-34,From 25 to 34 years,PC,Percentage,ED5-8,Tertiary education (levels 5-8),PL,Poland,2005,,25.4,,,,,
dataflow,ESTAT:SDG_04_20(1.0),Persons aged 25-34 with tertiary educational attainment level,A,Annual,T,Total,Y25-34,From 25 to 34 years,PC,Percentage,ED5-8,Tertiary education (levels 5-8),PL,Poland,2006,,28.0,,,,,
dataflow,ESTAT:SDG_04_20(1.0),Persons aged 25-34 with tertiary educational attainment level,A,Annual,T,Total,Y25-34,From 25 to 34 years,PC,Percentage,ED5-8,Tertiary education (levels 5-8),PL,Poland,2007,,30.0,,,,,
dataflow,ESTAT:SDG_04_20(1.0),Persons aged 25-34 with tertiary educational attainment level,A,Annual,T,Total,Y25-34,From 25 to 34 years,PC,Percentage,ED5-8,Tertiary education (levels 5-8),PL,Poland,2008,,32.1,,,,,
dataflow,ESTAT:SDG_04_20(1.0),Persons aged 25-34 with tertiary educational attainment level,A,Annual,T,Total,Y25-34,From 25 to 34 years,PC,Percentage,ED5-8,Tertiary education (levels 5-8),PL,Poland,2009,,35.5,,,,,
dataflow,ESTAT:SDG_04_20(1.0),Persons aged 25-34 with tertiary educational attainment level,A,Annual,T,Total,Y25-34,From 25 to 34 years,PC,Percentage,ED5-8,Tertiary education (levels 5-8),PL,Poland,2010,,37.1,,b,break in time series,,
dataflow,ESTAT:SDG_04_20(1.0),Persons aged 25-34 with tertiary educational attainment level,A,Annual,T,Total,Y25-34,From 25 to 34 years,PC,Percentage,ED5-8,Tertiary education (levels 5-8),PL,Poland,2011,,39.0,,,,,
dataflow,ESTAT:SDG_04_20(1.0),Persons aged 25-34 with tertiary educational attainment level,A,Annual,T,Total,Y25-34,From 25 to 34 years,PC,Percentage,ED5-8,Tertiary education (levels 5-8),PL,Poland,2012,,40.8,,,,,
dataflow,ESTAT:SDG_04_20(1.0),Persons aged 25-34 with tertiary educational attainment level,A,Annual,T,Total,Y25-34,From 25 to 34 years,PC,Percentage,ED5-8,Tertiary education (levels 5-8),PL,Poland,2013,,41.8,,,,,
dataflow,ESTAT:SDG_04_20(1.0),Persons aged 25-34 with tertiary educational attainment level,A,Annual,T,Total,Y25-34,From 25 to 34 years,PC,Percentage,ED5-8,Tertiary education (levels 5-8),PL,Poland,2014,,42.6,,b,break in time series,,
dataflow,ESTAT:SDG_04_20(1.0),Persons aged 25-34 with tertiary educational attainment level,A,Annual,T,Total,Y25-34,From 25 to 34 years,PC,Percentage,ED5-8,Tertiary education (levels 5-8),PL,Poland,2015,,43.2,,,,,
dataflow,ESTAT:SDG_04_20(1.0),Persons aged 25-34 with tertiary educational attainment level,A,Annual,T,Total,Y25-34,From 25 to 34 years,PC,Percentage,ED5-8,Tertiary education (levels 5-8),PL,Poland,2016,,43.5,,,,,
dataflow,ESTAT:SDG_04_20(1.0),Persons aged 25-34 with tertiary educational attainment level,A,Annual,T,Total,Y25-34,From 25 to 34 years,PC,Percentage,ED5-8,Tertiary education (levels 5-8),PL,Poland,2017,,43.6,,,,,
dataflow,ESTAT:SDG_04_20(1.0),Persons aged 25-34 with tertiary educational attainment level,A,Annual,T,Total,Y25-34,From 25 to 34 years,PC,Percentage,ED5-8,Tertiary education (levels 5-8),PL,Poland,2018,,43.5,,,,,
dataflow,ESTAT:SDG_04_20(1.0),Persons aged 25-34 with tertiary educational attainment level,A,Annual,T,Total,Y25-34,From 25 to 34 years,PC,Percentage,ED5-8,Tertiary education (levels 5-8),PL,Poland,2019,,44.6,,b,break in time series,,
dataflow,ESTAT:SDG_04_20(1.0),Persons aged 25-34 with tertiary educational attainment level,A,Annual,T,Total,Y25-34,From 25 to 34 years,PC,Percentage,ED5-8,Tertiary education (levels 5-8),PL,Poland,2020,,43.7,,,,,
dataflow,ESTAT:SDG_04_20(1.0),Persons aged 25-34 with tertiary educational attainment level,A,Annual,T,Total,Y25-34,From 25 to 34 years,PC,Percentage,ED5-8,Tertiary education (levels 5-8),PL,Poland,2021,,41.8,,b,break in time series,,
dataflow,ESTAT:SDG_04_20(1.0),Persons aged 25-34 with tertiary educational attainment level,A,Annual,T,Total,Y25-34,From 25 to 34 years,PC,Percentage,ED5-8,Tertiary education (levels 5-8),PL,Poland,2022,,41.7,,,,,
dataflow,ESTAT:SDG_04_20(1.0),Persons aged 25-34 with tertiary educational attainment level,A,Annual,T,Total,Y25-34,From 25 to 34 years,PC,Percentage,ED5-8,Tertiary education (levels 5-8),PL,Poland,2023,,46.3,,,,,
dataflow,ESTAT:SDG_04_20(1.0),Persons aged 25-34 with tertiary educational attainment level,A,Annual,T,Total,Y25-34,From 25 to 34 years,PC,Percentage,ED5-8,Tertiary education (levels 5-8),PL,Poland,2024,,45.7,,,,,
dataflow,ESTAT:SDG_04_20(1.0),Persons aged 25-34 with tertiary educational attainment level,A,Annual,T,Total,Y25-34,From 25 to 34 years,PC,Percentage,ED5-8,Tertiary education (levels 5-8),PL,Poland,2025,,45.2,,,,,
dataflow,ESTAT:SDG_04_20(1.0),Persons aged 25-34 with tertiary educational attainment level,A,Annual,T,Total,Y25-34,From 25 to 34 years,PC,Percentage,ED5-8,Tertiary education (levels 5-8),PT,Portugal,2000,,12.8,,,,,
dataflow,ESTAT:SDG_04_20(1.0),Persons aged 25-34 with tertiary educational attainment level,A,Annual,T,Total,Y25-34,From 25 to 34 years,PC,Percentage,ED5-8,Tertiary education (levels 5-8),PT,Portugal,2001,,14.1,,,,,
dataflow,ESTAT:SDG_04_20(1.0),Persons aged 25-34 with tertiary educational attainment level,A,Annual,T,Total,Y25-34,From 25 to 34 years,PC,Percentage,ED5-8,Tertiary education (levels 5-8),PT,Portugal,2002,,15.3,,,,,
dataflow,ESTAT:SDG_04_20(1.0),Persons aged 25-34 with tertiary educational attainment level,A,Annual,T,Total,Y25-34,From 25 to 34 years,PC,Percentage,ED5-8,Tertiary education (levels 5-8),PT,Portugal,2003,,16.7,,,,,
dataflow,ESTAT:SDG_04_20(1.0),Persons aged 25-34 with tertiary educational attainment level,A,Annual,T,Total,Y25-34,From 25 to 34 years,PC,Percentage,ED5-8,Tertiary education (levels 5-8),PT,Portugal,2004,,18.4,,b,break in time series,,
dataflow,ESTAT:SDG_04_20(1.0),Persons aged 25-34 with tertiary educational attainment level,A,Annual,T,Total,Y25-34,From 25 to 34 years,PC,Percentage,ED5-8,Tertiary education (levels 5-8),PT,Portugal,2005,,19.0,,,,,
dataflow,ESTAT:SDG_04_20(1.0),Persons aged 25-34 with tertiary educational attainment level,A,Annual,T,Total,Y25-34,From 25 to 34 years,PC,Percentage,ED5-8,Tertiary education (levels 5-8),PT,Portugal,2006,,20.0,,,,,
dataflow,ESTAT:SDG_04_20(1.0),Persons aged 25-34 with tertiary educational attainment level,A,Annual,T,Total,Y25-34,From 25 to 34 years,PC,Percentage,ED5-8,Tertiary education (levels 5-8),PT,Portugal,2007,,21.4,,,,,
dataflow,ESTAT:SDG_04_20(1.0),Persons aged 25-34 with tertiary educational attainment level,A,Annual,T,Total,Y25-34,From 25 to 34 years,PC,Percentage,ED5-8,Tertiary education (levels 5-8),PT,Portugal,2008,,23.2,,,,,
dataflow,ESTAT:SDG_04_20(1.0),Persons aged 25-34 with tertiary educational attainment level,A,Annual,T,Total,Y25-34,From 25 to 34 years,PC,Percentage,ED5-8,Tertiary education (levels 5-8),PT,Portugal,2009,,23.5,,,,,
dataflow,ESTAT:SDG_04_20(1.0),Persons aged 25-34 with tertiary educational attainment level,A,Annual,T,Total,Y25-34,From 25 to 34 years,PC,Percentage,ED5-8,Tertiary education (levels 5-8),PT,Portugal,2010,,25.5,,,,,
dataflow,ESTAT:SDG_04_20(1.0),Persons aged 25-34 with tertiary educational attainment level,A,Annual,T,Total,Y25-34,From 25 to 34 years,PC,Percentage,ED5-8,Tertiary education (levels 5-8),PT,Portugal,2011,,27.6,,b,break in time series,,
dataflow,ESTAT:SDG_04_20(1.0),Persons aged 25-34 with tertiary educational attainment level,A,Annual,T,Total,Y25-34,From 25 to 34 years,PC,Percentage,ED5-8,Tertiary education (levels 5-8),PT,Portugal,2012,,28.9,,,,,
dataflow,ESTAT:SDG_04_20(1.0),Persons aged 25-34 with tertiary educational attainment level,A,Annual,T,Total,Y25-34,From 25 to 34 years,PC,Percentage,ED5-8,Tertiary education (levels 5-8),PT,Portugal,2013,,30.0,,,,,
dataflow,ESTAT:SDG_04_20(1.0),Persons aged 25-34 with tertiary educational attainment level,A,Annual,T,Total,Y25-34,From 25 to 34 years,PC,Percentage,ED5-8,Tertiary education (levels 5-8),PT,Portugal,2014,,31.6,,b,break in time series,,
dataflow,ESTAT:SDG_04_20(1.0),Persons aged 25-34 with tertiary educational attainment level,A,Annual,T,Total,Y25-34,From 25 to 34 years,PC,Percentage,ED5-8,Tertiary education (levels 5-8),PT,Portugal,2015,,33.2,,,,,
dataflow,ESTAT:SDG_04_20(1.0),Persons aged 25-34 with tertiary educational attainment level,A,Annual,T,Total,Y25-34,From 25 to 34 years,PC,Percentage,ED5-8,Tertiary education (levels 5-8),PT,Portugal,2016,,34.9,,,,,
dataflow,ESTAT:SDG_04_20(1.0),Persons aged 25-34 with tertiary educational attainment level,A,Annual,T,Total,Y25-34,From 25 to 34 years,PC,Percentage,ED5-8,Tertiary education (levels 5-8),PT,Portugal,2017,,34.2,,,,,
dataflow,ESTAT:SDG_04_20(1.0),Persons aged 25-34 with tertiary educational attainment level,A,Annual,T,Total,Y25-34,From 25 to 34 years,PC,Percentage,ED5-8,Tertiary education (levels 5-8),PT,Portugal,2018,,35.2,,,,,
dataflow,ESTAT:SDG_04_20(1.0),Persons aged 25-34 with tertiary educational attainment level,A,Annual,T,Total,Y25-34,From 25 to 34 years,PC,Percentage,ED5-8,Tertiary education (levels 5-8),PT,Portugal,2019,,38.0,,,,,
dataflow,ESTAT:SDG_04_20(1.0),Persons aged 25-34 with tertiary educational attainment level,A,Annual,T,Total,Y25-34,From 25 to 34 years,PC,Percentage,ED5-8,Tertiary education (levels 5-8),PT,Portugal,2020,,41.7,,,,,
dataflow,ESTAT:SDG_04_20(1.0),Persons aged 25-34 with tertiary educational attainment level,A,Annual,T,Total,Y25-34,From 25 to 34 years,PC,Percentage,ED5-8,Tertiary education (levels 5-8),PT,Portugal,2021,,45.9,,b,break in time series,,
dataflow,ESTAT:SDG_04_20(1.0),Persons aged 25-34 with tertiary educational attainment level,A,Annual,T,Total,Y25-34,From 25 to 34 years,PC,Percentage,ED5-8,Tertiary education (levels 5-8),PT,Portugal,2022,,42.9,,,,,
dataflow,ESTAT:SDG_04_20(1.0),Persons aged 25-34 with tertiary educational attainment level,A,Annual,T,Total,Y25-34,From 25 to 34 years,PC,Percentage,ED5-8,Tertiary education (levels 5-8),PT,Portugal,2023,,41.5,,,,,
dataflow,ESTAT:SDG_04_20(1.0),Persons aged 25-34 with tertiary educational attainment level,A,Annual,T,Total,Y25-34,From 25 to 34 years,PC,Percentage,ED5-8,Tertiary education (levels 5-8),PT,Portugal,2024,,43.2,,,,,
dataflow,ESTAT:SDG_04_20(1.0),Persons aged 25-34 with tertiary educational attainment level,A,Annual,T,Total,Y25-34,From 25 to 34 years,PC,Percentage,ED5-8,Tertiary education (levels 5-8),PT,Portugal,2025,,42.5,,,,,
dataflow,ESTAT:SDG_04_20(1.0),Persons aged 25-34 with tertiary educational attainment level,A,Annual,T,Total,Y25-34,From 25 to 34 years,PC,Percentage,ED5-8,Tertiary education (levels 5-8),RO,Romania,2000,,9.2,,,,,
dataflow,ESTAT:SDG_04_20(1.0),Persons aged 25-34 with tertiary educational attainment level,A,Annual,T,Total,Y25-34,From 25 to 34 years,PC,Percentage,ED5-8,Tertiary education (levels 5-8),RO,Romania,2001,,9.5,,,,,
dataflow,ESTAT:SDG_04_20(1.0),Persons aged 25-34 with tertiary educational attainment level,A,Annual,T,Total,Y25-34,From 25 to 34 years,PC,Percentage,ED5-8,Tertiary education (levels 5-8),RO,Romania,2002,,10.4,,,,,
dataflow,ESTAT:SDG_04_20(1.0),Persons aged 25-34 with tertiary educational attainment level,A,Annual,T,Total,Y25-34,From 25 to 34 years,PC,Percentage,ED5-8,Tertiary education (levels 5-8),RO,Romania,2003,,10.7,,b,break in time series,,
dataflow,ESTAT:SDG_04_20(1.0),Persons aged 25-34 with tertiary educational attainment level,A,Annual,T,Total,Y25-34,From 25 to 34 years,PC,Percentage,ED5-8,Tertiary education (levels 5-8),RO,Romania,2004,,12.6,,,,,
dataflow,ESTAT:SDG_04_20(1.0),Persons aged 25-34 with tertiary educational attainment level,A,Annual,T,Total,Y25-34,From 25 to 34 years,PC,Percentage,ED5-8,Tertiary education (levels 5-8),RO,Romania,2005,,13.5,,,,,
dataflow,ESTAT:SDG_04_20(1.0),Persons aged 25-34 with tertiary educational attainment level,A,Annual,T,Total,Y25-34,From 25 to 34 years,PC,Percentage,ED5-8,Tertiary education (levels 5-8),RO,Romania,2006,,14.8,,,,,
dataflow,ESTAT:SDG_04_20(1.0),Persons aged 25-34 with tertiary educational attainment level,A,Annual,T,Total,Y25-34,From 25 to 34 years,PC,Percentage,ED5-8,Tertiary education (levels 5-8),RO,Romania,2007,,16.6,,,,,
dataflow,ESTAT:SDG_04_20(1.0),Persons aged 25-34 with tertiary educational attainment level,A,Annual,T,Total,Y25-34,From 25 to 34 years,PC,Percentage,ED5-8,Tertiary education (levels 5-8),RO,Romania,2008,,18.8,,,,,
dataflow,ESTAT:SDG_04_20(1.0),Persons aged 25-34 with tertiary educational attainment level,A,Annual,T,Total,Y25-34,From 25 to 34 years,PC,Percentage,ED5-8,Tertiary education (levels 5-8),RO,Romania,2009,,19.5,,,,,
dataflow,ESTAT:SDG_04_20(1.0),Persons aged 25-34 with tertiary educational attainment level,A,Annual,T,Total,Y25-34,From 25 to 34 years,PC,Percentage,ED5-8,Tertiary education (levels 5-8),RO,Romania,2010,,20.7,,b,break in time series,,
dataflow,ESTAT:SDG_04_20(1.0),Persons aged 25-34 with tertiary educational attainment level,A,Annual,T,Total,Y25-34,From 25 to 34 years,PC,Percentage,ED5-8,Tertiary education (levels 5-8),RO,Romania,2011,,22.5,,,,,
dataflow,ESTAT:SDG_04_20(1.0),Persons aged 25-34 with tertiary educational attainment level,A,Annual,T,Total,Y25-34,From 25 to 34 years,PC,Percentage,ED5-8,Tertiary education (levels 5-8),RO,Romania,2012,,23.6,,,,,
dataflow,ESTAT:SDG_04_20(1.0),Persons aged 25-34 with tertiary educational attainment level,A,Annual,T,Total,Y25-34,From 25 to 34 years,PC,Percentage,ED5-8,Tertiary education (levels 5-8),RO,Romania,2013,,24.4,,,,,
dataflow,ESTAT:SDG_04_20(1.0),Persons aged 25-34 with tertiary educational attainment level,A,Annual,T,Total,Y25-34,From 25 to 34 years,PC,Percentage,ED5-8,Tertiary education (levels 5-8),RO,Romania,2014,,25.4,,b,break in time series,,
dataflow,ESTAT:SDG_04_20(1.0),Persons aged 25-34 with tertiary educational attainment level,A,Annual,T,Total,Y25-34,From 25 to 34 years,PC,Percentage,ED5-8,Tertiary education (levels 5-8),RO,Romania,2015,,25.5,,,,,
dataflow,ESTAT:SDG_04_20(1.0),Persons aged 25-34 with tertiary educational attainment level,A,Annual,T,Total,Y25-34,From 25 to 34 years,PC,Percentage,ED5-8,Tertiary education (levels 5-8),RO,Romania,2016,,24.8,,,,,
dataflow,ESTAT:SDG_04_20(1.0),Persons aged 25-34 with tertiary educational attainment level,A,Annual,T,Total,Y25-34,From 25 to 34 years,PC,Percentage,ED5-8,Tertiary education (levels 5-8),RO,Romania,2017,,25.6,,,,,
dataflow,ESTAT:SDG_04_20(1.0),Persons aged 25-34 with tertiary educational attainment level,A,Annual,T,Total,Y25-34,From 25 to 34 years,PC,Percentage,ED5-8,Tertiary education (levels 5-8),RO,Romania,2018,,24.9,,,,,
dataflow,ESTAT:SDG_04_20(1.0),Persons aged 25-34 with tertiary educational attainment level,A,Annual,T,Total,Y25-34,From 25 to 34 years,PC,Percentage,ED5-8,Tertiary education (levels 5-8),RO,Romania,2019,,25.5,,,,,
dataflow,ESTAT:SDG_04_20(1.0),Persons aged 25-34 with tertiary educational attainment level,A,Annual,T,Total,Y25-34,From 25 to 34 years,PC,Percentage,ED5-8,Tertiary education (levels 5-8),RO,Romania,2020,,24.9,,,,,
dataflow,ESTAT:SDG_04_20(1.0),Persons aged 25-34 with tertiary educational attainment level,A,Annual,T,Total,Y25-34,From 25 to 34 years,PC,Percentage,ED5-8,Tertiary education (levels 5-8),RO,Romania,2021,,23.3,,b,break in time series,,
dataflow,ESTAT:SDG_04_20(1.0),Persons aged 25-34 with tertiary educational attainment level,A,Annual,T,Total,Y25-34,From 25 to 34 years,PC,Percentage,ED5-8,Tertiary education (levels 5-8),RO,Romania,2022,,24.7,,,,,
dataflow,ESTAT:SDG_04_20(1.0),Persons aged 25-34 with tertiary educational attainment level,A,Annual,T,Total,Y25-34,From 25 to 34 years,PC,Percentage,ED5-8,Tertiary education (levels 5-8),RO,Romania,2023,,22.5,,,,,
dataflow,ESTAT:SDG_04_20(1.0),Persons aged 25-34 with tertiary educational attainment level,A,Annual,T,Total,Y25-34,From 25 to 34 years,PC,Percentage,ED5-8,Tertiary education (levels 5-8),RO,Romania,2024,,23.2,,,,,
dataflow,ESTAT:SDG_04_20(1.0),Persons aged 25-34 with tertiary educational attainment level,A,Annual,T,Total,Y25-34,From 25 to 34 years,PC,Percentage,ED5-8,Tertiary education (levels 5-8),RO,Romania,2025,,23.0,,,,,
dataflow,ESTAT:SDG_04_20(1.0),Persons aged 25-34 with tertiary educational attainment level,A,Annual,T,Total,Y25-34,From 25 to 34 years,PC,Percentage,ED5-8,Tertiary education (levels 5-8),RS,Serbia,2010,,18.9,,,,,
dataflow,ESTAT:SDG_04_20(1.0),Persons aged 25-34 with tertiary educational attainment level,A,Annual,T,Total,Y25-34,From 25 to 34 years,PC,Percentage,ED5-8,Tertiary education (levels 5-8),RS,Serbia,2011,,22.0,,,,,
dataflow,ESTAT:SDG_04_20(1.0),Persons aged 25-34 with tertiary educational attainment level,A,Annual,T,Total,Y25-34,From 25 to 34 years,PC,Percentage,ED5-8,Tertiary education (levels 5-8),RS,Serbia,2012,,24.9,,,,,
dataflow,ESTAT:SDG_04_20(1.0),Persons aged 25-34 with tertiary educational attainment level,A,Annual,T,Total,Y25-34,From 25 to 34 years,PC,Percentage,ED5-8,Tertiary education (levels 5-8),RS,Serbia,2013,,25.1,,,,,
dataflow,ESTAT:SDG_04_20(1.0),Persons aged 25-34 with tertiary educational attainment level,A,Annual,T,Total,Y25-34,From 25 to 34 years,PC,Percentage,ED5-8,Tertiary education (levels 5-8),RS,Serbia,2014,,27.1,,b,break in time series,,
dataflow,ESTAT:SDG_04_20(1.0),Persons aged 25-34 with tertiary educational attainment level,A,Annual,T,Total,Y25-34,From 25 to 34 years,PC,Percentage,ED5-8,Tertiary education (levels 5-8),RS,Serbia,2015,,29.8,,,,,
dataflow,ESTAT:SDG_04_20(1.0),Persons aged 25-34 with tertiary educational attainment level,A,Annual,T,Total,Y25-34,From 25 to 34 years,PC,Percentage,ED5-8,Tertiary education (levels 5-8),RS,Serbia,2016,,31.4,,,,,
dataflow,ESTAT:SDG_04_20(1.0),Persons aged 25-34 with tertiary educational attainment level,A,Annual,T,Total,Y25-34,From 25 to 34 years,PC,Percentage,ED5-8,Tertiary education (levels 5-8),RS,Serbia,2017,,32.2,,,,,
dataflow,ESTAT:SDG_04_20(1.0),Persons aged 25-34 with tertiary educational attainment level,A,Annual,T,Total,Y25-34,From 25 to 34 years,PC,Percentage,ED5-8,Tertiary education (levels 5-8),RS,Serbia,2018,,32.8,,,,,
dataflow,ESTAT:SDG_04_20(1.0),Persons aged 25-34 with tertiary educational attainment level,A,Annual,T,Total,Y25-34,From 25 to 34 years,PC,Percentage,ED5-8,Tertiary education (levels 5-8),RS,Serbia,2019,,33.4,,,,,
dataflow,ESTAT:SDG_04_20(1.0),Persons aged 25-34 with tertiary educational attainment level,A,Annual,T,Total,Y25-34,From 25 to 34 years,PC,Percentage,ED5-8,Tertiary education (levels 5-8),RS,Serbia,2020,,32.6,,,,,
dataflow,ESTAT:SDG_04_20(1.0),Persons aged 25-34 with tertiary educational attainment level,A,Annual,T,Total,Y25-34,From 25 to 34 years,PC,Percentage,ED5-8,Tertiary education (levels 5-8),RS,Serbia,2021,,34.4,,b,break in time series,,
dataflow,ESTAT:SDG_04_20(1.0),Persons aged 25-34 with tertiary educational attainment level,A,Annual,T,Total,Y25-34,From 25 to 34 years,PC,Percentage,ED5-8,Tertiary education (levels 5-8),RS,Serbia,2022,,34.2,,,,,
dataflow,ESTAT:SDG_04_20(1.0),Persons aged 25-34 with tertiary educational attainment level,A,Annual,T,Total,Y25-34,From 25 to 34 years,PC,Percentage,ED5-8,Tertiary education (levels 5-8),RS,Serbia,2023,,34.7,,,,,
dataflow,ESTAT:SDG_04_20(1.0),Persons aged 25-34 with tertiary educational attainment level,A,Annual,T,Total,Y25-34,From 25 to 34 years,PC,Percentage,ED5-8,Tertiary education (levels 5-8),RS,Serbia,2024,,37.2,,,,,
dataflow,ESTAT:SDG_04_20(1.0),Persons aged 25-34 with tertiary educational attainment level,A,Annual,T,Total,Y25-34,From 25 to 34 years,PC,Percentage,ED5-8,Tertiary education (levels 5-8),RS,Serbia,2025,,37.1,,,,,
dataflow,ESTAT:SDG_04_20(1.0),Persons aged 25-34 with tertiary educational attainment level,A,Annual,T,Total,Y25-34,From 25 to 34 years,PC,Percentage,ED5-8,Tertiary education (levels 5-8),SE,Sweden,2000,,33.1,,,,,
dataflow,ESTAT:SDG_04_20(1.0),Persons aged 25-34 with tertiary educational attainment level,A,Annual,T,Total,Y25-34,From 25 to 34 years,PC,Percentage,ED5-8,Tertiary education (levels 5-8),SE,Sweden,2001,,28.2,,b,break in time series,,
dataflow,ESTAT:SDG_04_20(1.0),Persons aged 25-34 with tertiary educational attainment level,A,Annual,T,Total,Y25-34,From 25 to 34 years,PC,Percentage,ED5-8,Tertiary education (levels 5-8),SE,Sweden,2002,,30.7,,,,,
dataflow,ESTAT:SDG_04_20(1.0),Persons aged 25-34 with tertiary educational attainment level,A,Annual,T,Total,Y25-34,From 25 to 34 years,PC,Percentage,ED5-8,Tertiary education (levels 5-8),SE,Sweden,2003,,32.5,,,,,
dataflow,ESTAT:SDG_04_20(1.0),Persons aged 25-34 with tertiary educational attainment level,A,Annual,T,Total,Y25-34,From 25 to 34 years,PC,Percentage,ED5-8,Tertiary education (levels 5-8),SE,Sweden,2004,,34.5,,,,,
dataflow,ESTAT:SDG_04_20(1.0),Persons aged 25-34 with tertiary educational attainment level,A,Annual,T,Total,Y25-34,From 25 to 34 years,PC,Percentage,ED5-8,Tertiary education (levels 5-8),SE,Sweden,2005,,37.3,,b,break in time series,,
dataflow,ESTAT:SDG_04_20(1.0),Persons aged 25-34 with tertiary educational attainment level,A,Annual,T,Total,Y25-34,From 25 to 34 years,PC,Percentage,ED5-8,Tertiary education (levels 5-8),SE,Sweden,2006,,39.2,,b,break in time series,,
dataflow,ESTAT:SDG_04_20(1.0),Persons aged 25-34 with tertiary educational attainment level,A,Annual,T,Total,Y25-34,From 25 to 34 years,PC,Percentage,ED5-8,Tertiary education (levels 5-8),SE,Sweden,2007,,39.9,,,,,
dataflow,ESTAT:SDG_04_20(1.0),Persons aged 25-34 with tertiary educational attainment level,A,Annual,T,Total,Y25-34,From 25 to 34 years,PC,Percentage,ED5-8,Tertiary education (levels 5-8),SE,Sweden,2008,,40.9,,,,,
dataflow,ESTAT:SDG_04_20(1.0),Persons aged 25-34 with tertiary educational attainment level,A,Annual,T,Total,Y25-34,From 25 to 34 years,PC,Percentage,ED5-8,Tertiary education (levels 5-8),SE,Sweden,2009,,42.4,,,,,
dataflow,ESTAT:SDG_04_20(1.0),Persons aged 25-34 with tertiary educational attainment level,A,Annual,T,Total,Y25-34,From 25 to 34 years,PC,Percentage,ED5-8,Tertiary education (levels 5-8),SE,Sweden,2010,,42.3,,,,,
dataflow,ESTAT:SDG_04_20(1.0),Persons aged 25-34 with tertiary educational attainment level,A,Annual,T,Total,Y25-34,From 25 to 34 years,PC,Percentage,ED5-8,Tertiary education (levels 5-8),SE,Sweden,2011,,42.8,,,,,
dataflow,ESTAT:SDG_04_20(1.0),Persons aged 25-34 with tertiary educational attainment level,A,Annual,T,Total,Y25-34,From 25 to 34 years,PC,Percentage,ED5-8,Tertiary education (levels 5-8),SE,Sweden,2012,,43.5,,,,,
dataflow,ESTAT:SDG_04_20(1.0),Persons aged 25-34 with tertiary educational attainment level,A,Annual,T,Total,Y25-34,From 25 to 34 years,PC,Percentage,ED5-8,Tertiary education (levels 5-8),SE,Sweden,2013,,44.9,,,,,
dataflow,ESTAT:SDG_04_20(1.0),Persons aged 25-34 with tertiary educational attainment level,A,Annual,T,Total,Y25-34,From 25 to 34 years,PC,Percentage,ED5-8,Tertiary education (levels 5-8),SE,Sweden,2014,,46.0,,b,break in time series,,
dataflow,ESTAT:SDG_04_20(1.0),Persons aged 25-34 with tertiary educational attainment level,A,Annual,T,Total,Y25-34,From 25 to 34 years,PC,Percentage,ED5-8,Tertiary education (levels 5-8),SE,Sweden,2015,,46.5,,,,,
dataflow,ESTAT:SDG_04_20(1.0),Persons aged 25-34 with tertiary educational attainment level,A,Annual,T,Total,Y25-34,From 25 to 34 years,PC,Percentage,ED5-8,Tertiary education (levels 5-8),SE,Sweden,2016,,47.3,,,,,
dataflow,ESTAT:SDG_04_20(1.0),Persons aged 25-34 with tertiary educational attainment level,A,Annual,T,Total,Y25-34,From 25 to 34 years,PC,Percentage,ED5-8,Tertiary education (levels 5-8),SE,Sweden,2017,,47.4,,,,,
dataflow,ESTAT:SDG_04_20(1.0),Persons aged 25-34 with tertiary educational attainment level,A,Annual,T,Total,Y25-34,From 25 to 34 years,PC,Percentage,ED5-8,Tertiary education (levels 5-8),SE,Sweden,2018,,47.6,,b,break in time series,,
dataflow,ESTAT:SDG_04_20(1.0),Persons aged 25-34 with tertiary educational attainment level,A,Annual,T,Total,Y25-34,From 25 to 34 years,PC,Percentage,ED5-8,Tertiary education (levels 5-8),SE,Sweden,2019,,48.4,,,,,
dataflow,ESTAT:SDG_04_20(1.0),Persons aged 25-34 with tertiary educational attainment level,A,Annual,T,Total,Y25-34,From 25 to 34 years,PC,Percentage,ED5-8,Tertiary education (levels 5-8),SE,Sweden,2020,,49.2,,,,,
dataflow,ESTAT:SDG_04_20(1.0),Persons aged 25-34 with tertiary educational attainment level,A,Annual,T,Total,Y25-34,From 25 to 34 years,PC,Percentage,ED5-8,Tertiary education (levels 5-8),SE,Sweden,2021,,49.3,,b,break in time series,,
dataflow,ESTAT:SDG_04_20(1.0),Persons aged 25-34 with tertiary educational attainment level,A,Annual,T,Total,Y25-34,From 25 to 34 years,PC,Percentage,ED5-8,Tertiary education (levels 5-8),SE,Sweden,2022,,52.4,,,,,
dataflow,ESTAT:SDG_04_20(1.0),Persons aged 25-34 with tertiary educational attainment level,A,Annual,T,Total,Y25-34,From 25 to 34 years,PC,Percentage,ED5-8,Tertiary education (levels 5-8),SE,Sweden,2023,,54.1,,,,,
dataflow,ESTAT:SDG_04_20(1.0),Persons aged 25-34 with tertiary educational attainment level,A,Annual,T,Total,Y25-34,From 25 to 34 years,PC,Percentage,ED5-8,Tertiary education (levels 5-8),SE,Sweden,2024,,54.4,,,,,
dataflow,ESTAT:SDG_04_20(1.0),Persons aged 25-34 with tertiary educational attainment level,A,Annual,T,Total,Y25-34,From 25 to 34 years,PC,Percentage,ED5-8,Tertiary education (levels 5-8),SE,Sweden,2025,,53.6,,,,,
dataflow,ESTAT:SDG_04_20(1.0),Persons aged 25-34 with tertiary educational attainment level,A,Annual,T,Total,Y25-34,From 25 to 34 years,PC,Percentage,ED5-8,Tertiary education (levels 5-8),SI,Slovenia,2000,,19.3,,,,,
dataflow,ESTAT:SDG_04_20(1.0),Persons aged 25-34 with tertiary educational attainment level,A,Annual,T,Total,Y25-34,From 25 to 34 years,PC,Percentage,ED5-8,Tertiary education (levels 5-8),SI,Slovenia,2001,,17.4,,,,,
dataflow,ESTAT:SDG_04_20(1.0),Persons aged 25-34 with tertiary educational attainment level,A,Annual,T,Total,Y25-34,From 25 to 34 years,PC,Percentage,ED5-8,Tertiary education (levels 5-8),SI,Slovenia,2002,,19.7,,,,,
dataflow,ESTAT:SDG_04_20(1.0),Persons aged 25-34 with tertiary educational attainment level,A,Annual,T,Total,Y25-34,From 25 to 34 years,PC,Percentage,ED5-8,Tertiary education (levels 5-8),SI,Slovenia,2003,,23.7,,,,,
dataflow,ESTAT:SDG_04_20(1.0),Persons aged 25-34 with tertiary educational attainment level,A,Annual,T,Total,Y25-34,From 25 to 34 years,PC,Percentage,ED5-8,Tertiary education (levels 5-8),SI,Slovenia,2004,,24.9,,,,,
dataflow,ESTAT:SDG_04_20(1.0),Persons aged 25-34 with tertiary educational attainment level,A,Annual,T,Total,Y25-34,From 25 to 34 years,PC,Percentage,ED5-8,Tertiary education (levels 5-8),SI,Slovenia,2005,,24.7,,,,,
dataflow,ESTAT:SDG_04_20(1.0),Persons aged 25-34 with tertiary educational attainment level,A,Annual,T,Total,Y25-34,From 25 to 34 years,PC,Percentage,ED5-8,Tertiary education (levels 5-8),SI,Slovenia,2006,,27.0,,,,,
dataflow,ESTAT:SDG_04_20(1.0),Persons aged 25-34 with tertiary educational attainment level,A,Annual,T,Total,Y25-34,From 25 to 34 years,PC,Percentage,ED5-8,Tertiary education (levels 5-8),SI,Slovenia,2007,,30.1,,,,,
dataflow,ESTAT:SDG_04_20(1.0),Persons aged 25-34 with tertiary educational attainment level,A,Annual,T,Total,Y25-34,From 25 to 34 years,PC,Percentage,ED5-8,Tertiary education (levels 5-8),SI,Slovenia,2008,,30.0,,,,,
dataflow,ESTAT:SDG_04_20(1.0),Persons aged 25-34 with tertiary educational attainment level,A,Annual,T,Total,Y25-34,From 25 to 34 years,PC,Percentage,ED5-8,Tertiary education (levels 5-8),SI,Slovenia,2009,,30.4,,,,,
dataflow,ESTAT:SDG_04_20(1.0),Persons aged 25-34 with tertiary educational attainment level,A,Annual,T,Total,Y25-34,From 25 to 34 years,PC,Percentage,ED5-8,Tertiary education (levels 5-8),SI,Slovenia,2010,,31.3,,,,,
dataflow,ESTAT:SDG_04_20(1.0),Persons aged 25-34 with tertiary educational attainment level,A,Annual,T,Total,Y25-34,From 25 to 34 years,PC,Percentage,ED5-8,Tertiary education (levels 5-8),SI,Slovenia,2011,,33.8,,,,,
dataflow,ESTAT:SDG_04_20(1.0),Persons aged 25-34 with tertiary educational attainment level,A,Annual,T,Total,Y25-34,From 25 to 34 years,PC,Percentage,ED5-8,Tertiary education (levels 5-8),SI,Slovenia,2012,,35.3,,,,,
dataflow,ESTAT:SDG_04_20(1.0),Persons aged 25-34 with tertiary educational attainment level,A,Annual,T,Total,Y25-34,From 25 to 34 years,PC,Percentage,ED5-8,Tertiary education (levels 5-8),SI,Slovenia,2013,,37.4,,,,,
dataflow,ESTAT:SDG_04_20(1.0),Persons aged 25-34 with tertiary educational attainment level,A,Annual,T,Total,Y25-34,From 25 to 34 years,PC,Percentage,ED5-8,Tertiary education (levels 5-8),SI,Slovenia,2014,,38.0,,b,break in time series,,
dataflow,ESTAT:SDG_04_20(1.0),Persons aged 25-34 with tertiary educational attainment level,A,Annual,T,Total,Y25-34,From 25 to 34 years,PC,Percentage,ED5-8,Tertiary education (levels 5-8),SI,Slovenia,2015,,40.8,,,,,
dataflow,ESTAT:SDG_04_20(1.0),Persons aged 25-34 with tertiary educational attainment level,A,Annual,T,Total,Y25-34,From 25 to 34 years,PC,Percentage,ED5-8,Tertiary education (levels 5-8),SI,Slovenia,2016,,43.0,,,,,
dataflow,ESTAT:SDG_04_20(1.0),Persons aged 25-34 with tertiary educational attainment level,A,Annual,T,Total,Y25-34,From 25 to 34 years,PC,Percentage,ED5-8,Tertiary education (levels 5-8),SI,Slovenia,2017,,44.5,,,,,
dataflow,ESTAT:SDG_04_20(1.0),Persons aged 25-34 with tertiary educational attainment level,A,Annual,T,Total,Y25-34,From 25 to 34 years,PC,Percentage,ED5-8,Tertiary education (levels 5-8),SI,Slovenia,2018,,40.7,,,,,
dataflow,ESTAT:SDG_04_20(1.0),Persons aged 25-34 with tertiary educational attainment level,A,Annual,T,Total,Y25-34,From 25 to 34 years,PC,Percentage,ED5-8,Tertiary education (levels 5-8),SI,Slovenia,2019,,44.1,,,,,
dataflow,ESTAT:SDG_04_20(1.0),Persons aged 25-34 with tertiary educational attainment level,A,Annual,T,Total,Y25-34,From 25 to 34 years,PC,Percentage,ED5-8,Tertiary education (levels 5-8),SI,Slovenia,2020,,45.4,,,,,
dataflow,ESTAT:SDG_04_20(1.0),Persons aged 25-34 with tertiary educational attainment level,A,Annual,T,Total,Y25-34,From 25 to 34 years,PC,Percentage,ED5-8,Tertiary education (levels 5-8),SI,Slovenia,2021,,47.9,,b,break in time series,,
dataflow,ESTAT:SDG_04_20(1.0),Persons aged 25-34 with tertiary educational attainment level,A,Annual,T,Total,Y25-34,From 25 to 34 years,PC,Percentage,ED5-8,Tertiary education (levels 5-8),SI,Slovenia,2022,,47.3,,,,,
dataflow,ESTAT:SDG_04_20(1.0),Persons aged 25-34 with tertiary educational attainment level,A,Annual,T,Total,Y25-34,From 25 to 34 years,PC,Percentage,ED5-8,Tertiary education (levels 5-8),SI,Slovenia,2023,,40.7,,b,break in time series,,
dataflow,ESTAT:SDG_04_20(1.0),Persons aged 25-34 with tertiary educational attainment level,A,Annual,T,Total,Y25-34,From 25 to 34 years,PC,Percentage,ED5-8,Tertiary education (levels 5-8),SI,Slovenia,2024,,43.1,,,,,
dataflow,ESTAT:SDG_04_20(1.0),Persons aged 25-34 with tertiary educational attainment level,A,Annual,T,Total,Y25-34,From 25 to 34 years,PC,Percentage,ED5-8,Tertiary education (levels 5-8),SI,Slovenia,2025,,42.8,,,,,
dataflow,ESTAT:SDG_04_20(1.0),Persons aged 25-34 with tertiary educational attainment level,A,Annual,T,Total,Y25-34,From 25 to 34 years,PC,Percentage,ED5-8,Tertiary education (levels 5-8),SK,Slovakia,2000,,11.1,,,,,
dataflow,ESTAT:SDG_04_20(1.0),Persons aged 25-34 with tertiary educational attainment level,A,Annual,T,Total,Y25-34,From 25 to 34 years,PC,Percentage,ED5-8,Tertiary education (levels 5-8),SK,Slovakia,2001,,11.7,,,,,
dataflow,ESTAT:SDG_04_20(1.0),Persons aged 25-34 with tertiary educational attainment level,A,Annual,T,Total,Y25-34,From 25 to 34 years,PC,Percentage,ED5-8,Tertiary education (levels 5-8),SK,Slovakia,2002,,11.9,,,,,
dataflow,ESTAT:SDG_04_20(1.0),Persons aged 25-34 with tertiary educational attainment level,A,Annual,T,Total,Y25-34,From 25 to 34 years,PC,Percentage,ED5-8,Tertiary education (levels 5-8),SK,Slovakia,2003,,13.2,,,,,
dataflow,ESTAT:SDG_04_20(1.0),Persons aged 25-34 with tertiary educational attainment level,A,Annual,T,Total,Y25-34,From 25 to 34 years,PC,Percentage,ED5-8,Tertiary education (levels 5-8),SK,Slovakia,2004,,14.3,,,,,
dataflow,ESTAT:SDG_04_20(1.0),Persons aged 25-34 with tertiary educational attainment level,A,Annual,T,Total,Y25-34,From 25 to 34 years,PC,Percentage,ED5-8,Tertiary education (levels 5-8),SK,Slovakia,2005,,16.2,,,,,
dataflow,ESTAT:SDG_04_20(1.0),Persons aged 25-34 with tertiary educational attainment level,A,Annual,T,Total,Y25-34,From 25 to 34 years,PC,Percentage,ED5-8,Tertiary education (levels 5-8),SK,Slovakia,2006,,16.6,,,,,
dataflow,ESTAT:SDG_04_20(1.0),Persons aged 25-34 with tertiary educational attainment level,A,Annual,T,Total,Y25-34,From 25 to 34 years,PC,Percentage,ED5-8,Tertiary education (levels 5-8),SK,Slovakia,2007,,17.5,,,,,
dataflow,ESTAT:SDG_04_20(1.0),Persons aged 25-34 with tertiary educational attainment level,A,Annual,T,Total,Y25-34,From 25 to 34 years,PC,Percentage,ED5-8,Tertiary education (levels 5-8),SK,Slovakia,2008,,18.4,,,,,
dataflow,ESTAT:SDG_04_20(1.0),Persons aged 25-34 with tertiary educational attainment level,A,Annual,T,Total,Y25-34,From 25 to 34 years,PC,Percentage,ED5-8,Tertiary education (levels 5-8),SK,Slovakia,2009,,20.6,,,,,
dataflow,ESTAT:SDG_04_20(1.0),Persons aged 25-34 with tertiary educational attainment level,A,Annual,T,Total,Y25-34,From 25 to 34 years,PC,Percentage,ED5-8,Tertiary education (levels 5-8),SK,Slovakia,2010,,24.0,,,,,
dataflow,ESTAT:SDG_04_20(1.0),Persons aged 25-34 with tertiary educational attainment level,A,Annual,T,Total,Y25-34,From 25 to 34 years,PC,Percentage,ED5-8,Tertiary education (levels 5-8),SK,Slovakia,2011,,25.5,,b,break in time series,,
dataflow,ESTAT:SDG_04_20(1.0),Persons aged 25-34 with tertiary educational attainment level,A,Annual,T,Total,Y25-34,From 25 to 34 years,PC,Percentage,ED5-8,Tertiary education (levels 5-8),SK,Slovakia,2012,,27.0,,,,,
dataflow,ESTAT:SDG_04_20(1.0),Persons aged 25-34 with tertiary educational attainment level,A,Annual,T,Total,Y25-34,From 25 to 34 years,PC,Percentage,ED5-8,Tertiary education (levels 5-8),SK,Slovakia,2013,,29.7,,,,,
dataflow,ESTAT:SDG_04_20(1.0),Persons aged 25-34 with tertiary educational attainment level,A,Annual,T,Total,Y25-34,From 25 to 34 years,PC,Percentage,ED5-8,Tertiary education (levels 5-8),SK,Slovakia,2014,,29.8,,b,break in time series,,
dataflow,ESTAT:SDG_04_20(1.0),Persons aged 25-34 with tertiary educational attainment level,A,Annual,T,Total,Y25-34,From 25 to 34 years,PC,Percentage,ED5-8,Tertiary education (levels 5-8),SK,Slovakia,2015,,31.3,,,,,
dataflow,ESTAT:SDG_04_20(1.0),Persons aged 25-34 with tertiary educational attainment level,A,Annual,T,Total,Y25-34,From 25 to 34 years,PC,Percentage,ED5-8,Tertiary education (levels 5-8),SK,Slovakia,2016,,33.4,,,,,
dataflow,ESTAT:SDG_04_20(1.0),Persons aged 25-34 with tertiary educational attainment level,A,Annual,T,Total,Y25-34,From 25 to 34 years,PC,Percentage,ED5-8,Tertiary education (levels 5-8),SK,Slovakia,2017,,35.1,,,,,
dataflow,ESTAT:SDG_04_20(1.0),Persons aged 25-34 with tertiary educational attainment level,A,Annual,T,Total,Y25-34,From 25 to 34 years,PC,Percentage,ED5-8,Tertiary education (levels 5-8),SK,Slovakia,2018,,37.2,,,,,
dataflow,ESTAT:SDG_04_20(1.0),Persons aged 25-34 with tertiary educational attainment level,A,Annual,T,Total,Y25-34,From 25 to 34 years,PC,Percentage,ED5-8,Tertiary education (levels 5-8),SK,Slovakia,2019,,39.2,,,,,
dataflow,ESTAT:SDG_04_20(1.0),Persons aged 25-34 with tertiary educational attainment level,A,Annual,T,Total,Y25-34,From 25 to 34 years,PC,Percentage,ED5-8,Tertiary education (levels 5-8),SK,Slovakia,2020,,39.0,,,,,
dataflow,ESTAT:SDG_04_20(1.0),Persons aged 25-34 with tertiary educational attainment level,A,Annual,T,Total,Y25-34,From 25 to 34 years,PC,Percentage,ED5-8,Tertiary education (levels 5-8),SK,Slovakia,2021,,39.5,,b,break in time series,,
dataflow,ESTAT:SDG_04_20(1.0),Persons aged 25-34 with tertiary educational attainment level,A,Annual,T,Total,Y25-34,From 25 to 34 years,PC,Percentage,ED5-8,Tertiary education (levels 5-8),SK,Slovakia,2022,,39.1,,,,,
dataflow,ESTAT:SDG_04_20(1.0),Persons aged 25-34 with tertiary educational attainment level,A,Annual,T,Total,Y25-34,From 25 to 34 years,PC,Percentage,ED5-8,Tertiary education (levels 5-8),SK,Slovakia,2023,,39.8,,,,,
dataflow,ESTAT:SDG_04_20(1.0),Persons aged 25-34 with tertiary educational attainment level,A,Annual,T,Total,Y25-34,From 25 to 34 years,PC,Percentage,ED5-8,Tertiary education (levels 5-8),SK,Slovakia,2024,,37.2,,,,,
dataflow,ESTAT:SDG_04_20(1.0),Persons aged 25-34 with tertiary educational attainment level,A,Annual,T,Total,Y25-34,From 25 to 34 years,PC,Percentage,ED5-8,Tertiary education (levels 5-8),SK,Slovakia,2025,,36.3,,,,,
dataflow,ESTAT:SDG_04_20(1.0),Persons aged 25-34 with tertiary educational attainment level,A,Annual,T,Total,Y25-34,From 25 to 34 years,PC,Percentage,ED5-8,Tertiary education (levels 5-8),TR,Türkiye,2006,,12.8,,,,,
dataflow,ESTAT:SDG_04_20(1.0),Persons aged 25-34 with tertiary educational attainment level,A,Annual,T,Total,Y25-34,From 25 to 34 years,PC,Percentage,ED5-8,Tertiary education (levels 5-8),TR,Türkiye,2007,,13.5,,,,,
dataflow,ESTAT:SDG_04_20(1.0),Persons aged 25-34 with tertiary educational attainment level,A,Annual,T,Total,Y25-34,From 25 to 34 years,PC,Percentage,ED5-8,Tertiary education (levels 5-8),TR,Türkiye,2008,,14.7,,,,,
dataflow,ESTAT:SDG_04_20(1.0),Persons aged 25-34 with tertiary educational attainment level,A,Annual,T,Total,Y25-34,From 25 to 34 years,PC,Percentage,ED5-8,Tertiary education (levels 5-8),TR,Türkiye,2009,,15.9,,,,,
dataflow,ESTAT:SDG_04_20(1.0),Persons aged 25-34 with tertiary educational attainment level,A,Annual,T,Total,Y25-34,From 25 to 34 years,PC,Percentage,ED5-8,Tertiary education (levels 5-8),TR,Türkiye,2010,,16.8,,,,,
dataflow,ESTAT:SDG_04_20(1.0),Persons aged 25-34 with tertiary educational attainment level,A,Annual,T,Total,Y25-34,From 25 to 34 years,PC,Percentage,ED5-8,Tertiary education (levels 5-8),TR,Türkiye,2011,,18.1,,,,,
dataflow,ESTAT:SDG_04_20(1.0),Persons aged 25-34 with tertiary educational attainment level,A,Annual,T,Total,Y25-34,From 25 to 34 years,PC,Percentage,ED5-8,Tertiary education (levels 5-8),TR,Türkiye,2012,,20.1,,,,,
dataflow,ESTAT:SDG_04_20(1.0),Persons aged 25-34 with tertiary educational attainment level,A,Annual,T,Total,Y25-34,From 25 to 34 years,PC,Percentage,ED5-8,Tertiary education (levels 5-8),TR,Türkiye,2013,,21.5,,,,,
dataflow,ESTAT:SDG_04_20(1.0),Persons aged 25-34 with tertiary educational attainment level,A,Annual,T,Total,Y25-34,From 25 to 34 years,PC,Percentage,ED5-8,Tertiary education (levels 5-8),TR,Türkiye,2014,,23.8,,b,break in time series,,
dataflow,ESTAT:SDG_04_20(1.0),Persons aged 25-34 with tertiary educational attainment level,A,Annual,T,Total,Y25-34,From 25 to 34 years,PC,Percentage,ED5-8,Tertiary education (levels 5-8),TR,Türkiye,2015,,26.5,,,,,
dataflow,ESTAT:SDG_04_20(1.0),Persons aged 25-34 with tertiary educational attainment level,A,Annual,T,Total,Y25-34,From 25 to 34 years,PC,Percentage,ED5-8,Tertiary education (levels 5-8),TR,Türkiye,2016,,29.4,,,,,
dataflow,ESTAT:SDG_04_20(1.0),Persons aged 25-34 with tertiary educational attainment level,A,Annual,T,Total,Y25-34,From 25 to 34 years,PC,Percentage,ED5-8,Tertiary education (levels 5-8),TR,Türkiye,2017,,30.5,,,,,
dataflow,ESTAT:SDG_04_20(1.0),Persons aged 25-34 with tertiary educational attainment level,A,Annual,T,Total,Y25-34,From 25 to 34 years,PC,Percentage,ED5-8,Tertiary education (levels 5-8),TR,Türkiye,2018,,32.1,,,,,
dataflow,ESTAT:SDG_04_20(1.0),Persons aged 25-34 with tertiary educational attainment level,A,Annual,T,Total,Y25-34,From 25 to 34 years,PC,Percentage,ED5-8,Tertiary education (levels 5-8),TR,Türkiye,2019,,34.1,,,,,
dataflow,ESTAT:SDG_04_20(1.0),Persons aged 25-34 with tertiary educational attainment level,A,Annual,T,Total,Y25-34,From 25 to 34 years,PC,Percentage,ED5-8,Tertiary education (levels 5-8),TR,Türkiye,2020,,36.2,,,,,
dataflow,ESTAT:SDG_04_20(1.0),Persons aged 25-34 with tertiary educational attainment level,A,Annual,T,Total,Y25-34,From 25 to 34 years,PC,Percentage,ED5-8,Tertiary education (levels 5-8),TR,Türkiye,2021,,38.6,,b,break in time series,,
dataflow,ESTAT:SDG_04_20(1.0),Persons aged 25-34 with tertiary educational attainment level,A,Annual,T,Total,Y25-34,From 25 to 34 years,PC,Percentage,ED5-8,Tertiary education (levels 5-8),TR,Türkiye,2022,,40.2,,,,,
dataflow,ESTAT:SDG_04_20(1.0),Persons aged 25-34 with tertiary educational attainment level,A,Annual,T,Total,Y25-34,From 25 to 34 years,PC,Percentage,ED5-8,Tertiary education (levels 5-8),TR,Türkiye,2023,,41.7,,,,,
dataflow,ESTAT:SDG_04_20(1.0),Persons aged 25-34 with tertiary educational attainment level,A,Annual,T,Total,Y25-34,From 25 to 34 years,PC,Percentage,ED5-8,Tertiary education (levels 5-8),TR,Türkiye,2024,,43.3,,,,,
dataflow,ESTAT:SDG_04_20(1.0),Persons aged 25-34 with tertiary educational attainment level,A,Annual,T,Total,Y25-34,From 25 to 34 years,PC,Percentage,ED5-8,Tertiary education (levels 5-8),TR,Türkiye,2025,,44.8,,,,,
dataflow,ESTAT:SDG_04_20(1.0),Persons aged 25-34 with tertiary educational attainment level,A,Annual,T,Total,Y25-34,From 25 to 34 years,PC,Percentage,ED5-8,Tertiary education (levels 5-8),UK,United Kingdom,2000,,31.5,,,,,
dataflow,ESTAT:SDG_04_20(1.0),Persons aged 25-34 with tertiary educational attainment level,A,Annual,T,Total,Y25-34,From 25 to 34 years,PC,Percentage,ED5-8,Tertiary education (levels 5-8),UK,United Kingdom,2001,,33.0,,,,,
dataflow,ESTAT:SDG_04_20(1.0),Persons aged 25-34 with tertiary educational attainment level,A,Annual,T,Total,Y25-34,From 25 to 34 years,PC,Percentage,ED5-8,Tertiary education (levels 5-8),UK,United Kingdom,2002,,34.7,,,,,
dataflow,ESTAT:SDG_04_20(1.0),Persons aged 25-34 with tertiary educational attainment level,A,Annual,T,Total,Y25-34,From 25 to 34 years,PC,Percentage,ED5-8,Tertiary education (levels 5-8),UK,United Kingdom,2003,,33.9,,,,,
dataflow,ESTAT:SDG_04_20(1.0),Persons aged 25-34 with tertiary educational attainment level,A,Annual,T,Total,Y25-34,From 25 to 34 years,PC,Percentage,ED5-8,Tertiary education (levels 5-8),UK,United Kingdom,2004,,35.5,,b,break in time series,,
dataflow,ESTAT:SDG_04_20(1.0),Persons aged 25-34 with tertiary educational attainment level,A,Annual,T,Total,Y25-34,From 25 to 34 years,PC,Percentage,ED5-8,Tertiary education (levels 5-8),UK,United Kingdom,2005,,35.8,,,,,
dataflow,ESTAT:SDG_04_20(1.0),Persons aged 25-34 with tertiary educational attainment level,A,Annual,T,Total,Y25-34,From 25 to 34 years,PC,Percentage,ED5-8,Tertiary education (levels 5-8),UK,United Kingdom,2006,,36.8,,,,,
dataflow,ESTAT:SDG_04_20(1.0),Persons aged 25-34 with tertiary educational attainment level,A,Annual,T,Total,Y25-34,From 25 to 34 years,PC,Percentage,ED5-8,Tertiary education (levels 5-8),UK,United Kingdom,2007,,37.8,,b,break in time series,,
dataflow,ESTAT:SDG_04_20(1.0),Persons aged 25-34 with tertiary educational attainment level,A,Annual,T,Total,Y25-34,From 25 to 34 years,PC,Percentage,ED5-8,Tertiary education (levels 5-8),UK,United Kingdom,2008,,38.6,,b,break in time series,,
dataflow,ESTAT:SDG_04_20(1.0),Persons aged 25-34 with tertiary educational attainment level,A,Annual,T,Total,Y25-34,From 25 to 34 years,PC,Percentage,ED5-8,Tertiary education (levels 5-8),UK,United Kingdom,2009,,40.1,,,,,
dataflow,ESTAT:SDG_04_20(1.0),Persons aged 25-34 with tertiary educational attainment level,A,Annual,T,Total,Y25-34,From 25 to 34 years,PC,Percentage,ED5-8,Tertiary education (levels 5-8),UK,United Kingdom,2010,,41.6,,b,break in time series,,
dataflow,ESTAT:SDG_04_20(1.0),Persons aged 25-34 with tertiary educational attainment level,A,Annual,T,Total,Y25-34,From 25 to 34 years,PC,Percentage,ED5-8,Tertiary education (levels 5-8),UK,United Kingdom,2011,,43.8,,b,break in time series,,
dataflow,ESTAT:SDG_04_20(1.0),Persons aged 25-34 with tertiary educational attainment level,A,Annual,T,Total,Y25-34,From 25 to 34 years,PC,Percentage,ED5-8,Tertiary education (levels 5-8),UK,United Kingdom,2012,,45.1,,,,,
dataflow,ESTAT:SDG_04_20(1.0),Persons aged 25-34 with tertiary educational attainment level,A,Annual,T,Total,Y25-34,From 25 to 34 years,PC,Percentage,ED5-8,Tertiary education (levels 5-8),UK,United Kingdom,2013,,45.2,,,,,
dataflow,ESTAT:SDG_04_20(1.0),Persons aged 25-34 with tertiary educational attainment level,A,Annual,T,Total,Y25-34,From 25 to 34 years,PC,Percentage,ED5-8,Tertiary education (levels 5-8),UK,United Kingdom,2014,,45.8,,b,break in time series,,
dataflow,ESTAT:SDG_04_20(1.0),Persons aged 25-34 with tertiary educational attainment level,A,Annual,T,Total,Y25-34,From 25 to 34 years,PC,Percentage,ED5-8,Tertiary education (levels 5-8),UK,United Kingdom,2015,,46.9,,,,,
dataflow,ESTAT:SDG_04_20(1.0),Persons aged 25-34 with tertiary educational attainment level,A,Annual,T,Total,Y25-34,From 25 to 34 years,PC,Percentage,ED5-8,Tertiary education (levels 5-8),UK,United Kingdom,2016,,47.1,,,,,
dataflow,ESTAT:SDG_04_20(1.0),Persons aged 25-34 with tertiary educational attainment level,A,Annual,T,Total,Y25-34,From 25 to 34 years,PC,Percentage,ED5-8,Tertiary education (levels 5-8),UK,United Kingdom,2017,,47.2,,,,,
dataflow,ESTAT:SDG_04_20(1.0),Persons aged 25-34 with tertiary educational attainment level,A,Annual,T,Total,Y25-34,From 25 to 34 years,PC,Percentage,ED5-8,Tertiary education (levels 5-8),UK,United Kingdom,2018,,48.1,,,,,
dataflow,ESTAT:SDG_04_20(1.0),Persons aged 25-34 with tertiary educational attainment level,A,Annual,T,Total,Y25-34,From 25 to 34 years,PC,Percentage,ED5-8,Tertiary education (levels 5-8),UK,United Kingdom,2019,,49.4,,,,,
